PERCEPHO,P103,P104,P105A,EDUCACION_JEFE,DOMINIO,NUM_SERVICIOS,NUM_EQUIPOS,NUM_OCUPADOS,EDAD_JEFE,PCT_NINOS,POBREZA,HACINAMIENTO
2,5.0,3.0,2.0,6.0,4,8,6,2.0,42.0,0.3333333333333333,3,6.0
2,5.0,3.0,2.0,8.0,4,8,6,2.0,44.0,0.3333333333333333,3,3.0
1,5.0,2.0,2.0,1.0,4,8,6,1.0,78.0,0.0,3,1.0
2,5.0,7.0,2.0,6.0,4,8,6,2.0,64.0,0.0,3,2.0
1,5.0,7.0,2.0,4.0,4,8,6,0.0,76.0,0.0,3,1.0
2,5.0,5.0,2.0,4.0,4,8,6,2.0,68.0,0.0,3,3.0
2,5.0,3.0,2.0,4.0,4,8,6,1.0,56.0,0.4,3,5.0
1,3.0,3.0,2.0,10.0,4,8,6,2.0,37.0,0.25,3,4.0
1,4.0,6.0,2.0,1.0,4,8,6,1.0,66.0,0.0,3,5.0
2,4.0,3.0,2.0,1.0,7,8,6,1.0,78.0,0.0,3,2.0
1,5.0,4.0,2.0,1.0,7,8,6,1.0,74.0,0.0,3,1.0
3,5.0,2.0,2.0,3.0,7,8,6,3.0,51.0,0.0,3,3.0
1,5.0,4.0,2.0,10.0,7,8,6,2.0,44.0,0.0,3,4.0
1,6.0,1.0,2.0,6.0,7,8,6,1.0,65.0,0.0,3,0.5
2,6.0,3.0,2.0,3.0,7,8,6,2.0,53.0,0.0,3,2.0
1,5.0,3.0,2.0,3.0,4,8,6,1.0,51.0,0.0,3,4.0
1,6.0,2.0,2.0,1.0,4,8,6,1.0,81.0,0.0,3,1.0
1,6.0,1.0,2.0,1.0,4,8,6,1.0,69.0,0.0,3,0.2
2,6.0,3.0,2.0,1.0,4,8,6,2.0,80.0,0.0,3,0.4
1,6.0,3.0,2.0,3.0,4,8,6,2.0,59.0,0.0,3,0.4
2,6.0,2.0,2.0,4.0,4,8,6,2.0,46.0,0.3333333333333333,3,0.6
2,6.0,1.0,2.0,3.0,4,8,6,2.0,42.0,0.25,3,4.0
2,6.0,4.0,2.0,4.0,4,8,6,2.0,62.0,0.0,3,2.0
2,6.0,4.0,2.0,5.0,4,8,6,2.0,32.0,0.25,3,4.0
2,6.0,3.0,2.0,3.0,4,8,6,2.0,31.0,0.3333333333333333,3,3.0
1,6.0,2.0,2.0,4.0,4,8,6,2.0,43.0,0.0,3,2.0
1,6.0,1.0,2.0,3.0,4,8,6,1.0,68.0,0.0,3,1.0
1,3.0,6.0,2.0,8.0,4,8,6,0.0,72.0,0.0,3,1.0
3,6.0,2.0,2.0,3.0,4,8,6,0.0,84.0,0.0,3,3.0
2,6.0,6.0,2.0,3.0,4,8,6,3.0,60.0,0.0,3,3.0
1,6.0,3.0,2.0,3.0,4,8,6,2.0,39.0,0.5,3,4.0
2,6.0,4.0,2.0,4.0,4,8,6,2.0,61.0,0.1666666666666666,3,6.0
1,6.0,2.0,2.0,1.0,7,8,6,1.0,75.0,0.0,3,1.0
3,4.0,4.0,2.0,5.0,7,8,6,3.0,40.0,0.4,3,5.0
2,4.0,4.0,2.0,8.0,7,8,6,2.0,37.0,0.0,3,3.0
1,6.0,4.0,2.0,3.0,7,8,6,1.0,66.0,0.0,3,1.0
2,6.0,1.0,2.0,6.0,7,8,6,2.0,42.0,0.5,3,4.0
2,4.0,1.0,2.0,4.0,7,8,6,2.0,73.0,0.0,3,2.0
2,6.0,2.0,2.0,10.0,7,8,6,2.0,47.0,0.3333333333333333,3,3.0
1,5.0,4.0,2.0,9.0,7,8,6,2.0,42.0,0.3333333333333333,3,3.0
1,6.0,2.0,2.0,5.0,7,8,6,1.0,30.0,0.5,3,2.0
1,6.0,2.0,2.0,4.0,7,8,6,0.0,67.0,0.0,3,1.0
1,6.0,1.0,2.0,5.0,7,8,6,2.0,29.0,0.5,3,4.0
2,6.0,4.0,2.0,5.0,7,8,6,2.0,36.0,0.5714285714285714,3,7.0
2,6.0,4.0,2.0,4.0,7,8,6,3.0,52.0,0.5,3,1.0
2,4.0,1.0,2.0,6.0,7,8,6,2.0,19.0,0.3333333333333333,3,3.0
2,4.0,3.0,2.0,1.0,7,8,6,2.0,56.0,0.0,3,3.0
3,6.0,1.0,2.0,3.0,7,8,6,3.0,56.0,0.0,3,3.0
1,4.0,3.0,2.0,3.0,7,8,6,1.0,61.0,0.0,3,0.125
1,6.0,2.0,2.0,6.0,7,8,6,2.0,53.0,0.0,3,2.0
2,6.0,3.0,2.0,3.0,7,8,6,2.0,49.0,0.0,3,2.0
2,3.0,2.0,2.0,8.0,2,8,6,2.0,58.0,0.0,3,3.0
2,3.0,4.0,2.0,8.0,2,8,6,2.0,72.0,0.0,3,2.0
3,3.0,4.0,2.0,5.0,2,8,6,1.0,66.0,0.25,3,4.0
3,3.0,6.0,2.0,6.0,2,8,6,2.0,77.0,0.0,3,3.0
2,5.0,4.0,2.0,4.0,2,8,6,1.0,81.0,0.0,3,4.0
2,5.0,5.0,2.0,6.0,2,8,6,1.0,66.0,0.0,3,2.0
2,3.0,4.0,2.0,3.0,2,8,6,0.0,76.0,0.0,3,4.0
2,5.0,6.0,2.0,10.0,2,8,6,1.0,74.0,0.375,3,8.0
1,5.0,3.0,2.0,6.0,2,8,6,1.0,71.0,0.0,3,1.0
1,5.0,1.0,2.0,5.0,2,8,6,1.0,68.0,0.0,3,1.0
1,2.0,4.0,2.0,6.0,2,8,6,2.0,46.0,0.0,3,3.0
1,3.0,6.0,2.0,6.0,2,8,6,1.0,47.0,0.3333333333333333,3,6.0
2,5.0,5.0,2.0,1.0,2,8,6,1.0,77.0,0.0,3,2.0
2,3.0,2.0,2.0,8.0,2,8,6,0.0,61.0,0.0,3,2.0
2,5.0,6.0,2.0,10.0,2,8,6,1.0,52.0,0.0,3,3.0
2,5.0,5.0,2.0,8.0,2,8,6,0.0,64.0,0.0,3,3.0
2,3.0,4.0,2.0,8.0,2,8,6,2.0,51.0,0.0,3,3.0
3,5.0,3.0,2.0,7.0,2,8,6,2.0,53.0,0.0,3,3.0
3,3.0,6.0,2.0,3.0,2,8,6,3.0,57.0,0.4285714285714285,3,7.0
3,5.0,5.0,2.0,4.0,2,8,6,3.0,42.0,0.4285714285714285,3,7.0
1,6.0,1.0,2.0,4.0,5,8,6,0.0,87.0,0.0,3,1.0
2,6.0,3.0,2.0,4.0,5,8,6,2.0,76.0,0.0,3,2.0
3,5.0,4.0,2.0,6.0,5,8,6,2.0,68.0,0.0,3,4.0
3,6.0,2.0,2.0,3.0,5,8,6,1.0,76.0,0.0,3,3.0
1,6.0,4.0,2.0,3.0,5,8,6,1.0,66.0,0.0,3,1.0
2,6.0,3.0,2.0,4.0,5,8,6,2.0,58.0,0.3333333333333333,3,3.0
1,6.0,4.0,2.0,6.0,5,8,6,1.0,32.0,0.0,3,0.2857142857142857
1,6.0,6.0,2.0,4.0,5,8,6,1.0,67.0,0.0,3,2.0
3,6.0,5.0,2.0,8.0,5,8,6,1.0,43.0,0.0,3,3.0
3,6.0,5.0,2.0,6.0,5,8,6,1.0,71.0,0.0,3,3.0
1,6.0,4.0,2.0,3.0,5,8,6,1.0,77.0,0.0,3,1.0
2,6.0,6.0,2.0,3.0,5,8,6,2.0,50.0,0.0,3,3.0
1,6.0,1.0,2.0,4.0,5,8,6,0.0,66.0,0.0,3,0.1428571428571428
1,6.0,2.0,2.0,3.0,5,8,6,1.0,59.0,0.0,3,1.0
3,6.0,2.0,2.0,4.0,5,8,6,1.0,52.0,0.25,3,4.0
2,6.0,5.0,2.0,4.0,5,8,6,2.0,54.0,0.4285714285714285,3,7.0
1,6.0,5.0,2.0,5.0,5,8,6,1.0,52.0,0.0,3,1.0
3,6.0,5.0,2.0,4.0,5,8,6,2.0,44.0,0.0,3,3.0
1,6.0,4.0,2.0,3.0,5,8,6,1.0,76.0,0.0,3,1.0
2,6.0,3.0,2.0,1.0,5,8,6,2.0,93.0,0.0,3,2.0
1,6.0,4.0,2.0,1.0,5,8,6,1.0,86.0,0.0,3,1.0
2,6.0,3.0,2.0,3.0,5,8,6,0.0,57.0,0.0,3,2.0
2,6.0,4.0,2.0,3.0,5,8,6,1.0,63.0,0.0,3,2.0
1,6.0,5.0,2.0,1.0,5,8,6,1.0,64.0,0.0,3,2.0
2,5.0,5.0,2.0,4.0,5,8,6,1.0,75.0,0.0,3,2.0
3,5.0,4.0,2.0,4.0,5,8,6,2.0,53.0,0.0,3,4.0
2,5.0,4.0,2.0,4.0,5,8,6,2.0,53.0,0.0,3,3.0
3,5.0,4.0,2.0,3.0,5,8,6,3.0,50.0,0.25,3,4.0
3,5.0,3.0,2.0,6.0,5,8,6,2.0,19.0,0.0,3,3.0
2,5.0,3.0,2.0,6.0,5,8,6,1.0,74.0,0.0,3,2.0
2,5.0,7.0,2.0,6.0,5,8,6,1.0,62.0,0.0,3,6.0
2,6.0,4.0,2.0,4.0,5,8,6,1.0,56.0,0.0,3,5.0
2,6.0,4.0,2.0,1.0,5,8,6,1.0,51.0,0.25,3,4.0
2,6.0,6.0,2.0,3.0,5,8,6,1.0,63.0,0.0,3,4.0
2,6.0,6.0,2.0,3.0,5,8,6,1.0,54.0,0.25,3,4.0
3,6.0,4.0,2.0,6.0,5,8,6,2.0,44.0,0.0,3,4.0
2,6.0,6.0,2.0,6.0,5,8,6,2.0,33.0,0.25,3,4.0
3,5.0,2.0,2.0,6.0,6,8,6,3.0,40.0,0.25,3,2.0
1,6.0,3.0,2.0,8.0,6,8,6,1.0,60.0,0.0,3,0.5
1,5.0,5.0,2.0,8.0,6,8,6,1.0,65.0,0.0,3,1.0
2,5.0,3.0,2.0,10.0,6,8,6,0.0,46.0,0.3333333333333333,3,3.0
3,5.0,3.0,2.0,5.0,6,8,6,3.0,73.0,0.0,3,3.0
2,3.0,3.0,2.0,7.0,6,8,6,2.0,68.0,0.0,3,2.0
2,2.0,3.0,2.0,6.0,6,8,6,1.0,74.0,0.0,3,2.0
3,5.0,6.0,2.0,5.0,6,8,6,2.0,56.0,0.0,3,3.0
2,5.0,3.0,2.0,4.0,6,8,6,1.0,65.0,0.0,3,2.0
1,6.0,3.0,2.0,1.0,6,8,6,2.0,86.0,0.0,3,2.0
2,6.0,2.0,2.0,3.0,6,8,6,2.0,78.0,0.0,3,2.0
2,6.0,4.0,2.0,5.0,6,8,6,2.0,67.0,0.0,3,2.0
1,4.0,3.0,2.0,1.0,6,8,6,0.0,83.0,0.0,3,1.0
1,6.0,2.0,2.0,1.0,6,8,6,1.0,82.0,0.0,3,1.0
2,6.0,4.0,2.0,3.0,6,8,6,2.0,63.0,0.0,3,2.0
1,6.0,1.0,2.0,3.0,6,8,6,2.0,55.0,0.0,3,2.0
3,6.0,5.0,2.0,5.0,6,8,6,3.0,62.0,0.0,3,3.0
1,6.0,7.0,2.0,6.0,6,8,6,3.0,53.0,0.0,3,3.0
2,6.0,4.0,2.0,6.0,6,8,6,1.0,38.0,0.5,3,0.6666666666666666
2,6.0,4.0,2.0,3.0,6,8,6,2.0,53.0,0.0,3,3.0
1,6.0,1.0,2.0,4.0,6,8,6,1.0,69.0,0.0,3,0.1428571428571428
2,6.0,3.0,2.0,1.0,6,8,6,2.0,54.0,0.3333333333333333,3,3.0
2,5.0,3.0,2.0,1.0,6,8,6,2.0,47.0,0.0,3,2.0
2,5.0,3.0,2.0,3.0,6,8,6,2.0,59.0,0.0,3,2.0
2,6.0,2.0,2.0,6.0,6,8,6,1.0,36.0,0.0,3,2.0
2,6.0,2.0,2.0,3.0,6,8,6,1.0,85.0,0.0,3,2.0
2,6.0,4.0,2.0,4.0,6,8,6,2.0,72.0,0.0,3,2.0
1,6.0,3.0,2.0,3.0,6,8,6,1.0,77.0,0.0,3,1.0
1,6.0,2.0,2.0,1.0,6,8,6,1.0,87.0,0.0,3,1.0
1,6.0,1.0,2.0,1.0,6,8,6,1.0,50.0,0.0,3,2.0
2,6.0,1.0,2.0,6.0,6,8,6,2.0,37.0,0.25,3,4.0
2,5.0,1.0,2.0,1.0,6,8,6,2.0,71.0,0.0,3,3.0
1,6.0,2.0,2.0,3.0,6,8,6,1.0,77.0,0.0,3,1.0
2,6.0,3.0,2.0,4.0,6,8,6,2.0,46.0,0.0,3,2.0
2,6.0,2.0,2.0,4.0,6,8,6,1.0,83.0,0.0,3,2.0
2,5.0,4.0,2.0,8.0,6,8,6,2.0,64.0,0.0,3,2.0
2,5.0,4.0,2.0,4.0,6,8,6,2.0,74.0,0.0,3,5.0
3,5.0,4.0,2.0,9.0,6,8,6,2.0,60.0,0.2,3,5.0
1,5.0,1.0,2.0,1.0,6,8,6,1.0,90.0,0.0,3,1.0
3,2.0,5.0,2.0,8.0,6,8,6,3.0,66.0,0.3333333333333333,3,6.0
2,3.0,3.0,2.0,6.0,6,8,6,2.0,73.0,0.2,3,5.0
2,3.0,4.0,2.0,8.0,6,8,6,0.0,64.0,0.25,3,4.0
1,5.0,2.0,2.0,7.0,6,8,6,1.0,32.0,0.5,3,2.0
1,5.0,3.0,2.0,6.0,6,8,6,1.0,40.0,0.5,3,4.0
2,5.0,1.0,2.0,6.0,6,8,6,2.0,27.0,0.3333333333333333,3,3.0
1,5.0,5.0,2.0,10.0,6,8,6,1.0,79.0,0.0,3,3.0
3,5.0,2.0,2.0,3.0,6,8,6,3.0,70.0,0.0,3,4.0
3,5.0,5.0,2.0,1.0,6,8,6,1.0,86.0,0.0,3,4.0
2,3.0,4.0,2.0,6.0,6,8,6,2.0,60.0,0.0,3,4.0
1,5.0,3.0,2.0,6.0,6,8,6,1.0,56.0,0.0,3,3.0
3,5.0,2.0,2.0,6.0,6,8,6,3.0,45.0,0.4,3,5.0
3,5.0,7.0,2.0,10.0,6,8,6,3.0,60.0,0.0,3,3.0
2,5.0,7.0,2.0,5.0,6,8,6,1.0,58.0,0.0,3,3.0
1,5.0,3.0,2.0,6.0,6,8,6,1.0,40.0,0.5,3,1.0
1,6.0,2.0,2.0,6.0,6,8,6,1.0,48.0,0.0,3,0.5
3,5.0,3.0,2.0,5.0,6,8,6,3.0,66.0,0.0,3,1.3333333333333333
2,3.0,7.0,2.0,8.0,6,8,6,3.0,50.0,0.0,3,5.0
2,5.0,4.0,2.0,8.0,6,8,6,1.0,49.0,0.0,3,3.0
3,3.0,6.0,2.0,6.0,6,8,6,3.0,58.0,0.0,3,4.0
1,5.0,2.0,2.0,6.0,6,8,6,1.0,53.0,0.0,3,3.0
2,5.0,4.0,2.0,6.0,6,8,6,1.0,47.0,0.0,3,3.0
2,5.0,3.0,2.0,8.0,6,8,6,2.0,34.0,0.6,3,5.0
2,5.0,2.0,2.0,4.0,6,8,6,2.0,44.0,0.3333333333333333,3,1.0
1,5.0,1.0,2.0,6.0,6,8,6,1.0,34.0,0.0,3,0.3333333333333333
3,5.0,3.0,2.0,6.0,6,8,6,3.0,23.0,0.1666666666666666,3,1.5
2,5.0,2.0,2.0,6.0,6,8,6,2.0,46.0,0.25,3,1.3333333333333333
2,3.0,3.0,2.0,6.0,6,8,6,1.0,75.0,0.0,3,2.0
2,1.0,5.0,2.0,10.0,6,8,6,0.0,53.0,0.25,3,4.0
1,5.0,6.0,2.0,7.0,6,8,6,1.0,51.0,0.0,3,0.25
1,5.0,2.0,2.0,9.0,6,8,6,0.0,42.0,0.5,3,2.0
2,3.0,4.0,2.0,10.0,6,8,6,1.0,45.0,0.25,3,4.0
3,5.0,7.0,2.0,10.0,6,8,6,1.0,80.0,0.0,3,3.0
1,5.0,2.0,2.0,6.0,3,8,6,0.0,69.0,0.0,3,0.5
3,5.0,2.0,2.0,4.0,3,8,6,3.0,63.0,0.0,3,3.0
2,5.0,3.0,2.0,4.0,3,8,6,1.0,76.0,0.0,3,2.0
2,5.0,4.0,2.0,1.0,3,8,6,2.0,90.0,0.0,3,3.0
3,3.0,4.0,2.0,7.0,3,8,6,2.0,49.0,0.2,3,5.0
2,3.0,5.0,2.0,10.0,3,8,6,1.0,62.0,0.25,3,4.0
2,5.0,5.0,2.0,5.0,3,8,6,2.0,75.0,0.0,3,3.0
1,2.0,7.0,2.0,10.0,3,8,6,0.0,79.0,0.0,3,1.0
1,5.0,2.0,2.0,7.0,3,8,6,1.0,46.0,0.0,3,1.0
2,3.0,4.0,2.0,9.0,3,8,6,1.0,22.0,0.25,3,4.0
2,5.0,2.0,2.0,4.0,3,8,6,2.0,73.0,0.0,3,2.0
1,5.0,1.0,2.0,6.0,3,8,6,1.0,33.0,0.3333333333333333,3,3.0
1,5.0,3.0,2.0,7.0,6,8,6,1.0,48.0,0.25,3,4.0
3,5.0,4.0,2.0,4.0,6,8,6,3.0,50.0,0.0,3,3.0
2,5.0,4.0,2.0,6.0,6,8,6,2.0,46.0,0.25,3,4.0
3,5.0,3.0,2.0,8.0,6,8,6,2.0,29.0,0.4,3,5.0
3,3.0,6.0,2.0,5.0,6,8,6,3.0,49.0,0.0,3,4.0
1,5.0,5.0,2.0,9.0,6,8,6,1.0,39.0,0.4,3,5.0
3,5.0,4.0,2.0,3.0,6,8,6,3.0,56.0,0.0,3,3.0
2,5.0,3.0,2.0,8.0,6,8,6,2.0,42.0,0.5,3,4.0
2,5.0,4.0,2.0,9.0,6,8,6,2.0,54.0,0.1666666666666666,3,6.0
2,5.0,2.0,2.0,5.0,3,8,6,2.0,46.0,0.0,3,0.375
3,6.0,3.0,2.0,6.0,3,8,6,3.0,43.0,0.375,3,1.0
1,5.0,1.0,2.0,6.0,3,8,6,1.0,48.0,0.0,3,0.125
2,5.0,1.0,2.0,6.0,3,8,6,2.0,31.0,0.3333333333333333,3,0.375
2,5.0,2.0,2.0,5.0,3,8,6,2.0,61.0,0.0,3,0.375
2,6.0,5.0,2.0,4.0,3,8,6,2.0,62.0,0.0,3,3.0
3,5.0,2.0,2.0,3.0,3,8,6,3.0,58.0,0.0,3,4.0
1,6.0,3.0,2.0,5.0,3,8,6,1.0,56.0,0.0,3,2.0
2,6.0,3.0,2.0,4.0,3,8,6,2.0,61.0,0.0,3,2.0
2,5.0,3.0,2.0,6.0,6,8,6,2.0,62.0,0.4,3,5.0
2,6.0,2.0,2.0,4.0,6,8,6,2.0,75.0,0.0,3,2.0
3,5.0,4.0,2.0,4.0,5,8,6,2.0,71.0,0.2,3,5.0
2,5.0,2.0,2.0,5.0,5,8,6,2.0,54.0,0.5,3,4.0
2,5.0,4.0,2.0,4.0,5,8,6,3.0,58.0,0.0,3,1.5
3,5.0,2.0,2.0,6.0,5,8,6,3.0,66.0,0.0,3,1.5
1,5.0,3.0,2.0,4.0,5,8,6,1.0,68.0,0.0,3,2.0
2,3.0,7.0,2.0,10.0,5,8,6,1.0,55.0,0.0,3,4.0
1,5.0,3.0,2.0,10.0,5,8,6,0.0,72.0,0.0,3,1.0
1,5.0,3.0,2.0,3.0,5,8,6,0.0,58.0,0.0,3,1.0
2,5.0,3.0,2.0,10.0,5,8,6,2.0,42.0,0.25,3,4.0
2,3.0,3.0,2.0,4.0,5,8,6,1.0,64.0,0.0,3,3.0
1,5.0,3.0,2.0,5.0,5,8,6,1.0,36.0,0.3333333333333333,3,3.0
3,6.0,4.0,2.0,4.0,5,8,6,0.0,74.0,0.0,3,3.0
2,6.0,3.0,2.0,1.0,5,8,6,1.0,75.0,0.0,3,2.0
3,5.0,4.0,2.0,4.0,5,8,6,2.0,48.0,0.0,3,3.0
2,6.0,3.0,2.0,3.0,5,8,6,0.0,82.0,0.0,3,0.3333333333333333
1,6.0,3.0,2.0,8.0,5,8,6,1.0,69.0,0.0,3,1.0
2,5.0,4.0,2.0,5.0,5,8,6,2.0,45.0,0.3333333333333333,3,3.0
1,4.0,1.0,2.0,1.0,7,8,6,1.0,67.0,0.0,3,1.0
3,6.0,4.0,2.0,6.0,5,8,6,3.0,45.0,0.5,3,8.0
2,6.0,3.0,2.0,6.0,5,8,6,2.0,52.0,0.3333333333333333,3,3.0
1,6.0,1.0,2.0,3.0,5,8,6,0.0,85.0,0.0,3,1.0
3,6.0,5.0,2.0,4.0,5,8,6,2.0,68.0,0.25,3,4.0
2,6.0,2.0,2.0,5.0,5,8,6,1.0,81.0,0.0,3,2.0
1,6.0,4.0,2.0,4.0,5,8,6,1.0,73.0,0.0,3,1.0
1,6.0,2.0,2.0,1.0,5,8,6,2.0,95.0,0.0,3,2.0
2,6.0,4.0,2.0,1.0,5,8,6,2.0,81.0,0.0,3,3.0
1,6.0,5.0,2.0,4.0,5,8,6,2.0,61.0,0.0,3,3.0
2,6.0,3.0,2.0,3.0,5,8,6,2.0,67.0,0.0,3,0.3333333333333333
2,6.0,2.0,2.0,4.0,5,8,6,2.0,47.0,0.0,3,0.3333333333333333
1,6.0,2.0,2.0,3.0,5,8,6,1.0,62.0,0.0,3,0.3333333333333333
2,7.0,3.0,2.0,3.0,5,8,6,1.0,70.0,0.0,3,2.0
1,6.0,2.0,2.0,6.0,7,8,6,1.0,27.0,0.5,3,2.0
2,4.0,4.0,2.0,4.0,7,8,6,2.0,44.0,0.5,3,4.0
3,5.0,5.0,2.0,10.0,4,8,6,3.0,59.0,0.0,3,3.0
1,2.0,6.0,2.0,8.0,4,8,6,1.0,49.0,0.25,3,4.0
2,3.0,4.0,2.0,10.0,4,8,6,1.0,54.0,0.0,3,4.0
1,3.0,5.0,2.0,9.0,4,8,6,0.0,52.0,0.0,3,1.0
1,3.0,3.0,2.0,6.0,4,8,6,0.0,74.0,0.0,3,2.0
1,5.0,1.0,2.0,1.0,4,8,6,1.0,80.0,0.0,3,2.0
1,3.0,7.0,2.0,8.0,7,8,6,1.0,69.0,0.0,3,1.0
1,5.0,5.0,2.0,3.0,7,8,6,2.0,68.0,0.0,3,2.0
2,5.0,2.0,2.0,6.0,7,8,6,3.0,57.0,0.25,3,4.0
2,2.0,2.0,2.0,3.0,7,8,6,1.0,55.0,0.3333333333333333,3,3.0
2,3.0,3.0,2.0,8.0,7,8,6,2.0,47.0,0.25,3,4.0
1,5.0,2.0,2.0,1.0,7,8,6,1.0,74.0,0.0,3,1.0
2,6.0,4.0,2.0,4.0,1,8,6,2.0,50.0,0.0,3,2.0
1,5.0,4.0,2.0,10.0,1,8,6,0.0,57.0,0.0,3,2.0
1,6.0,2.0,2.0,4.0,1,8,6,1.0,66.0,0.0,3,1.0
3,5.0,5.0,2.0,4.0,1,8,6,3.0,74.0,0.0,3,3.0
2,5.0,4.0,2.0,10.0,1,8,6,1.0,54.0,0.0,3,3.0
1,5.0,2.0,2.0,3.0,1,8,6,1.0,63.0,0.0,3,1.0
1,5.0,4.0,2.0,3.0,4,8,6,2.0,57.0,0.0,3,2.0
1,5.0,5.0,2.0,4.0,4,8,6,2.0,47.0,0.0,3,2.0
1,6.0,1.0,2.0,6.0,4,8,6,1.0,42.0,0.0,3,1.0
1,6.0,2.0,2.0,1.0,4,8,6,1.0,67.0,0.0,3,2.0
3,6.0,4.0,2.0,4.0,4,8,6,2.0,52.0,0.0,3,3.0
2,6.0,1.0,2.0,6.0,4,8,6,2.0,72.0,0.0,3,2.0
1,6.0,1.0,2.0,1.0,4,8,6,1.0,72.0,0.0,3,1.0
3,5.0,1.0,2.0,3.0,4,8,6,2.0,51.0,0.0,3,4.0
3,5.0,2.0,2.0,6.0,4,8,6,1.0,56.0,0.1666666666666666,3,6.0
1,6.0,2.0,2.0,3.0,4,8,6,1.0,69.0,0.0,3,2.0
2,6.0,2.0,2.0,3.0,4,8,6,2.0,34.0,0.5,3,4.0
2,6.0,1.0,2.0,1.0,4,8,6,2.0,67.0,0.0,3,2.0
2,6.0,1.0,2.0,1.0,4,8,6,2.0,59.0,0.0,3,2.0
2,6.0,1.0,2.0,4.0,4,8,6,2.0,28.0,0.5,3,0.5714285714285714
1,6.0,1.0,2.0,1.0,4,8,6,1.0,78.0,0.0,3,0.1428571428571428
2,6.0,2.0,2.0,6.0,4,8,6,2.0,51.0,0.0,3,3.0
1,5.0,2.0,2.0,3.0,4,8,6,1.0,40.0,0.0,3,1.0
1,6.0,2.0,2.0,6.0,4,8,6,1.0,41.0,0.5,3,2.0
1,6.0,1.0,2.0,3.0,4,8,6,1.0,78.0,0.0,3,1.0
1,6.0,3.0,2.0,3.0,4,8,6,1.0,85.0,0.0,3,1.0
1,6.0,2.0,2.0,1.0,4,8,6,1.0,65.0,0.0,3,2.0
1,6.0,1.0,2.0,3.0,4,8,6,1.0,37.0,0.0,3,1.0
2,6.0,1.0,2.0,3.0,4,8,6,1.0,63.0,0.0,3,0.3333333333333333
2,5.0,4.0,2.0,3.0,7,8,6,2.0,82.0,0.0,3,2.0
2,6.0,3.0,2.0,4.0,7,8,6,2.0,56.0,0.0,3,3.0
1,6.0,2.0,2.0,4.0,7,8,6,1.0,74.0,0.0,3,0.1428571428571428
1,6.0,1.0,2.0,4.0,7,8,6,1.0,59.0,0.0,3,1.0
2,6.0,4.0,2.0,4.0,7,8,6,2.0,40.0,0.0,3,2.0
1,6.0,2.0,2.0,1.0,7,8,6,0.0,65.0,0.0,3,2.0
1,6.0,1.0,2.0,4.0,7,8,6,1.0,65.0,0.0,3,1.0
3,6.0,2.0,2.0,3.0,7,8,6,3.0,58.0,0.2,3,5.0
2,5.0,3.0,2.0,8.0,7,8,6,2.0,44.0,0.5,3,4.0
2,6.0,2.0,2.0,4.0,7,8,6,2.0,51.0,0.3333333333333333,3,0.5
3,6.0,2.0,2.0,4.0,7,8,6,3.0,59.0,0.0,3,0.8333333333333334
2,3.0,4.0,2.0,8.0,8,8,6,2.0,54.0,0.0,3,2.0
1,3.0,3.0,2.0,4.0,8,8,6,0.0,80.0,0.0,3,1.0
2,1.0,7.0,2.0,10.0,8,8,6,0.0,84.0,0.0,3,2.0
2,5.0,3.0,2.0,6.0,8,8,6,1.0,60.0,0.0,3,3.0
1,3.0,3.0,2.0,10.0,8,8,6,1.0,55.0,0.0,3,3.0
1,5.0,4.0,2.0,1.0,8,8,6,0.0,76.0,0.0,3,1.0
3,5.0,4.0,2.0,6.0,8,8,6,2.0,49.0,0.2,3,5.0
1,5.0,4.0,2.0,6.0,8,8,6,1.0,52.0,0.0,3,4.0
2,5.0,3.0,2.0,8.0,8,8,6,2.0,46.0,0.25,3,4.0
2,5.0,4.0,2.0,6.0,8,8,6,2.0,33.0,0.0,3,0.75
2,5.0,3.0,2.0,9.0,8,8,6,1.0,34.0,0.4,3,1.25
3,5.0,2.0,2.0,6.0,8,8,6,2.0,41.0,0.4,3,1.25
1,5.0,4.0,2.0,8.0,8,8,6,1.0,52.0,0.0,3,3.0
1,3.0,3.0,2.0,5.0,8,8,6,0.0,88.0,0.0,3,1.0
2,3.0,4.0,2.0,7.0,8,8,6,2.0,42.0,0.0,3,4.0
2,5.0,2.0,2.0,8.0,8,8,6,2.0,30.0,0.3333333333333333,3,3.0
2,5.0,3.0,2.0,1.0,8,8,6,2.0,49.0,0.25,3,4.0
2,1.0,6.0,2.0,6.0,8,8,6,0.0,61.0,0.0,3,2.0
1,3.0,3.0,2.0,10.0,8,8,6,1.0,70.0,0.0,3,1.0
2,2.0,4.0,2.0,10.0,8,8,6,1.0,65.0,0.0,3,2.0
1,3.0,3.0,2.0,6.0,8,8,6,1.0,48.0,0.0,3,3.0
1,3.0,3.0,2.0,10.0,8,8,6,0.0,66.0,0.0,3,1.0
3,5.0,4.0,2.0,6.0,8,8,6,2.0,46.0,0.0,3,4.0
2,3.0,3.0,2.0,7.0,8,8,6,1.0,70.0,0.0,3,2.0
1,5.0,4.0,2.0,6.0,8,8,6,1.0,56.0,0.0,3,4.0
2,3.0,6.0,2.0,6.0,8,8,6,2.0,42.0,0.25,3,4.0
2,3.0,4.0,2.0,6.0,8,8,6,1.0,75.0,0.0,3,5.0
3,5.0,4.0,2.0,6.0,8,8,6,2.0,75.0,0.2,3,5.0
2,5.0,3.0,2.0,5.0,8,8,6,1.0,68.0,0.0,3,2.0
2,5.0,2.0,2.0,3.0,8,8,6,2.0,61.0,0.0,3,2.0
2,3.0,4.0,2.0,3.0,8,8,6,0.0,64.0,0.0,3,2.0
1,5.0,3.0,2.0,10.0,8,8,6,1.0,34.0,0.0,3,2.0
1,5.0,3.0,2.0,8.0,8,8,6,0.0,63.0,0.0,3,2.0
2,3.0,3.0,2.0,4.0,8,8,6,1.0,67.0,0.3333333333333333,3,3.0
1,3.0,3.0,2.0,9.0,8,8,6,1.0,30.0,0.0,3,1.0
3,3.0,7.0,2.0,5.0,8,8,6,1.0,72.0,0.0,3,3.0
2,5.0,3.0,2.0,6.0,8,8,6,2.0,44.0,0.0,3,5.0
2,5.0,3.0,2.0,6.0,8,8,6,2.0,55.0,0.2,3,5.0
2,3.0,2.0,2.0,4.0,8,8,6,0.0,87.0,0.0,3,2.0
1,5.0,2.0,2.0,8.0,8,8,6,1.0,52.0,0.0,3,2.0
1,5.0,3.0,2.0,6.0,8,8,6,0.0,72.0,0.0,3,1.0
3,3.0,4.0,2.0,8.0,8,8,6,2.0,48.0,0.0,3,4.0
1,2.0,3.0,2.0,10.0,8,8,6,1.0,35.0,0.0,3,2.0
1,3.0,4.0,2.0,8.0,8,8,6,1.0,39.0,0.3333333333333333,3,3.0
2,3.0,2.0,2.0,9.0,6,8,6,2.0,59.0,0.0,3,2.0
2,5.0,2.0,2.0,6.0,6,8,6,2.0,52.0,0.0,3,3.0
2,3.0,3.0,2.0,5.0,6,8,6,2.0,61.0,0.0,3,2.0
2,4.0,3.0,2.0,6.0,6,8,6,2.0,41.0,0.25,3,2.0
2,3.0,3.0,2.0,9.0,6,8,6,2.0,58.0,0.0,3,4.0
1,4.0,2.0,2.0,4.0,6,8,6,2.0,65.0,0.3333333333333333,3,3.0
1,5.0,2.0,2.0,8.0,6,8,6,0.0,71.0,0.0,3,3.0
2,5.0,3.0,2.0,5.0,6,8,6,2.0,46.0,0.0,3,2.0
1,4.0,2.0,2.0,6.0,6,8,6,1.0,42.0,0.0,3,1.0
2,4.0,2.0,2.0,6.0,6,8,6,2.0,37.0,0.25,3,4.0
1,4.0,3.0,2.0,1.0,6,8,6,1.0,66.0,0.0,3,1.0
1,4.0,5.0,2.0,1.0,6,8,6,1.0,64.0,0.0,3,1.0
2,4.0,2.0,2.0,6.0,6,8,6,3.0,46.0,0.0,3,4.0
2,4.0,3.0,2.0,4.0,6,8,6,2.0,58.0,0.0,3,2.0
1,4.0,2.0,2.0,3.0,6,8,6,1.0,49.0,0.5,3,2.0
1,6.0,2.0,2.0,1.0,6,8,6,0.0,87.0,0.0,3,1.0
2,6.0,3.0,2.0,6.0,6,8,6,3.0,67.0,0.0,3,3.0
2,5.0,2.0,2.0,8.0,6,8,6,2.0,35.0,0.25,3,4.0
1,4.0,2.0,2.0,3.0,6,8,6,1.0,47.0,0.0,3,2.0
1,4.0,3.0,2.0,3.0,6,8,6,1.0,57.0,0.0,3,2.0
2,4.0,4.0,2.0,3.0,6,8,6,2.0,56.0,0.0,3,5.0
1,6.0,2.0,2.0,1.0,6,8,6,1.0,73.0,0.0,3,5.0
2,5.0,3.0,2.0,3.0,6,8,6,2.0,60.0,0.0,3,3.0
2,6.0,5.0,2.0,3.0,6,8,6,3.0,58.0,0.0,3,4.0
3,4.0,4.0,2.0,1.0,6,8,6,3.0,59.0,0.0,3,3.0
1,6.0,1.0,2.0,3.0,6,8,6,1.0,58.0,0.0,3,1.0
1,4.0,6.0,2.0,4.0,6,8,6,1.0,61.0,0.0,3,3.0
1,6.0,4.0,2.0,6.0,6,8,6,2.0,50.0,0.0,3,0.4285714285714285
2,6.0,2.0,2.0,5.0,6,8,6,1.0,51.0,0.0,3,0.3333333333333333
1,6.0,2.0,2.0,1.0,6,8,6,1.0,81.0,0.0,3,1.0
2,6.0,5.0,2.0,3.0,6,8,6,1.0,77.0,0.0,3,2.0
2,6.0,5.0,2.0,3.0,6,8,6,2.0,75.0,0.0,3,2.0
1,6.0,4.0,2.0,1.0,6,8,6,1.0,74.0,0.0,3,1.0
1,6.0,2.0,2.0,1.0,6,8,6,1.0,73.0,0.0,3,2.0
2,6.0,3.0,2.0,1.0,6,8,6,2.0,78.0,0.0,3,2.0
2,6.0,2.0,2.0,1.0,6,8,6,2.0,66.0,0.0,3,2.0
1,6.0,1.0,2.0,6.0,7,8,6,3.0,42.0,0.25,3,4.0
1,6.0,1.0,2.0,5.0,7,8,6,1.0,71.0,0.0,3,1.0
1,6.0,3.0,2.0,5.0,7,8,6,3.0,72.0,0.0,3,3.0
2,6.0,4.0,2.0,6.0,7,8,6,2.0,67.0,0.0,3,2.0
1,4.0,4.0,2.0,10.0,7,8,6,2.0,78.0,0.0,3,2.0
2,6.0,2.0,2.0,5.0,7,8,6,2.0,88.0,0.0,3,2.0
2,6.0,2.0,2.0,1.0,7,8,6,2.0,92.0,0.0,3,0.6666666666666666
2,6.0,3.0,2.0,4.0,7,8,6,3.0,57.0,0.25,3,0.6666666666666666
2,6.0,3.0,2.0,3.0,7,8,6,2.0,86.0,0.0,3,2.0
1,6.0,3.0,2.0,4.0,7,8,6,1.0,56.0,0.0,3,3.0
1,3.0,1.0,2.0,6.0,7,8,6,2.0,35.0,0.4,3,5.0
1,6.0,3.0,2.0,5.0,7,8,6,2.0,26.0,0.3333333333333333,3,3.0
3,6.0,4.0,2.0,5.0,7,8,6,2.0,63.0,0.0,3,3.0
3,6.0,4.0,2.0,3.0,5,8,6,3.0,54.0,0.0,3,3.0
2,6.0,4.0,2.0,6.0,5,8,6,2.0,46.0,0.0,3,3.0
3,5.0,6.0,2.0,6.0,5,8,6,3.0,62.0,0.125,3,8.0
2,4.0,4.0,2.0,8.0,5,8,6,1.0,46.0,0.0,3,3.0
1,4.0,1.0,2.0,1.0,5,8,6,0.0,89.0,0.0,3,1.0
1,6.0,7.0,2.0,8.0,5,8,6,1.0,48.0,0.0,3,4.0
1,4.0,4.0,2.0,1.0,5,8,6,0.0,76.0,0.0,3,1.0
2,4.0,3.0,2.0,6.0,5,8,6,2.0,27.0,0.3333333333333333,3,3.0
2,3.0,5.0,2.0,10.0,5,8,6,1.0,53.0,0.0,3,5.0
2,6.0,3.0,2.0,6.0,5,8,6,2.0,27.0,0.3333333333333333,3,3.0
3,6.0,6.0,2.0,3.0,5,8,6,3.0,37.0,0.25,3,4.0
2,6.0,5.0,2.0,5.0,5,8,6,1.0,45.0,0.25,3,4.0
2,6.0,4.0,2.0,3.0,5,8,6,1.0,66.0,0.0,3,2.0
1,4.0,4.0,2.0,8.0,5,8,6,1.0,69.0,0.0,3,1.0
1,6.0,2.0,2.0,5.0,5,8,6,1.0,58.0,0.0,3,0.3333333333333333
1,6.0,2.0,2.0,5.0,5,8,6,2.0,68.0,0.0,3,0.3333333333333333
1,6.0,2.0,2.0,4.0,5,8,6,2.0,65.0,0.0,3,0.6666666666666666
1,6.0,4.0,2.0,3.0,5,8,6,1.0,68.0,0.0,3,0.1666666666666666
1,6.0,2.0,2.0,3.0,5,8,6,1.0,75.0,0.0,3,0.1666666666666666
1,6.0,2.0,2.0,1.0,5,8,6,1.0,78.0,0.0,3,1.0
1,6.0,2.0,2.0,1.0,5,8,6,1.0,57.0,0.0,3,1.0
2,6.0,4.0,2.0,4.0,5,8,6,2.0,37.0,0.3333333333333333,3,3.0
2,4.0,4.0,2.0,4.0,5,8,6,2.0,73.0,0.0,3,2.0
2,4.0,3.0,2.0,5.0,5,8,6,2.0,32.0,0.6,3,5.0
1,4.0,4.0,2.0,5.0,5,8,6,1.0,78.0,0.0,3,1.0
3,4.0,2.0,2.0,3.0,5,8,6,3.0,52.0,0.25,3,4.0
2,6.0,6.0,2.0,3.0,5,8,6,2.0,52.0,0.0,3,3.0
2,2.0,1.0,2.0,6.0,5,8,6,2.0,39.0,0.3333333333333333,3,0.375
1,2.0,3.0,2.0,3.0,5,8,6,2.0,49.0,0.0,3,0.25
3,6.0,3.0,2.0,4.0,5,8,6,3.0,44.0,0.0,3,0.4285714285714285
3,4.0,6.0,2.0,6.0,5,8,6,3.0,51.0,0.0,3,3.0
3,6.0,6.0,2.0,4.0,5,8,6,3.0,51.0,0.25,3,4.0
1,3.0,2.0,2.0,3.0,5,8,6,0.0,88.0,0.0,3,1.0
2,5.0,1.0,2.0,3.0,5,8,6,2.0,52.0,0.0,3,4.0
1,3.0,2.0,2.0,4.0,5,8,6,1.0,64.0,0.0,3,1.0
2,6.0,2.0,2.0,3.0,5,8,6,1.0,79.0,0.0,3,2.0
3,6.0,4.0,2.0,3.0,5,8,6,2.0,76.0,0.4,3,5.0
3,4.0,3.0,2.0,6.0,5,8,6,3.0,39.0,0.2,3,5.0
1,4.0,4.0,2.0,3.0,5,8,6,1.0,49.0,0.0,3,4.0
2,6.0,3.0,2.0,4.0,5,8,6,2.0,48.0,0.25,3,4.0
2,6.0,5.0,2.0,1.0,5,8,6,2.0,63.0,0.0,3,4.0
3,6.0,4.0,2.0,3.0,7,8,6,1.0,63.0,0.3333333333333333,3,6.0
2,5.0,4.0,2.0,6.0,7,8,6,1.0,39.0,0.3333333333333333,3,3.0
2,5.0,4.0,2.0,5.0,7,8,6,0.0,51.0,0.0,3,2.0
3,5.0,2.0,2.0,3.0,7,8,6,1.0,77.0,0.0,3,3.0
3,5.0,4.0,2.0,9.0,7,8,6,3.0,44.0,0.1666666666666666,3,6.0
2,5.0,3.0,2.0,6.0,7,8,6,2.0,59.0,0.0,3,4.0
2,5.0,4.0,2.0,3.0,7,8,6,2.0,56.0,0.0,3,2.0
2,5.0,3.0,2.0,8.0,7,8,6,0.0,60.0,0.0,3,4.0
2,6.0,1.0,2.0,1.0,5,8,6,2.0,62.0,0.0,3,5.0
2,6.0,3.0,2.0,4.0,5,8,6,2.0,31.0,0.5,3,4.0
1,3.0,3.0,2.0,3.0,7,8,6,1.0,60.0,0.3333333333333333,3,3.0
2,5.0,3.0,2.0,3.0,7,8,6,1.0,46.0,0.0,3,2.0
2,6.0,1.0,2.0,1.0,7,8,6,2.0,72.0,0.0,3,2.0
1,2.0,3.0,2.0,3.0,7,8,6,1.0,58.0,0.0,3,1.0
1,5.0,3.0,2.0,6.0,7,8,6,1.0,32.0,0.0,3,1.0
2,5.0,3.0,2.0,6.0,7,8,6,2.0,68.0,0.0,3,4.0
1,5.0,3.0,2.0,10.0,7,8,6,0.0,33.0,0.0,3,1.0
3,5.0,3.0,2.0,5.0,7,8,6,3.0,47.0,0.0,3,3.0
2,6.0,5.0,2.0,4.0,5,8,6,2.0,63.0,0.0,3,2.0
1,6.0,5.0,2.0,5.0,5,8,6,1.0,65.0,0.0,3,2.0
2,6.0,2.0,2.0,5.0,5,8,6,2.0,68.0,0.3333333333333333,3,3.0
1,5.0,2.0,2.0,3.0,5,8,6,1.0,70.0,0.0,3,1.0
2,6.0,4.0,2.0,8.0,5,8,6,0.0,41.0,0.4,3,5.0
1,6.0,4.0,2.0,3.0,5,8,6,1.0,70.0,0.0,3,1.0
2,5.0,4.0,2.0,3.0,5,8,6,1.0,47.0,0.0,3,2.0
3,6.0,2.0,2.0,3.0,5,8,6,3.0,69.0,0.25,3,0.6666666666666666
1,6.0,4.0,2.0,1.0,5,8,6,1.0,46.0,0.25,3,4.0
1,6.0,2.0,2.0,3.0,5,8,6,1.0,45.0,0.0,3,5.0
1,6.0,2.0,2.0,4.0,5,8,6,0.0,90.0,0.0,3,1.0
1,4.0,2.0,2.0,4.0,5,8,6,1.0,73.0,0.0,3,2.0
3,6.0,4.0,2.0,4.0,5,8,6,1.0,59.0,0.0,3,6.0
2,6.0,3.0,2.0,5.0,5,8,6,1.0,74.0,0.0,3,2.0
1,5.0,3.0,2.0,3.0,5,8,6,1.0,81.0,0.0,3,3.0
1,6.0,2.0,2.0,3.0,5,8,6,1.0,80.0,0.0,3,1.0
2,6.0,2.0,2.0,6.0,5,8,6,0.0,76.0,0.0,3,2.0
2,5.0,1.0,2.0,3.0,7,8,6,2.0,61.0,0.0,3,0.2857142857142857
1,5.0,4.0,2.0,6.0,7,8,6,0.0,59.0,0.0,3,1.0
1,5.0,4.0,2.0,1.0,7,8,6,1.0,47.0,0.0,3,4.0
3,5.0,3.0,2.0,3.0,7,8,6,3.0,64.0,0.0,3,4.0
3,6.0,3.0,2.0,8.0,7,8,6,2.0,28.0,0.0,3,3.0
2,5.0,7.0,2.0,3.0,7,8,6,2.0,71.0,0.0,3,4.0
2,5.0,3.0,2.0,6.0,7,8,6,2.0,55.0,0.0,3,3.0
1,5.0,3.0,2.0,3.0,7,8,6,3.0,64.0,0.0,3,3.0
1,4.0,2.0,2.0,4.0,7,8,6,1.0,40.0,0.5,3,2.0
1,5.0,1.0,2.0,3.0,7,8,6,1.0,77.0,0.0,3,2.0
2,5.0,5.0,2.0,3.0,7,8,6,2.0,50.0,0.25,3,0.5
1,4.0,3.0,2.0,1.0,7,8,6,1.0,86.0,0.0,3,0.1666666666666666
3,3.0,7.0,2.0,10.0,2,8,6,1.0,85.0,0.0,3,3.0
2,5.0,5.0,2.0,10.0,2,8,6,1.0,89.0,0.0,3,3.0
1,3.0,7.0,2.0,10.0,2,8,6,2.0,55.0,0.0,3,4.0
1,3.0,6.0,2.0,10.0,2,8,6,1.0,60.0,0.0,3,2.0
1,5.0,3.0,2.0,10.0,2,8,6,1.0,55.0,0.0,3,2.0
3,3.0,3.0,2.0,6.0,2,8,6,2.0,54.0,0.0,3,4.0
1,5.0,2.0,2.0,8.0,2,8,6,1.0,46.0,0.0,3,5.0
3,3.0,3.0,2.0,6.0,2,8,6,0.0,71.0,0.0,3,4.0
3,5.0,4.0,2.0,7.0,2,8,6,3.0,43.0,0.4,3,5.0
2,3.0,3.0,2.0,6.0,2,8,6,1.0,71.0,0.0,3,2.0
2,3.0,3.0,2.0,6.0,2,8,6,2.0,42.0,0.4,3,5.0
3,5.0,4.0,2.0,3.0,2,8,6,2.0,78.0,0.0,3,4.0
1,5.0,1.0,2.0,6.0,2,8,6,0.0,41.0,0.4,3,5.0
2,5.0,3.0,2.0,4.0,2,8,6,2.0,33.0,0.1666666666666666,3,6.0
1,3.0,3.0,2.0,10.0,2,8,6,1.0,51.0,0.0,3,2.0
2,3.0,5.0,2.0,10.0,2,8,6,2.0,32.0,0.0,3,2.0
2,3.0,3.0,2.0,9.0,2,8,6,2.0,33.0,0.5,3,4.0
2,3.0,6.0,2.0,10.0,2,8,6,1.0,56.0,0.0,3,4.0
1,5.0,4.0,2.0,5.0,2,8,6,0.0,64.0,0.0,3,0.75
1,3.0,4.0,2.0,9.0,2,8,6,1.0,48.0,0.0,3,2.0
3,3.0,7.0,2.0,10.0,2,8,6,2.0,61.0,0.25,3,4.0
3,3.0,3.0,2.0,10.0,2,8,6,1.0,75.0,0.0,3,4.0
1,5.0,3.0,2.0,8.0,2,8,6,0.0,59.0,0.0,3,1.0
2,5.0,4.0,2.0,6.0,2,8,6,1.0,43.0,0.4,3,5.0
2,5.0,5.0,2.0,6.0,2,8,6,2.0,48.0,0.0,3,3.0
3,5.0,5.0,2.0,9.0,2,8,6,3.0,38.0,0.3333333333333333,3,6.0
2,5.0,2.0,2.0,5.0,2,8,6,2.0,54.0,0.0,3,0.75
2,5.0,2.0,2.0,4.0,2,8,6,2.0,55.0,0.0,3,0.5
1,5.0,2.0,2.0,3.0,2,8,6,1.0,55.0,0.0,3,0.5
1,5.0,5.0,2.0,6.0,2,8,6,0.0,77.0,0.0,3,2.0
1,5.0,3.0,2.0,8.0,2,8,6,0.0,62.0,0.0,3,3.0
1,5.0,4.0,2.0,5.0,2,8,6,1.0,71.0,0.0,3,1.0
3,5.0,3.0,2.0,3.0,2,8,6,2.0,89.0,0.0,3,3.0
2,5.0,6.0,2.0,8.0,2,8,6,2.0,59.0,0.0,3,2.0
1,5.0,3.0,2.0,6.0,2,8,6,0.0,64.0,0.0,3,1.0
1,5.0,3.0,2.0,4.0,2,8,6,1.0,71.0,0.0,3,2.0
2,3.0,5.0,2.0,8.0,2,8,6,3.0,64.0,0.0,3,3.0
2,3.0,3.0,2.0,10.0,2,8,6,0.0,61.0,0.0,3,3.0
2,5.0,4.0,2.0,7.0,2,8,6,1.0,75.0,0.0,3,3.0
3,5.0,5.0,2.0,8.0,2,8,6,2.0,53.0,0.3333333333333333,3,6.0
3,3.0,4.0,2.0,6.0,2,8,6,3.0,56.0,0.0,3,3.0
1,5.0,3.0,2.0,3.0,2,8,6,1.0,49.0,0.2857142857142857,3,7.0
2,3.0,3.0,2.0,6.0,2,8,6,2.0,44.0,0.0,3,3.0
2,2.0,3.0,2.0,10.0,2,8,6,1.0,67.0,0.0,3,2.0
1,5.0,3.0,2.0,6.0,2,8,6,1.0,51.0,0.0,3,1.0
2,5.0,5.0,2.0,8.0,2,8,6,1.0,45.0,0.0,3,2.0
2,5.0,3.0,2.0,6.0,2,8,6,1.0,70.0,0.0,3,2.0
3,3.0,7.0,2.0,8.0,2,8,6,2.0,62.0,0.4,3,5.0
2,2.0,3.0,2.0,5.0,2,8,6,1.0,64.0,0.0,3,2.0
2,3.0,2.0,2.0,8.0,2,8,6,0.0,37.0,0.3333333333333333,3,3.0
2,3.0,4.0,2.0,5.0,2,8,6,0.0,70.0,0.2,3,5.0
2,5.0,3.0,2.0,4.0,2,8,6,2.0,70.0,0.0,3,3.0
1,5.0,2.0,2.0,8.0,2,8,6,1.0,63.0,0.0,3,1.0
2,5.0,4.0,2.0,1.0,2,8,6,1.0,87.0,0.0,3,3.0
1,5.0,4.0,2.0,8.0,2,8,6,1.0,45.0,0.0,3,2.0
2,3.0,4.0,2.0,8.0,2,8,6,2.0,49.0,0.0,3,3.0
2,3.0,3.0,2.0,6.0,2,8,6,2.0,52.0,0.0,3,5.0
1,5.0,2.0,2.0,6.0,2,8,6,1.0,40.0,0.2,3,5.0
2,5.0,4.0,2.0,6.0,2,8,6,2.0,42.0,0.0,3,5.0
1,5.0,2.0,2.0,5.0,2,8,6,1.0,76.0,0.0,3,2.0
2,5.0,4.0,2.0,3.0,2,8,6,2.0,71.0,0.0,3,0.5
2,6.0,4.0,2.0,6.0,2,8,6,0.0,76.0,0.0,3,0.5
3,5.0,2.0,2.0,7.0,2,8,6,3.0,53.0,0.0,3,3.0
1,3.0,4.0,2.0,3.0,2,8,6,1.0,74.0,0.0,3,1.0
2,3.0,2.0,2.0,6.0,2,8,6,2.0,58.0,0.3333333333333333,3,3.0
1,5.0,6.0,2.0,8.0,2,8,6,1.0,57.0,0.0,3,5.0
2,5.0,3.0,2.0,7.0,2,8,6,2.0,33.0,0.5,3,4.0
1,3.0,4.0,2.0,5.0,2,8,6,1.0,43.0,0.0,3,6.0
3,5.0,5.0,2.0,8.0,2,8,6,2.0,53.0,0.0,3,5.0
1,5.0,1.0,2.0,1.0,2,8,6,0.0,78.0,0.0,3,1.0
3,5.0,3.0,2.0,5.0,2,8,6,3.0,51.0,0.0,3,3.0
1,6.0,3.0,2.0,1.0,5,8,6,1.0,72.0,0.0,3,2.0
1,6.0,3.0,2.0,4.0,5,8,6,1.0,70.0,0.0,3,1.0
1,5.0,1.0,2.0,5.0,5,8,6,2.0,57.0,0.0,3,2.0
1,5.0,2.0,2.0,7.0,5,8,6,1.0,32.0,0.3333333333333333,3,1.5
1,5.0,3.0,2.0,8.0,5,8,6,1.0,74.0,0.0,3,1.0
2,6.0,4.0,2.0,10.0,5,8,6,3.0,71.0,0.4,3,5.0
1,4.0,2.0,2.0,10.0,5,8,6,0.0,76.0,0.0,3,1.0
3,1.0,4.0,2.0,10.0,5,8,6,0.0,47.0,0.0,3,3.0
1,4.0,2.0,2.0,6.0,5,8,6,0.0,65.0,0.0,3,1.0
2,1.0,4.0,2.0,5.0,5,8,6,1.0,54.0,0.0,3,4.0
3,5.0,5.0,2.0,10.0,5,8,6,2.0,59.0,0.0,3,5.0
2,3.0,3.0,2.0,7.0,5,8,6,1.0,67.0,0.0,3,2.0
1,5.0,1.0,2.0,6.0,5,8,6,1.0,69.0,0.0,3,2.0
2,5.0,3.0,2.0,3.0,5,8,6,2.0,65.0,0.0,3,3.0
1,6.0,1.0,2.0,5.0,5,8,6,1.0,60.0,0.0,3,2.0
2,6.0,1.0,2.0,4.0,5,8,6,2.0,53.0,0.0,3,5.0
0,5.0,2.0,2.0,8.0,5,8,6,0.0,63.0,0.0,3,1.0
2,5.0,6.0,2.0,10.0,5,8,6,1.0,70.0,0.0,3,2.0
1,5.0,3.0,2.0,6.0,5,8,6,1.0,66.0,0.0,3,1.0
1,5.0,1.0,2.0,4.0,5,8,6,1.0,72.0,0.0,3,0.5
1,3.0,5.0,2.0,10.0,5,8,6,1.0,43.0,0.4,3,5.0
3,4.0,1.0,2.0,3.0,5,8,6,3.0,64.0,0.0,3,5.0
2,6.0,4.0,2.0,6.0,5,8,6,2.0,73.0,0.0,3,2.0
1,5.0,2.0,2.0,4.0,5,8,6,0.0,72.0,0.0,3,2.0
2,5.0,4.0,2.0,4.0,7,8,6,2.0,63.0,0.0,3,2.0
1,5.0,1.0,2.0,8.0,7,8,6,0.0,35.0,0.5,3,2.0
1,5.0,2.0,2.0,5.0,7,8,6,3.0,54.0,0.25,3,4.0
3,6.0,3.0,2.0,5.0,7,8,6,3.0,48.0,0.0,3,3.0
3,5.0,4.0,2.0,8.0,7,8,6,2.0,39.0,0.0,3,3.0
3,5.0,4.0,2.0,6.0,7,8,6,3.0,42.0,0.0,3,3.0
1,5.0,3.0,2.0,8.0,7,8,6,1.0,71.0,0.0,3,3.0
1,5.0,1.0,2.0,3.0,7,8,6,0.0,65.0,0.5,3,1.0
1,5.0,2.0,2.0,3.0,7,8,6,1.0,59.0,0.0,3,1.0
1,5.0,3.0,2.0,8.0,7,8,6,1.0,42.0,0.3333333333333333,3,3.0
1,5.0,5.0,2.0,6.0,7,8,6,2.0,64.0,0.0,3,2.0
2,5.0,5.0,2.0,6.0,7,8,6,1.0,54.0,0.5,3,4.0
1,5.0,3.0,2.0,4.0,5,8,6,0.0,75.0,0.0,3,1.0
3,5.0,4.0,2.0,5.0,7,8,6,3.0,43.0,0.25,3,4.0
2,5.0,4.0,2.0,6.0,7,8,6,1.0,36.0,0.5,3,4.0
1,3.0,2.0,2.0,6.0,7,8,6,1.0,29.0,0.5,3,2.0
1,5.0,3.0,2.0,6.0,7,8,6,2.0,59.0,0.0,3,2.0
1,6.0,1.0,2.0,6.0,7,8,6,0.0,48.0,0.25,3,0.6666666666666666
1,6.0,2.0,2.0,4.0,7,8,6,2.0,33.0,0.2,3,0.8333333333333334
1,5.0,2.0,2.0,3.0,7,8,6,2.0,76.0,0.3333333333333333,3,3.0
1,4.0,2.0,2.0,7.0,7,8,6,1.0,25.0,0.5,3,2.0
2,5.0,2.0,2.0,3.0,7,8,6,2.0,74.0,0.0,3,2.0
2,6.0,2.0,2.0,5.0,7,8,6,2.0,38.0,0.0,3,3.0
1,5.0,3.0,2.0,4.0,7,8,6,1.0,35.0,0.0,3,1.0
1,5.0,2.0,2.0,5.0,7,8,6,1.0,71.0,0.0,3,1.0
1,6.0,2.0,2.0,3.0,7,8,6,1.0,78.0,0.0,3,1.0
1,5.0,2.0,2.0,10.0,7,8,6,3.0,45.0,0.2857142857142857,3,1.1666666666666667
2,6.0,2.0,2.0,4.0,7,8,6,2.0,65.0,0.0,3,2.0
2,6.0,2.0,2.0,9.0,7,8,6,2.0,27.0,0.3333333333333333,3,3.0
2,5.0,2.0,2.0,4.0,7,8,6,2.0,44.0,0.375,3,8.0
2,4.0,6.0,2.0,5.0,7,8,6,2.0,40.0,0.5,3,0.6666666666666666
1,4.0,3.0,2.0,4.0,7,8,6,1.0,74.0,0.0,3,0.1666666666666666
1,5.0,3.0,2.0,6.0,1,8,6,1.0,68.0,0.0,3,2.0
1,3.0,2.0,2.0,9.0,1,8,6,1.0,34.0,0.5,3,2.0
2,5.0,5.0,2.0,8.0,1,8,6,2.0,73.0,0.25,3,4.0
2,3.0,6.0,2.0,10.0,1,8,6,1.0,89.0,0.0,3,5.0
1,5.0,3.0,2.0,4.0,1,8,6,0.0,72.0,0.0,3,3.0
2,5.0,3.0,2.0,6.0,1,8,6,1.0,59.0,0.0,3,2.0
2,2.0,5.0,2.0,3.0,1,8,6,0.0,81.0,0.0,3,2.0
3,2.0,3.0,2.0,7.0,1,8,6,2.0,61.0,0.0,3,3.0
1,3.0,3.0,2.0,9.0,1,8,6,1.0,59.0,0.0,3,3.0
2,1.0,6.0,2.0,4.0,1,8,6,2.0,80.0,0.0,3,2.0
3,5.0,5.0,2.0,6.0,1,8,6,1.0,75.0,0.0,3,4.0
2,5.0,5.0,2.0,4.0,1,8,6,1.0,70.0,0.0,3,2.0
2,3.0,3.0,2.0,6.0,1,8,6,2.0,68.0,0.0,3,3.0
2,5.0,5.0,2.0,4.0,1,8,6,1.0,88.0,0.0,3,2.0
2,5.0,1.0,2.0,6.0,1,8,6,0.0,48.0,0.0,3,2.0
2,1.0,6.0,2.0,6.0,1,8,6,1.0,80.0,0.0,3,3.0
1,2.0,3.0,2.0,4.0,1,8,6,1.0,65.0,0.0,3,1.0
3,2.0,4.0,2.0,4.0,1,8,6,3.0,66.0,0.0,3,6.0
2,5.0,3.0,2.0,8.0,1,8,6,1.0,71.0,0.0,3,3.0
3,2.0,6.0,2.0,5.0,1,8,6,3.0,62.0,0.0,3,3.0
3,5.0,2.0,2.0,3.0,1,8,6,1.0,76.0,0.0,3,3.0
2,2.0,5.0,2.0,8.0,1,8,6,2.0,51.0,0.0,3,3.0
2,2.0,6.0,2.0,10.0,1,8,6,2.0,58.0,0.0,3,4.0
2,2.0,5.0,2.0,4.0,1,8,6,2.0,53.0,0.0,3,3.0
2,3.0,3.0,2.0,4.0,1,8,6,2.0,36.0,0.3333333333333333,3,0.75
1,5.0,4.0,2.0,7.0,1,8,6,1.0,40.0,0.5,3,1.5
1,6.0,1.0,2.0,6.0,1,8,6,1.0,39.0,0.0,3,1.0
2,6.0,3.0,2.0,6.0,1,8,6,2.0,30.0,0.125,3,2.0
1,2.0,5.0,2.0,10.0,1,8,6,1.0,44.0,0.0,3,4.0
1,5.0,3.0,2.0,5.0,1,8,6,0.0,53.0,0.0,3,1.0
3,5.0,5.0,2.0,10.0,1,8,6,1.0,83.0,0.0,3,3.0
1,5.0,4.0,2.0,8.0,1,8,6,1.0,63.0,0.0,3,2.0
1,2.0,5.0,2.0,8.0,1,8,6,0.0,62.0,0.0,3,2.0
1,6.0,1.0,2.0,6.0,1,8,6,1.0,39.0,0.25,3,4.0
3,5.0,5.0,2.0,4.0,1,8,6,1.0,66.0,0.0,3,3.0
1,6.0,2.0,2.0,4.0,1,8,6,1.0,70.0,0.0,3,1.0
1,5.0,2.0,2.0,6.0,1,8,6,1.0,34.0,0.5,3,4.0
0,5.0,3.0,2.0,6.0,1,8,6,0.0,58.0,0.0,3,2.0
1,5.0,3.0,2.0,3.0,1,8,6,0.0,92.0,0.0,3,1.0
1,5.0,2.0,2.0,3.0,1,8,6,0.0,74.0,0.0,3,1.0
2,3.0,3.0,2.0,6.0,1,8,6,1.0,44.0,0.0,3,2.0
2,5.0,3.0,2.0,8.0,1,8,6,1.0,68.0,0.0,3,2.0
2,5.0,2.0,2.0,7.0,1,8,6,2.0,56.0,0.2,3,5.0
3,5.0,4.0,2.0,3.0,1,8,6,2.0,53.0,0.0,3,3.0
1,5.0,3.0,2.0,6.0,1,8,6,1.0,69.0,0.0,3,2.0
1,6.0,4.0,2.0,3.0,1,8,6,1.0,80.0,0.0,3,1.0
2,5.0,3.0,2.0,3.0,1,8,6,1.0,90.0,0.0,3,2.0
2,6.0,4.0,2.0,6.0,4,8,6,1.0,33.0,0.25,3,4.0
3,6.0,4.0,2.0,6.0,4,8,6,1.0,33.0,0.4,3,5.0
1,6.0,1.0,2.0,3.0,4,8,6,1.0,75.0,0.0,3,1.0
2,6.0,3.0,2.0,5.0,4,8,6,2.0,48.0,0.0,3,3.0
1,6.0,2.0,2.0,3.0,4,8,6,0.0,79.0,0.0,3,1.0
2,6.0,2.0,2.0,4.0,4,8,6,1.0,59.0,0.0,3,8.0
2,6.0,4.0,2.0,4.0,4,8,6,3.0,49.0,0.25,3,4.0
3,5.0,7.0,2.0,8.0,1,8,6,2.0,70.0,0.2,3,5.0
2,2.0,4.0,2.0,9.0,1,8,6,0.0,78.0,0.0,3,2.0
2,3.0,3.0,2.0,8.0,1,8,6,1.0,68.0,0.0,3,2.0
1,5.0,2.0,2.0,6.0,1,8,6,0.0,56.0,0.0,3,1.0
1,3.0,5.0,2.0,4.0,1,8,6,1.0,58.0,0.0,3,3.0
2,5.0,4.0,2.0,4.0,1,8,6,2.0,58.0,0.25,3,4.0
3,6.0,4.0,2.0,5.0,1,8,6,1.0,56.0,0.1428571428571428,3,7.0
2,5.0,3.0,2.0,5.0,1,8,6,1.0,66.0,0.0,3,3.0
2,3.0,4.0,2.0,6.0,1,8,6,2.0,50.0,0.0,3,5.0
1,3.0,5.0,2.0,8.0,1,8,6,1.0,40.0,0.6,3,5.0
2,3.0,5.0,2.0,10.0,1,8,6,1.0,68.0,0.25,3,4.0
1,5.0,2.0,2.0,4.0,1,8,6,1.0,71.0,0.0,3,1.0
2,5.0,5.0,2.0,6.0,1,8,6,2.0,47.0,0.2,3,5.0
2,6.0,3.0,2.0,6.0,1,8,6,2.0,61.0,0.0,3,3.0
2,3.0,2.0,2.0,10.0,1,8,6,1.0,38.0,0.5,3,4.0
1,5.0,1.0,2.0,4.0,1,8,6,0.0,74.0,0.0,3,2.0
2,5.0,6.0,2.0,10.0,1,8,6,2.0,59.0,0.0,3,4.0
3,5.0,6.0,2.0,3.0,1,8,6,3.0,49.0,0.2,3,1.0
3,5.0,5.0,2.0,5.0,1,8,6,2.0,42.0,0.2,3,1.25
3,6.0,2.0,2.0,4.0,1,8,6,2.0,68.0,0.0,3,0.6
1,5.0,2.0,2.0,1.0,1,8,6,1.0,77.0,0.0,3,1.0
1,5.0,5.0,2.0,10.0,1,8,6,0.0,74.0,0.0,3,1.0
2,3.0,2.0,2.0,9.0,1,8,6,1.0,31.0,0.0,3,2.0
2,5.0,4.0,2.0,6.0,1,8,6,2.0,49.0,0.0,3,3.0
1,5.0,2.0,2.0,3.0,1,8,6,0.0,85.0,0.0,3,1.0
3,5.0,4.0,2.0,5.0,1,8,6,2.0,51.0,0.0,3,3.0
2,3.0,4.0,2.0,6.0,1,8,6,1.0,78.0,0.0,3,4.0
3,5.0,4.0,2.0,8.0,1,8,6,2.0,47.0,0.3333333333333333,3,6.0
1,2.0,5.0,2.0,8.0,1,8,6,1.0,50.0,0.0,3,5.0
2,3.0,4.0,2.0,10.0,1,8,6,0.0,54.0,0.0,3,5.0
1,3.0,3.0,2.0,4.0,1,8,6,0.0,78.0,0.0,3,2.0
2,5.0,5.0,2.0,8.0,1,8,6,3.0,52.0,0.0,3,5.0
3,5.0,3.0,2.0,5.0,1,8,6,1.0,65.0,0.0,3,4.0
1,3.0,3.0,2.0,8.0,1,8,6,1.0,46.0,0.25,3,4.0
2,5.0,4.0,2.0,5.0,1,8,6,2.0,67.0,0.0,3,3.0
2,5.0,3.0,2.0,6.0,1,8,6,2.0,56.0,0.3333333333333333,3,3.0
3,6.0,2.0,2.0,4.0,1,8,6,2.0,49.0,0.25,3,4.0
1,5.0,4.0,2.0,10.0,1,8,6,0.0,76.0,0.0,3,1.0
1,5.0,4.0,2.0,5.0,1,8,6,0.0,65.0,0.0,3,1.0
1,5.0,3.0,2.0,4.0,1,8,6,1.0,42.0,0.2,3,5.0
2,5.0,3.0,2.0,4.0,1,8,6,2.0,49.0,0.2,3,5.0
1,3.0,3.0,2.0,3.0,1,8,6,1.0,64.0,0.0,3,1.0
3,3.0,6.0,2.0,10.0,1,8,6,1.0,96.0,0.0,3,3.0
1,3.0,3.0,2.0,6.0,1,8,6,1.0,67.0,0.0,3,3.0
2,5.0,3.0,2.0,4.0,1,8,6,0.0,94.0,0.0,3,3.0
2,2.0,5.0,2.0,4.0,1,8,6,2.0,61.0,0.0,3,2.0
2,6.0,4.0,2.0,4.0,4,8,6,3.0,59.0,0.0,3,0.5
1,3.0,4.0,2.0,10.0,8,8,6,1.0,61.0,0.0,3,1.0
2,3.0,3.0,2.0,10.0,8,8,6,2.0,70.0,0.0,3,2.0
1,4.0,4.0,2.0,10.0,8,8,6,1.0,50.0,0.0,3,4.0
1,2.0,5.0,2.0,10.0,8,8,6,1.0,84.0,0.0,3,2.0
1,5.0,4.0,2.0,5.0,8,8,6,1.0,74.0,0.0,3,2.0
1,3.0,2.0,2.0,6.0,8,8,6,1.0,48.0,0.0,3,1.0
1,5.0,4.0,2.0,5.0,8,8,6,1.0,62.0,0.0,3,2.0
2,5.0,5.0,2.0,4.0,8,8,6,2.0,62.0,0.3333333333333333,3,3.0
1,3.0,3.0,2.0,3.0,8,8,6,0.0,85.0,0.0,3,2.0
1,5.0,4.0,2.0,6.0,8,8,6,1.0,52.0,0.0,3,2.0
2,5.0,4.0,2.0,6.0,8,8,6,2.0,41.0,0.0,3,3.0
3,5.0,4.0,2.0,8.0,8,8,6,3.0,75.0,0.0,3,3.0
1,3.0,5.0,2.0,6.0,8,8,6,0.0,64.0,0.0,3,1.0
3,3.0,3.0,2.0,6.0,8,8,6,2.0,61.0,0.0,3,3.0
2,2.0,4.0,2.0,9.0,8,8,6,2.0,68.0,0.0,3,3.0
3,5.0,2.0,2.0,6.0,8,8,6,2.0,62.0,0.0,3,3.0
2,1.0,4.0,2.0,10.0,8,8,6,2.0,63.0,0.0,3,3.0
2,1.0,4.0,2.0,8.0,8,8,6,2.0,64.0,0.0,3,2.0
2,5.0,4.0,2.0,4.0,8,8,6,0.0,71.0,0.0,3,3.0
2,5.0,3.0,2.0,10.0,8,8,6,2.0,33.0,0.0,3,2.0
2,5.0,3.0,2.0,5.0,8,8,6,2.0,80.0,0.0,3,3.0
1,3.0,2.0,2.0,8.0,8,8,6,1.0,73.0,0.0,3,2.0
1,3.0,4.0,2.0,3.0,8,8,6,1.0,81.0,0.0,3,1.0
2,1.0,2.0,2.0,4.0,8,8,6,2.0,72.0,0.0,3,2.0
1,2.0,4.0,2.0,6.0,8,8,6,0.0,70.0,0.0,3,2.0
3,3.0,4.0,2.0,6.0,8,8,6,3.0,35.0,0.4,3,5.0
3,5.0,3.0,2.0,4.0,8,8,6,1.0,76.0,0.4,3,5.0
1,6.0,1.0,2.0,6.0,8,8,6,0.0,65.0,0.0,3,1.0
2,5.0,3.0,2.0,9.0,8,8,6,2.0,23.0,0.0,3,2.0
1,2.0,4.0,2.0,6.0,8,8,6,1.0,58.0,0.0,3,2.0
1,5.0,1.0,2.0,4.0,8,8,6,0.0,59.0,0.0,3,1.0
1,6.0,2.0,2.0,6.0,8,8,6,1.0,57.0,0.0,3,1.0
2,5.0,3.0,2.0,6.0,8,8,6,1.0,51.0,0.0,3,0.5
1,5.0,2.0,2.0,8.0,8,8,6,0.0,45.0,0.0,3,0.25
3,5.0,4.0,2.0,3.0,8,8,6,2.0,46.0,0.25,3,1.0
1,5.0,3.0,2.0,4.0,8,8,6,1.0,58.0,0.0,3,1.0
1,5.0,1.0,2.0,4.0,8,8,6,1.0,42.0,0.0,3,3.0
3,3.0,5.0,2.0,6.0,8,8,6,2.0,49.0,0.0,3,4.0
3,5.0,3.0,2.0,3.0,8,8,6,2.0,75.0,0.0,3,3.0
2,3.0,5.0,2.0,10.0,8,8,6,2.0,66.0,0.0,3,2.0
2,5.0,4.0,2.0,5.0,8,8,6,0.0,91.0,0.0,3,2.0
2,3.0,5.0,2.0,4.0,8,8,6,1.0,80.0,0.0,3,2.0
2,5.0,3.0,2.0,10.0,8,8,6,1.0,70.0,0.0,3,2.0
2,3.0,4.0,2.0,6.0,8,8,6,2.0,59.0,0.3333333333333333,3,3.0
2,3.0,4.0,2.0,4.0,8,8,6,0.0,77.0,0.0,3,5.0
2,5.0,4.0,2.0,7.0,8,8,6,2.0,32.0,0.0,3,0.6666666666666666
3,3.0,4.0,2.0,6.0,8,8,6,1.0,84.0,0.0,3,3.0
2,3.0,4.0,2.0,4.0,8,8,6,1.0,88.0,0.0,3,2.0
3,3.0,4.0,2.0,6.0,8,8,6,2.0,70.0,0.0,3,4.0
2,3.0,4.0,2.0,6.0,8,8,6,1.0,79.0,0.0,3,2.0
2,1.0,4.0,2.0,8.0,8,8,6,1.0,70.0,0.0,3,2.0
1,3.0,5.0,2.0,6.0,8,8,6,0.0,83.0,0.0,3,2.0
3,5.0,3.0,2.0,4.0,8,8,6,3.0,59.0,0.0,3,5.0
2,5.0,1.0,2.0,3.0,8,8,6,2.0,67.0,0.0,3,1.0
1,2.0,5.0,2.0,6.0,8,8,6,1.0,40.0,0.0,3,1.0
2,3.0,5.0,2.0,6.0,8,8,6,2.0,53.0,0.0,3,4.0
2,3.0,3.0,2.0,6.0,8,8,6,2.0,66.0,0.0,3,3.0
2,5.0,3.0,2.0,8.0,8,8,6,2.0,65.0,0.0,3,2.0
2,3.0,3.0,2.0,6.0,8,8,6,1.0,66.0,0.0,3,3.0
3,3.0,4.0,2.0,6.0,8,8,6,1.0,75.0,0.0,3,4.0
1,5.0,2.0,2.0,8.0,8,8,6,1.0,49.0,0.5,3,0.2857142857142857
1,5.0,2.0,2.0,6.0,8,8,6,1.0,37.0,0.3333333333333333,3,0.4285714285714285
1,5.0,6.0,2.0,5.0,8,8,6,1.0,45.0,0.5,3,4.0
2,5.0,4.0,2.0,6.0,8,8,6,2.0,39.0,0.25,3,1.3333333333333333
1,5.0,3.0,2.0,5.0,8,8,6,1.0,59.0,0.0,3,2.0
2,5.0,4.0,2.0,6.0,8,8,6,1.0,65.0,0.0,3,3.0
2,3.0,3.0,2.0,3.0,8,8,6,0.0,70.0,0.0,3,2.0
1,3.0,2.0,2.0,10.0,8,8,6,1.0,30.0,0.0,3,2.0
2,3.0,7.0,2.0,8.0,8,8,6,2.0,61.0,0.0,3,2.0
3,3.0,7.0,2.0,6.0,8,8,6,2.0,58.0,0.0,3,5.0
3,3.0,3.0,2.0,8.0,8,8,6,3.0,68.0,0.0,3,3.0
2,3.0,3.0,2.0,3.0,8,8,6,2.0,77.0,0.0,3,2.0
2,3.0,6.0,2.0,6.0,8,8,6,2.0,54.0,0.0,3,4.0
3,3.0,4.0,2.0,8.0,8,8,6,2.0,60.0,0.0,3,5.0
1,3.0,3.0,2.0,8.0,8,8,6,0.0,65.0,0.0,3,3.0
3,3.0,4.0,2.0,10.0,8,8,6,1.0,75.0,0.0,3,3.0
3,5.0,3.0,2.0,8.0,8,8,6,2.0,61.0,0.0,3,3.0
1,3.0,2.0,2.0,6.0,8,8,6,0.0,68.0,0.0,3,1.0
2,1.0,3.0,2.0,8.0,8,8,6,0.0,68.0,0.0,3,2.0
2,3.0,2.0,2.0,4.0,8,8,6,0.0,73.0,0.0,3,2.0
1,3.0,5.0,2.0,6.0,8,8,6,2.0,41.0,0.0,3,4.0
2,3.0,4.0,2.0,1.0,8,8,6,0.0,98.0,0.0,3,4.0
3,5.0,2.0,2.0,6.0,8,8,6,3.0,67.0,0.0,3,3.0
1,2.0,4.0,2.0,7.0,8,8,6,1.0,51.0,0.0,3,3.0
2,3.0,2.0,2.0,5.0,8,8,6,0.0,85.0,0.0,3,2.0
3,3.0,6.0,2.0,8.0,8,8,6,3.0,67.0,0.25,3,4.0
2,5.0,2.0,2.0,5.0,8,8,6,3.0,71.0,0.0,3,3.0
1,2.0,3.0,2.0,6.0,8,8,6,1.0,68.0,0.0,3,2.0
1,3.0,4.0,2.0,4.0,8,8,6,0.0,68.0,0.25,3,4.0
1,3.0,5.0,2.0,6.0,8,8,6,1.0,49.0,0.25,3,4.0
2,5.0,3.0,2.0,6.0,8,8,6,1.0,66.0,0.0,3,3.0
1,5.0,2.0,2.0,3.0,8,8,6,0.0,94.0,0.0,3,0.5
3,5.0,3.0,2.0,6.0,8,8,6,3.0,57.0,0.0,3,0.75
2,1.0,4.0,2.0,8.0,8,8,6,1.0,78.0,0.0,3,3.0
2,2.0,4.0,2.0,8.0,8,8,6,2.0,41.0,0.3333333333333333,3,3.0
2,5.0,4.0,2.0,6.0,8,8,6,2.0,53.0,0.0,3,4.0
2,5.0,3.0,2.0,8.0,8,8,6,1.0,79.0,0.0,3,0.75
1,5.0,1.0,2.0,3.0,8,8,6,1.0,69.0,0.0,3,0.5
2,5.0,4.0,2.0,5.0,8,8,6,2.0,50.0,0.0,3,0.75
1,5.0,3.0,2.0,6.0,8,8,6,1.0,40.0,0.5,3,0.5
2,1.0,6.0,2.0,10.0,8,8,6,1.0,57.0,0.0,3,4.0
1,3.0,3.0,2.0,6.0,8,8,6,0.0,72.0,0.0,3,1.0
1,1.0,3.0,2.0,8.0,8,8,6,1.0,55.0,0.0,3,3.0
2,6.0,1.0,2.0,4.0,8,8,6,2.0,54.0,0.0,3,2.0
1,3.0,2.0,2.0,1.0,8,8,6,1.0,62.0,0.0,3,1.0
3,5.0,4.0,2.0,4.0,8,8,6,3.0,42.0,0.2,3,1.6666666666666667
2,5.0,3.0,2.0,6.0,8,8,6,2.0,38.0,0.25,3,1.3333333333333333
1,5.0,2.0,2.0,4.0,8,8,6,0.0,61.0,0.0,3,0.6666666666666666
2,3.0,7.0,2.0,8.0,8,8,6,1.0,53.0,0.0,3,4.0
3,3.0,1.0,2.0,6.0,8,8,6,1.0,59.0,0.0,3,3.0
1,3.0,3.0,2.0,6.0,8,8,6,1.0,64.0,0.0,3,1.0
2,5.0,5.0,2.0,9.0,8,8,6,2.0,48.0,0.0,3,1.5
3,3.0,6.0,2.0,8.0,8,8,6,3.0,52.0,0.0,3,4.0
2,3.0,3.0,2.0,10.0,2,8,6,0.0,73.0,0.0,3,2.0
3,5.0,5.0,2.0,4.0,2,8,6,3.0,86.0,0.0,3,5.0
2,3.0,3.0,2.0,5.0,2,8,6,1.0,51.0,0.0,3,2.0
1,5.0,3.0,2.0,4.0,2,8,6,0.0,80.0,0.0,3,1.0
2,5.0,4.0,2.0,4.0,2,8,6,0.0,80.0,0.0,3,2.0
2,5.0,3.0,2.0,8.0,2,8,6,2.0,44.0,0.0,3,2.0
2,5.0,4.0,2.0,8.0,2,8,6,2.0,62.0,0.0,3,2.0
1,3.0,3.0,2.0,6.0,2,8,6,1.0,41.0,0.0,3,3.0
2,3.0,4.0,2.0,8.0,2,8,6,1.0,88.0,0.0,3,2.0
3,5.0,5.0,2.0,3.0,2,8,6,3.0,55.0,0.0,3,3.0
2,3.0,6.0,2.0,6.0,2,8,6,1.0,71.0,0.0,3,2.0
1,3.0,3.0,2.0,6.0,2,8,6,0.0,68.0,0.0,3,2.0
2,3.0,7.0,2.0,6.0,2,8,6,3.0,52.0,0.0,3,3.0
2,3.0,3.0,2.0,6.0,2,8,6,2.0,46.0,0.0,3,4.0
1,5.0,3.0,2.0,6.0,2,8,6,0.0,72.0,0.0,3,2.0
2,3.0,3.0,2.0,4.0,2,8,6,1.0,64.0,0.3333333333333333,3,3.0
3,3.0,3.0,2.0,6.0,2,8,6,3.0,53.0,0.0,3,4.0
1,5.0,2.0,2.0,5.0,2,8,6,0.0,65.0,0.0,3,1.0
2,5.0,5.0,2.0,5.0,2,8,6,2.0,53.0,0.0,3,2.0
1,5.0,4.0,2.0,9.0,2,8,6,1.0,62.0,0.0,3,5.0
3,3.0,6.0,2.0,4.0,2,8,6,3.0,57.0,0.0,3,4.0
2,5.0,4.0,2.0,7.0,2,8,6,2.0,58.0,0.0,3,2.0
2,3.0,3.0,2.0,10.0,2,8,6,0.0,54.0,0.2,3,5.0
1,5.0,3.0,2.0,4.0,2,8,6,1.0,62.0,0.0,3,4.0
1,5.0,5.0,2.0,3.0,2,8,6,0.0,70.0,0.0,3,2.0
2,5.0,5.0,2.0,1.0,2,8,6,0.0,72.0,0.2,3,5.0
3,5.0,4.0,2.0,5.0,2,8,6,2.0,68.0,0.0,3,3.0
2,5.0,4.0,2.0,5.0,2,8,6,2.0,39.0,0.0,3,4.0
1,3.0,4.0,2.0,4.0,2,8,6,1.0,78.0,0.0,3,1.0
3,5.0,4.0,2.0,5.0,2,8,6,2.0,60.0,0.0,3,3.0
2,5.0,2.0,2.0,5.0,2,8,6,2.0,60.0,0.3333333333333333,3,3.0
3,5.0,4.0,2.0,4.0,2,8,6,2.0,88.0,0.0,3,3.0
2,3.0,4.0,2.0,10.0,2,8,6,0.0,61.0,0.4,3,5.0
2,5.0,4.0,2.0,4.0,2,8,6,1.0,49.0,0.3333333333333333,3,3.0
3,5.0,4.0,2.0,1.0,2,8,6,3.0,65.0,0.2,3,5.0
3,5.0,3.0,2.0,3.0,2,8,6,3.0,79.0,0.0,3,3.0
2,5.0,4.0,2.0,5.0,2,8,6,1.0,60.0,0.0,3,2.0
1,5.0,7.0,2.0,5.0,2,8,6,2.0,75.0,0.0,3,2.0
2,6.0,4.0,2.0,5.0,2,8,6,2.0,83.0,0.0,3,2.0
1,5.0,1.0,2.0,3.0,2,8,6,1.0,65.0,0.0,3,1.0
3,5.0,3.0,2.0,3.0,2,8,6,3.0,35.0,0.25,3,4.0
1,5.0,2.0,2.0,4.0,2,8,6,2.0,54.0,0.0,3,2.0
2,5.0,6.0,2.0,1.0,2,8,6,2.0,50.0,0.0,3,5.0
2,5.0,4.0,2.0,5.0,2,8,6,1.0,61.0,0.25,3,4.0
3,5.0,3.0,2.0,3.0,2,8,6,3.0,65.0,0.0,3,4.0
1,4.0,2.0,2.0,8.0,5,8,6,1.0,74.0,0.0,3,1.0
2,5.0,5.0,2.0,5.0,5,8,6,2.0,56.0,0.0,3,2.0
2,4.0,3.0,2.0,6.0,5,8,6,2.0,38.0,0.4,3,5.0
2,6.0,5.0,2.0,6.0,5,8,6,2.0,65.0,0.0,3,3.0
1,6.0,1.0,2.0,5.0,5,8,6,1.0,65.0,0.0,3,1.0
1,6.0,1.0,2.0,4.0,5,8,6,1.0,76.0,0.0,3,1.0
3,3.0,3.0,2.0,8.0,7,8,6,2.0,55.0,0.0,3,3.0
2,3.0,5.0,2.0,6.0,7,8,6,2.0,85.0,0.2,3,5.0
3,5.0,4.0,2.0,6.0,7,8,6,3.0,70.0,0.0,3,3.0
2,5.0,4.0,2.0,8.0,7,8,6,1.0,45.0,0.5,3,4.0
3,2.0,6.0,2.0,10.0,7,8,6,2.0,54.0,0.0,3,3.0
1,4.0,1.0,2.0,3.0,7,8,6,1.0,51.0,0.0,3,2.0
2,4.0,4.0,2.0,8.0,7,8,6,3.0,61.0,0.0,3,4.0
2,6.0,2.0,2.0,7.0,7,8,6,2.0,51.0,0.0,3,3.0
3,5.0,2.0,2.0,6.0,7,8,6,2.0,49.0,0.0,3,3.0
3,6.0,3.0,2.0,3.0,7,8,6,3.0,79.0,0.0,3,3.0
3,5.0,6.0,2.0,9.0,7,8,6,3.0,50.0,0.0,3,3.0
1,5.0,4.0,2.0,6.0,7,8,6,0.0,23.0,0.0,3,3.0
3,3.0,4.0,2.0,10.0,7,8,6,3.0,46.0,0.2,3,5.0
2,4.0,3.0,2.0,3.0,7,8,6,2.0,61.0,0.0,3,2.0
2,5.0,4.0,2.0,8.0,7,8,6,2.0,28.0,0.0,3,0.4
3,5.0,3.0,2.0,5.0,7,8,6,3.0,56.0,0.0,3,4.0
3,3.0,4.0,2.0,8.0,7,8,6,2.0,50.0,0.0,3,5.0
2,4.0,3.0,2.0,5.0,7,8,6,1.0,86.0,0.0,3,4.0
2,6.0,3.0,2.0,6.0,7,8,6,0.0,62.0,0.0,3,4.0
3,6.0,1.0,2.0,5.0,7,8,6,2.0,56.0,0.0,3,4.0
1,5.0,4.0,2.0,9.0,7,8,6,1.0,70.0,0.0,3,2.0
2,5.0,5.0,2.0,10.0,7,8,6,1.0,58.0,0.0,3,2.0
2,5.0,3.0,2.0,7.0,7,8,6,1.0,31.0,0.0,3,2.0
2,5.0,4.0,2.0,8.0,7,8,6,2.0,48.0,0.2,3,5.0
2,6.0,2.0,2.0,5.0,7,8,6,1.0,48.0,0.5,3,0.8
2,4.0,3.0,2.0,5.0,7,8,6,2.0,29.0,0.4285714285714285,3,1.4
2,4.0,3.0,2.0,4.0,7,8,6,2.0,32.0,0.6,3,1.0
1,4.0,6.0,2.0,3.0,7,8,6,1.0,66.0,0.2222222222222222,3,1.2857142857142858
1,4.0,3.0,2.0,4.0,7,8,6,0.0,69.0,0.0,3,0.5714285714285714
2,4.0,1.0,2.0,4.0,7,8,6,2.0,66.0,0.0,3,0.4285714285714285
1,4.0,1.0,2.0,4.0,7,8,6,2.0,65.0,0.3333333333333333,3,1.0
1,6.0,2.0,2.0,5.0,7,8,6,1.0,30.0,0.5,3,0.5
1,4.0,2.0,2.0,6.0,7,8,6,1.0,26.0,0.5,3,0.5
2,4.0,2.0,2.0,3.0,7,8,6,0.0,47.0,0.0,3,0.25
2,6.0,3.0,2.0,3.0,7,8,6,1.0,31.0,0.3333333333333333,3,0.375
2,5.0,3.0,2.0,5.0,7,8,6,1.0,46.0,0.4,3,0.625
2,6.0,3.0,2.0,8.0,7,8,6,1.0,39.0,0.4,3,0.625
2,4.0,2.0,2.0,4.0,7,8,6,2.0,52.0,0.0,3,0.375
3,4.0,1.0,2.0,5.0,7,8,6,2.0,61.0,0.2,3,0.7142857142857143
1,4.0,3.0,2.0,3.0,7,8,6,2.0,69.0,0.0,3,0.2857142857142857
2,4.0,3.0,2.0,6.0,7,8,6,2.0,64.0,0.5,3,0.75
2,4.0,4.0,2.0,6.0,7,8,6,1.0,46.0,0.4,3,0.7142857142857143
2,5.0,1.0,2.0,6.0,7,8,6,2.0,36.0,0.3333333333333333,3,3.0
1,2.0,2.0,2.0,4.0,7,8,6,1.0,73.0,0.0,3,0.5
3,5.0,5.0,2.0,6.0,7,8,6,2.0,37.0,0.3333333333333333,3,6.0
3,2.0,3.0,2.0,8.0,7,8,6,2.0,43.0,0.0,3,3.0
3,5.0,6.0,2.0,4.0,7,8,6,3.0,60.0,0.2,3,5.0
1,5.0,2.0,2.0,10.0,7,8,6,1.0,56.0,0.0,3,1.0
3,3.0,7.0,2.0,10.0,7,8,6,3.0,52.0,0.3333333333333333,3,6.0
2,2.0,3.0,2.0,10.0,7,8,6,2.0,66.0,0.0,3,3.0
3,2.0,3.0,2.0,8.0,7,8,6,2.0,59.0,0.0,3,5.0
1,2.0,1.0,2.0,5.0,7,8,6,1.0,71.0,0.0,3,2.0
1,2.0,2.0,2.0,10.0,7,8,6,1.0,49.0,0.0,3,0.5
2,5.0,3.0,2.0,3.0,7,8,6,1.0,47.0,0.0,3,3.0
1,6.0,1.0,2.0,1.0,7,8,6,1.0,64.0,0.0,3,0.25
1,6.0,2.0,2.0,4.0,7,8,6,1.0,38.0,0.25,3,1.0
2,6.0,2.0,2.0,3.0,7,8,6,2.0,57.0,0.0,3,2.0
2,5.0,5.0,2.0,8.0,7,8,6,2.0,53.0,0.0,3,3.0
1,5.0,3.0,2.0,4.0,7,8,6,1.0,43.0,0.0,3,2.0
1,2.0,1.0,2.0,6.0,7,8,6,1.0,65.0,0.0,3,0.1428571428571428
2,5.0,3.0,2.0,5.0,7,8,6,2.0,68.0,0.0,3,4.0
1,5.0,4.0,2.0,6.0,7,8,6,1.0,51.0,0.0,3,4.0
2,4.0,2.0,2.0,4.0,7,8,6,2.0,60.0,0.0,3,2.0
1,4.0,2.0,2.0,4.0,7,8,6,3.0,54.0,0.2,3,0.8333333333333334
1,4.0,2.0,2.0,6.0,7,8,6,1.0,63.0,0.0,3,0.4
1,4.0,2.0,2.0,5.0,7,8,6,1.0,64.0,0.0,3,0.2
1,5.0,2.0,2.0,10.0,3,8,6,1.0,62.0,0.0,3,1.0
1,5.0,2.0,2.0,3.0,3,8,6,1.0,60.0,0.0,3,2.0
1,3.0,4.0,2.0,6.0,3,8,6,1.0,60.0,0.0,3,2.0
2,5.0,4.0,2.0,3.0,3,8,6,0.0,80.0,0.0,3,2.0
1,5.0,2.0,2.0,6.0,3,8,6,1.0,41.0,0.0,3,2.0
1,5.0,3.0,2.0,6.0,3,8,6,0.0,48.0,0.0,3,1.0
1,5.0,3.0,2.0,8.0,3,8,6,0.0,28.0,0.3333333333333333,3,3.0
1,3.0,6.0,2.0,6.0,3,8,6,1.0,53.0,0.0,3,1.0
1,5.0,2.0,2.0,10.0,3,8,6,0.0,35.0,0.5,3,2.0
3,5.0,1.0,2.0,3.0,3,8,6,1.0,51.0,0.2,3,5.0
1,5.0,4.0,2.0,8.0,3,8,6,1.0,49.0,0.3333333333333333,3,3.0
3,2.0,4.0,2.0,10.0,3,8,6,2.0,52.0,0.0,3,4.0
2,2.0,5.0,2.0,6.0,3,8,6,0.0,63.0,0.0,3,3.0
2,5.0,3.0,2.0,3.0,3,8,6,0.0,75.0,0.0,3,2.0
3,2.0,3.0,2.0,8.0,3,8,6,1.0,58.0,0.0,3,3.0
3,3.0,5.0,2.0,8.0,3,8,6,2.0,42.0,0.0,3,5.0
2,3.0,3.0,2.0,8.0,3,8,6,0.0,47.0,0.0,3,4.0
1,5.0,4.0,2.0,6.0,3,8,6,1.0,34.0,0.0,3,4.0
1,5.0,2.0,2.0,8.0,3,8,6,1.0,30.0,0.5,3,2.0
2,5.0,1.0,2.0,8.0,3,8,6,2.0,32.0,0.3333333333333333,3,3.0
1,5.0,1.0,2.0,1.0,3,8,6,0.0,74.0,0.0,3,0.5
1,2.0,5.0,2.0,10.0,3,8,6,0.0,57.0,0.0,3,3.0
1,6.0,2.0,2.0,5.0,6,8,6,2.0,66.0,0.0,3,2.0
1,6.0,1.0,2.0,6.0,6,8,6,1.0,43.0,0.0,3,0.1666666666666666
2,5.0,2.0,2.0,3.0,6,8,6,0.0,69.0,0.0,3,2.0
2,5.0,6.0,2.0,8.0,6,8,6,2.0,35.0,0.25,3,4.0
1,5.0,2.0,2.0,8.0,6,8,6,1.0,59.0,0.0,3,2.0
1,5.0,5.0,2.0,9.0,6,8,6,1.0,52.0,0.0,3,4.0
1,4.0,3.0,2.0,4.0,5,8,6,0.0,70.0,0.0,3,2.0
1,4.0,3.0,2.0,4.0,5,8,6,0.0,75.0,0.0,3,2.0
2,3.0,5.0,2.0,8.0,5,8,6,2.0,38.0,0.5,3,4.0
2,4.0,2.0,2.0,6.0,5,8,6,2.0,34.0,0.0,3,2.0
3,4.0,4.0,2.0,4.0,5,8,6,1.0,61.0,0.0,3,3.0
1,4.0,1.0,2.0,6.0,5,8,6,1.0,36.0,0.0,3,0.1428571428571428
2,4.0,4.0,2.0,9.0,5,8,6,2.0,51.0,0.2,3,5.0
1,4.0,1.0,2.0,4.0,5,8,6,0.0,80.0,0.0,3,1.0
1,4.0,3.0,2.0,8.0,5,8,6,0.0,63.0,0.0,3,2.0
2,5.0,2.0,2.0,6.0,5,8,6,1.0,77.0,0.4,3,5.0
3,6.0,3.0,2.0,3.0,5,8,6,2.0,64.0,0.0,3,6.0
2,4.0,3.0,2.0,3.0,5,8,6,0.0,80.0,0.0,3,2.0
2,5.0,5.0,2.0,3.0,5,8,6,2.0,74.0,0.0,3,5.0
2,6.0,2.0,2.0,4.0,5,8,6,1.0,76.0,0.0,3,1.0
1,2.0,3.0,2.0,5.0,5,8,6,1.0,70.0,0.0,3,1.0
2,5.0,2.0,2.0,4.0,5,8,6,1.0,42.0,0.0,3,2.0
3,3.0,5.0,2.0,8.0,7,8,6,2.0,56.0,0.0,3,3.0
1,5.0,3.0,2.0,6.0,7,8,6,1.0,77.0,0.0,3,2.0
2,3.0,2.0,2.0,6.0,5,8,6,2.0,32.0,0.4,3,5.0
1,6.0,2.0,2.0,1.0,5,8,6,1.0,76.0,0.0,3,0.1666666666666666
1,6.0,1.0,2.0,4.0,5,8,6,1.0,53.0,0.3333333333333333,3,0.5
1,6.0,2.0,2.0,5.0,5,8,6,1.0,59.0,0.0,3,0.1666666666666666
2,6.0,3.0,2.0,4.0,5,8,6,2.0,52.0,0.0,3,0.5
1,5.0,3.0,2.0,4.0,7,8,6,2.0,32.0,0.5,3,4.0
2,5.0,5.0,2.0,3.0,7,8,6,2.0,59.0,0.0,3,2.0
2,3.0,4.0,2.0,10.0,7,8,6,2.0,33.0,0.5,3,4.0
2,4.0,5.0,2.0,4.0,7,8,6,2.0,56.0,0.0,3,3.0
1,4.0,3.0,2.0,5.0,7,8,6,1.0,31.0,0.5,3,4.0
1,4.0,1.0,2.0,3.0,7,8,6,1.0,70.0,0.0,3,1.0
1,6.0,3.0,2.0,4.0,7,8,6,1.0,63.0,0.0,3,0.125
2,4.0,1.0,2.0,9.0,7,8,6,2.0,39.0,0.5,3,4.0
2,6.0,2.0,2.0,6.0,7,8,6,1.0,38.0,0.2,3,5.0
1,6.0,3.0,2.0,4.0,7,8,6,1.0,43.0,0.0,3,1.0
3,3.0,6.0,2.0,10.0,1,8,6,2.0,65.0,0.0,3,5.0
2,6.0,3.0,2.0,5.0,1,8,6,1.0,38.0,0.5,3,4.0
1,5.0,4.0,2.0,6.0,1,8,6,1.0,45.0,0.2,3,0.7142857142857143
2,5.0,3.0,2.0,6.0,1,8,6,0.0,46.0,0.5,3,4.0
2,3.0,4.0,2.0,10.0,1,8,6,2.0,55.0,0.0,3,2.0
1,5.0,4.0,2.0,9.0,1,8,6,1.0,66.0,0.0,3,2.0
1,3.0,5.0,2.0,9.0,1,8,6,0.0,21.0,0.0,3,3.0
3,5.0,4.0,2.0,7.0,1,8,6,3.0,45.0,0.125,3,8.0
2,6.0,6.0,2.0,4.0,1,8,6,1.0,59.0,0.25,3,4.0
2,5.0,3.0,2.0,4.0,1,8,6,2.0,63.0,0.0,3,0.2857142857142857
2,5.0,3.0,2.0,3.0,1,8,6,0.0,95.0,0.375,3,8.0
2,6.0,3.0,2.0,3.0,1,8,6,1.0,75.0,0.0,3,2.0
1,5.0,2.0,2.0,4.0,1,8,6,0.0,79.0,0.0,3,2.0
1,6.0,2.0,2.0,6.0,1,8,6,1.0,44.0,0.0,3,0.1428571428571428
1,5.0,3.0,2.0,3.0,1,8,6,0.0,65.0,0.0,3,1.0
1,6.0,3.0,2.0,5.0,1,8,6,1.0,50.0,0.0,3,0.1428571428571428
2,5.0,5.0,2.0,1.0,1,8,6,1.0,72.0,0.0,3,3.0
2,6.0,3.0,2.0,6.0,1,8,6,2.0,54.0,0.0,3,3.0
1,5.0,2.0,2.0,6.0,1,8,6,1.0,57.0,0.0,3,1.0
1,5.0,2.0,2.0,7.0,1,8,6,1.0,65.0,0.0,3,1.0
2,5.0,5.0,2.0,8.0,1,8,6,2.0,42.0,0.3333333333333333,3,6.0
3,5.0,5.0,2.0,8.0,1,8,6,2.0,51.0,0.0,3,3.0
1,6.0,3.0,2.0,4.0,1,8,6,1.0,52.0,0.0,3,0.25
3,5.0,2.0,2.0,4.0,1,8,6,2.0,58.0,0.0,3,1.0
3,5.0,5.0,2.0,4.0,1,8,6,3.0,64.0,0.0,3,1.0
1,6.0,1.0,2.0,1.0,1,8,6,1.0,81.0,0.5,3,0.5
2,6.0,4.0,2.0,6.0,1,8,6,1.0,36.0,0.25,3,0.5714285714285714
2,6.0,2.0,2.0,3.0,1,8,6,1.0,59.0,0.0,3,0.2857142857142857
1,6.0,2.0,2.0,3.0,1,8,6,0.0,80.0,0.0,3,1.0
2,6.0,4.0,2.0,3.0,1,8,6,1.0,56.0,0.0,3,3.0
1,6.0,2.0,2.0,6.0,1,8,6,1.0,53.0,0.0,3,1.0
2,6.0,3.0,2.0,1.0,1,8,6,1.0,82.0,0.0,3,3.0
2,5.0,3.0,2.0,6.0,1,8,6,1.0,47.0,0.0,3,4.0
2,5.0,3.0,2.0,5.0,1,8,6,2.0,64.0,0.0,3,3.0
2,5.0,3.0,2.0,5.0,1,8,6,2.0,63.0,0.0,3,3.0
3,5.0,3.0,2.0,6.0,1,8,6,2.0,72.0,0.0,3,3.0
2,3.0,4.0,2.0,4.0,1,8,6,1.0,50.0,0.2,3,5.0
1,6.0,2.0,2.0,3.0,1,8,6,0.0,82.0,0.0,3,1.0
2,5.0,3.0,2.0,8.0,1,8,6,2.0,39.0,0.5,3,4.0
3,6.0,3.0,2.0,5.0,1,8,6,0.0,37.0,0.0,3,4.0
2,3.0,3.0,2.0,8.0,1,8,6,3.0,40.0,0.25,3,4.0
3,6.0,4.0,2.0,1.0,1,8,6,2.0,74.0,0.1666666666666666,3,6.0
3,6.0,2.0,2.0,4.0,1,8,6,1.0,61.0,0.0,3,0.75
2,6.0,3.0,2.0,6.0,1,8,6,1.0,35.0,0.25,3,1.0
2,6.0,1.0,2.0,3.0,1,8,6,2.0,35.0,0.4,3,1.25
1,6.0,1.0,2.0,1.0,1,8,6,1.0,33.0,0.3333333333333333,3,0.75
3,6.0,2.0,2.0,1.0,1,8,6,3.0,56.0,0.4,3,1.25
1,6.0,2.0,2.0,3.0,1,8,6,1.0,89.0,0.0,3,0.25
3,4.0,3.0,2.0,4.0,1,8,6,1.0,39.0,0.25,3,4.0
2,6.0,2.0,2.0,6.0,1,8,6,2.0,35.0,0.25,3,4.0
1,6.0,2.0,2.0,1.0,1,8,6,0.0,88.0,0.0,3,1.0
1,6.0,3.0,2.0,6.0,1,8,6,1.0,58.0,0.0,3,1.0
3,6.0,4.0,2.0,3.0,1,8,6,1.0,74.0,0.0,3,3.0
3,5.0,4.0,2.0,4.0,1,8,6,1.0,53.0,0.25,3,4.0
2,6.0,4.0,2.0,6.0,1,8,6,1.0,33.0,0.3333333333333333,3,3.0
2,6.0,4.0,2.0,6.0,1,8,6,2.0,39.0,0.4,3,5.0
2,6.0,4.0,2.0,1.0,1,8,6,1.0,82.0,0.0,3,3.0
2,6.0,3.0,2.0,4.0,1,8,6,2.0,29.0,0.6,3,5.0
2,6.0,4.0,2.0,1.0,1,8,6,1.0,84.0,0.0,3,2.0
2,6.0,2.0,2.0,3.0,4,8,6,0.0,75.0,0.0,3,3.0
3,6.0,2.0,2.0,4.0,4,8,6,3.0,70.0,0.0,3,3.0
2,6.0,2.0,2.0,3.0,4,8,6,1.0,70.0,0.0,3,3.0
2,3.0,2.0,2.0,10.0,6,8,6,1.0,34.0,0.5,3,4.0
1,5.0,1.0,2.0,6.0,6,8,6,0.0,78.0,0.0,3,1.0
1,5.0,1.0,2.0,6.0,6,8,6,0.0,88.0,0.0,3,0.5
2,5.0,4.0,2.0,10.0,6,8,6,1.0,68.0,0.0,3,2.0
2,5.0,5.0,2.0,6.0,6,8,6,1.0,59.0,0.0,3,2.0
1,5.0,2.0,2.0,5.0,6,8,6,0.0,76.0,0.0,3,0.5
3,5.0,4.0,2.0,6.0,6,8,6,1.0,40.0,0.25,3,4.0
2,1.0,4.0,2.0,3.0,6,8,6,1.0,67.0,0.0,3,2.0
1,5.0,1.0,2.0,6.0,6,8,6,1.0,34.0,0.0,3,0.5
1,5.0,4.0,2.0,3.0,6,8,6,0.0,80.0,0.0,3,1.0
2,5.0,4.0,2.0,3.0,6,8,6,0.0,84.0,0.0,3,2.0
1,5.0,4.0,2.0,4.0,6,8,6,1.0,58.0,0.5,3,2.0
2,6.0,3.0,2.0,6.0,6,8,6,3.0,60.0,0.0,3,3.0
3,5.0,3.0,2.0,3.0,6,8,6,1.0,45.0,0.0,3,3.0
2,5.0,5.0,2.0,9.0,6,8,6,3.0,40.0,0.2857142857142857,3,7.0
2,5.0,4.0,2.0,6.0,6,8,6,1.0,43.0,0.0,3,5.0
1,5.0,2.0,2.0,7.0,6,8,6,1.0,58.0,0.0,3,1.0
2,6.0,2.0,2.0,7.0,6,8,6,2.0,56.0,0.0,3,0.25
1,6.0,1.0,2.0,1.0,6,8,6,1.0,75.0,0.0,3,0.125
2,6.0,2.0,2.0,10.0,6,8,6,2.0,77.0,0.0,3,0.6666666666666666
2,6.0,5.0,2.0,4.0,6,8,6,2.0,76.0,0.25,3,4.0
2,4.0,3.0,2.0,5.0,6,8,6,1.0,69.0,0.0,3,2.0
2,6.0,4.0,2.0,1.0,6,8,6,1.0,77.0,0.0,3,2.0
1,5.0,4.0,2.0,3.0,6,8,6,1.0,81.0,0.0,3,1.0
1,6.0,3.0,2.0,4.0,6,8,6,1.0,64.0,0.0,3,0.2
2,6.0,4.0,2.0,6.0,6,8,6,2.0,40.0,0.4,3,1.0
1,6.0,1.0,2.0,1.0,6,8,6,0.0,85.0,0.0,3,0.1428571428571428
2,6.0,3.0,2.0,6.0,6,8,6,2.0,91.0,0.0,3,2.0
2,6.0,3.0,2.0,6.0,6,8,6,1.0,67.0,0.0,3,2.0
2,6.0,2.0,2.0,6.0,6,8,6,1.0,52.0,0.0,3,2.0
1,6.0,2.0,2.0,3.0,6,8,6,1.0,52.0,0.0,3,2.0
1,6.0,4.0,2.0,4.0,6,8,6,1.0,67.0,0.0,3,1.0
2,6.0,2.0,2.0,6.0,6,8,6,2.0,60.0,0.0,3,3.0
2,5.0,2.0,2.0,6.0,6,8,6,2.0,26.0,0.0,3,0.6
1,5.0,3.0,2.0,4.0,6,8,6,1.0,47.0,0.0,3,0.4
2,5.0,5.0,2.0,6.0,6,8,6,3.0,47.0,0.1666666666666666,3,1.2
2,6.0,2.0,2.0,3.0,6,8,6,2.0,69.0,0.0,3,0.6
2,6.0,1.0,2.0,3.0,6,8,6,0.0,61.0,0.0,3,1.0
1,6.0,2.0,2.0,4.0,6,8,6,1.0,65.0,0.0,3,0.4
1,3.0,3.0,2.0,9.0,7,8,6,1.0,70.0,0.0,3,1.0
3,5.0,4.0,2.0,10.0,7,8,6,1.0,53.0,0.0,3,4.0
1,3.0,3.0,2.0,4.0,7,8,6,0.0,72.0,0.0,3,1.0
1,5.0,2.0,2.0,6.0,7,8,6,1.0,33.0,0.25,3,0.5
3,3.0,4.0,2.0,4.0,7,8,6,1.0,73.0,0.0,3,2.0
1,5.0,6.0,2.0,4.0,7,8,6,3.0,51.0,0.2,3,0.7142857142857143
2,6.0,3.0,2.0,1.0,7,8,6,3.0,66.0,0.25,3,4.0
2,2.0,3.0,2.0,6.0,7,8,6,2.0,60.0,0.0,3,3.0
1,5.0,3.0,2.0,6.0,7,8,6,1.0,56.0,0.0,3,1.0
1,5.0,2.0,2.0,4.0,7,8,6,1.0,40.0,0.0,3,1.0
3,5.0,3.0,2.0,4.0,7,8,6,2.0,61.0,0.0,3,3.0
2,5.0,2.0,2.0,6.0,7,8,6,3.0,40.0,0.0,3,3.0
3,5.0,4.0,2.0,4.0,7,8,6,2.0,56.0,0.0,3,4.0
1,5.0,3.0,2.0,3.0,7,8,6,0.0,89.0,0.0,3,1.0
2,5.0,7.0,2.0,4.0,7,8,6,2.0,75.0,0.3333333333333333,3,3.0
2,6.0,4.0,2.0,5.0,7,8,6,1.0,60.0,0.0,3,3.0
1,4.0,2.0,2.0,6.0,7,8,6,1.0,44.0,0.0,3,0.1666666666666666
1,6.0,1.0,2.0,6.0,7,8,6,2.0,72.0,0.0,3,0.3333333333333333
2,4.0,3.0,2.0,3.0,7,8,6,2.0,45.0,0.0,3,0.5
3,6.0,2.0,2.0,4.0,7,8,6,3.0,50.0,0.2,3,0.8333333333333334
1,6.0,4.0,2.0,3.0,7,8,6,1.0,51.0,0.5,3,2.0
2,5.0,2.0,2.0,4.0,7,8,6,2.0,32.0,0.3333333333333333,3,3.0
1,6.0,1.0,2.0,3.0,7,8,6,2.0,46.0,0.0,3,2.0
1,5.0,3.0,2.0,4.0,7,8,6,2.0,62.0,0.0,3,3.0
2,6.0,5.0,2.0,3.0,7,8,6,3.0,57.0,0.2,3,5.0
2,6.0,2.0,2.0,3.0,7,8,6,2.0,37.0,0.3333333333333333,3,3.0
1,5.0,1.0,2.0,4.0,7,8,6,1.0,53.0,0.0,3,2.0
1,6.0,3.0,2.0,4.0,7,8,6,2.0,46.0,0.0,3,0.8571428571428571
2,6.0,3.0,2.0,4.0,7,8,6,1.0,60.0,0.3333333333333333,3,0.5
2,6.0,2.0,2.0,4.0,7,8,6,3.0,43.0,0.25,3,0.5714285714285714
1,6.0,2.0,2.0,6.0,7,8,6,1.0,70.0,0.0,3,0.1666666666666666
2,3.0,6.0,2.0,10.0,7,8,6,1.0,55.0,0.4,3,5.0
3,3.0,4.0,2.0,8.0,7,8,6,2.0,61.0,0.0,3,3.0
3,3.0,3.0,2.0,9.0,7,8,6,3.0,53.0,0.0,3,5.0
2,3.0,5.0,2.0,5.0,7,8,6,1.0,61.0,0.0,3,4.0
1,3.0,3.0,2.0,6.0,7,8,6,1.0,66.0,0.3333333333333333,3,3.0
2,5.0,3.0,2.0,8.0,7,8,6,0.0,56.0,0.0,3,4.0
1,3.0,5.0,2.0,8.0,7,8,6,1.0,57.0,0.0,3,1.0
3,3.0,6.0,2.0,5.0,7,8,6,2.0,58.0,0.0,3,4.0
2,5.0,3.0,2.0,6.0,7,8,6,1.0,65.0,0.0,3,2.0
2,3.0,3.0,2.0,6.0,7,8,6,1.0,67.0,0.0,3,3.0
2,5.0,6.0,2.0,8.0,7,8,6,2.0,43.0,0.2,3,5.0
2,5.0,6.0,2.0,6.0,7,8,6,1.0,80.0,0.2,3,5.0
3,3.0,3.0,2.0,10.0,7,8,6,3.0,52.0,0.0,3,3.0
1,5.0,1.0,2.0,10.0,7,8,6,2.0,38.0,0.5,3,4.0
1,5.0,2.0,2.0,4.0,7,8,6,0.0,59.0,0.0,3,1.0
2,2.0,3.0,2.0,8.0,7,8,6,0.0,40.0,0.0,3,2.0
1,5.0,1.0,2.0,6.0,7,8,6,1.0,72.0,0.0,3,2.0
1,4.0,4.0,2.0,8.0,7,8,6,1.0,60.0,0.0,3,4.0
2,5.0,5.0,2.0,5.0,7,8,6,2.0,55.0,0.0,3,3.0
1,5.0,1.0,2.0,3.0,7,8,6,2.0,84.0,0.0,3,0.2857142857142857
3,5.0,3.0,2.0,6.0,7,8,6,3.0,38.0,0.2,3,0.7142857142857143
1,6.0,2.0,2.0,5.0,7,8,6,1.0,50.0,0.3333333333333333,3,3.0
1,6.0,3.0,2.0,10.0,7,8,6,0.0,51.0,0.0,3,2.0
1,5.0,2.0,2.0,6.0,7,8,6,1.0,36.0,0.0,3,1.0
2,6.0,3.0,2.0,6.0,7,8,6,2.0,28.0,0.3333333333333333,3,3.0
1,6.0,2.0,2.0,4.0,7,8,6,1.0,52.0,0.0,3,3.0
2,5.0,4.0,2.0,4.0,7,8,6,2.0,66.0,0.1666666666666666,3,6.0
1,6.0,1.0,2.0,5.0,7,8,6,1.0,45.0,0.0,3,1.0
2,6.0,2.0,2.0,3.0,7,8,6,1.0,38.0,0.4,3,5.0
2,6.0,1.0,2.0,5.0,7,8,6,2.0,54.0,0.0,3,5.0
1,6.0,2.0,2.0,3.0,7,8,6,1.0,34.0,0.5,3,4.0
2,6.0,2.0,2.0,6.0,7,8,6,1.0,57.0,0.0,3,3.0
2,5.0,3.0,2.0,6.0,3,8,6,2.0,61.0,0.0,3,1.0
3,3.0,2.0,2.0,4.0,3,8,6,3.0,59.0,0.0,3,3.0
1,1.0,3.0,2.0,9.0,3,8,6,0.0,80.0,0.0,3,1.0
3,1.0,6.0,2.0,10.0,3,8,6,1.0,60.0,0.0,3,5.0
1,5.0,1.0,2.0,6.0,3,8,6,1.0,66.0,0.0,3,2.0
2,2.0,5.0,2.0,10.0,3,8,6,1.0,75.0,0.0,3,3.0
2,5.0,5.0,2.0,6.0,3,8,6,2.0,52.0,0.0,3,2.0
1,5.0,3.0,2.0,6.0,3,8,6,1.0,42.0,0.0,3,3.0
2,5.0,4.0,2.0,6.0,3,8,6,1.0,48.0,0.3333333333333333,3,3.0
2,5.0,3.0,2.0,9.0,3,8,6,1.0,44.0,0.0,3,4.0
1,5.0,4.0,2.0,6.0,3,8,6,1.0,62.0,0.0,3,2.0
2,5.0,5.0,2.0,10.0,3,8,6,3.0,36.0,0.0,3,4.0
1,2.0,1.0,2.0,4.0,3,8,6,0.0,74.0,0.0,3,1.0
3,2.0,5.0,2.0,6.0,3,8,6,1.0,47.0,0.0,3,4.0
1,5.0,5.0,2.0,6.0,3,8,6,0.0,70.0,0.0,3,2.0
3,3.0,6.0,2.0,10.0,3,8,6,2.0,55.0,0.0,3,4.0
2,3.0,4.0,2.0,8.0,3,8,6,2.0,71.0,0.0,3,2.0
2,3.0,5.0,2.0,9.0,3,8,6,2.0,60.0,0.0,3,4.0
1,5.0,2.0,2.0,7.0,3,8,6,0.0,53.0,0.0,3,1.0
2,5.0,2.0,2.0,6.0,3,8,6,2.0,29.0,0.0,3,0.6666666666666666
2,5.0,2.0,2.0,6.0,3,8,6,2.0,44.0,0.0,3,1.0
3,3.0,5.0,2.0,4.0,3,8,6,3.0,70.0,0.1428571428571428,3,2.333333333333333
1,5.0,4.0,2.0,3.0,3,8,6,1.0,58.0,0.0,3,1.3333333333333333
2,4.0,2.0,2.0,6.0,3,8,6,0.0,53.0,0.0,3,3.0
2,5.0,2.0,2.0,6.0,3,8,6,2.0,27.0,0.5,3,4.0
0,5.0,4.0,2.0,6.0,3,8,6,0.0,50.0,0.0,3,0.6666666666666666
2,5.0,2.0,2.0,6.0,3,8,6,2.0,52.0,0.0,3,0.6666666666666666
2,5.0,2.0,2.0,6.0,3,8,6,1.0,39.0,0.3333333333333333,3,1.0
1,6.0,2.0,2.0,4.0,6,8,6,1.0,48.0,0.0,3,2.0
2,5.0,3.0,2.0,6.0,6,8,6,2.0,73.0,0.0,3,2.0
1,5.0,2.0,2.0,6.0,3,8,6,1.0,39.0,0.0,3,0.1428571428571428
1,6.0,2.0,2.0,4.0,3,8,6,1.0,68.0,0.0,3,1.0
1,5.0,4.0,2.0,6.0,3,8,6,3.0,48.0,0.0,3,3.0
2,5.0,4.0,2.0,6.0,3,8,6,1.0,78.0,0.0,3,4.0
2,5.0,3.0,2.0,6.0,3,8,6,3.0,58.0,0.0,3,3.0
1,5.0,2.0,2.0,6.0,6,8,6,1.0,52.0,0.0,3,2.0
2,5.0,6.0,2.0,6.0,6,8,6,3.0,52.0,0.0,3,3.0
3,3.0,4.0,2.0,8.0,1,8,6,2.0,45.0,0.2,3,5.0
1,5.0,4.0,2.0,8.0,1,8,6,1.0,64.0,0.0,3,1.0
3,5.0,3.0,2.0,7.0,1,8,6,2.0,46.0,0.0,3,3.0
2,3.0,4.0,2.0,5.0,1,8,6,0.0,76.0,0.0,3,2.0
3,6.0,3.0,2.0,10.0,1,8,6,1.0,45.0,0.2,3,5.0
1,3.0,4.0,2.0,3.0,1,8,6,0.0,67.0,0.0,3,1.0
1,3.0,4.0,2.0,6.0,1,8,6,1.0,35.0,0.25,3,4.0
3,3.0,4.0,2.0,6.0,1,8,6,3.0,56.0,0.0,3,3.0
2,3.0,4.0,2.0,10.0,1,8,6,2.0,58.0,0.25,3,4.0
2,3.0,6.0,2.0,6.0,1,8,6,1.0,63.0,0.0,3,3.0
2,5.0,3.0,2.0,8.0,1,8,6,1.0,67.0,0.0,3,2.0
3,5.0,3.0,2.0,4.0,1,8,6,2.0,79.0,0.0,3,3.0
1,3.0,4.0,2.0,8.0,1,8,6,0.0,57.0,0.0,3,3.0
1,6.0,2.0,2.0,5.0,1,8,6,1.0,60.0,0.0,3,1.0
3,5.0,6.0,2.0,10.0,1,8,6,3.0,50.0,0.0,3,5.0
3,5.0,3.0,2.0,6.0,1,8,6,1.0,65.0,0.0,3,3.0
2,5.0,3.0,2.0,3.0,1,8,6,2.0,52.0,0.25,3,4.0
2,5.0,4.0,2.0,4.0,1,8,6,1.0,66.0,0.0,3,2.0
1,5.0,3.0,2.0,6.0,1,8,6,1.0,37.0,0.25,3,4.0
2,5.0,3.0,2.0,6.0,1,8,6,2.0,56.0,0.0,3,0.75
3,5.0,5.0,2.0,6.0,1,8,6,3.0,62.0,0.25,3,4.0
2,6.0,2.0,2.0,6.0,1,8,6,2.0,58.0,0.0,3,0.5
3,3.0,5.0,2.0,4.0,1,8,6,3.0,58.0,0.0,3,3.0
3,5.0,5.0,2.0,6.0,1,8,6,3.0,47.0,0.2,3,5.0
2,5.0,3.0,2.0,1.0,1,8,6,1.0,44.0,0.25,3,4.0
3,5.0,4.0,2.0,3.0,1,8,6,3.0,48.0,0.1666666666666666,3,1.5
3,5.0,3.0,2.0,4.0,1,8,6,2.0,69.0,0.0,3,0.75
2,5.0,2.0,2.0,6.0,1,8,6,2.0,23.0,0.3333333333333333,3,0.75
3,5.0,4.0,2.0,3.0,1,8,6,3.0,58.0,0.0,3,1.25
1,5.0,3.0,2.0,3.0,1,8,6,0.0,78.0,0.0,3,0.25
3,3.0,5.0,2.0,6.0,1,8,6,2.0,64.0,0.0,3,3.0
1,6.0,3.0,2.0,6.0,1,8,6,1.0,44.0,0.3333333333333333,3,0.75
1,5.0,3.0,2.0,4.0,1,8,6,1.0,59.0,0.0,3,0.25
2,5.0,3.0,2.0,4.0,1,8,6,2.0,34.0,0.6,3,0.625
1,6.0,1.0,2.0,4.0,1,8,6,1.0,54.0,0.0,3,0.125
2,5.0,4.0,2.0,7.0,7,8,6,1.0,59.0,0.3333333333333333,3,3.0
3,3.0,4.0,2.0,8.0,7,8,6,1.0,60.0,0.25,3,0.5714285714285714
2,5.0,5.0,2.0,3.0,7,8,6,2.0,59.0,0.3333333333333333,3,3.0
2,5.0,5.0,2.0,3.0,7,8,6,1.0,59.0,0.25,3,0.5714285714285714
2,5.0,4.0,2.0,9.0,7,8,6,1.0,49.0,0.0,3,0.7142857142857143
2,5.0,6.0,2.0,3.0,7,8,6,2.0,65.0,0.125,3,8.0
3,5.0,4.0,2.0,3.0,7,8,6,3.0,61.0,0.0,3,3.0
2,6.0,5.0,2.0,4.0,7,8,6,1.0,62.0,0.0,3,0.4285714285714285
2,5.0,3.0,2.0,5.0,7,8,6,1.0,56.0,0.5,3,0.5714285714285714
3,5.0,5.0,2.0,6.0,7,8,6,1.0,65.0,0.0,3,0.5714285714285714
3,5.0,3.0,2.0,4.0,7,8,6,3.0,65.0,0.25,3,0.5714285714285714
1,3.0,4.0,2.0,6.0,7,8,6,0.0,79.0,0.0,3,0.1428571428571428
1,5.0,3.0,2.0,8.0,7,8,6,1.0,54.0,0.0,3,0.4
3,3.0,6.0,2.0,10.0,7,8,6,3.0,72.0,0.0,3,4.0
3,2.0,6.0,2.0,6.0,7,8,6,1.0,73.0,0.0,3,5.0
2,3.0,5.0,2.0,7.0,7,8,6,1.0,70.0,0.0,3,2.0
3,5.0,3.0,2.0,6.0,7,8,6,3.0,42.0,0.0,3,3.0
2,4.0,3.0,2.0,6.0,7,8,6,2.0,38.0,0.4285714285714285,3,7.0
2,6.0,3.0,2.0,5.0,7,8,6,2.0,50.0,0.0,3,3.0
1,5.0,4.0,2.0,4.0,7,8,6,0.0,70.0,0.0,3,4.0
2,5.0,6.0,2.0,9.0,7,8,6,1.0,33.0,0.2857142857142857,3,7.0
3,6.0,1.0,2.0,5.0,7,8,6,1.0,66.0,0.0,3,3.0
1,5.0,5.0,2.0,7.0,7,8,6,1.0,70.0,0.0,3,3.0
1,5.0,2.0,2.0,3.0,7,8,6,1.0,66.0,0.0,3,1.0
2,5.0,5.0,2.0,6.0,7,8,6,3.0,57.0,0.2,3,5.0
3,6.0,4.0,2.0,5.0,7,8,6,2.0,67.0,0.0,3,3.0
1,6.0,1.0,2.0,5.0,7,8,6,0.0,48.0,0.1428571428571428,3,3.5
1,3.0,2.0,2.0,5.0,7,8,6,1.0,61.0,0.0,3,2.0
3,6.0,4.0,2.0,5.0,7,8,6,1.0,78.0,0.0,3,7.0
3,6.0,1.0,2.0,3.0,7,8,6,3.0,55.0,0.2,3,5.0
3,5.0,1.0,2.0,3.0,7,8,6,2.0,53.0,0.25,3,4.0
2,5.0,4.0,2.0,4.0,7,8,6,2.0,55.0,0.25,3,4.0
2,5.0,4.0,2.0,7.0,7,8,6,3.0,47.0,0.0,3,4.0
2,5.0,4.0,2.0,6.0,7,8,6,2.0,59.0,0.0,3,3.0
2,5.0,4.0,2.0,8.0,7,8,6,2.0,42.0,0.25,3,4.0
2,5.0,3.0,2.0,6.0,7,8,6,2.0,44.0,0.0,3,2.0
1,4.0,6.0,2.0,6.0,7,8,6,2.0,57.0,0.3333333333333333,3,1.2
2,6.0,5.0,2.0,5.0,7,8,6,2.0,38.0,0.4285714285714285,3,7.0
1,6.0,1.0,2.0,6.0,7,8,6,1.0,61.0,0.0,3,0.1428571428571428
2,4.0,3.0,2.0,4.0,7,8,6,1.0,67.0,0.0,3,2.0
2,6.0,1.0,2.0,5.0,7,8,6,2.0,40.0,0.3333333333333333,3,3.0
2,6.0,4.0,2.0,4.0,7,8,6,2.0,52.0,0.0,3,2.0
2,5.0,1.0,2.0,4.0,7,8,6,1.0,78.0,0.0,3,2.0
2,5.0,4.0,2.0,3.0,7,8,6,1.0,63.0,0.0,3,2.0
2,6.0,2.0,2.0,6.0,7,8,6,2.0,39.0,0.5,3,6.0
1,4.0,1.0,2.0,1.0,7,8,6,1.0,49.0,0.3333333333333333,3,0.375
1,4.0,1.0,2.0,3.0,7,8,6,1.0,19.0,0.5,3,0.5
1,4.0,1.0,2.0,3.0,7,8,6,1.0,37.0,0.0,3,0.125
1,6.0,1.0,2.0,10.0,7,8,6,1.0,62.0,0.25,3,0.5
1,6.0,1.0,2.0,6.0,7,8,6,1.0,52.0,0.0,3,0.125
1,5.0,2.0,2.0,6.0,2,8,6,1.0,68.0,0.0,3,1.0
2,5.0,2.0,2.0,4.0,2,8,6,2.0,69.0,0.0,3,2.0
1,5.0,4.0,2.0,10.0,2,8,6,1.0,68.0,0.0,3,1.0
3,5.0,5.0,2.0,8.0,7,8,6,1.0,49.0,0.25,3,4.0
2,6.0,1.0,2.0,5.0,7,8,6,1.0,59.0,0.0,3,2.0
1,5.0,4.0,2.0,3.0,7,8,6,1.0,76.0,0.0,3,1.0
2,5.0,3.0,2.0,6.0,1,8,6,2.0,35.0,0.3333333333333333,3,3.0
1,6.0,3.0,2.0,4.0,1,8,6,1.0,68.0,0.0,3,1.0
1,6.0,5.0,2.0,5.0,1,8,6,1.0,37.0,0.0,3,2.0
2,6.0,2.0,2.0,3.0,1,8,6,1.0,85.0,0.0,3,3.0
1,5.0,1.0,2.0,5.0,1,8,6,1.0,43.0,0.25,3,4.0
1,5.0,3.0,2.0,9.0,1,8,6,1.0,36.0,0.0,3,2.0
3,1.0,7.0,2.0,10.0,2,8,6,1.0,50.0,0.0,3,5.0
1,4.0,5.0,2.0,6.0,2,8,6,0.0,72.0,0.0,3,1.0
3,5.0,4.0,2.0,7.0,7,8,6,3.0,37.0,0.25,3,0.5714285714285714
3,2.0,3.0,2.0,5.0,7,8,6,3.0,37.0,0.2,3,1.0
2,5.0,3.0,2.0,7.0,7,8,6,2.0,54.0,0.3333333333333333,3,0.4285714285714285
2,5.0,2.0,2.0,5.0,7,8,6,2.0,24.0,0.5,3,0.5714285714285714
1,2.0,4.0,2.0,4.0,7,8,6,1.0,46.0,0.0,3,0.6
2,5.0,3.0,2.0,5.0,3,8,6,2.0,44.0,0.0,3,4.0
1,5.0,1.0,2.0,6.0,3,8,6,1.0,44.0,0.5,3,2.0
1,2.0,7.0,2.0,10.0,3,8,6,1.0,44.0,0.3333333333333333,3,3.0
1,5.0,3.0,2.0,8.0,3,8,6,1.0,63.0,0.0,3,6.0
1,6.0,3.0,2.0,4.0,4,8,6,1.0,55.0,0.5,3,2.0
1,6.0,3.0,2.0,3.0,4,8,6,0.0,91.0,0.0,3,1.0
1,6.0,3.0,2.0,3.0,4,8,6,1.0,65.0,0.0,3,1.0
2,6.0,5.0,2.0,4.0,4,8,6,3.0,60.0,0.0,3,4.0
3,6.0,2.0,2.0,3.0,4,8,6,3.0,58.0,0.0,3,3.0
3,5.0,3.0,2.0,6.0,5,8,6,3.0,72.0,0.0,3,2.0
2,6.0,4.0,2.0,6.0,5,8,6,0.0,87.0,0.0,3,2.0
1,6.0,1.0,2.0,5.0,5,8,6,0.0,76.0,0.0,3,0.5
3,5.0,4.0,2.0,6.0,2,8,6,0.0,73.0,0.0,3,3.0
1,6.0,3.0,2.0,4.0,7,8,6,2.0,38.0,0.0,3,3.0
2,6.0,2.0,2.0,4.0,7,8,6,3.0,57.0,0.0,3,4.0
2,6.0,1.0,2.0,4.0,7,8,6,2.0,44.0,0.0,3,2.0
2,5.0,2.0,2.0,4.0,2,8,6,1.0,86.0,0.0,3,2.0
1,5.0,2.0,2.0,6.0,2,8,6,0.0,71.0,0.0,3,1.0
2,5.0,4.0,2.0,5.0,2,8,6,1.0,60.0,0.0,3,3.0
1,5.0,4.0,2.0,3.0,5,8,6,2.0,49.0,0.0,3,2.0
2,6.0,4.0,2.0,6.0,5,8,6,1.0,53.0,0.0,3,0.3333333333333333
2,6.0,4.0,2.0,3.0,5,8,6,2.0,81.0,0.0,3,0.3333333333333333
1,6.0,2.0,2.0,1.0,5,8,6,1.0,66.0,0.0,3,1.0
2,6.0,3.0,2.0,3.0,5,8,6,2.0,47.0,0.0,3,3.0
1,5.0,4.0,2.0,6.0,3,8,6,0.0,35.0,0.3333333333333333,3,3.0
2,5.0,5.0,2.0,4.0,3,8,6,2.0,64.0,0.0,3,3.0
3,5.0,3.0,2.0,8.0,3,8,6,2.0,34.0,0.4,3,5.0
1,5.0,3.0,2.0,5.0,3,8,6,1.0,45.0,0.0,3,0.25
2,5.0,3.0,2.0,8.0,3,8,6,2.0,35.0,0.25,3,4.0
1,5.0,2.0,2.0,3.0,2,8,6,1.0,68.0,0.0,3,1.0
3,5.0,6.0,2.0,5.0,2,8,6,3.0,52.0,0.1666666666666666,3,6.0
1,5.0,4.0,2.0,7.0,2,8,6,1.0,24.0,0.0,3,1.0
3,6.0,4.0,2.0,8.0,3,8,6,2.0,60.0,0.4,3,5.0
1,5.0,1.0,2.0,5.0,3,8,6,1.0,35.0,0.0,3,1.0
2,5.0,3.0,2.0,8.0,3,8,6,2.0,57.0,0.0,3,2.0
1,6.0,2.0,2.0,4.0,6,8,6,2.0,64.0,0.0,3,2.0
1,6.0,3.0,2.0,6.0,6,8,6,1.0,55.0,0.0,3,2.0
2,5.0,5.0,2.0,4.0,6,8,6,2.0,56.0,0.0,3,2.0
2,6.0,2.0,2.0,4.0,6,8,6,2.0,68.0,0.0,3,2.0
1,6.0,2.0,2.0,3.0,6,8,6,1.0,83.0,0.0,3,1.0
2,6.0,3.0,2.0,5.0,6,8,6,2.0,59.0,0.0,3,3.0
2,5.0,2.0,2.0,4.0,6,8,6,2.0,68.0,0.0,3,2.0
3,5.0,3.0,2.0,7.0,4,8,6,1.0,34.0,0.25,3,4.0
3,5.0,4.0,2.0,6.0,4,8,6,3.0,62.0,0.0,3,3.0
1,5.0,2.0,2.0,5.0,4,8,6,1.0,61.0,0.3333333333333333,3,3.0
2,5.0,3.0,2.0,8.0,7,8,6,1.0,60.0,0.3333333333333333,3,3.0
3,5.0,2.0,2.0,6.0,7,8,6,3.0,43.0,0.25,3,4.0
2,5.0,2.0,2.0,4.0,7,8,6,2.0,47.0,0.0,3,3.0
2,5.0,2.0,2.0,10.0,7,8,6,2.0,40.0,0.0,3,2.0
1,5.0,3.0,2.0,10.0,7,8,6,0.0,39.0,0.0,3,1.0
2,5.0,4.0,2.0,4.0,7,8,6,2.0,72.0,0.25,3,4.0
2,4.0,3.0,2.0,3.0,7,8,6,0.0,91.0,0.0,3,2.0
2,4.0,2.0,2.0,3.0,7,8,6,0.0,91.0,0.0,3,2.0
2,5.0,2.0,2.0,6.0,7,8,6,2.0,53.0,0.0,3,2.0
1,5.0,2.0,2.0,4.0,7,8,6,1.0,45.0,0.0,3,1.0
1,4.0,1.0,2.0,3.0,7,8,6,1.0,51.0,0.5,3,2.0
1,5.0,6.0,2.0,6.0,7,8,6,1.0,66.0,0.0,3,7.0
1,6.0,3.0,2.0,5.0,7,8,6,0.0,63.0,0.0,3,5.0
2,5.0,7.0,2.0,4.0,4,8,6,2.0,65.0,0.0,3,2.0
1,5.0,7.0,2.0,6.0,4,8,6,2.0,64.0,0.0,3,3.0
3,5.0,3.0,2.0,4.0,4,8,6,3.0,82.0,0.25,3,4.0
2,5.0,4.0,2.0,5.0,4,8,6,2.0,34.0,0.6,3,5.0
1,5.0,3.0,2.0,3.0,4,8,6,0.0,83.0,0.0,3,1.0
1,5.0,4.0,2.0,4.0,4,8,6,2.0,64.0,0.0,3,2.0
1,5.0,5.0,2.0,4.0,4,8,6,1.0,54.0,0.0,3,1.0
3,6.0,2.0,2.0,5.0,4,8,6,2.0,68.0,0.0,3,3.0
2,6.0,3.0,2.0,3.0,4,8,6,2.0,73.0,0.0,3,2.0
2,6.0,3.0,2.0,3.0,4,8,6,2.0,50.0,0.1666666666666666,3,6.0
2,6.0,2.0,2.0,4.0,4,8,6,2.0,76.0,0.0,3,2.0
1,5.0,3.0,2.0,4.0,7,8,6,1.0,54.0,0.25,3,4.0
2,5.0,4.0,2.0,4.0,7,8,6,2.0,59.0,0.0,3,3.0
3,5.0,4.0,2.0,4.0,7,8,6,2.0,79.0,0.0,3,3.0
2,6.0,2.0,2.0,3.0,7,8,6,2.0,56.0,0.0,3,2.0
2,6.0,1.0,2.0,4.0,7,8,6,2.0,72.0,0.0,3,2.0
2,5.0,2.0,2.0,9.0,7,8,6,2.0,26.0,0.4,3,5.0
1,5.0,4.0,2.0,6.0,7,8,6,1.0,49.0,0.0,3,1.0
1,6.0,4.0,2.0,3.0,7,8,6,2.0,79.0,0.0,3,2.0
2,5.0,3.0,2.0,5.0,7,8,6,3.0,53.0,0.0,3,3.0
1,5.0,1.0,2.0,4.0,7,8,6,1.0,62.0,0.0,3,1.0
2,6.0,1.0,2.0,4.0,7,8,6,2.0,42.0,0.3333333333333333,3,3.0
1,6.0,1.0,2.0,3.0,7,8,6,1.0,73.0,0.0,3,1.0
1,5.0,2.0,2.0,4.0,7,8,6,2.0,55.0,0.0,3,2.0
1,5.0,3.0,2.0,4.0,7,8,6,3.0,68.0,0.0,3,3.0
2,6.0,4.0,2.0,6.0,7,8,6,2.0,49.0,0.2,3,5.0
1,6.0,2.0,2.0,5.0,7,8,6,1.0,38.0,0.0,3,2.0
1,6.0,1.0,2.0,1.0,7,8,6,1.0,70.0,0.0,3,1.0
1,4.0,7.0,2.0,5.0,7,8,6,2.0,62.0,0.0,3,3.0
3,4.0,4.0,2.0,6.0,7,8,6,3.0,69.0,0.0,3,3.0
2,4.0,1.0,2.0,6.0,7,8,6,2.0,34.0,0.25,3,4.0
2,6.0,3.0,2.0,4.0,7,8,6,2.0,31.0,0.3333333333333333,3,3.0
2,3.0,4.0,2.0,9.0,2,8,6,2.0,66.0,0.4,3,5.0
3,6.0,2.0,2.0,5.0,2,8,6,1.0,67.0,0.2,3,1.25
1,6.0,2.0,2.0,3.0,2,8,6,1.0,43.0,0.3333333333333333,3,0.75
2,3.0,1.0,2.0,10.0,2,8,6,2.0,56.0,0.0,3,2.0
2,5.0,2.0,2.0,3.0,2,8,6,2.0,59.0,0.3333333333333333,3,6.0
2,5.0,3.0,2.0,8.0,2,8,6,2.0,50.0,0.0,3,6.0
1,5.0,4.0,2.0,5.0,2,8,6,0.0,33.0,0.5,3,2.0
1,6.0,2.0,2.0,5.0,2,8,6,1.0,63.0,0.0,3,0.5
2,5.0,4.0,2.0,6.0,2,8,6,2.0,42.0,0.4,3,5.0
2,3.0,2.0,2.0,4.0,2,8,6,2.0,34.0,0.0,3,4.0
2,6.0,3.0,2.0,6.0,2,8,6,2.0,31.0,0.3333333333333333,3,3.0
2,6.0,3.0,2.0,6.0,2,8,6,2.0,48.0,0.0,3,3.0
2,5.0,5.0,2.0,3.0,2,8,6,2.0,58.0,0.25,3,4.0
1,6.0,3.0,2.0,4.0,2,8,6,1.0,84.0,0.0,3,2.0
2,5.0,5.0,2.0,10.0,5,8,6,0.0,63.0,0.0,3,2.0
3,6.0,3.0,2.0,8.0,5,8,6,3.0,49.0,0.0,3,4.0
1,5.0,4.0,2.0,6.0,5,8,6,1.0,62.0,0.3333333333333333,3,3.0
2,3.0,4.0,2.0,8.0,5,8,6,1.0,44.0,0.3333333333333333,3,3.0
2,4.0,1.0,2.0,3.0,5,8,6,2.0,74.0,0.0,3,2.0
2,3.0,6.0,2.0,8.0,5,8,6,1.0,77.0,0.0,3,3.0
3,3.0,3.0,2.0,7.0,5,8,6,3.0,46.0,0.2,3,5.0
2,3.0,7.0,2.0,9.0,5,8,6,0.0,59.0,0.0,3,5.0
1,5.0,3.0,2.0,8.0,5,8,6,1.0,45.0,0.0,3,2.0
2,3.0,3.0,2.0,10.0,5,8,6,2.0,68.0,0.0,3,3.0
2,5.0,4.0,2.0,4.0,5,8,6,3.0,44.0,0.0,3,4.0
3,5.0,3.0,2.0,6.0,5,8,6,2.0,74.0,0.25,3,4.0
2,5.0,3.0,2.0,3.0,5,8,6,0.0,81.0,0.0,3,2.0
3,6.0,4.0,2.0,10.0,5,8,6,1.0,39.0,0.0,3,4.0
1,3.0,7.0,2.0,6.0,2,8,6,1.0,54.0,0.0,3,2.0
1,5.0,3.0,2.0,6.0,2,8,6,1.0,67.0,0.0,3,2.0
2,5.0,2.0,2.0,3.0,2,8,6,2.0,52.0,0.0,3,2.0
1,3.0,4.0,2.0,6.0,2,8,6,1.0,55.0,0.0,3,1.0
2,2.0,5.0,2.0,3.0,2,8,6,1.0,77.0,0.0,3,2.0
2,5.0,5.0,2.0,4.0,5,8,6,2.0,70.0,0.0,3,2.0
3,5.0,7.0,2.0,6.0,5,8,6,2.0,54.0,0.0,3,3.0
1,6.0,1.0,2.0,1.0,5,8,6,0.0,88.0,0.0,3,1.0
1,6.0,2.0,2.0,4.0,5,8,6,1.0,81.0,0.0,3,0.125
1,6.0,2.0,2.0,3.0,5,8,6,1.0,60.0,0.0,3,0.25
2,6.0,1.0,2.0,4.0,5,8,6,2.0,65.0,0.0,3,0.25
2,6.0,3.0,2.0,3.0,5,8,6,0.0,84.0,0.0,3,2.0
2,5.0,3.0,2.0,4.0,5,8,6,1.0,71.0,0.0,3,3.0
1,6.0,1.0,2.0,4.0,5,8,6,1.0,62.0,0.0,3,0.125
1,6.0,3.0,2.0,4.0,5,8,6,1.0,58.0,0.0,3,2.0
2,5.0,6.0,2.0,5.0,5,8,6,1.0,31.0,0.3333333333333333,3,3.0
1,6.0,3.0,2.0,4.0,5,8,6,1.0,61.0,0.0,3,3.0
3,6.0,5.0,2.0,3.0,5,8,6,3.0,56.0,0.2857142857142857,3,7.0
1,5.0,4.0,2.0,3.0,5,8,6,1.0,49.0,0.0,3,1.0
2,5.0,6.0,2.0,4.0,5,8,6,2.0,61.0,0.0,3,3.0
3,6.0,3.0,2.0,6.0,5,8,6,2.0,36.0,0.5,3,6.0
1,6.0,2.0,2.0,3.0,5,8,6,1.0,70.0,0.0,3,1.0
1,6.0,1.0,2.0,3.0,5,8,6,1.0,67.0,0.0,3,2.0
1,6.0,4.0,2.0,3.0,5,8,6,1.0,69.0,0.0,3,1.0
1,6.0,3.0,2.0,3.0,5,8,6,1.0,84.0,0.0,3,1.0
1,6.0,6.0,2.0,4.0,5,8,6,1.0,65.0,0.5,3,2.0
2,6.0,6.0,2.0,3.0,5,8,6,2.0,46.0,0.0,3,3.0
2,6.0,5.0,2.0,3.0,5,8,6,1.0,57.0,0.0,3,2.0
2,5.0,3.0,2.0,4.0,6,8,6,2.0,65.0,0.0,3,2.0
2,5.0,3.0,2.0,5.0,6,8,6,2.0,54.0,0.0,3,2.0
2,6.0,2.0,2.0,6.0,6,8,6,2.0,61.0,0.0,3,3.0
2,5.0,6.0,2.0,3.0,6,8,6,2.0,57.0,0.25,3,4.0
2,2.0,3.0,2.0,10.0,6,8,6,1.0,39.0,0.25,3,4.0
3,4.0,3.0,2.0,10.0,6,8,6,3.0,41.0,0.25,3,4.0
3,3.0,4.0,2.0,8.0,6,8,6,3.0,58.0,0.0,3,3.0
2,5.0,3.0,2.0,6.0,6,8,6,3.0,60.0,0.0,3,3.0
1,4.0,4.0,2.0,5.0,6,8,6,3.0,63.0,0.0,3,4.0
3,5.0,4.0,2.0,3.0,6,8,6,3.0,52.0,0.0,3,3.0
2,1.0,3.0,2.0,10.0,6,8,6,2.0,32.0,0.5,3,4.0
3,6.0,3.0,2.0,8.0,6,8,6,2.0,40.0,0.0,3,5.0
1,3.0,2.0,2.0,4.0,6,8,6,1.0,74.0,0.0,3,3.0
3,5.0,6.0,2.0,8.0,6,8,6,0.0,51.0,0.2,3,5.0
1,4.0,5.0,2.0,3.0,6,8,6,1.0,43.0,0.0,3,4.0
2,6.0,4.0,2.0,4.0,6,8,6,2.0,54.0,0.0,3,2.0
1,5.0,4.0,2.0,4.0,6,8,6,1.0,56.0,0.0,3,1.0
3,5.0,4.0,2.0,3.0,6,8,6,3.0,55.0,0.0,3,3.0
1,4.0,4.0,2.0,3.0,6,8,6,1.0,67.0,0.0,3,1.0
3,6.0,6.0,2.0,1.0,6,8,6,3.0,76.0,0.0,3,3.0
1,6.0,4.0,2.0,5.0,6,8,6,1.0,40.0,0.0,3,1.0
2,5.0,3.0,2.0,4.0,6,8,6,2.0,77.0,0.1666666666666666,3,0.75
1,6.0,4.0,2.0,1.0,6,8,6,1.0,82.0,0.0,3,0.25
2,5.0,2.0,2.0,6.0,6,8,6,2.0,75.0,0.0,3,0.5
2,6.0,5.0,2.0,6.0,6,8,6,2.0,34.0,0.5,3,4.0
2,5.0,6.0,2.0,6.0,6,8,6,2.0,58.0,0.0,3,2.0
2,6.0,4.0,2.0,6.0,6,8,6,2.0,45.0,0.0,3,4.0
1,6.0,3.0,2.0,2.0,6,8,6,2.0,53.0,0.0,3,2.0
1,5.0,3.0,2.0,5.0,6,8,6,1.0,41.0,0.0,3,2.0
3,6.0,2.0,2.0,6.0,6,8,6,2.0,44.0,0.25,3,4.0
1,6.0,2.0,2.0,1.0,6,8,6,1.0,80.0,0.0,3,1.0
2,5.0,3.0,2.0,3.0,6,8,6,2.0,58.0,0.0,3,2.0
2,6.0,2.0,2.0,8.0,6,8,6,2.0,32.0,0.5,3,4.0
2,6.0,4.0,2.0,1.0,6,8,6,2.0,76.0,0.3333333333333333,3,3.0
2,6.0,4.0,2.0,4.0,6,8,6,2.0,57.0,0.0,3,2.0
1,6.0,3.0,2.0,1.0,6,8,6,1.0,56.0,0.0,3,1.0
1,6.0,2.0,2.0,1.0,6,8,6,1.0,68.0,0.0,3,1.0
1,6.0,1.0,2.0,3.0,6,8,6,1.0,73.0,0.0,3,1.0
3,6.0,5.0,2.0,3.0,6,8,6,3.0,43.0,0.2,3,5.0
3,6.0,4.0,2.0,4.0,6,8,6,3.0,45.0,0.2,3,5.0
1,6.0,2.0,2.0,3.0,6,8,6,1.0,76.0,0.0,3,1.0
2,6.0,2.0,2.0,3.0,6,8,6,2.0,69.0,0.0,3,2.0
1,6.0,1.0,2.0,5.0,6,8,6,2.0,73.0,0.0,3,0.3333333333333333
2,6.0,1.0,2.0,3.0,6,8,6,2.0,78.0,0.0,3,0.3333333333333333
3,6.0,4.0,2.0,5.0,6,8,6,3.0,39.0,0.4,3,5.0
1,6.0,3.0,2.0,1.0,6,8,6,1.0,83.0,0.0,3,2.0
2,5.0,5.0,2.0,3.0,6,8,6,2.0,50.0,0.2,3,5.0
2,5.0,1.0,2.0,6.0,6,8,6,2.0,29.0,0.3333333333333333,3,0.75
2,5.0,3.0,2.0,8.0,6,8,6,2.0,32.0,0.3333333333333333,3,0.75
1,3.0,4.0,2.0,10.0,6,8,6,2.0,69.0,0.0,3,2.0
1,3.0,4.0,2.0,6.0,6,8,6,0.0,70.0,0.0,3,1.0
1,3.0,4.0,2.0,9.0,6,8,6,0.0,73.0,0.0,3,1.0
2,5.0,5.0,2.0,8.0,6,8,6,1.0,77.0,0.0,3,2.0
2,5.0,3.0,2.0,10.0,6,8,6,2.0,33.0,0.0,3,2.0
3,5.0,5.0,2.0,8.0,6,8,6,2.0,52.0,0.0,3,4.0
3,5.0,5.0,2.0,6.0,6,8,6,3.0,61.0,0.0,3,3.0
2,5.0,3.0,2.0,4.0,6,8,6,1.0,73.0,0.0,3,2.0
2,2.0,4.0,2.0,8.0,6,8,6,1.0,52.0,0.0,3,2.0
1,3.0,5.0,2.0,10.0,6,8,6,1.0,45.0,0.0,3,4.0
2,2.0,4.0,2.0,8.0,6,8,6,2.0,55.0,0.0,3,3.0
3,5.0,5.0,2.0,5.0,6,8,6,0.0,55.0,0.375,3,8.0
1,5.0,2.0,2.0,8.0,6,8,6,1.0,40.0,0.3333333333333333,3,1.0
1,5.0,2.0,2.0,9.0,6,8,6,1.0,40.0,0.0,3,0.3333333333333333
1,5.0,2.0,2.0,6.0,6,8,6,1.0,40.0,0.0,3,0.3333333333333333
1,5.0,2.0,2.0,10.0,6,8,6,1.0,75.0,0.0,3,2.0
3,3.0,6.0,2.0,6.0,6,8,6,2.0,51.0,0.0,3,4.0
2,1.0,5.0,2.0,8.0,6,8,6,1.0,58.0,0.0,3,2.0
1,5.0,3.0,2.0,4.0,6,8,6,0.0,78.0,0.0,3,2.0
2,2.0,4.0,2.0,8.0,6,8,6,1.0,46.0,0.0,3,3.0
2,3.0,3.0,2.0,4.0,6,8,6,3.0,58.0,0.0,3,3.0
1,3.0,4.0,2.0,6.0,6,8,6,1.0,48.0,0.0,3,3.0
3,5.0,1.0,2.0,6.0,6,8,6,3.0,55.0,0.0,3,4.0
2,2.0,5.0,2.0,10.0,6,8,6,2.0,61.0,0.0,3,4.0
2,5.0,3.0,2.0,6.0,6,8,6,2.0,56.0,0.0,3,2.0
2,5.0,2.0,2.0,6.0,6,8,6,2.0,54.0,0.0,3,4.0
3,5.0,6.0,2.0,7.0,6,8,6,2.0,55.0,0.3333333333333333,3,6.0
1,2.0,6.0,2.0,4.0,6,8,6,1.0,57.0,0.0,3,2.0
2,3.0,5.0,2.0,3.0,6,8,6,2.0,75.0,0.0,3,2.0
1,5.0,1.0,2.0,1.0,6,8,6,0.0,71.0,0.0,3,1.0
1,5.0,3.0,2.0,8.0,3,8,6,1.0,31.0,0.0,3,2.0
1,5.0,4.0,2.0,5.0,3,8,6,2.0,73.0,0.0,3,2.0
2,5.0,2.0,2.0,8.0,3,8,6,2.0,70.0,0.0,3,2.0
1,2.0,2.0,2.0,5.0,3,8,6,1.0,62.0,0.0,3,1.0
1,5.0,1.0,2.0,5.0,6,8,6,0.0,65.0,0.0,3,0.3333333333333333
1,5.0,1.0,2.0,6.0,6,8,6,1.0,28.0,0.0,3,0.3333333333333333
3,5.0,7.0,2.0,4.0,6,8,6,3.0,40.0,0.4,3,1.6666666666666667
3,5.0,3.0,2.0,4.0,6,8,6,2.0,69.0,0.0,3,1.0
1,5.0,2.0,2.0,3.0,6,8,6,1.0,32.0,0.5,3,1.3333333333333333
1,5.0,4.0,2.0,5.0,6,8,6,1.0,49.0,0.0,3,1.0
1,5.0,3.0,2.0,10.0,6,8,6,1.0,30.0,0.0,3,0.3333333333333333
2,5.0,3.0,2.0,5.0,6,8,6,1.0,34.0,0.25,3,1.3333333333333333
1,5.0,1.0,2.0,3.0,6,8,6,0.0,62.0,0.0,3,0.3333333333333333
3,5.0,7.0,2.0,5.0,6,8,6,3.0,66.0,0.0,3,1.0
2,5.0,2.0,2.0,1.0,6,8,6,2.0,72.0,0.25,3,4.0
2,5.0,5.0,2.0,10.0,6,8,6,2.0,29.0,0.3333333333333333,3,3.0
2,5.0,4.0,2.0,3.0,6,8,6,2.0,52.0,0.0,3,2.0
1,5.0,2.0,2.0,8.0,3,8,6,1.0,51.0,0.0,3,2.0
1,5.0,3.0,2.0,8.0,3,8,6,1.0,47.0,0.0,3,2.0
1,5.0,3.0,2.0,4.0,3,8,6,1.0,52.0,0.0,3,3.0
1,5.0,2.0,2.0,6.0,3,8,6,1.0,71.0,0.0,3,1.0
1,5.0,2.0,2.0,4.0,6,8,6,1.0,63.0,0.0,3,1.0
1,5.0,1.0,2.0,4.0,6,8,6,1.0,62.0,0.0,3,1.0
1,5.0,3.0,2.0,10.0,6,8,6,1.0,52.0,0.0,3,2.0
1,5.0,1.0,2.0,3.0,6,8,6,0.0,81.0,0.0,3,1.0
1,5.0,3.0,2.0,4.0,6,8,6,2.0,65.0,0.0,3,2.0
3,5.0,3.0,2.0,3.0,6,8,6,3.0,52.0,0.25,3,4.0
2,4.0,2.0,2.0,7.0,6,8,6,2.0,57.0,0.0,3,3.0
1,5.0,2.0,2.0,4.0,6,8,6,1.0,60.0,0.0,3,1.0
1,5.0,2.0,2.0,3.0,6,8,6,1.0,55.0,0.0,3,1.0
2,5.0,2.0,2.0,6.0,6,8,6,2.0,68.0,0.0,3,4.0
2,6.0,5.0,2.0,5.0,6,8,6,3.0,61.0,0.0,3,4.0
1,6.0,3.0,2.0,6.0,6,8,6,2.0,69.0,0.0,3,0.25
2,6.0,2.0,2.0,3.0,6,8,6,2.0,84.0,0.0,3,2.0
2,6.0,3.0,2.0,4.0,6,8,6,2.0,54.0,0.0,3,1.0
2,5.0,3.0,2.0,3.0,5,8,6,1.0,65.0,0.0,3,2.0
2,3.0,6.0,2.0,10.0,5,8,6,2.0,63.0,0.0,3,3.0
1,5.0,4.0,2.0,10.0,5,8,6,1.0,29.0,0.5,3,4.0
3,6.0,4.0,2.0,3.0,5,8,6,3.0,32.0,0.2,3,5.0
2,6.0,2.0,2.0,6.0,5,8,6,1.0,74.0,0.0,3,2.0
2,6.0,4.0,2.0,1.0,5,8,6,1.0,76.0,0.0,3,2.0
2,1.0,2.0,2.0,8.0,5,8,6,0.0,46.0,0.3333333333333333,3,3.0
1,5.0,1.0,2.0,10.0,5,8,6,0.0,73.0,0.0,3,0.5
2,6.0,3.0,2.0,3.0,5,8,6,2.0,54.0,0.0,3,2.0
3,5.0,5.0,2.0,8.0,5,8,6,3.0,60.0,0.2,3,5.0
2,6.0,5.0,2.0,6.0,5,8,6,1.0,67.0,0.0,3,2.0
2,6.0,6.0,2.0,6.0,5,8,6,1.0,80.0,0.25,3,4.0
2,3.0,5.0,2.0,4.0,5,8,6,3.0,63.0,0.0,3,4.0
1,5.0,2.0,2.0,3.0,5,8,6,1.0,45.0,0.0,3,1.0
2,5.0,2.0,2.0,3.0,5,8,6,2.0,66.0,0.1666666666666666,3,6.0
2,3.0,3.0,2.0,6.0,5,8,6,1.0,67.0,0.0,3,2.0
2,5.0,4.0,2.0,5.0,5,8,6,2.0,58.0,0.0,3,2.0
2,5.0,5.0,2.0,6.0,5,8,6,2.0,63.0,0.1666666666666666,3,6.0
2,5.0,3.0,2.0,8.0,5,8,6,2.0,55.0,0.0,3,2.0
2,5.0,1.0,2.0,6.0,5,8,6,2.0,22.0,0.3333333333333333,3,3.0
1,6.0,2.0,2.0,5.0,5,8,6,1.0,59.0,0.0,3,0.125
2,6.0,2.0,2.0,4.0,5,8,6,2.0,80.0,0.0,3,0.3333333333333333
2,6.0,2.0,2.0,3.0,5,8,6,2.0,75.0,0.0,3,0.25
1,6.0,1.0,2.0,9.0,5,8,6,1.0,66.0,0.0,3,0.125
2,5.0,4.0,2.0,4.0,5,8,6,2.0,82.0,0.0,3,2.0
1,5.0,1.0,2.0,8.0,5,8,6,1.0,47.0,0.3333333333333333,3,3.0
2,5.0,2.0,2.0,3.0,5,8,6,1.0,78.0,0.0,3,3.0
1,6.0,2.0,2.0,5.0,5,8,6,1.0,61.0,0.0,3,4.0
2,5.0,2.0,2.0,6.0,5,8,6,2.0,54.0,0.5,3,6.0
2,6.0,2.0,2.0,6.0,5,8,6,2.0,57.0,0.3333333333333333,3,0.375
1,6.0,4.0,2.0,3.0,5,8,6,1.0,72.0,0.0,3,1.0
3,5.0,6.0,2.0,8.0,5,8,6,1.0,50.0,0.25,3,4.0
1,6.0,2.0,2.0,5.0,5,8,6,0.0,77.0,0.0,3,1.0
1,6.0,4.0,2.0,3.0,5,8,6,0.0,57.0,0.0,3,1.0
1,6.0,2.0,2.0,1.0,5,8,6,0.0,73.0,0.0,3,1.0
1,5.0,4.0,2.0,6.0,5,8,6,3.0,42.0,0.3333333333333333,3,6.0
2,5.0,4.0,2.0,3.0,5,8,6,2.0,85.0,0.5,3,4.0
2,6.0,2.0,2.0,4.0,5,8,6,2.0,41.0,0.0,3,2.0
2,6.0,5.0,2.0,5.0,5,8,6,2.0,40.0,0.5,3,6.0
2,6.0,2.0,2.0,4.0,5,8,6,1.0,38.0,0.0,3,3.0
1,6.0,6.0,2.0,3.0,5,8,6,1.0,51.0,0.0,3,2.0
3,6.0,5.0,2.0,5.0,5,8,6,2.0,45.0,0.25,3,4.0
1,6.0,2.0,2.0,4.0,5,8,6,1.0,57.0,0.3333333333333333,3,3.0
2,6.0,6.0,2.0,1.0,5,8,6,3.0,62.0,0.0,3,5.0
2,6.0,2.0,2.0,3.0,7,8,6,2.0,62.0,0.0,3,3.0
1,6.0,4.0,2.0,3.0,7,8,6,2.0,51.0,0.0,3,3.0
1,6.0,3.0,2.0,3.0,7,8,6,1.0,69.0,0.0,3,1.0
1,6.0,2.0,2.0,5.0,7,8,6,1.0,39.0,0.3333333333333333,3,3.0
3,5.0,2.0,2.0,1.0,4,8,6,3.0,64.0,0.0,3,3.0
3,5.0,5.0,2.0,10.0,4,8,6,0.0,58.0,0.0,3,4.0
1,5.0,5.0,2.0,10.0,4,8,6,1.0,51.0,0.0,3,1.0
2,2.0,7.0,2.0,6.0,4,8,6,1.0,57.0,0.0,3,4.0
3,2.0,5.0,2.0,8.0,4,8,6,1.0,65.0,0.0,3,5.0
2,5.0,3.0,2.0,4.0,4,8,6,2.0,75.0,0.0,3,1.0
1,3.0,4.0,2.0,10.0,4,8,6,1.0,37.0,0.3333333333333333,3,3.0
2,6.0,2.0,2.0,3.0,4,8,6,0.0,83.0,0.0,3,2.0
3,3.0,4.0,2.0,6.0,1,8,6,3.0,64.0,0.0,3,4.0
2,5.0,4.0,2.0,8.0,1,8,6,1.0,57.0,0.0,3,2.0
3,5.0,3.0,2.0,1.0,7,8,6,0.0,88.0,0.0,3,3.0
2,3.0,2.0,2.0,5.0,7,8,6,2.0,49.0,0.3333333333333333,3,3.0
2,5.0,2.0,2.0,5.0,7,8,6,2.0,52.0,0.3333333333333333,3,3.0
3,6.0,3.0,2.0,6.0,7,8,6,2.0,75.0,0.25,3,4.0
2,6.0,3.0,2.0,3.0,4,8,6,2.0,71.0,0.0,3,3.0
2,5.0,5.0,2.0,8.0,4,8,6,2.0,45.0,0.25,3,4.0
2,5.0,3.0,2.0,6.0,4,8,6,3.0,36.0,0.25,3,4.0
1,6.0,6.0,2.0,4.0,4,8,6,1.0,61.0,0.0,3,1.0
1,5.0,6.0,2.0,8.0,4,8,6,2.0,43.0,0.4,3,0.7142857142857143
2,6.0,4.0,2.0,3.0,4,8,6,2.0,76.0,0.0,3,2.0
3,6.0,3.0,2.0,3.0,4,8,6,3.0,71.0,0.0,3,3.0
2,6.0,1.0,2.0,4.0,4,8,6,2.0,71.0,0.0,3,2.0
1,6.0,2.0,2.0,4.0,4,8,6,1.0,57.0,0.0,3,1.0
2,6.0,2.0,2.0,3.0,4,8,6,2.0,61.0,0.0,3,3.0
2,6.0,1.0,2.0,3.0,4,8,6,1.0,84.0,0.0,3,2.0
1,6.0,1.0,2.0,8.0,4,8,6,1.0,30.0,0.0,3,0.1428571428571428
3,6.0,3.0,2.0,5.0,4,8,6,3.0,49.0,0.0,3,4.0
1,6.0,2.0,2.0,4.0,4,8,6,2.0,67.0,0.0,3,2.0
1,6.0,1.0,2.0,4.0,4,8,6,1.0,49.0,0.0,3,0.1428571428571428
1,5.0,3.0,2.0,5.0,4,8,6,2.0,40.0,0.25,3,4.0
2,6.0,4.0,2.0,4.0,4,8,6,1.0,70.0,0.0,3,2.0
3,6.0,4.0,2.0,3.0,4,8,6,3.0,67.0,0.0,3,0.8333333333333334
1,6.0,6.0,2.0,3.0,4,8,6,1.0,42.0,0.5,3,0.6666666666666666
1,6.0,5.0,2.0,1.0,4,8,6,1.0,59.0,0.0,3,0.1666666666666666
2,6.0,1.0,2.0,5.0,4,8,6,1.0,41.0,0.2,3,0.8333333333333334
3,6.0,2.0,2.0,3.0,4,8,6,2.0,79.0,0.0,3,0.5
2,6.0,2.0,2.0,3.0,4,8,6,2.0,91.0,0.0,3,0.3333333333333333
1,6.0,1.0,2.0,3.0,4,8,6,1.0,73.0,0.0,3,0.1666666666666666
1,6.0,1.0,2.0,3.0,7,8,6,1.0,62.0,0.0,3,1.0
2,4.0,5.0,2.0,4.0,7,8,6,3.0,46.0,0.0,3,5.0
2,6.0,3.0,2.0,3.0,7,8,6,3.0,40.0,0.2,3,5.0
3,6.0,5.0,2.0,1.0,7,8,6,3.0,69.0,0.0,3,3.0
1,5.0,4.0,2.0,8.0,7,8,6,1.0,59.0,0.0,3,2.0
2,5.0,1.0,2.0,6.0,7,8,6,2.0,71.0,0.0,3,2.0
2,5.0,4.0,2.0,4.0,7,8,6,2.0,83.0,0.0,3,6.0
1,6.0,1.0,2.0,1.0,7,8,6,1.0,69.0,0.0,3,1.0
2,2.0,1.0,2.0,4.0,7,8,6,2.0,54.0,0.25,3,4.0
3,6.0,1.0,2.0,5.0,7,8,6,3.0,46.0,0.1428571428571428,3,7.0
1,5.0,1.0,2.0,6.0,7,8,6,1.0,61.0,0.0,3,1.0
3,6.0,2.0,2.0,4.0,7,8,6,2.0,51.0,0.0,3,5.0
1,6.0,1.0,2.0,1.0,7,8,6,2.0,68.0,0.0,3,2.0
2,5.0,3.0,2.0,4.0,7,8,6,3.0,59.0,0.0,3,4.0
1,6.0,1.0,2.0,6.0,7,8,6,2.0,63.0,0.0,3,3.0
1,6.0,3.0,2.0,4.0,7,8,6,2.0,57.0,0.0,3,2.0
2,6.0,1.0,2.0,4.0,7,8,6,1.0,31.0,0.25,3,4.0
2,5.0,3.0,2.0,6.0,8,8,6,0.0,55.0,0.3333333333333333,3,3.0
3,5.0,3.0,2.0,6.0,8,8,6,3.0,61.0,0.0,3,4.0
3,5.0,2.0,2.0,5.0,8,8,6,2.0,67.0,0.0,3,4.0
1,3.0,2.0,2.0,1.0,8,8,6,0.0,94.0,0.0,3,1.0
3,5.0,6.0,2.0,6.0,8,8,6,2.0,74.0,0.0,3,4.0
1,3.0,3.0,2.0,8.0,8,8,6,0.0,72.0,0.0,3,2.0
2,3.0,5.0,2.0,6.0,8,8,6,2.0,69.0,0.0,3,2.0
3,3.0,2.0,2.0,10.0,8,8,6,2.0,59.0,0.4,3,5.0
2,3.0,4.0,2.0,6.0,8,8,6,1.0,73.0,0.0,3,3.0
0,3.0,4.0,2.0,8.0,8,8,6,0.0,71.0,0.0,3,2.0
2,5.0,5.0,2.0,1.0,8,8,6,2.0,52.0,0.0,3,2.0
1,4.0,2.0,2.0,6.0,8,8,6,1.0,43.0,0.5,3,4.0
3,1.0,4.0,2.0,9.0,8,8,6,1.0,77.0,0.0,3,3.0
2,3.0,3.0,2.0,7.0,8,8,6,0.0,80.0,0.0,3,2.0
1,3.0,5.0,2.0,10.0,8,8,6,1.0,60.0,0.25,3,4.0
0,1.0,5.0,2.0,8.0,8,8,6,0.0,66.0,0.0,3,2.0
2,1.0,5.0,2.0,6.0,8,8,6,0.0,89.0,0.0,3,2.0
1,5.0,3.0,2.0,6.0,8,8,6,0.0,42.0,0.0,3,2.0
1,5.0,2.0,2.0,4.0,8,8,6,0.0,75.0,0.0,3,1.0
2,3.0,4.0,2.0,4.0,8,8,6,1.0,69.0,0.0,3,3.0
2,5.0,4.0,2.0,6.0,8,8,6,1.0,67.0,0.1666666666666666,3,6.0
1,3.0,3.0,2.0,9.0,8,8,6,0.0,67.0,0.0,3,1.0
1,3.0,4.0,2.0,8.0,8,8,6,0.0,73.0,0.0,3,2.0
1,2.0,4.0,2.0,6.0,8,8,6,1.0,75.0,0.5,3,4.0
1,3.0,2.0,2.0,4.0,8,8,6,0.0,78.0,0.0,3,1.0
2,3.0,4.0,2.0,10.0,8,8,6,1.0,39.0,0.2,3,5.0
2,5.0,4.0,2.0,6.0,8,8,6,0.0,36.0,0.0,3,1.0
2,5.0,3.0,2.0,8.0,8,8,6,2.0,46.0,0.0,3,2.0
2,6.0,3.0,2.0,6.0,8,8,6,1.0,55.0,0.0,3,1.0
1,2.0,3.0,2.0,6.0,8,8,6,1.0,38.0,0.25,3,4.0
2,3.0,4.0,2.0,9.0,6,8,6,2.0,45.0,0.5,3,4.0
1,3.0,4.0,2.0,10.0,6,8,6,1.0,39.0,0.0,3,1.0
1,4.0,3.0,2.0,8.0,6,8,6,0.0,75.0,0.0,3,1.0
1,2.0,2.0,2.0,6.0,6,8,6,0.0,62.0,0.0,3,2.0
2,4.0,6.0,2.0,8.0,6,8,6,2.0,62.0,0.0,3,2.0
2,1.0,2.0,2.0,10.0,6,8,6,2.0,54.0,0.0,3,3.0
1,5.0,3.0,2.0,5.0,6,8,6,1.0,44.0,0.0,3,4.0
2,5.0,2.0,2.0,6.0,6,8,6,2.0,40.0,0.25,3,1.3333333333333333
2,5.0,2.0,2.0,6.0,6,8,6,1.0,44.0,0.0,3,0.6666666666666666
1,5.0,2.0,2.0,6.0,6,8,6,1.0,18.0,0.0,3,0.5
3,2.0,5.0,2.0,10.0,6,8,6,2.0,29.0,0.25,3,1.0
1,6.0,5.0,2.0,4.0,6,8,6,1.0,54.0,0.0,3,5.0
1,5.0,4.0,2.0,7.0,6,8,6,1.0,53.0,0.0,3,3.0
2,5.0,3.0,2.0,6.0,6,8,6,2.0,42.0,0.25,3,4.0
1,4.0,3.0,2.0,6.0,6,8,6,2.0,63.0,0.0,3,1.0
2,4.0,4.0,2.0,10.0,6,8,6,1.0,43.0,0.0,3,4.0
2,5.0,1.0,2.0,3.0,6,8,6,2.0,69.0,0.0,3,1.0
2,4.0,4.0,2.0,1.0,6,8,6,2.0,48.0,0.4,3,5.0
1,5.0,2.0,2.0,4.0,6,8,6,0.0,75.0,0.0,3,1.0
1,5.0,4.0,2.0,10.0,6,8,6,0.0,66.0,0.0,3,1.0
1,4.0,1.0,2.0,8.0,6,8,6,0.0,49.0,0.0,3,1.0
1,6.0,2.0,2.0,6.0,6,8,6,1.0,43.0,0.0,3,1.0
1,5.0,2.0,2.0,4.0,6,8,6,1.0,74.0,0.0,3,1.0
1,5.0,3.0,2.0,8.0,6,8,6,1.0,57.0,0.3333333333333333,3,3.0
1,5.0,4.0,2.0,6.0,6,8,6,1.0,50.0,0.0,3,2.0
1,5.0,5.0,2.0,10.0,6,8,6,1.0,73.0,0.0,3,2.0
2,3.0,5.0,2.0,9.0,6,8,6,0.0,67.0,0.0,3,2.0
1,4.0,1.0,2.0,1.0,6,8,6,1.0,52.0,0.0,3,1.0
1,1.0,4.0,2.0,5.0,6,8,6,2.0,51.0,0.0,3,4.0
1,6.0,2.0,2.0,1.0,6,8,6,0.0,74.0,0.0,3,0.125
1,4.0,4.0,2.0,1.0,6,8,6,1.0,81.0,0.0,3,1.0
1,6.0,2.0,2.0,3.0,6,8,6,2.0,50.0,0.0,3,4.0
2,6.0,2.0,2.0,4.0,6,8,6,2.0,74.0,0.0,3,2.0
2,4.0,2.0,2.0,1.0,6,8,6,2.0,88.0,0.0,3,2.0
2,6.0,2.0,2.0,1.0,6,8,6,3.0,88.0,0.0,3,3.0
1,6.0,3.0,2.0,1.0,6,8,6,1.0,71.0,0.0,3,1.0
1,6.0,5.0,2.0,3.0,6,8,6,2.0,60.0,0.0,3,2.0
1,6.0,1.0,2.0,1.0,6,8,6,1.0,60.0,0.0,3,1.0
2,6.0,4.0,2.0,4.0,6,8,6,2.0,36.0,0.25,3,4.0
2,4.0,3.0,2.0,4.0,6,8,6,2.0,53.0,0.0,3,2.0
1,4.0,2.0,2.0,4.0,6,8,6,1.0,73.0,0.0,3,2.0
2,6.0,4.0,2.0,4.0,6,8,6,2.0,74.0,0.0,3,2.0
2,4.0,3.0,2.0,4.0,6,8,6,2.0,69.0,0.0,3,3.0
3,4.0,2.0,2.0,1.0,6,8,6,3.0,51.0,0.0,3,3.0
2,4.0,4.0,2.0,1.0,6,8,6,2.0,64.0,0.0,3,2.0
2,4.0,5.0,2.0,6.0,6,8,6,2.0,53.0,0.0,3,4.0
2,6.0,7.0,2.0,4.0,6,8,6,2.0,63.0,0.0,3,5.0
2,6.0,4.0,2.0,3.0,6,8,6,2.0,68.0,0.0,3,2.0
1,6.0,5.0,2.0,3.0,6,8,6,1.0,57.0,0.0,3,2.0
2,6.0,2.0,2.0,4.0,6,8,6,2.0,51.0,0.0,3,3.0
1,6.0,4.0,2.0,3.0,6,8,6,2.0,59.0,0.0,3,2.0
1,6.0,3.0,2.0,3.0,6,8,6,1.0,68.0,0.0,3,1.0
2,6.0,3.0,2.0,1.0,6,8,6,2.0,62.0,0.0,3,2.0
1,6.0,3.0,2.0,4.0,6,8,6,1.0,82.0,0.0,3,0.1666666666666666
1,6.0,5.0,2.0,1.0,6,8,6,1.0,66.0,0.0,3,1.0
2,6.0,5.0,2.0,3.0,6,8,6,2.0,81.0,0.0,3,2.0
3,6.0,5.0,2.0,6.0,6,8,6,2.0,68.0,0.0,3,3.0
1,4.0,4.0,2.0,1.0,5,8,6,1.0,82.0,0.0,3,1.0
1,3.0,3.0,2.0,4.0,5,8,6,1.0,80.0,0.0,3,1.0
1,6.0,2.0,2.0,4.0,5,8,6,1.0,40.0,0.0,3,1.0
1,5.0,2.0,2.0,4.0,5,8,6,1.0,81.0,0.0,3,2.0
1,6.0,1.0,2.0,3.0,5,8,6,0.0,64.0,0.0,3,0.1428571428571428
1,6.0,1.0,2.0,6.0,5,8,6,1.0,33.0,0.5,3,0.2857142857142857
3,6.0,3.0,2.0,5.0,5,8,6,3.0,64.0,0.0,3,3.0
1,4.0,3.0,2.0,6.0,5,8,6,1.0,57.0,0.0,3,1.0
1,6.0,6.0,2.0,6.0,5,8,6,2.0,73.0,0.0,3,2.0
2,5.0,4.0,2.0,3.0,5,8,6,1.0,63.0,0.0,3,2.0
1,4.0,2.0,2.0,3.0,5,8,6,0.0,81.0,0.0,3,1.0
1,4.0,2.0,2.0,3.0,5,8,6,1.0,61.0,0.0,3,2.0
2,6.0,6.0,2.0,4.0,5,8,6,1.0,67.0,0.0,3,2.0
1,6.0,3.0,2.0,1.0,5,8,6,1.0,64.0,0.0,3,1.0
2,4.0,6.0,2.0,6.0,5,8,6,2.0,53.0,0.0,3,2.0
2,6.0,4.0,2.0,3.0,5,8,6,1.0,82.0,0.0,3,2.0
1,4.0,6.0,2.0,3.0,5,8,6,1.0,60.0,0.0,3,2.0
2,5.0,3.0,2.0,3.0,5,8,6,2.0,58.0,0.1666666666666666,3,6.0
1,4.0,4.0,2.0,8.0,5,8,6,1.0,75.0,0.0,3,1.0
2,3.0,4.0,2.0,8.0,5,8,6,1.0,58.0,0.0,3,4.0
2,4.0,4.0,2.0,5.0,5,8,6,2.0,44.0,0.0,3,3.0
1,6.0,4.0,2.0,3.0,5,8,6,1.0,74.0,0.0,3,1.0
1,6.0,4.0,2.0,3.0,5,8,6,0.0,83.0,0.0,3,1.0
2,6.0,3.0,2.0,1.0,5,8,6,2.0,65.0,0.0,3,3.0
1,6.0,3.0,2.0,6.0,5,8,6,2.0,40.0,0.0,3,0.8333333333333334
1,4.0,4.0,2.0,1.0,5,8,6,1.0,86.0,0.0,3,0.1666666666666666
1,4.0,2.0,2.0,1.0,5,8,6,1.0,78.0,0.0,3,1.0
2,5.0,5.0,2.0,5.0,5,8,6,2.0,67.0,0.0,3,2.0
2,4.0,6.0,2.0,3.0,5,8,6,1.0,50.0,0.0,3,4.0
2,6.0,2.0,2.0,5.0,5,8,6,2.0,56.0,0.0,3,2.0
1,6.0,2.0,2.0,3.0,5,8,6,1.0,75.0,0.0,3,0.1428571428571428
1,4.0,4.0,2.0,3.0,5,8,6,1.0,44.0,0.0,3,1.0
2,6.0,1.0,2.0,1.0,5,8,6,1.0,73.0,0.0,3,0.6666666666666666
3,4.0,3.0,2.0,3.0,5,8,6,3.0,62.0,0.0,3,3.0
2,6.0,4.0,2.0,5.0,5,8,6,2.0,54.0,0.0,3,2.0
1,6.0,2.0,2.0,1.0,5,8,6,1.0,63.0,0.0,3,1.0
1,3.0,3.0,2.0,6.0,7,8,6,0.0,91.0,0.0,3,2.0
3,5.0,6.0,2.0,10.0,7,8,6,2.0,72.0,0.0,3,3.0
1,3.0,6.0,2.0,3.0,7,8,6,0.0,65.0,0.25,3,4.0
3,3.0,3.0,2.0,8.0,7,8,6,1.0,61.0,0.0,3,3.0
2,3.0,3.0,2.0,10.0,7,8,6,2.0,43.0,0.6,3,5.0
2,2.0,3.0,2.0,8.0,7,8,6,1.0,55.0,0.0,3,2.0
3,3.0,5.0,2.0,6.0,7,8,6,3.0,53.0,0.0,3,4.0
3,5.0,4.0,2.0,8.0,7,8,6,1.0,43.0,0.25,3,4.0
3,5.0,3.0,2.0,5.0,7,8,6,1.0,71.0,0.3333333333333333,3,6.0
1,3.0,3.0,2.0,4.0,7,8,6,2.0,75.0,0.0,3,2.0
2,2.0,3.0,2.0,10.0,7,8,6,1.0,52.0,0.0,3,2.0
2,2.0,3.0,2.0,10.0,7,8,6,2.0,41.0,0.4,3,5.0
1,5.0,5.0,2.0,3.0,5,8,6,2.0,47.0,0.4,3,5.0
2,4.0,3.0,2.0,3.0,5,8,6,1.0,52.0,0.0,3,3.0
3,4.0,5.0,2.0,10.0,5,8,6,2.0,53.0,0.25,3,4.0
2,6.0,5.0,2.0,4.0,5,8,6,1.0,62.0,0.4,3,0.7142857142857143
1,5.0,4.0,2.0,6.0,7,8,6,2.0,62.0,0.0,3,2.0
1,5.0,1.0,2.0,5.0,7,8,6,0.0,62.0,0.0,3,0.5
2,5.0,3.0,2.0,10.0,7,8,6,2.0,46.0,0.2,3,5.0
3,4.0,7.0,2.0,3.0,5,8,6,3.0,56.0,0.0,3,4.0
1,4.0,2.0,2.0,4.0,5,8,6,1.0,67.0,0.0,3,1.0
2,6.0,1.0,2.0,5.0,5,8,6,2.0,38.0,0.0,3,2.0
1,6.0,4.0,2.0,9.0,5,8,6,1.0,63.0,0.0,3,1.0
1,6.0,4.0,2.0,4.0,5,8,6,1.0,69.0,0.0,3,1.0
1,6.0,2.0,2.0,4.0,5,8,6,1.0,59.0,0.0,3,0.1428571428571428
2,6.0,3.0,2.0,4.0,5,8,6,2.0,75.0,0.0,3,2.0
3,6.0,2.0,2.0,6.0,5,8,6,2.0,40.0,0.25,3,4.0
2,6.0,4.0,2.0,3.0,5,8,6,2.0,83.0,0.0,3,0.25
2,6.0,2.0,2.0,1.0,5,8,6,2.0,80.0,0.0,3,3.0
3,6.0,3.0,2.0,4.0,5,8,6,3.0,58.0,0.0,3,1.0
2,6.0,6.0,2.0,4.0,5,8,6,2.0,57.0,0.0,3,2.0
2,6.0,3.0,2.0,6.0,5,8,6,2.0,56.0,0.0,3,2.0
2,6.0,2.0,2.0,4.0,5,8,6,2.0,38.0,0.5,3,4.0
2,6.0,1.0,2.0,4.0,5,8,6,2.0,74.0,0.0,3,2.0
1,6.0,3.0,2.0,1.0,5,8,6,1.0,54.0,0.5,3,0.25
1,6.0,4.0,2.0,3.0,5,8,6,1.0,55.0,0.0,3,0.125
2,6.0,2.0,2.0,3.0,5,8,6,3.0,56.0,0.0,3,0.5
3,6.0,2.0,2.0,3.0,5,8,6,3.0,53.0,0.0,3,0.5
1,6.0,7.0,2.0,3.0,5,8,6,1.0,36.0,0.5,3,1.3333333333333333
2,4.0,4.0,2.0,3.0,5,8,6,2.0,50.0,0.25,3,0.6666666666666666
1,4.0,1.0,2.0,3.0,5,8,6,1.0,79.0,0.0,3,0.1666666666666666
1,6.0,6.0,2.0,3.0,7,8,6,2.0,62.0,0.0,3,3.0
2,4.0,3.0,2.0,1.0,7,8,6,2.0,51.0,0.0,3,3.0
1,6.0,1.0,2.0,1.0,7,8,6,1.0,78.0,0.0,3,1.0
2,6.0,2.0,2.0,3.0,7,8,6,1.0,73.0,0.0,3,2.0
1,5.0,4.0,2.0,6.0,7,8,6,2.0,66.0,0.0,3,0.4
2,4.0,4.0,2.0,6.0,7,8,6,3.0,67.0,0.0,3,0.6
1,4.0,7.0,2.0,6.0,7,8,6,2.0,72.0,0.0,3,0.4
1,4.0,6.0,2.0,3.0,7,8,6,2.0,80.0,0.0,3,3.0
3,4.0,6.0,2.0,6.0,7,8,6,2.0,47.0,0.2,3,1.0
2,6.0,3.0,2.0,6.0,2,8,6,2.0,73.0,0.0,3,0.5
2,5.0,1.0,2.0,5.0,2,8,6,2.0,49.0,0.0,3,3.0
1,6.0,1.0,2.0,5.0,2,8,6,1.0,41.0,0.0,3,0.5714285714285714
1,5.0,2.0,2.0,8.0,2,8,6,1.0,38.0,0.0,3,0.25
2,3.0,3.0,2.0,8.0,2,8,6,1.0,42.0,0.4,3,5.0
1,5.0,2.0,2.0,6.0,2,8,6,1.0,35.0,0.5,3,4.0
3,5.0,5.0,2.0,4.0,2,8,6,1.0,89.0,0.0,3,3.0
1,5.0,4.0,2.0,6.0,2,8,6,1.0,59.0,0.0,3,1.0
3,5.0,5.0,2.0,4.0,2,8,6,3.0,57.0,0.0,3,6.0
2,3.0,6.0,2.0,10.0,2,8,6,1.0,46.0,0.0,3,3.0
2,3.0,3.0,2.0,10.0,2,8,6,1.0,49.0,0.0,3,4.0
2,5.0,3.0,2.0,10.0,2,8,6,1.0,46.0,0.0,3,3.0
2,3.0,4.0,2.0,10.0,2,8,6,1.0,68.0,0.0,3,3.0
2,3.0,4.0,2.0,4.0,2,8,6,1.0,92.0,0.0,3,3.0
1,5.0,2.0,2.0,8.0,2,8,6,1.0,44.0,0.5,3,2.0
2,5.0,5.0,2.0,10.0,2,8,6,1.0,51.0,0.0,3,4.0
3,5.0,3.0,2.0,3.0,2,8,6,2.0,82.0,0.0,3,3.0
2,3.0,3.0,2.0,6.0,2,8,6,0.0,81.0,0.0,3,2.0
2,3.0,5.0,2.0,10.0,2,8,6,2.0,70.0,0.0,3,4.0
2,3.0,3.0,2.0,8.0,2,8,6,2.0,59.0,0.0,3,2.0
1,3.0,2.0,2.0,6.0,2,8,6,0.0,57.0,0.0,3,1.0
1,5.0,3.0,2.0,3.0,2,8,6,1.0,74.0,0.0,3,1.0
1,5.0,3.0,2.0,5.0,2,8,6,1.0,58.0,0.0,3,1.0
2,3.0,5.0,2.0,6.0,2,8,6,3.0,60.0,0.0,3,5.0
3,5.0,3.0,2.0,3.0,2,8,6,2.0,77.0,0.25,3,4.0
2,5.0,3.0,2.0,5.0,2,8,6,2.0,56.0,0.0,3,4.0
2,3.0,2.0,2.0,4.0,2,8,6,1.0,45.0,0.0,3,2.0
3,5.0,3.0,2.0,5.0,2,8,6,3.0,38.0,0.25,3,4.0
3,5.0,4.0,2.0,3.0,2,8,6,3.0,53.0,0.0,3,5.0
2,3.0,2.0,2.0,10.0,2,8,6,2.0,42.0,0.5,3,4.0
2,5.0,1.0,2.0,6.0,2,8,6,2.0,63.0,0.0,3,4.0
3,3.0,3.0,2.0,4.0,2,8,6,3.0,66.0,0.3333333333333333,3,6.0
1,6.0,1.0,2.0,4.0,2,8,6,1.0,64.0,0.0,3,1.0
1,5.0,3.0,2.0,3.0,2,8,6,0.0,76.0,0.0,3,1.0
2,5.0,3.0,2.0,5.0,2,8,6,2.0,49.0,0.0,3,2.0
3,3.0,5.0,2.0,6.0,2,8,6,3.0,55.0,0.0,3,3.0
2,3.0,7.0,2.0,3.0,2,8,6,1.0,65.0,0.0,3,2.0
1,3.0,4.0,2.0,8.0,2,8,6,1.0,43.0,0.0,3,2.0
1,5.0,2.0,2.0,6.0,2,8,6,1.0,43.0,0.5,3,2.0
2,5.0,5.0,2.0,6.0,2,8,6,1.0,43.0,0.0,3,2.0
1,5.0,2.0,2.0,6.0,2,8,6,1.0,46.0,0.0,3,2.0
2,3.0,4.0,2.0,10.0,2,8,6,2.0,50.0,0.0,3,4.0
2,5.0,2.0,2.0,5.0,2,8,6,2.0,44.0,0.0,3,3.0
1,5.0,2.0,2.0,10.0,2,8,6,1.0,50.0,0.0,3,1.0
2,3.0,5.0,2.0,6.0,2,8,6,1.0,65.0,0.0,3,2.0
3,3.0,3.0,2.0,10.0,2,8,6,2.0,69.0,0.25,3,4.0
1,5.0,2.0,2.0,8.0,2,8,6,1.0,31.0,0.5,3,2.0
3,5.0,2.0,2.0,4.0,2,8,6,2.0,53.0,0.0,3,3.0
2,5.0,1.0,2.0,5.0,2,8,6,2.0,49.0,0.0,3,2.0
1,5.0,2.0,2.0,5.0,2,8,6,1.0,63.0,0.0,3,2.0
1,5.0,2.0,2.0,10.0,2,8,6,0.0,34.0,0.0,3,1.0
2,3.0,3.0,2.0,6.0,2,8,6,1.0,44.0,0.3333333333333333,3,6.0
1,5.0,7.0,2.0,6.0,2,8,6,1.0,42.0,0.3333333333333333,3,3.0
2,5.0,2.0,2.0,6.0,2,8,6,2.0,29.0,0.5,3,4.0
3,3.0,4.0,2.0,10.0,2,8,6,1.0,73.0,0.0,3,3.0
1,3.0,4.0,2.0,8.0,2,8,6,1.0,67.0,0.0,3,2.0
2,5.0,3.0,2.0,3.0,2,8,6,1.0,89.0,0.0,3,2.0
1,5.0,2.0,2.0,6.0,2,8,6,1.0,57.0,0.0,3,1.0
2,5.0,2.0,2.0,6.0,2,8,6,2.0,62.0,0.0,3,2.0
2,3.0,5.0,2.0,6.0,2,8,6,1.0,77.0,0.2,3,5.0
3,5.0,3.0,2.0,6.0,2,8,6,3.0,53.0,0.2,3,5.0
2,3.0,7.0,2.0,10.0,2,8,6,2.0,68.0,0.0,3,5.0
3,5.0,4.0,2.0,5.0,2,8,6,3.0,59.0,0.25,3,4.0
2,5.0,3.0,2.0,6.0,2,8,6,1.0,73.0,0.0,3,3.0
2,3.0,5.0,2.0,6.0,2,8,6,2.0,75.0,0.0,3,2.0
1,6.0,3.0,2.0,6.0,2,8,6,1.0,46.0,0.0,3,3.0
1,3.0,3.0,2.0,3.0,2,8,6,1.0,83.0,0.0,3,1.0
2,3.0,4.0,2.0,6.0,2,8,6,1.0,56.0,0.0,3,2.0
1,3.0,5.0,2.0,8.0,2,8,6,1.0,57.0,0.0,3,1.0
3,3.0,7.0,2.0,10.0,2,8,6,1.0,65.0,0.0,3,4.0
1,6.0,3.0,2.0,4.0,2,8,6,0.0,93.0,0.0,3,2.0
2,5.0,3.0,2.0,5.0,2,8,6,2.0,44.0,0.25,3,4.0
1,5.0,2.0,2.0,3.0,2,8,6,1.0,75.0,0.0,3,1.0
1,5.0,2.0,2.0,1.0,2,8,6,1.0,63.0,0.0,3,1.0
3,6.0,2.0,2.0,7.0,2,8,6,2.0,51.0,0.0,3,3.0
1,3.0,3.0,2.0,6.0,2,8,6,1.0,50.0,0.0,3,1.0
1,6.0,2.0,2.0,6.0,2,8,6,1.0,67.0,0.0,3,0.25
3,5.0,4.0,2.0,6.0,5,8,6,3.0,68.0,0.0,3,3.0
3,3.0,6.0,2.0,10.0,5,8,6,1.0,67.0,0.0,3,5.0
2,2.0,5.0,2.0,10.0,5,8,6,2.0,55.0,0.0,3,2.0
3,5.0,5.0,2.0,9.0,5,8,6,1.0,61.0,0.0,3,4.0
2,4.0,2.0,2.0,8.0,5,8,6,0.0,67.0,0.0,3,2.0
3,2.0,3.0,2.0,4.0,5,8,6,2.0,61.0,0.0,3,3.0
2,5.0,5.0,2.0,6.0,5,8,6,1.0,41.0,0.0,3,4.0
1,5.0,3.0,2.0,10.0,5,8,6,0.0,85.0,0.0,3,1.0
2,3.0,7.0,2.0,10.0,5,8,6,2.0,51.0,0.3333333333333333,3,3.0
2,3.0,4.0,2.0,8.0,5,8,6,1.0,84.0,0.0,3,3.0
2,5.0,7.0,2.0,10.0,5,8,6,2.0,50.0,0.0,3,3.0
1,3.0,2.0,2.0,6.0,5,8,6,1.0,51.0,0.0,3,2.0
2,5.0,4.0,2.0,3.0,5,8,6,0.0,77.0,0.0,3,2.0
1,5.0,2.0,2.0,6.0,5,8,6,1.0,51.0,0.0,3,0.25
1,3.0,5.0,2.0,6.0,5,8,6,1.0,67.0,0.0,3,1.0
3,5.0,6.0,2.0,3.0,5,8,6,2.0,44.0,0.3333333333333333,3,6.0
1,5.0,3.0,2.0,5.0,5,8,6,1.0,52.0,0.0,3,1.0
3,5.0,4.0,2.0,6.0,5,8,6,3.0,54.0,0.0,3,3.0
2,2.0,5.0,2.0,10.0,5,8,6,0.0,72.0,0.0,3,2.0
2,1.0,6.0,2.0,3.0,5,8,6,1.0,66.0,0.0,3,2.0
2,1.0,3.0,2.0,6.0,5,8,6,2.0,35.0,0.6,3,5.0
2,1.0,3.0,2.0,3.0,5,8,6,2.0,57.0,0.3333333333333333,3,3.0
3,3.0,3.0,2.0,3.0,5,8,6,3.0,53.0,0.25,3,4.0
2,5.0,5.0,2.0,6.0,5,8,6,2.0,64.0,0.0,3,2.0
1,6.0,7.0,2.0,9.0,5,8,6,1.0,81.0,0.0,3,2.0
3,6.0,3.0,2.0,3.0,5,8,6,3.0,51.0,0.0,3,3.0
1,5.0,3.0,2.0,6.0,5,8,6,2.0,42.0,0.4,3,5.0
3,5.0,1.0,2.0,5.0,5,8,6,1.0,39.0,0.25,3,4.0
2,6.0,2.0,2.0,6.0,5,8,6,2.0,48.0,0.0,3,1.5
2,5.0,3.0,2.0,6.0,5,8,6,1.0,57.0,0.0,3,1.0
1,6.0,2.0,2.0,3.0,5,8,6,1.0,58.0,0.0,3,6.0
1,5.0,5.0,2.0,6.0,5,8,6,1.0,72.0,0.0,3,2.0
2,5.0,2.0,2.0,6.0,5,8,6,2.0,27.0,0.0,3,2.0
1,6.0,3.0,2.0,1.0,5,8,6,1.0,83.0,0.0,3,2.0
3,5.0,3.0,2.0,4.0,5,8,6,3.0,50.0,0.1428571428571428,3,7.0
3,4.0,2.0,2.0,3.0,7,8,6,3.0,59.0,0.25,3,2.0
1,5.0,3.0,2.0,6.0,7,8,6,2.0,53.0,0.3333333333333333,3,0.4285714285714285
2,6.0,4.0,2.0,9.0,7,8,6,1.0,61.0,0.375,3,8.0
1,5.0,4.0,2.0,3.0,7,8,6,2.0,48.0,0.0,3,2.0
1,5.0,2.0,2.0,10.0,7,8,6,1.0,26.0,0.0,3,1.0
2,6.0,3.0,2.0,5.0,5,8,6,1.0,60.0,0.0,3,2.0
1,5.0,4.0,2.0,3.0,5,8,6,1.0,76.0,0.0,3,1.0
1,4.0,2.0,2.0,6.0,5,8,6,2.0,44.0,0.3333333333333333,3,6.0
2,6.0,1.0,2.0,10.0,5,8,6,2.0,48.0,0.3333333333333333,3,3.0
2,6.0,4.0,2.0,3.0,5,8,6,1.0,60.0,0.0,3,2.0
3,5.0,4.0,2.0,4.0,5,8,6,2.0,64.0,0.0,3,3.0
1,6.0,2.0,2.0,3.0,5,8,6,2.0,79.0,0.0,3,2.0
1,6.0,2.0,2.0,4.0,5,8,6,1.0,53.0,0.0,3,1.0
2,4.0,5.0,2.0,3.0,5,8,6,3.0,61.0,0.0,3,3.0
1,4.0,2.0,2.0,4.0,5,8,6,1.0,68.0,0.0,3,1.0
2,6.0,2.0,2.0,3.0,5,8,6,2.0,59.0,0.5,3,0.6666666666666666
2,4.0,3.0,2.0,3.0,5,8,6,2.0,67.0,0.0,3,0.3333333333333333
1,4.0,1.0,2.0,7.0,5,8,6,1.0,54.0,0.0,3,1.0
3,5.0,3.0,2.0,5.0,5,8,6,3.0,57.0,0.0,3,3.0
2,5.0,2.0,2.0,3.0,5,8,6,2.0,60.0,0.0,3,2.0
1,4.0,2.0,2.0,6.0,5,8,6,2.0,27.0,0.3333333333333333,3,3.0
2,6.0,3.0,2.0,5.0,5,8,6,2.0,57.0,0.0,3,2.0
2,5.0,2.0,2.0,6.0,7,8,6,2.0,29.0,0.3333333333333333,3,3.0
3,5.0,3.0,2.0,6.0,7,8,6,3.0,45.0,0.4,3,5.0
3,6.0,4.0,2.0,3.0,7,8,6,0.0,38.0,0.5,3,6.0
3,6.0,2.0,2.0,5.0,7,8,6,2.0,38.0,0.25,3,4.0
2,5.0,3.0,2.0,4.0,7,8,6,1.0,54.0,0.0,3,4.0
2,6.0,3.0,2.0,5.0,7,8,6,1.0,46.0,0.0,3,4.0
2,4.0,5.0,2.0,6.0,7,8,6,1.0,69.0,0.0,3,0.3333333333333333
2,5.0,2.0,2.0,8.0,1,8,6,0.0,83.0,0.0,3,2.0
2,1.0,3.0,2.0,10.0,1,8,6,2.0,69.0,0.0,3,2.0
1,1.0,3.0,2.0,8.0,1,8,6,1.0,73.0,0.0,3,1.0
2,2.0,5.0,2.0,6.0,1,8,6,2.0,46.0,0.0,3,4.0
1,5.0,2.0,2.0,4.0,1,8,6,1.0,51.0,0.0,3,3.0
3,5.0,4.0,2.0,5.0,1,8,6,3.0,57.0,0.0,3,3.0
2,5.0,5.0,2.0,6.0,1,8,6,2.0,65.0,0.0,3,2.0
2,5.0,6.0,2.0,3.0,1,8,6,2.0,60.0,0.0,3,2.0
3,5.0,3.0,2.0,6.0,1,8,6,1.0,64.0,0.0,3,3.0
2,5.0,4.0,2.0,6.0,1,8,6,1.0,59.0,0.0,3,3.0
1,5.0,3.0,2.0,3.0,1,8,6,1.0,72.0,0.0,3,1.0
3,5.0,4.0,2.0,6.0,1,8,6,2.0,52.0,0.0,3,5.0
2,5.0,4.0,2.0,3.0,1,8,6,2.0,75.0,0.0,3,2.0
3,5.0,3.0,2.0,6.0,1,8,6,1.0,47.0,0.2,3,5.0
2,1.0,4.0,2.0,10.0,1,8,6,1.0,42.0,0.0,3,2.0
3,1.0,4.0,2.0,10.0,1,8,6,3.0,49.0,0.0,3,5.0
1,5.0,3.0,2.0,6.0,1,8,6,1.0,56.0,0.0,3,1.0
3,5.0,4.0,2.0,8.0,1,8,6,3.0,32.0,0.25,3,4.0
2,6.0,5.0,2.0,5.0,1,8,6,2.0,36.0,0.0,3,2.0
2,6.0,3.0,2.0,5.0,1,8,6,1.0,65.0,0.0,3,0.6666666666666666
2,5.0,4.0,2.0,6.0,1,8,6,2.0,33.0,0.3333333333333333,3,1.0
2,5.0,3.0,2.0,4.0,1,8,6,2.0,35.0,0.5,3,1.3333333333333333
2,5.0,4.0,2.0,4.0,1,8,6,2.0,64.0,0.0,3,3.0
1,5.0,5.0,2.0,4.0,1,8,6,2.0,59.0,0.0,3,2.0
3,6.0,3.0,2.0,6.0,1,8,6,2.0,48.0,0.0,3,4.0
2,3.0,3.0,2.0,6.0,1,8,6,3.0,48.0,0.0,3,3.0
1,5.0,3.0,2.0,6.0,1,8,6,1.0,55.0,0.0,3,2.0
2,5.0,3.0,2.0,10.0,1,8,6,0.0,49.0,0.0,3,3.0
2,5.0,4.0,2.0,8.0,1,8,6,2.0,52.0,0.25,3,4.0
2,5.0,2.0,2.0,6.0,1,8,6,0.0,74.0,0.0,3,2.0
2,2.0,6.0,2.0,6.0,1,8,6,2.0,61.0,0.0,3,3.0
1,2.0,2.0,2.0,8.0,1,8,6,0.0,70.0,0.0,3,1.0
2,5.0,3.0,2.0,5.0,1,8,6,1.0,66.0,0.0,3,2.0
1,5.0,2.0,2.0,6.0,1,8,6,2.0,41.0,0.25,3,4.0
2,2.0,3.0,2.0,4.0,1,8,6,1.0,64.0,0.0,3,3.0
2,5.0,2.0,2.0,10.0,1,8,6,2.0,30.0,0.4,3,5.0
1,5.0,2.0,2.0,6.0,4,8,6,1.0,69.0,0.0,3,1.0
1,6.0,1.0,2.0,3.0,4,8,6,1.0,79.0,0.0,3,1.0
2,6.0,3.0,2.0,4.0,4,8,6,1.0,72.0,0.0,3,2.0
3,5.0,5.0,2.0,4.0,4,8,6,3.0,61.0,0.0,3,3.0
2,2.0,5.0,2.0,4.0,4,8,6,1.0,64.0,0.0,3,2.0
1,5.0,4.0,2.0,4.0,4,8,6,1.0,38.0,0.0,3,3.0
2,6.0,4.0,2.0,3.0,4,8,6,3.0,57.0,0.0,3,4.0
1,6.0,2.0,2.0,1.0,4,8,6,1.0,63.0,0.0,3,1.0
2,5.0,4.0,2.0,3.0,4,8,6,2.0,38.0,0.4,3,5.0
3,5.0,4.0,2.0,6.0,4,8,6,3.0,58.0,0.4,3,5.0
2,5.0,5.0,2.0,1.0,4,8,6,2.0,38.0,0.25,3,4.0
1,5.0,1.0,2.0,3.0,4,8,6,1.0,61.0,0.0,3,1.0
2,5.0,3.0,2.0,1.0,4,8,6,2.0,30.0,0.6,3,5.0
2,6.0,2.0,2.0,4.0,4,8,6,2.0,54.0,0.0,3,2.0
1,6.0,3.0,2.0,5.0,4,8,6,1.0,71.0,0.0,3,1.0
2,6.0,4.0,2.0,6.0,4,8,6,2.0,55.0,0.2,3,5.0
1,6.0,2.0,2.0,9.0,4,8,6,0.0,59.0,0.0,3,3.0
2,6.0,1.0,2.0,3.0,1,8,6,2.0,49.0,0.0,3,2.0
3,5.0,5.0,2.0,4.0,1,8,6,3.0,47.0,0.0,3,3.0
2,5.0,3.0,2.0,10.0,1,8,6,3.0,42.0,0.5,3,6.0
2,3.0,3.0,2.0,4.0,1,8,6,1.0,80.0,0.0,3,3.0
1,5.0,2.0,2.0,10.0,1,8,6,1.0,65.0,0.0,3,4.0
1,5.0,4.0,2.0,6.0,1,8,6,1.0,65.0,0.0,3,2.0
2,5.0,4.0,2.0,6.0,1,8,6,0.0,79.0,0.0,3,6.0
1,5.0,2.0,2.0,10.0,1,8,6,1.0,64.0,0.0,3,1.0
2,3.0,3.0,2.0,10.0,1,8,6,1.0,44.0,0.5,3,4.0
1,5.0,4.0,2.0,8.0,1,8,6,1.0,69.0,0.0,3,2.0
1,5.0,3.0,2.0,4.0,1,8,6,1.0,56.0,0.0,3,1.0
2,5.0,3.0,2.0,3.0,1,8,6,1.0,71.0,0.0,3,2.0
2,3.0,4.0,2.0,6.0,1,8,6,1.0,55.0,0.0,3,3.0
1,4.0,3.0,2.0,6.0,1,8,6,0.0,64.0,0.0,3,1.0
3,3.0,5.0,2.0,6.0,1,8,6,2.0,76.0,0.0,3,6.0
1,2.0,3.0,2.0,5.0,1,8,6,0.0,78.0,0.0,3,2.0
1,5.0,4.0,2.0,6.0,1,8,6,0.0,52.0,0.0,3,3.0
2,3.0,2.0,2.0,6.0,1,8,6,1.0,81.0,0.0,3,3.0
2,3.0,6.0,2.0,6.0,1,8,6,0.0,73.0,0.0,3,4.0
2,3.0,4.0,2.0,5.0,1,8,6,1.0,66.0,0.0,3,4.0
3,5.0,4.0,2.0,4.0,1,8,6,2.0,84.0,0.0,3,3.0
2,5.0,4.0,2.0,5.0,1,8,6,0.0,57.0,0.3333333333333333,3,3.0
1,5.0,4.0,2.0,6.0,1,8,6,0.0,60.0,0.0,3,1.0
1,5.0,5.0,2.0,8.0,1,8,6,1.0,53.0,0.3333333333333333,3,6.0
1,5.0,2.0,2.0,7.0,1,8,6,0.0,44.0,0.3333333333333333,3,3.0
1,3.0,5.0,2.0,6.0,1,8,6,1.0,59.0,0.0,3,1.0
1,3.0,3.0,2.0,5.0,1,8,6,1.0,88.0,0.0,3,2.0
2,3.0,3.0,2.0,10.0,1,8,6,3.0,62.0,0.0,3,3.0
1,5.0,2.0,2.0,6.0,1,8,6,0.0,59.0,0.0,3,1.0
1,5.0,1.0,2.0,4.0,1,8,6,1.0,66.0,0.0,3,0.5
2,3.0,3.0,2.0,5.0,1,8,6,1.0,66.0,0.0,3,3.0
2,5.0,5.0,2.0,5.0,1,8,6,1.0,55.0,0.0,3,3.0
2,3.0,3.0,2.0,6.0,1,8,6,2.0,64.0,0.0,3,3.0
1,3.0,4.0,2.0,8.0,1,8,6,1.0,68.0,0.0,3,2.0
3,5.0,5.0,2.0,7.0,1,8,6,2.0,69.0,0.0,3,3.0
2,3.0,4.0,2.0,6.0,1,8,6,2.0,52.0,0.0,3,4.0
2,3.0,3.0,2.0,8.0,1,8,6,0.0,58.0,0.0,3,3.0
2,5.0,4.0,2.0,3.0,1,8,6,3.0,59.0,0.0,3,3.0
1,5.0,3.0,2.0,3.0,1,8,6,0.0,65.0,0.0,3,2.0
2,5.0,3.0,2.0,8.0,1,8,6,0.0,62.0,0.0,3,2.0
3,5.0,4.0,2.0,8.0,1,8,6,2.0,71.0,0.0,3,4.0
2,5.0,6.0,2.0,3.0,1,8,6,1.0,90.0,0.0,3,3.0
1,5.0,6.0,2.0,10.0,1,8,6,0.0,54.0,0.0,3,2.0
1,5.0,3.0,2.0,5.0,1,8,6,1.0,63.0,0.0,3,1.0
3,5.0,3.0,2.0,6.0,1,8,6,1.0,49.0,0.2,3,5.0
2,3.0,3.0,2.0,6.0,1,8,6,0.0,50.0,0.0,3,3.0
1,3.0,4.0,2.0,10.0,1,8,6,1.0,47.0,0.25,3,4.0
2,5.0,3.0,2.0,5.0,1,8,6,2.0,51.0,0.0,3,3.0
3,6.0,3.0,2.0,3.0,1,8,6,3.0,63.0,0.2857142857142857,3,7.0
1,6.0,4.0,2.0,1.0,1,8,6,1.0,76.0,0.0,3,2.0
3,5.0,4.0,2.0,6.0,1,8,6,2.0,43.0,0.0,3,3.0
2,5.0,3.0,2.0,3.0,1,8,6,2.0,71.0,0.0,3,2.0
1,3.0,2.0,2.0,4.0,1,8,6,1.0,62.0,0.0,3,1.0
1,6.0,2.0,2.0,4.0,1,8,6,1.0,51.0,0.0,3,1.0
2,5.0,5.0,2.0,5.0,1,8,6,3.0,56.0,0.0,3,3.0
2,6.0,1.0,2.0,1.0,1,8,6,0.0,82.0,0.0,3,2.0
3,5.0,1.0,2.0,3.0,1,8,6,3.0,53.0,0.2,3,5.0
2,6.0,1.0,2.0,4.0,1,8,6,2.0,67.0,0.0,3,0.4
2,5.0,4.0,2.0,4.0,1,8,6,3.0,38.0,0.3333333333333333,3,6.0
2,5.0,1.0,2.0,5.0,1,8,6,3.0,38.0,0.2,3,5.0
1,6.0,2.0,2.0,6.0,1,8,6,1.0,70.0,0.0,3,0.1428571428571428
2,6.0,3.0,2.0,3.0,1,8,6,2.0,60.0,0.0,3,2.0
3,6.0,3.0,2.0,6.0,1,8,6,3.0,41.0,0.25,3,4.0
1,3.0,3.0,2.0,10.0,8,8,6,0.0,65.0,0.0,3,1.0
2,4.0,3.0,2.0,10.0,8,8,6,1.0,50.0,0.0,3,2.0
1,3.0,3.0,2.0,6.0,8,8,6,1.0,67.0,0.0,3,1.0
3,3.0,4.0,2.0,5.0,8,8,6,2.0,72.0,0.0,3,5.0
2,3.0,2.0,2.0,10.0,8,8,6,1.0,74.0,0.0,3,2.0
3,5.0,4.0,2.0,10.0,8,8,6,3.0,25.0,0.0,3,4.0
1,5.0,1.0,2.0,6.0,8,8,6,1.0,41.0,0.0,3,0.25
2,3.0,3.0,2.0,10.0,8,8,6,0.0,65.0,0.0,3,2.0
2,1.0,6.0,2.0,10.0,8,8,6,2.0,66.0,0.0,3,2.0
3,5.0,4.0,2.0,6.0,8,8,6,1.0,65.0,0.0,3,5.0
2,5.0,1.0,2.0,8.0,8,8,6,1.0,65.0,0.0,3,1.0
2,5.0,3.0,2.0,10.0,8,8,6,1.0,74.0,0.0,3,4.0
1,3.0,4.0,2.0,10.0,8,8,6,1.0,50.0,0.0,3,3.0
3,1.0,4.0,2.0,6.0,8,8,6,3.0,53.0,0.0,3,4.0
2,1.0,3.0,2.0,6.0,8,8,6,1.0,55.0,0.0,3,2.0
1,2.0,3.0,2.0,6.0,8,8,6,1.0,69.0,0.0,3,1.0
2,5.0,3.0,2.0,5.0,8,8,6,3.0,64.0,0.0,3,3.0
1,5.0,3.0,2.0,5.0,8,8,6,1.0,65.0,0.0,3,1.0
3,3.0,5.0,2.0,6.0,8,8,6,3.0,66.0,0.0,3,3.0
1,3.0,3.0,2.0,6.0,8,8,6,1.0,70.0,0.0,3,1.0
2,2.0,4.0,2.0,6.0,8,8,6,2.0,49.0,0.0,3,4.0
2,2.0,4.0,2.0,8.0,8,8,6,2.0,50.0,0.0,3,4.0
2,2.0,4.0,2.0,6.0,8,8,6,2.0,48.0,0.3333333333333333,3,3.0
2,5.0,3.0,2.0,4.0,8,8,6,2.0,48.0,0.3333333333333333,3,3.0
2,5.0,2.0,2.0,6.0,8,8,6,2.0,50.0,0.0,3,2.0
2,5.0,5.0,2.0,6.0,8,8,6,1.0,72.0,0.0,3,2.0
2,2.0,4.0,2.0,10.0,8,8,6,1.0,42.0,0.0,3,2.0
1,2.0,3.0,2.0,6.0,8,8,6,2.0,42.0,0.0,3,3.0
3,3.0,4.0,2.0,4.0,8,8,6,3.0,66.0,0.1666666666666666,3,6.0
2,5.0,3.0,2.0,1.0,8,8,6,2.0,61.0,0.0,3,2.0
3,5.0,3.0,2.0,6.0,8,8,6,3.0,69.0,0.0,3,3.0
1,1.0,4.0,2.0,6.0,8,8,6,0.0,71.0,0.0,3,2.0
2,5.0,3.0,2.0,3.0,8,8,6,0.0,70.0,0.0,3,2.0
3,1.0,7.0,2.0,10.0,8,8,6,1.0,83.0,0.0,3,5.0
2,3.0,4.0,2.0,10.0,8,8,6,1.0,71.0,0.0,3,3.0
1,5.0,4.0,2.0,3.0,8,8,6,0.0,83.0,0.0,3,1.0
3,1.0,5.0,2.0,6.0,8,8,6,2.0,75.0,0.0,3,4.0
1,3.0,3.0,2.0,10.0,8,8,6,0.0,71.0,0.0,3,2.0
2,1.0,4.0,2.0,6.0,8,8,6,1.0,84.0,0.0,3,2.0
2,3.0,2.0,2.0,9.0,8,8,6,0.0,79.0,0.0,3,2.0
2,5.0,5.0,2.0,8.0,8,8,6,2.0,51.0,0.0,3,2.0
2,1.0,7.0,2.0,6.0,8,8,6,0.0,76.0,0.0,3,2.0
2,3.0,4.0,2.0,10.0,8,8,6,0.0,70.0,0.0,3,3.0
2,1.0,3.0,2.0,10.0,8,8,6,2.0,63.0,0.0,3,3.0
3,2.0,6.0,2.0,6.0,8,8,6,2.0,64.0,0.25,3,4.0
2,1.0,3.0,2.0,3.0,8,8,6,1.0,81.0,0.0,3,3.0
1,5.0,4.0,2.0,7.0,8,8,6,1.0,70.0,0.0,3,1.0
3,5.0,3.0,2.0,5.0,8,8,6,3.0,52.0,0.0,3,3.0
3,3.0,4.0,2.0,5.0,8,8,6,3.0,61.0,0.2857142857142857,3,7.0
1,3.0,3.0,2.0,6.0,8,8,6,1.0,39.0,0.25,3,4.0
3,1.0,2.0,2.0,6.0,8,8,6,2.0,92.0,0.25,3,4.0
1,1.0,4.0,2.0,9.0,8,8,6,0.0,78.0,0.0,3,1.0
1,7.0,7.0,2.0,8.0,8,8,6,0.0,80.0,0.0,3,2.0
3,3.0,5.0,2.0,6.0,8,8,6,1.0,69.0,0.0,3,3.0
2,2.0,5.0,2.0,10.0,8,8,6,2.0,43.0,0.5,3,4.0
2,3.0,5.0,2.0,8.0,8,8,6,1.0,77.0,0.25,3,4.0
1,1.0,3.0,2.0,10.0,8,8,6,1.0,69.0,0.0,3,3.0
2,3.0,4.0,2.0,9.0,8,8,6,1.0,60.0,0.2,3,5.0
2,1.0,5.0,2.0,6.0,8,8,6,1.0,69.0,0.0,3,5.0
2,2.0,5.0,2.0,4.0,8,8,6,1.0,87.0,0.0,3,4.0
2,1.0,5.0,2.0,9.0,8,8,6,2.0,48.0,0.0,3,4.0
1,3.0,2.0,2.0,10.0,8,8,6,1.0,59.0,0.0,3,1.0
1,1.0,6.0,2.0,6.0,8,8,6,0.0,87.0,0.0,3,2.0
1,3.0,3.0,2.0,10.0,8,8,6,1.0,62.0,0.0,3,2.0
2,3.0,3.0,2.0,6.0,8,8,6,1.0,56.0,0.0,3,2.0
1,3.0,3.0,2.0,6.0,8,8,6,2.0,54.0,0.3333333333333333,3,3.0
1,5.0,2.0,2.0,10.0,8,8,6,1.0,54.0,0.0,3,1.0
1,6.0,3.0,2.0,6.0,8,8,6,1.0,29.0,0.5,3,2.0
2,5.0,4.0,2.0,5.0,8,8,6,2.0,61.0,0.0,3,2.0
1,3.0,4.0,2.0,9.0,8,8,6,0.0,72.0,0.0,3,2.0
1,3.0,3.0,2.0,10.0,8,8,6,1.0,58.0,0.0,3,3.0
2,3.0,4.0,2.0,4.0,8,8,6,1.0,72.0,0.3333333333333333,3,3.0
2,3.0,3.0,2.0,6.0,8,8,6,1.0,74.0,0.0,3,2.0
3,5.0,5.0,2.0,8.0,8,8,6,2.0,40.0,0.0,3,3.0
1,3.0,5.0,2.0,6.0,8,8,6,0.0,76.0,0.1666666666666666,3,6.0
1,3.0,5.0,2.0,6.0,8,8,6,0.0,58.0,0.0,3,1.0
1,3.0,5.0,2.0,10.0,8,8,6,1.0,53.0,0.0,3,4.0
2,2.0,4.0,2.0,6.0,8,8,6,2.0,60.0,0.0,3,4.0
2,3.0,3.0,2.0,6.0,8,8,6,2.0,46.0,0.2,3,5.0
1,6.0,2.0,2.0,10.0,8,8,6,1.0,23.0,0.0,3,1.0
3,3.0,4.0,2.0,6.0,8,8,6,3.0,61.0,0.0,3,3.0
1,1.0,4.0,2.0,10.0,8,8,6,0.0,84.0,0.0,3,1.0
1,2.0,5.0,2.0,10.0,8,8,6,0.0,71.0,0.0,3,1.0
1,3.0,4.0,2.0,10.0,8,8,6,1.0,42.0,0.0,3,3.0
3,3.0,4.0,2.0,8.0,8,8,6,2.0,63.0,0.0,3,4.0
1,2.0,4.0,2.0,10.0,8,8,6,1.0,72.0,0.0,3,2.0
2,3.0,4.0,2.0,5.0,8,8,6,1.0,80.0,0.0,3,3.0
3,5.0,4.0,2.0,10.0,8,8,6,2.0,70.0,0.2,3,5.0
1,5.0,2.0,2.0,6.0,8,8,6,1.0,39.0,0.3333333333333333,3,3.0
2,5.0,3.0,2.0,4.0,8,8,6,2.0,45.0,0.0,3,3.0
1,5.0,3.0,2.0,8.0,8,8,6,1.0,42.0,0.3333333333333333,3,3.0
1,5.0,4.0,2.0,4.0,8,8,6,2.0,45.0,0.0,3,3.0
2,5.0,4.0,2.0,6.0,8,8,6,1.0,50.0,0.25,3,4.0
2,3.0,4.0,2.0,8.0,8,8,6,2.0,68.0,0.0,3,2.0
2,1.0,3.0,2.0,6.0,8,8,6,0.0,68.0,0.0,3,2.0
1,1.0,3.0,2.0,10.0,8,8,6,1.0,29.0,0.0,3,3.0
2,2.0,3.0,2.0,8.0,8,8,6,2.0,46.0,0.0,3,2.0
2,5.0,2.0,2.0,6.0,8,8,6,1.0,72.0,0.0,3,2.0
1,1.0,7.0,2.0,6.0,8,8,6,1.0,63.0,0.0,3,1.0
2,5.0,6.0,2.0,6.0,8,8,6,2.0,50.0,0.125,3,8.0
2,5.0,4.0,2.0,8.0,8,8,6,2.0,28.0,0.25,3,4.0
2,3.0,5.0,2.0,9.0,8,8,6,2.0,45.0,0.2,3,5.0
2,5.0,3.0,2.0,6.0,8,8,6,2.0,68.0,0.0,3,2.0
2,3.0,3.0,2.0,4.0,8,8,6,1.0,73.0,0.0,3,2.0
3,5.0,3.0,2.0,7.0,8,8,6,3.0,72.0,0.0,3,4.0
1,3.0,2.0,2.0,8.0,8,8,6,0.0,80.0,0.0,3,2.0
2,5.0,2.0,2.0,5.0,8,8,6,2.0,37.0,0.3333333333333333,3,3.0
2,5.0,4.0,2.0,5.0,8,8,6,1.0,30.0,0.0,3,3.0
1,3.0,4.0,2.0,4.0,2,8,6,0.0,90.0,0.0,3,2.0
2,4.0,6.0,2.0,4.0,2,8,6,0.0,82.0,0.0,3,3.0
2,3.0,4.0,2.0,10.0,2,8,6,3.0,76.0,0.0,3,3.0
1,3.0,3.0,2.0,4.0,2,8,6,1.0,62.0,0.0,3,2.0
1,3.0,3.0,2.0,4.0,2,8,6,0.0,77.0,0.0,3,2.0
1,5.0,3.0,2.0,6.0,2,8,6,1.0,67.0,0.0,3,1.0
2,5.0,6.0,2.0,8.0,2,8,6,1.0,71.0,0.0,3,3.0
1,3.0,3.0,2.0,4.0,2,8,6,0.0,88.0,0.0,3,1.0
1,5.0,1.0,2.0,3.0,2,8,6,0.0,82.0,0.0,3,1.0
2,3.0,7.0,2.0,5.0,2,8,6,0.0,81.0,0.0,3,2.0
2,5.0,4.0,2.0,5.0,2,8,6,3.0,64.0,0.0,3,5.0
2,5.0,5.0,2.0,8.0,2,8,6,1.0,36.0,0.3333333333333333,3,3.0
1,6.0,3.0,2.0,8.0,2,8,6,1.0,34.0,0.0,3,3.0
2,5.0,5.0,2.0,5.0,2,8,6,2.0,51.0,0.0,3,4.0
3,5.0,5.0,2.0,5.0,2,8,6,2.0,60.0,0.2,3,5.0
1,5.0,2.0,2.0,4.0,2,8,6,1.0,66.0,0.0,3,1.0
1,5.0,4.0,2.0,3.0,2,8,6,1.0,73.0,0.0,3,2.0
3,5.0,3.0,2.0,5.0,2,8,6,3.0,72.0,0.0,3,4.0
2,5.0,1.0,2.0,10.0,2,8,6,1.0,36.0,0.5,3,4.0
1,5.0,5.0,2.0,4.0,2,8,6,1.0,54.0,0.0,3,4.0
3,5.0,5.0,2.0,5.0,2,8,6,1.0,66.0,0.0,3,3.0
2,3.0,4.0,2.0,7.0,2,8,6,2.0,40.0,0.4,3,5.0
2,6.0,6.0,2.0,6.0,2,8,6,1.0,65.0,0.0,3,2.0
3,5.0,4.0,2.0,6.0,2,8,6,3.0,49.0,0.0,3,4.0
1,5.0,3.0,2.0,3.0,2,8,6,1.0,66.0,0.0,3,8.0
1,5.0,1.0,2.0,8.0,2,8,6,0.0,58.0,0.0,3,3.0
2,3.0,3.0,2.0,3.0,2,8,6,2.0,75.0,0.25,3,4.0
2,6.0,2.0,2.0,6.0,2,8,6,2.0,51.0,0.3333333333333333,3,1.5
2,5.0,4.0,2.0,4.0,2,8,6,2.0,61.0,0.0,3,0.5
1,3.0,2.0,2.0,8.0,2,8,6,1.0,50.0,0.0,3,0.25
1,5.0,4.0,2.0,4.0,2,8,6,1.0,47.0,0.0,3,3.0
1,5.0,3.0,2.0,6.0,2,8,6,1.0,40.0,0.0,3,1.0
2,6.0,3.0,2.0,5.0,2,8,6,1.0,65.0,0.0,3,0.5
2,5.0,2.0,2.0,6.0,2,8,6,1.0,23.0,0.25,3,1.0
1,3.0,6.0,2.0,10.0,2,8,6,2.0,51.0,0.0,3,3.0
1,5.0,2.0,2.0,4.0,5,8,6,1.0,72.0,0.0,3,2.0
1,3.0,4.0,2.0,7.0,5,8,6,1.0,50.0,0.0,3,1.0
1,5.0,4.0,2.0,4.0,5,8,6,1.0,48.0,0.0,3,3.0
3,5.0,2.0,2.0,3.0,5,8,6,3.0,58.0,0.0,3,3.0
2,5.0,3.0,2.0,8.0,5,8,6,0.0,84.0,0.0,3,2.0
1,6.0,2.0,2.0,3.0,2,8,6,1.0,74.0,0.0,3,0.4285714285714285
2,5.0,5.0,2.0,4.0,2,8,6,1.0,51.0,0.0,3,2.0
2,6.0,3.0,2.0,3.0,2,8,6,0.0,84.0,0.0,3,2.0
1,5.0,2.0,2.0,6.0,5,8,6,2.0,51.0,0.3333333333333333,3,0.375
2,6.0,2.0,2.0,4.0,5,8,6,3.0,58.0,0.0,3,0.5
2,5.0,1.0,2.0,4.0,5,8,6,0.0,82.0,0.0,3,1.0
2,5.0,1.0,2.0,3.0,5,8,6,1.0,83.0,0.0,3,3.0
1,5.0,4.0,2.0,4.0,5,8,6,1.0,71.0,0.0,3,2.0
2,5.0,2.0,2.0,4.0,5,8,6,0.0,87.0,0.0,3,2.0
1,6.0,2.0,2.0,4.0,5,8,6,1.0,84.0,0.0,3,1.0
1,6.0,2.0,2.0,6.0,5,8,6,1.0,70.0,0.0,3,2.0
2,6.0,3.0,2.0,6.0,5,8,6,2.0,66.0,0.0,3,2.0
2,6.0,2.0,2.0,4.0,5,8,6,2.0,80.0,0.0,3,2.0
2,5.0,3.0,2.0,5.0,5,8,6,2.0,60.0,0.0,3,2.0
1,4.0,3.0,2.0,5.0,5,8,6,3.0,38.0,0.0,3,4.0
1,5.0,2.0,2.0,4.0,5,8,6,1.0,57.0,0.0,3,2.0
1,5.0,1.0,2.0,5.0,5,8,6,1.0,79.0,0.0,3,0.125
3,5.0,1.0,2.0,3.0,5,8,6,3.0,32.0,0.2,3,0.625
1,5.0,3.0,2.0,6.0,5,8,6,2.0,61.0,0.0,3,2.0
2,3.0,4.0,2.0,10.0,7,8,6,2.0,46.0,0.5,3,4.0
2,5.0,4.0,2.0,6.0,7,8,6,1.0,69.0,0.25,3,4.0
2,5.0,5.0,2.0,6.0,7,8,6,1.0,53.0,0.0,3,0.5
2,2.0,2.0,2.0,8.0,7,8,6,2.0,39.0,0.0,3,2.0
3,2.0,5.0,2.0,7.0,7,8,6,2.0,47.0,0.0,3,3.0
3,3.0,3.0,2.0,8.0,7,8,6,2.0,48.0,0.0,3,3.0
2,5.0,4.0,2.0,6.0,7,8,6,1.0,71.0,0.0,3,2.0
3,3.0,4.0,2.0,5.0,7,8,6,2.0,48.0,0.0,3,4.0
2,5.0,6.0,2.0,6.0,7,8,6,2.0,52.0,0.0,3,4.0
3,5.0,4.0,2.0,8.0,7,8,6,2.0,49.0,0.0,3,4.0
3,6.0,3.0,2.0,6.0,7,8,6,3.0,31.0,0.375,3,8.0
2,4.0,3.0,2.0,4.0,7,8,6,2.0,66.0,0.1666666666666666,3,6.0
2,5.0,2.0,2.0,6.0,7,8,6,2.0,43.0,0.0,3,3.0
3,3.0,4.0,2.0,9.0,7,8,6,1.0,43.0,0.0,3,4.0
1,3.0,2.0,2.0,8.0,7,8,6,1.0,43.0,0.5,3,2.0
3,5.0,3.0,2.0,4.0,7,8,6,2.0,86.0,0.0,3,3.0
1,5.0,3.0,2.0,4.0,7,8,6,1.0,71.0,0.0,3,2.0
2,5.0,4.0,2.0,3.0,7,8,6,1.0,87.0,0.0,3,0.4
2,5.0,4.0,2.0,6.0,7,8,6,0.0,77.0,0.3333333333333333,3,0.6
2,4.0,2.0,2.0,4.0,7,8,6,1.0,76.0,0.0,3,0.2857142857142857
3,4.0,5.0,2.0,6.0,7,8,6,1.0,37.0,0.3333333333333333,3,0.8571428571428571
3,3.0,7.0,2.0,6.0,7,8,6,2.0,53.0,0.4,3,1.0
1,5.0,3.0,2.0,6.0,7,8,6,0.0,59.0,0.0,3,5.0
2,5.0,3.0,2.0,10.0,7,8,6,1.0,46.0,0.25,3,4.0
1,6.0,3.0,2.0,5.0,7,8,6,2.0,65.0,0.0,3,3.0
2,3.0,6.0,2.0,8.0,7,8,6,1.0,48.0,0.5,3,4.0
2,4.0,5.0,2.0,4.0,7,8,6,2.0,58.0,0.3333333333333333,3,0.375
3,4.0,5.0,2.0,4.0,7,8,6,3.0,56.0,0.2,3,0.625
1,4.0,3.0,2.0,3.0,7,8,6,1.0,61.0,0.25,3,0.5
2,4.0,3.0,2.0,5.0,7,8,6,1.0,41.0,0.25,3,0.5
1,4.0,3.0,2.0,6.0,7,8,6,1.0,34.0,0.0,3,0.125
2,4.0,2.0,2.0,3.0,7,8,6,2.0,78.0,0.0,3,0.25
2,4.0,2.0,2.0,5.0,7,8,6,1.0,42.0,0.4,3,0.625
2,4.0,6.0,2.0,5.0,7,8,6,2.0,45.0,0.3636363636363636,3,2.2
1,4.0,4.0,2.0,3.0,7,8,6,2.0,48.0,0.25,3,0.5
2,4.0,3.0,2.0,4.0,7,8,6,1.0,40.0,0.2,3,0.7142857142857143
1,4.0,3.0,2.0,3.0,7,8,6,1.0,45.0,0.25,3,0.5
3,4.0,4.0,2.0,4.0,7,8,6,2.0,57.0,0.0,3,0.5714285714285714
2,6.0,3.0,2.0,5.0,7,8,6,3.0,45.0,0.0,3,1.8
3,5.0,4.0,2.0,5.0,7,8,6,3.0,54.0,0.0,3,3.0
2,2.0,4.0,2.0,6.0,7,8,6,3.0,48.0,0.25,3,2.0
3,5.0,6.0,2.0,6.0,7,8,6,3.0,58.0,0.0,3,4.0
1,5.0,4.0,2.0,10.0,7,8,6,1.0,37.0,0.6,3,5.0
1,5.0,5.0,2.0,3.0,7,8,6,0.0,38.0,0.0,3,4.0
3,5.0,3.0,2.0,8.0,7,8,6,3.0,64.0,0.0,3,3.0
2,5.0,2.0,2.0,1.0,7,8,6,2.0,60.0,0.0,3,3.0
1,5.0,2.0,2.0,1.0,7,8,6,0.0,77.0,0.0,3,1.0
1,5.0,2.0,2.0,3.0,7,8,6,1.0,67.0,0.0,3,1.0
2,5.0,5.0,2.0,5.0,7,8,6,2.0,62.0,0.0,3,3.0
1,5.0,2.0,2.0,6.0,7,8,6,1.0,54.0,0.0,3,1.0
2,5.0,4.0,2.0,3.0,7,8,6,2.0,37.0,0.25,3,4.0
2,4.0,3.0,2.0,3.0,7,8,6,1.0,64.0,0.0,3,4.0
2,5.0,2.0,2.0,4.0,7,8,6,3.0,48.0,0.0,3,3.0
1,5.0,2.0,2.0,1.0,7,8,6,1.0,69.0,0.0,3,1.0
1,4.0,3.0,2.0,3.0,7,8,6,2.0,40.0,0.0,3,3.0
1,6.0,3.0,2.0,4.0,7,8,6,1.0,51.0,0.0,3,4.0
2,5.0,4.0,2.0,6.0,7,8,6,3.0,52.0,0.0,3,5.0
2,5.0,5.0,2.0,5.0,3,8,6,1.0,94.0,0.0,3,2.0
2,5.0,4.0,2.0,10.0,3,8,6,2.0,73.0,0.0,3,3.0
2,2.0,1.0,2.0,5.0,3,8,6,2.0,40.0,0.0,3,2.0
1,5.0,4.0,2.0,10.0,3,8,6,1.0,46.0,0.0,3,2.0
3,2.0,6.0,2.0,4.0,3,8,6,1.0,83.0,0.0,3,3.0
2,5.0,5.0,2.0,4.0,3,8,6,2.0,58.0,0.0,3,6.0
2,5.0,5.0,2.0,9.0,3,8,6,1.0,54.0,0.0,3,2.0
3,5.0,2.0,2.0,6.0,3,8,6,2.0,34.0,0.0,3,1.0
1,5.0,2.0,2.0,6.0,3,8,6,1.0,29.0,0.5,3,1.3333333333333333
1,3.0,5.0,2.0,8.0,3,8,6,1.0,43.0,0.5,3,4.0
1,6.0,1.0,2.0,5.0,3,8,6,1.0,55.0,0.0,3,1.0
1,5.0,2.0,2.0,9.0,3,8,6,1.0,32.0,0.3333333333333333,3,3.0
0,5.0,3.0,2.0,5.0,3,8,6,0.0,25.0,0.5,3,8.0
1,5.0,2.0,2.0,8.0,3,8,6,0.0,46.0,0.25,3,4.0
2,3.0,4.0,2.0,9.0,3,8,6,1.0,66.0,0.0,3,2.0
1,2.0,4.0,2.0,9.0,3,8,6,0.0,52.0,0.0,3,1.0
2,1.0,5.0,2.0,8.0,3,8,6,0.0,72.0,0.0,3,3.0
1,2.0,2.0,2.0,5.0,3,8,6,1.0,67.0,0.0,3,1.0
3,2.0,5.0,2.0,8.0,3,8,6,0.0,56.0,0.25,3,4.0
1,5.0,3.0,2.0,3.0,3,8,6,1.0,65.0,0.0,3,1.0
1,5.0,3.0,2.0,5.0,3,8,6,1.0,73.0,0.0,3,1.0
2,5.0,5.0,2.0,4.0,3,8,6,0.0,82.0,0.0,3,2.0
1,5.0,3.0,2.0,1.0,3,8,6,1.0,65.0,0.0,3,1.0
3,3.0,5.0,2.0,9.0,3,8,6,1.0,71.0,0.1666666666666666,3,6.0
2,3.0,6.0,2.0,10.0,3,8,6,2.0,70.0,0.0,3,2.0
2,3.0,4.0,2.0,6.0,3,8,6,0.0,67.0,0.0,3,2.0
2,5.0,5.0,2.0,8.0,3,8,6,1.0,76.0,0.0,3,2.0
2,5.0,1.0,2.0,5.0,3,8,6,1.0,66.0,0.0,3,0.5
2,5.0,1.0,2.0,6.0,3,8,6,1.0,69.0,0.0,3,0.75
2,5.0,2.0,2.0,3.0,3,8,6,2.0,80.0,0.0,3,0.5
2,5.0,2.0,2.0,10.0,3,8,6,1.0,66.0,0.0,3,0.5
1,5.0,2.0,2.0,4.0,3,8,6,0.0,73.0,0.0,3,0.25
2,2.0,5.0,2.0,6.0,3,8,6,1.0,41.0,0.0,3,3.0
1,5.0,3.0,2.0,4.0,3,8,6,0.0,57.0,0.0,3,2.0
1,5.0,3.0,2.0,3.0,6,8,6,2.0,63.0,0.0,3,2.0
1,6.0,1.0,2.0,4.0,6,8,6,1.0,76.0,0.0,3,1.0
1,6.0,2.0,2.0,5.0,6,8,6,1.0,46.0,0.0,3,1.0
1,6.0,2.0,2.0,4.0,6,8,6,1.0,62.0,0.0,3,2.0
1,5.0,3.0,2.0,8.0,6,8,6,1.0,65.0,0.0,3,2.0
1,4.0,2.0,2.0,6.0,5,8,6,1.0,62.0,0.0,3,0.5
2,5.0,2.0,2.0,8.0,5,8,6,2.0,37.0,0.5,3,2.0
2,3.0,2.0,2.0,6.0,5,8,6,2.0,39.0,0.3333333333333333,3,3.0
2,3.0,1.0,2.0,10.0,5,8,6,0.0,57.0,0.0,3,2.0
1,4.0,2.0,2.0,4.0,5,8,6,0.0,86.0,0.0,3,3.0
1,1.0,3.0,2.0,7.0,5,8,6,1.0,47.0,0.25,3,4.0
1,4.0,2.0,2.0,3.0,5,8,6,0.0,65.0,0.0,3,0.5
2,4.0,5.0,2.0,8.0,5,8,6,1.0,39.0,0.2,3,5.0
2,5.0,4.0,2.0,6.0,5,8,6,1.0,57.0,0.0,3,8.0
1,4.0,1.0,2.0,3.0,5,8,6,1.0,77.0,0.0,3,0.5
1,4.0,2.0,2.0,6.0,5,8,6,1.0,52.0,0.0,3,0.5
1,4.0,2.0,2.0,3.0,5,8,6,1.0,79.0,0.0,3,1.0
3,4.0,5.0,2.0,4.0,5,8,6,3.0,63.0,0.0,3,5.0
2,5.0,3.0,2.0,4.0,5,8,6,1.0,64.0,0.0,3,3.0
2,6.0,4.0,2.0,5.0,7,8,6,1.0,69.0,0.25,3,4.0
2,3.0,3.0,2.0,4.0,5,8,6,2.0,79.0,0.0,3,3.0
1,4.0,2.0,2.0,6.0,5,8,6,1.0,55.0,0.0,3,1.0
3,4.0,3.0,2.0,6.0,5,8,6,1.0,41.0,0.2,3,5.0
1,4.0,2.0,2.0,3.0,5,8,6,1.0,67.0,0.0,3,1.0
2,4.0,2.0,2.0,3.0,7,8,6,1.0,32.0,0.5,3,0.5714285714285714
3,4.0,6.0,2.0,4.0,7,8,6,3.0,37.0,0.0,3,4.0
2,4.0,6.0,2.0,6.0,7,8,6,2.0,54.0,0.5,3,4.0
1,4.0,1.0,2.0,4.0,7,8,6,1.0,61.0,0.0,3,1.0
1,4.0,2.0,2.0,5.0,7,8,6,1.0,45.0,0.0,3,1.0
1,4.0,2.0,2.0,3.0,7,8,6,1.0,71.0,0.0,3,0.125
2,6.0,2.0,2.0,4.0,7,8,6,1.0,29.0,0.3333333333333333,3,0.375
1,4.0,4.0,2.0,6.0,7,8,6,1.0,20.0,0.3333333333333333,3,0.375
3,4.0,4.0,2.0,4.0,7,8,6,2.0,42.0,0.25,3,0.5
3,3.0,4.0,2.0,10.0,1,8,6,3.0,55.0,0.0,3,4.0
3,5.0,4.0,2.0,10.0,1,8,6,1.0,75.0,0.25,3,4.0
2,5.0,4.0,2.0,10.0,1,8,6,2.0,51.0,0.5,3,4.0
2,3.0,4.0,2.0,8.0,1,8,6,1.0,66.0,0.0,3,3.0
1,6.0,3.0,2.0,5.0,1,8,6,1.0,32.0,0.3333333333333333,3,3.0
3,5.0,4.0,2.0,6.0,1,8,6,2.0,37.0,0.0,3,1.0
0,3.0,4.0,2.0,8.0,1,8,6,0.0,63.0,0.0,3,2.0
2,5.0,5.0,2.0,10.0,1,8,6,1.0,64.0,0.0,3,2.0
2,3.0,3.0,2.0,8.0,1,8,6,1.0,60.0,0.0,3,2.0
2,5.0,3.0,2.0,8.0,1,8,6,2.0,40.0,0.5,3,4.0
1,2.0,3.0,2.0,5.0,1,8,6,0.0,71.0,0.0,3,1.0
3,2.0,4.0,2.0,8.0,1,8,6,1.0,57.0,0.0,3,5.0
3,5.0,4.0,2.0,7.0,1,8,6,2.0,57.0,0.0,3,4.0
2,3.0,5.0,2.0,6.0,1,8,6,2.0,61.0,0.2,3,5.0
1,3.0,3.0,2.0,3.0,1,8,6,0.0,81.0,0.0,3,1.0
1,6.0,4.0,2.0,7.0,1,8,6,1.0,25.0,0.0,3,2.0
1,5.0,3.0,2.0,4.0,1,8,6,1.0,47.0,0.0,3,3.0
3,5.0,4.0,2.0,5.0,1,8,6,1.0,82.0,0.2,3,5.0
2,5.0,4.0,2.0,10.0,1,8,6,1.0,42.0,0.0,3,3.0
1,5.0,3.0,2.0,3.0,1,8,6,0.0,75.0,0.0,3,2.0
1,5.0,4.0,2.0,8.0,1,8,6,1.0,60.0,0.0,3,4.0
1,3.0,2.0,2.0,8.0,1,8,6,1.0,36.0,0.0,3,3.0
0,5.0,2.0,2.0,5.0,1,8,6,0.0,53.0,0.0,3,2.0
1,5.0,2.0,2.0,1.0,1,8,6,0.0,84.0,0.0,3,2.0
1,5.0,4.0,2.0,4.0,1,8,6,1.0,69.0,0.0,3,2.0
3,5.0,5.0,2.0,6.0,1,8,6,2.0,64.0,0.0,3,3.0
3,5.0,5.0,2.0,6.0,1,8,6,1.0,79.0,0.0,3,3.0
2,5.0,4.0,2.0,3.0,1,8,6,2.0,74.0,0.25,3,4.0
1,3.0,3.0,2.0,5.0,1,8,6,1.0,67.0,0.0,3,3.0
1,5.0,3.0,2.0,4.0,1,8,6,1.0,72.0,0.0,3,2.0
2,5.0,4.0,2.0,3.0,1,8,6,1.0,39.0,0.25,3,4.0
2,6.0,2.0,2.0,6.0,1,8,6,1.0,45.0,0.3333333333333333,3,0.8571428571428571
3,5.0,4.0,2.0,4.0,1,8,6,3.0,48.0,0.25,3,4.0
1,6.0,3.0,2.0,7.0,1,8,6,1.0,24.0,0.0,3,1.0
3,5.0,3.0,2.0,4.0,1,8,6,2.0,63.0,0.0,3,4.0
3,5.0,3.0,2.0,3.0,1,8,6,3.0,71.0,0.0,3,3.0
2,6.0,4.0,2.0,1.0,1,8,6,2.0,66.0,0.25,3,4.0
2,6.0,3.0,2.0,5.0,1,8,6,1.0,78.0,0.0,3,2.0
1,6.0,2.0,2.0,4.0,4,8,6,1.0,70.0,0.0,3,2.0
2,6.0,4.0,2.0,5.0,4,8,6,1.0,59.0,0.0,3,2.0
2,6.0,5.0,2.0,7.0,1,8,6,1.0,69.0,0.0,3,0.3333333333333333
1,5.0,2.0,2.0,5.0,1,8,6,1.0,38.0,0.3333333333333333,3,0.5
3,6.0,3.0,2.0,3.0,1,8,6,2.0,59.0,0.0,3,3.0
2,5.0,4.0,2.0,3.0,1,8,6,1.0,66.0,0.0,3,0.3333333333333333
2,5.0,4.0,2.0,5.0,1,8,6,1.0,46.0,0.4,3,5.0
2,6.0,3.0,2.0,6.0,1,8,6,1.0,26.0,0.5,3,4.0
2,6.0,4.0,2.0,4.0,1,8,6,1.0,41.0,0.3333333333333333,3,3.0
2,6.0,3.0,2.0,3.0,1,8,6,2.0,42.0,0.3333333333333333,3,3.0
1,6.0,2.0,2.0,3.0,1,8,6,1.0,85.0,0.0,3,0.1428571428571428
1,6.0,6.0,2.0,1.0,1,8,6,0.0,93.0,0.4,3,5.0
1,6.0,3.0,2.0,4.0,1,8,6,1.0,64.0,0.0,3,2.0
1,6.0,3.0,2.0,3.0,1,8,6,1.0,60.0,0.0,3,1.0
2,1.0,3.0,2.0,9.0,6,8,6,1.0,66.0,0.0,3,2.0
1,5.0,3.0,2.0,7.0,6,8,6,2.0,52.0,0.0,3,2.0
3,3.0,5.0,2.0,8.0,6,8,6,1.0,72.0,0.0,3,1.5
2,5.0,2.0,2.0,4.0,6,8,6,1.0,79.0,0.0,3,1.0
1,6.0,1.0,2.0,1.0,6,8,6,0.0,56.0,0.0,3,0.2
2,5.0,2.0,2.0,6.0,6,8,6,1.0,46.0,0.0,3,0.6
3,6.0,2.0,2.0,3.0,6,8,6,2.0,46.0,0.0,3,0.8
3,6.0,2.0,2.0,6.0,6,8,6,1.0,36.0,0.25,3,0.8
3,5.0,3.0,2.0,4.0,6,8,6,1.0,51.0,0.25,3,0.8
1,5.0,3.0,2.0,6.0,6,8,6,1.0,65.0,0.0,3,0.2
1,5.0,6.0,2.0,6.0,6,8,6,2.0,53.0,0.0,3,2.0
1,5.0,4.0,2.0,3.0,6,8,6,1.0,53.0,0.0,3,1.0
2,4.0,4.0,2.0,10.0,6,8,6,2.0,49.0,0.0,3,3.0
1,4.0,2.0,2.0,6.0,6,8,6,1.0,39.0,0.0,3,0.375
3,5.0,1.0,2.0,3.0,6,8,6,2.0,69.0,0.0,3,0.6
3,5.0,5.0,2.0,3.0,6,8,6,3.0,46.0,0.0,3,0.8
3,6.0,2.0,2.0,3.0,6,8,6,3.0,52.0,0.0,3,0.8
3,5.0,3.0,2.0,5.0,6,8,6,3.0,54.0,0.0,3,0.8
2,6.0,4.0,2.0,6.0,6,8,6,0.0,61.0,0.0,3,0.6
2,5.0,3.0,2.0,7.0,6,8,6,1.0,63.0,0.0,3,2.0
2,4.0,3.0,2.0,6.0,6,8,6,2.0,40.0,0.25,3,4.0
1,4.0,3.0,2.0,4.0,6,8,6,0.0,61.0,0.0,3,1.0
1,6.0,3.0,2.0,3.0,6,8,6,1.0,78.0,0.0,3,1.0
2,4.0,3.0,2.0,6.0,6,8,6,0.0,39.0,0.3333333333333333,3,6.0
2,6.0,2.0,2.0,4.0,6,8,6,2.0,58.0,0.0,3,2.0
3,6.0,5.0,2.0,4.0,6,8,6,1.0,42.0,0.4,3,5.0
1,6.0,2.0,2.0,3.0,6,8,6,1.0,73.0,0.0,3,1.0
1,6.0,2.0,2.0,6.0,6,8,6,0.0,78.0,0.0,3,1.0
1,6.0,1.0,2.0,1.0,6,8,6,1.0,76.0,0.0,3,1.0
1,6.0,3.0,2.0,3.0,6,8,6,1.0,57.0,0.0,3,1.0
3,6.0,3.0,2.0,4.0,6,8,6,2.0,47.0,0.0,3,0.8
1,6.0,6.0,2.0,6.0,6,8,6,1.0,65.0,0.0,3,0.5
1,6.0,3.0,2.0,4.0,6,8,6,0.0,63.0,0.0,3,0.3333333333333333
3,6.0,2.0,2.0,3.0,6,8,6,2.0,48.0,0.0,3,0.8
1,4.0,1.0,2.0,5.0,6,8,6,0.0,63.0,0.0,3,5.0
1,6.0,1.0,2.0,1.0,6,8,6,0.0,79.0,0.0,3,1.0
1,6.0,2.0,2.0,1.0,6,8,6,1.0,76.0,0.0,3,2.0
1,6.0,1.0,2.0,4.0,6,8,6,1.0,44.0,0.0,3,0.25
1,6.0,2.0,2.0,3.0,6,8,6,0.0,58.0,0.0,3,0.4
2,6.0,2.0,2.0,4.0,6,8,6,0.0,64.0,0.0,3,0.3333333333333333
2,6.0,3.0,2.0,6.0,6,8,6,1.0,59.0,0.2,3,0.625
1,6.0,3.0,2.0,3.0,6,8,6,2.0,65.0,0.0,3,0.8
1,5.0,3.0,2.0,3.0,7,8,6,1.0,79.0,0.0,3,0.1428571428571428
2,5.0,3.0,2.0,4.0,7,8,6,1.0,34.0,0.5,3,4.0
2,5.0,3.0,2.0,3.0,7,8,6,1.0,81.0,0.0,3,2.0
2,5.0,4.0,2.0,5.0,7,8,6,2.0,64.0,0.0,3,3.0
3,5.0,3.0,2.0,6.0,7,8,6,2.0,55.0,0.0,3,3.0
1,3.0,6.0,2.0,8.0,7,8,6,1.0,76.0,0.0,3,3.0
1,5.0,3.0,2.0,8.0,7,8,6,1.0,47.0,0.0,3,2.0
2,5.0,3.0,2.0,3.0,7,8,6,1.0,91.0,0.0,3,2.0
2,5.0,4.0,2.0,4.0,7,8,6,1.0,80.0,0.0,3,2.0
1,5.0,2.0,2.0,1.0,7,8,6,0.0,69.0,0.0,3,1.0
1,5.0,3.0,2.0,4.0,7,8,6,1.0,60.0,0.2,3,2.5
1,5.0,2.0,2.0,3.0,7,8,6,1.0,58.0,0.0,3,1.0
2,5.0,4.0,2.0,5.0,7,8,6,2.0,62.0,0.3333333333333333,3,6.0
2,5.0,3.0,2.0,3.0,7,8,6,1.0,65.0,0.4,3,5.0
1,5.0,7.0,2.0,3.0,7,8,6,1.0,46.0,0.0,3,6.0
2,5.0,3.0,2.0,4.0,7,8,6,2.0,63.0,0.0,3,3.0
1,5.0,5.0,2.0,4.0,7,8,6,1.0,66.0,0.0,3,1.0
2,2.0,4.0,2.0,5.0,7,8,6,2.0,54.0,0.0,3,3.0
1,5.0,1.0,2.0,4.0,7,8,6,0.0,83.0,0.0,3,1.0
1,5.0,3.0,2.0,3.0,7,8,6,0.0,80.0,0.0,3,1.0
1,5.0,1.0,2.0,4.0,7,8,6,2.0,70.0,0.0,3,2.0
1,5.0,2.0,2.0,4.0,7,8,6,1.0,53.0,0.0,3,1.0
2,6.0,4.0,2.0,5.0,7,8,6,2.0,50.0,0.0,3,4.0
2,5.0,2.0,2.0,6.0,7,8,6,1.0,44.0,0.3333333333333333,3,3.0
2,5.0,2.0,2.0,6.0,7,8,6,2.0,44.0,0.3333333333333333,3,3.0
1,5.0,4.0,2.0,6.0,7,8,6,2.0,44.0,0.0,3,3.0
2,5.0,2.0,2.0,4.0,7,8,6,1.0,80.0,0.0,3,3.0
1,6.0,3.0,2.0,3.0,7,8,6,1.0,72.0,0.0,3,1.0
2,5.0,4.0,2.0,4.0,7,8,6,3.0,58.0,0.0,3,3.0
2,6.0,2.0,2.0,3.0,7,8,6,2.0,61.0,0.2,3,5.0
2,6.0,1.0,2.0,5.0,7,8,6,2.0,49.0,0.3333333333333333,3,3.0
3,5.0,4.0,2.0,6.0,7,8,6,3.0,51.0,0.0,3,3.0
2,2.0,5.0,2.0,8.0,7,8,6,1.0,61.0,0.0,3,3.0
1,3.0,5.0,2.0,6.0,7,8,6,2.0,51.0,0.0,3,3.0
2,5.0,5.0,2.0,10.0,7,8,6,1.0,63.0,0.0,3,2.0
2,5.0,3.0,2.0,3.0,7,8,6,2.0,55.0,0.0,3,2.0
3,6.0,4.0,2.0,6.0,7,8,6,3.0,40.0,0.2857142857142857,3,7.0
2,5.0,3.0,2.0,3.0,7,8,6,2.0,34.0,0.4285714285714285,3,7.0
2,5.0,5.0,2.0,4.0,7,8,6,2.0,60.0,0.0,3,2.0
1,6.0,3.0,2.0,6.0,7,8,6,1.0,40.0,0.0,3,3.0
1,5.0,1.0,2.0,6.0,7,8,6,1.0,45.0,0.0,3,1.0
1,1.0,6.0,2.0,6.0,7,8,6,1.0,42.0,0.25,3,4.0
3,5.0,4.0,2.0,5.0,7,8,6,3.0,46.0,0.2,3,5.0
2,5.0,5.0,2.0,6.0,7,8,6,2.0,52.0,0.0,3,2.0
1,5.0,2.0,2.0,4.0,7,8,6,1.0,68.0,0.0,3,3.0
2,5.0,4.0,2.0,4.0,7,8,6,1.0,70.0,0.0,3,2.0
3,6.0,1.0,2.0,4.0,7,8,6,3.0,63.0,0.25,3,4.0
2,6.0,2.0,2.0,4.0,7,8,6,2.0,44.0,0.25,3,0.5
1,6.0,3.0,2.0,1.0,7,8,6,2.0,33.0,0.25,3,0.6666666666666666
3,6.0,4.0,2.0,5.0,7,8,6,3.0,46.0,0.0,3,0.5
2,6.0,2.0,2.0,3.0,7,8,6,2.0,28.0,0.0,3,2.0
1,6.0,3.0,2.0,6.0,7,8,6,1.0,24.0,0.0,3,5.0
1,5.0,4.0,2.0,3.0,7,8,6,1.0,81.0,0.0,3,2.0
3,5.0,1.0,2.0,3.0,7,8,6,2.0,78.0,0.0,3,4.0
1,5.0,3.0,2.0,3.0,3,8,6,2.0,61.0,0.0,3,2.0
1,5.0,2.0,2.0,8.0,3,8,6,1.0,76.0,0.0,3,1.0
1,5.0,3.0,2.0,6.0,3,8,6,0.0,73.0,0.0,3,2.0
3,5.0,4.0,2.0,8.0,3,8,6,1.0,77.0,0.25,3,4.0
2,5.0,4.0,2.0,6.0,3,8,6,2.0,46.0,0.0,3,2.0
2,5.0,4.0,2.0,6.0,3,8,6,2.0,38.0,0.1666666666666666,3,6.0
2,5.0,4.0,2.0,6.0,3,8,6,2.0,54.0,0.0,3,5.0
3,3.0,5.0,2.0,8.0,3,8,6,3.0,51.0,0.2857142857142857,3,7.0
1,5.0,2.0,2.0,6.0,3,8,6,1.0,58.0,0.0,3,1.0
3,5.0,2.0,2.0,10.0,3,8,6,2.0,58.0,0.4,3,5.0
2,3.0,2.0,2.0,6.0,3,8,6,1.0,52.0,0.3333333333333333,3,3.0
3,5.0,6.0,2.0,5.0,3,8,6,1.0,64.0,0.0,3,4.0
1,5.0,3.0,2.0,6.0,3,8,6,0.0,70.0,0.0,3,1.0
1,3.0,2.0,2.0,8.0,3,8,6,1.0,39.0,0.0,3,1.0
1,5.0,4.0,2.0,8.0,3,8,6,1.0,67.0,0.0,3,2.0
2,5.0,3.0,2.0,3.0,3,8,6,2.0,38.0,0.25,3,1.3333333333333333
2,5.0,3.0,2.0,5.0,3,8,6,1.0,55.0,0.0,3,2.0
2,5.0,4.0,2.0,6.0,3,8,6,1.0,31.0,0.0,3,2.0
2,2.0,3.0,2.0,8.0,3,8,6,1.0,51.0,0.0,3,3.0
1,3.0,4.0,2.0,8.0,3,8,6,0.0,58.0,0.0,3,3.0
2,2.0,6.0,2.0,10.0,3,8,6,2.0,64.0,0.0,3,5.0
3,5.0,7.0,2.0,1.0,3,8,6,3.0,73.0,0.0,3,4.0
2,2.0,6.0,2.0,1.0,3,8,6,1.0,80.0,0.0,3,6.0
1,5.0,3.0,2.0,6.0,3,8,6,1.0,73.0,0.0,3,2.0
1,3.0,3.0,2.0,10.0,3,8,6,1.0,58.0,0.0,3,1.0
2,5.0,2.0,2.0,5.0,3,8,6,2.0,58.0,0.0,3,2.0
1,5.0,2.0,2.0,6.0,3,8,6,0.0,70.0,0.0,3,1.0
1,5.0,2.0,2.0,3.0,3,8,6,1.0,73.0,0.0,3,0.3333333333333333
3,5.0,3.0,2.0,4.0,3,8,6,3.0,45.0,0.1666666666666666,3,2.0
1,5.0,2.0,2.0,8.0,3,8,6,1.0,36.0,0.0,3,0.3333333333333333
1,5.0,2.0,2.0,6.0,3,8,6,1.0,25.0,0.0,3,0.3333333333333333
1,5.0,2.0,2.0,6.0,3,8,6,0.0,54.0,0.0,3,3.0
1,5.0,3.0,2.0,8.0,3,8,6,1.0,50.0,0.0,3,2.0
1,5.0,5.0,2.0,8.0,3,8,6,0.0,82.0,0.0,3,2.0
1,6.0,1.0,2.0,3.0,3,8,6,1.0,46.0,0.0,3,0.1428571428571428
2,5.0,2.0,2.0,6.0,3,8,6,2.0,44.0,0.2,3,5.0
1,5.0,1.0,2.0,6.0,3,8,6,1.0,65.0,0.0,3,0.1428571428571428
3,5.0,4.0,2.0,6.0,3,8,6,3.0,62.0,0.0,3,3.0
2,5.0,4.0,2.0,6.0,3,8,6,3.0,39.0,0.0,3,4.0
1,5.0,2.0,2.0,6.0,3,8,6,1.0,26.0,0.0,3,1.0
2,6.0,2.0,2.0,6.0,3,8,6,1.0,39.0,0.0,3,2.0
2,5.0,2.0,2.0,6.0,3,8,6,2.0,60.0,0.2,3,1.25
3,3.0,2.0,2.0,10.0,3,8,6,2.0,30.0,0.25,3,4.0
3,6.0,2.0,2.0,3.0,3,8,6,3.0,59.0,0.0,3,4.0
3,6.0,3.0,2.0,3.0,3,8,6,3.0,45.0,0.2,3,5.0
2,5.0,3.0,2.0,3.0,1,8,6,2.0,48.0,0.0,3,2.0
2,3.0,4.0,2.0,8.0,1,8,6,2.0,46.0,0.0,3,4.0
2,5.0,1.0,2.0,8.0,1,8,6,1.0,39.0,0.0,3,4.0
2,5.0,4.0,2.0,4.0,1,8,6,1.0,72.0,0.3333333333333333,3,6.0
3,5.0,5.0,2.0,3.0,1,8,6,2.0,51.0,0.25,3,4.0
2,3.0,3.0,2.0,6.0,1,8,6,1.0,83.0,0.0,3,2.0
1,6.0,2.0,2.0,6.0,1,8,6,1.0,57.0,0.0,3,1.0
1,2.0,3.0,2.0,1.0,1,8,6,1.0,75.0,0.0,3,2.0
2,6.0,2.0,2.0,1.0,1,8,6,0.0,77.0,0.0,3,0.2857142857142857
3,5.0,4.0,2.0,6.0,1,8,6,3.0,37.0,0.2,3,5.0
2,5.0,3.0,2.0,5.0,1,8,6,1.0,37.0,0.25,3,4.0
3,3.0,4.0,2.0,8.0,1,8,6,2.0,51.0,0.0,3,4.0
2,5.0,3.0,2.0,4.0,1,8,6,1.0,60.0,0.0,3,3.0
1,5.0,3.0,2.0,8.0,1,8,6,0.0,66.0,0.0,3,2.0
1,5.0,3.0,2.0,3.0,1,8,6,1.0,52.0,0.0,3,1.0
2,5.0,3.0,2.0,4.0,1,8,6,2.0,64.0,0.0,3,3.0
1,5.0,2.0,2.0,6.0,1,8,6,1.0,45.0,0.5,3,2.0
2,6.0,3.0,2.0,6.0,1,8,6,2.0,52.0,0.0,3,0.75
1,5.0,3.0,2.0,7.0,7,8,6,1.0,32.0,0.0,3,2.0
1,5.0,4.0,2.0,6.0,7,8,6,1.0,50.0,0.0,3,0.4285714285714285
2,5.0,3.0,2.0,5.0,7,8,6,2.0,48.0,0.0,3,0.4285714285714285
1,5.0,3.0,2.0,10.0,7,8,6,1.0,40.0,0.25,3,0.5714285714285714
3,5.0,2.0,2.0,8.0,7,8,6,1.0,67.0,0.2,3,5.0
2,3.0,6.0,2.0,8.0,7,8,6,1.0,48.0,0.2,3,5.0
3,5.0,2.0,2.0,10.0,7,8,6,2.0,57.0,0.0,3,3.0
2,5.0,3.0,2.0,6.0,7,8,6,2.0,63.0,0.0,3,2.0
1,5.0,4.0,2.0,6.0,7,8,6,0.0,37.0,0.5,3,2.0
2,3.0,5.0,2.0,9.0,7,8,6,2.0,22.0,0.0,3,2.0
2,5.0,5.0,2.0,10.0,7,8,6,2.0,33.0,0.25,3,4.0
1,5.0,4.0,2.0,6.0,7,8,6,1.0,53.0,0.5,3,4.0
3,3.0,5.0,2.0,9.0,7,8,6,3.0,47.0,0.0,3,4.0
2,5.0,3.0,2.0,6.0,7,8,6,2.0,56.0,0.0,3,3.0
1,5.0,2.0,2.0,6.0,7,8,6,2.0,53.0,0.0,3,3.0
2,5.0,3.0,2.0,4.0,7,8,6,0.0,82.0,0.0,3,2.0
3,5.0,6.0,2.0,4.0,7,8,6,3.0,68.0,0.0,3,3.0
3,6.0,6.0,2.0,4.0,7,8,6,2.0,50.0,0.1666666666666666,3,6.0
2,4.0,5.0,2.0,4.0,7,8,6,2.0,67.0,0.0,3,5.0
2,5.0,3.0,2.0,4.0,7,8,6,2.0,51.0,0.0,3,2.0
2,6.0,2.0,2.0,3.0,7,8,6,3.0,52.0,0.0,3,4.0
2,6.0,3.0,2.0,9.0,7,8,6,2.0,35.0,0.0,3,3.0
2,5.0,5.0,2.0,6.0,7,8,6,2.0,60.0,0.0,3,2.0
2,3.0,3.0,2.0,7.0,7,8,6,1.0,50.0,0.25,3,4.0
1,3.0,4.0,2.0,6.0,7,8,6,1.0,39.0,0.625,3,8.0
2,5.0,5.0,2.0,3.0,7,8,6,1.0,74.0,0.0,3,2.0
1,5.0,1.0,2.0,6.0,7,8,6,0.0,32.0,0.0,3,2.0
2,5.0,5.0,2.0,8.0,7,8,6,2.0,44.0,0.0,3,2.0
2,5.0,4.0,2.0,4.0,7,8,6,1.0,49.0,0.0,3,2.0
2,6.0,2.0,2.0,4.0,7,8,6,3.0,33.0,0.3333333333333333,3,0.75
1,6.0,3.0,2.0,4.0,7,8,6,2.0,36.0,0.3333333333333333,3,0.375
2,4.0,2.0,2.0,6.0,7,8,6,3.0,49.0,0.0,3,3.0
2,5.0,3.0,2.0,4.0,7,8,6,2.0,61.0,0.0,3,3.0
1,5.0,3.0,2.0,3.0,7,8,6,0.0,81.0,0.0,3,1.0
1,5.0,4.0,2.0,4.0,7,8,6,1.0,78.0,0.0,3,2.0
1,6.0,2.0,2.0,6.0,7,8,6,1.0,58.0,0.0,3,1.0
3,5.0,4.0,2.0,4.0,7,8,6,2.0,68.0,0.0,3,3.0
1,6.0,4.0,2.0,5.0,7,8,6,1.0,68.0,0.0,3,2.0
2,5.0,5.0,2.0,6.0,7,8,6,3.0,59.0,0.0,3,3.0
2,5.0,2.0,2.0,8.0,7,8,6,1.0,28.0,0.2,3,5.0
2,6.0,1.0,2.0,3.0,7,8,6,3.0,48.0,0.2,3,1.0
1,6.0,1.0,2.0,5.0,7,8,6,2.0,28.0,0.5,3,1.3333333333333333
1,5.0,3.0,2.0,5.0,7,8,6,2.0,52.0,0.0,3,2.0
1,5.0,2.0,2.0,8.0,7,8,6,2.0,26.0,0.3333333333333333,3,3.0
1,5.0,3.0,2.0,5.0,7,8,6,1.0,68.0,0.0,3,2.0
2,5.0,5.0,2.0,9.0,7,8,6,2.0,33.0,0.6,3,5.0
3,6.0,1.0,2.0,5.0,7,8,6,3.0,51.0,0.0,3,3.0
2,5.0,5.0,2.0,6.0,7,8,6,3.0,43.0,0.3333333333333333,3,6.0
2,4.0,3.0,2.0,5.0,7,8,6,1.0,63.0,0.0,3,2.0
1,3.0,4.0,2.0,6.0,3,8,6,2.0,62.0,0.0,3,2.0
2,5.0,2.0,2.0,8.0,3,8,6,2.0,35.0,0.25,3,4.0
1,5.0,2.0,2.0,1.0,3,8,6,1.0,77.0,0.0,3,1.0
2,5.0,5.0,2.0,6.0,3,8,6,1.0,49.0,0.0,3,5.0
2,4.0,4.0,2.0,3.0,6,8,6,2.0,64.0,0.0,3,2.0
2,6.0,4.0,2.0,4.0,6,8,6,3.0,46.0,0.0,3,3.0
1,6.0,1.0,2.0,4.0,6,8,6,1.0,65.0,0.0,3,1.0
1,4.0,4.0,2.0,3.0,6,8,6,1.0,65.0,0.0,3,1.0
1,5.0,1.0,2.0,4.0,6,8,6,1.0,47.0,0.0,3,0.5
3,6.0,3.0,2.0,6.0,6,8,6,3.0,54.0,0.0,3,0.8
2,3.0,3.0,2.0,6.0,8,8,6,1.0,55.0,0.0,3,2.0
3,3.0,4.0,2.0,10.0,8,8,6,3.0,46.0,0.0,3,4.0
3,6.0,3.0,2.0,3.0,5,8,6,2.0,46.0,0.2,3,5.0
2,6.0,4.0,2.0,3.0,5,8,6,1.0,59.0,0.0,3,3.0
1,6.0,3.0,2.0,4.0,5,8,6,1.0,75.0,0.0,3,1.0
2,3.0,5.0,2.0,10.0,5,8,6,0.0,53.0,0.0,3,3.0
1,5.0,4.0,2.0,6.0,3,8,6,1.0,68.0,0.0,3,3.0
1,5.0,3.0,2.0,3.0,3,8,6,1.0,72.0,0.0,3,1.0
3,5.0,3.0,2.0,6.0,2,8,6,3.0,47.0,0.0,3,4.0
2,6.0,2.0,2.0,3.0,2,8,6,1.0,82.0,0.0,3,3.0
2,5.0,2.0,2.0,3.0,2,8,6,0.0,66.0,0.5,3,6.0
1,5.0,2.0,2.0,4.0,2,8,6,1.0,44.0,0.0,3,2.0
3,5.0,4.0,2.0,4.0,2,8,6,3.0,43.0,0.0,3,3.0
1,6.0,5.0,2.0,6.0,4,8,6,2.0,70.0,0.0,3,2.0
2,6.0,2.0,2.0,4.0,4,8,6,2.0,45.0,0.25,3,4.0
1,6.0,2.0,2.0,5.0,4,8,6,1.0,72.0,0.0,3,1.0
1,6.0,2.0,2.0,4.0,4,8,6,1.0,47.0,0.0,3,1.0
2,6.0,3.0,2.0,4.0,4,8,6,2.0,50.0,0.0,3,3.0
2,6.0,3.0,2.0,4.0,4,8,6,1.0,70.0,0.0,3,2.0
2,6.0,5.0,2.0,4.0,4,8,6,3.0,45.0,0.4,3,5.0
1,6.0,2.0,2.0,3.0,4,8,6,1.0,77.0,0.0,3,1.0
2,6.0,4.0,2.0,5.0,4,8,6,2.0,56.0,0.0,3,3.0
2,6.0,2.0,2.0,4.0,4,8,6,1.0,85.0,0.0,3,2.0
2,5.0,3.0,2.0,3.0,4,8,6,2.0,71.0,0.0,3,2.0
2,5.0,2.0,2.0,4.0,4,8,6,0.0,80.0,0.0,3,2.0
2,5.0,3.0,2.0,8.0,4,8,6,2.0,71.0,0.3333333333333333,3,3.0
2,6.0,3.0,2.0,5.0,4,8,6,1.0,71.0,0.0,3,2.0
3,5.0,4.0,2.0,6.0,4,8,6,2.0,65.0,0.0,3,3.0
1,4.0,4.0,2.0,10.0,4,8,6,0.0,74.0,0.0,3,1.0
2,4.0,6.0,2.0,10.0,4,8,6,2.0,46.0,0.25,3,4.0
1,4.0,5.0,2.0,8.0,4,8,6,0.0,74.0,0.0,3,1.0
3,2.0,5.0,2.0,6.0,4,8,6,3.0,38.0,0.25,3,4.0
2,5.0,5.0,2.0,4.0,4,8,6,2.0,61.0,0.3333333333333333,3,1.5
2,4.0,6.0,2.0,4.0,4,8,6,2.0,62.0,0.0,3,2.0
1,5.0,6.0,2.0,6.0,4,8,6,1.0,80.0,0.0,3,1.0
1,5.0,2.0,2.0,3.0,4,8,6,1.0,92.0,0.0,3,1.0
2,4.0,3.0,2.0,4.0,7,8,6,2.0,46.0,0.3333333333333333,3,3.0
2,5.0,6.0,2.0,10.0,7,8,6,2.0,57.0,0.0,3,2.0
1,5.0,1.0,2.0,1.0,7,8,6,0.0,81.0,0.0,3,5.0
3,5.0,2.0,2.0,3.0,7,8,6,1.0,49.0,0.0,3,4.0
2,6.0,2.0,2.0,4.0,4,8,6,2.0,57.0,0.0,3,4.0
1,6.0,2.0,2.0,4.0,4,8,6,1.0,56.0,0.0,3,1.0
1,6.0,4.0,2.0,8.0,4,8,6,2.0,40.0,0.25,3,4.0
1,5.0,2.0,2.0,5.0,7,8,6,1.0,41.0,0.0,3,1.0
1,6.0,1.0,2.0,4.0,7,8,6,1.0,36.0,0.0,3,0.2
2,5.0,4.0,2.0,5.0,7,8,6,2.0,34.0,0.25,3,4.0
1,6.0,6.0,2.0,3.0,7,8,6,1.0,77.0,0.0,3,1.0
2,5.0,3.0,2.0,6.0,7,8,6,2.0,42.0,0.3333333333333333,3,3.0
2,5.0,4.0,2.0,4.0,7,8,6,1.0,56.0,0.0,3,2.0
1,5.0,1.0,2.0,6.0,7,8,6,2.0,46.0,0.25,3,4.0
2,5.0,2.0,2.0,4.0,7,8,6,2.0,84.0,0.0,3,2.0
3,6.0,6.0,2.0,1.0,7,8,6,3.0,68.0,0.0,3,3.0
2,6.0,4.0,2.0,4.0,7,8,6,3.0,58.0,0.0,3,0.375
1,6.0,1.0,2.0,3.0,7,8,6,2.0,55.0,0.0,3,3.0
3,5.0,5.0,2.0,6.0,7,8,6,2.0,58.0,0.0,3,3.0
3,6.0,2.0,2.0,5.0,7,8,6,3.0,42.0,0.1666666666666666,3,6.0
2,6.0,1.0,2.0,4.0,7,8,6,2.0,54.0,0.0,3,2.0
1,6.0,3.0,2.0,3.0,7,8,6,2.0,49.0,0.0,3,4.0
2,6.0,3.0,2.0,5.0,7,8,6,2.0,30.0,0.5,3,0.5
2,4.0,2.0,2.0,4.0,7,8,6,3.0,45.0,0.0,3,0.4285714285714285
2,6.0,2.0,2.0,6.0,7,8,6,2.0,32.0,0.3333333333333333,3,3.0
1,6.0,3.0,2.0,4.0,7,8,6,2.0,71.0,0.0,3,2.0
3,6.0,1.0,2.0,8.0,7,8,6,3.0,56.0,0.0,3,4.0
3,3.0,6.0,2.0,3.0,2,8,6,2.0,82.0,0.0,3,5.0
0,3.0,4.0,2.0,6.0,2,8,6,0.0,58.0,0.0,3,3.0
1,2.0,2.0,2.0,10.0,2,8,6,0.0,73.0,0.0,3,1.0
2,5.0,5.0,2.0,4.0,2,8,6,1.0,67.0,0.0,3,2.0
2,5.0,6.0,2.0,5.0,2,8,6,0.0,75.0,0.0,3,3.0
2,3.0,4.0,2.0,10.0,2,8,6,0.0,73.0,0.0,3,2.0
2,2.0,5.0,2.0,3.0,2,8,6,2.0,82.0,0.2,3,5.0
2,2.0,5.0,2.0,3.0,2,8,6,1.0,80.0,0.0,3,6.0
2,5.0,4.0,2.0,6.0,2,8,6,1.0,58.0,0.3333333333333333,3,3.0
1,5.0,4.0,2.0,3.0,2,8,6,0.0,81.0,0.0,3,1.0
2,2.0,4.0,2.0,6.0,2,8,6,1.0,41.0,0.0,3,4.0
3,5.0,2.0,2.0,5.0,2,8,6,1.0,58.0,0.2,3,5.0
1,5.0,4.0,2.0,4.0,2,8,6,0.0,73.0,0.0,3,1.0
2,5.0,5.0,2.0,8.0,2,8,6,2.0,58.0,0.1666666666666666,3,6.0
2,5.0,2.0,2.0,5.0,2,8,6,2.0,56.0,0.0,3,2.0
2,5.0,3.0,2.0,6.0,2,8,6,1.0,42.0,0.3333333333333333,3,3.0
3,5.0,2.0,2.0,9.0,2,8,6,3.0,59.0,0.0,3,3.0
2,5.0,3.0,2.0,5.0,2,8,6,2.0,37.0,0.25,3,0.5714285714285714
2,6.0,3.0,2.0,5.0,2,8,6,2.0,43.0,0.0,3,3.0
2,5.0,4.0,2.0,3.0,2,8,6,2.0,63.0,0.0,3,2.0
3,6.0,1.0,2.0,3.0,2,8,6,2.0,65.0,0.0,3,3.0
1,3.0,2.0,2.0,10.0,5,8,6,0.0,79.0,0.0,3,1.0
2,5.0,4.0,2.0,5.0,5,8,6,0.0,75.0,0.0,3,2.0
2,5.0,3.0,2.0,10.0,5,8,6,1.0,40.0,0.5,3,4.0
2,5.0,4.0,2.0,6.0,5,8,6,2.0,42.0,0.4,3,5.0
2,5.0,3.0,2.0,6.0,5,8,6,2.0,85.0,0.0,3,3.0
2,6.0,6.0,2.0,4.0,5,8,6,2.0,56.0,0.0,3,2.0
2,6.0,3.0,2.0,3.0,2,8,6,1.0,52.0,0.3333333333333333,3,6.0
1,6.0,4.0,2.0,1.0,2,8,6,1.0,76.0,0.0,3,1.0
2,6.0,6.0,2.0,5.0,2,8,6,1.0,38.0,0.3333333333333333,3,6.0
2,6.0,4.0,2.0,3.0,5,8,6,2.0,45.0,0.0,3,2.0
3,6.0,4.0,2.0,3.0,5,8,6,1.0,78.0,0.0,3,3.0
2,4.0,7.0,2.0,8.0,5,8,6,2.0,59.0,0.0,3,3.0
1,6.0,4.0,2.0,1.0,5,8,6,1.0,66.0,0.0,3,1.0
1,6.0,3.0,2.0,3.0,5,8,6,1.0,71.0,0.0,3,1.0
2,6.0,4.0,2.0,6.0,5,8,6,2.0,33.0,0.25,3,0.5714285714285714
1,4.0,4.0,2.0,6.0,5,8,6,0.0,70.0,0.0,3,1.0
3,5.0,4.0,2.0,4.0,5,8,6,3.0,57.0,0.0,3,3.0
1,6.0,3.0,2.0,3.0,5,8,6,1.0,64.0,0.0,3,0.1428571428571428
2,5.0,4.0,2.0,6.0,5,8,6,2.0,38.0,0.0,3,5.0
2,5.0,6.0,2.0,3.0,5,8,6,1.0,52.0,0.0,3,2.0
3,5.0,3.0,2.0,4.0,5,8,6,2.0,40.0,0.2,3,5.0
3,6.0,5.0,2.0,4.0,5,8,6,2.0,72.0,0.0,3,3.0
2,5.0,7.0,2.0,4.0,5,8,6,2.0,46.0,0.3333333333333333,3,3.0
2,6.0,2.0,2.0,3.0,5,8,6,2.0,60.0,0.0,3,2.0
1,6.0,3.0,2.0,6.0,5,8,6,1.0,64.0,0.0,3,1.0
1,5.0,3.0,2.0,10.0,5,8,6,0.0,50.0,0.0,3,1.0
1,6.0,2.0,2.0,1.0,5,8,6,1.0,76.0,0.0,3,2.0
1,6.0,2.0,2.0,1.0,5,8,6,1.0,76.0,0.0,3,1.0
1,6.0,2.0,2.0,4.0,5,8,6,0.0,75.0,0.0,3,1.0
2,5.0,4.0,2.0,8.0,6,8,6,1.0,56.0,0.0,3,3.0
3,3.0,4.0,2.0,10.0,6,8,6,3.0,48.0,0.2,3,5.0
3,5.0,3.0,2.0,4.0,6,8,6,2.0,60.0,0.25,3,4.0
2,3.0,6.0,2.0,10.0,6,8,6,2.0,42.0,0.3333333333333333,3,3.0
2,5.0,4.0,2.0,8.0,6,8,6,2.0,31.0,0.3333333333333333,3,3.0
2,5.0,5.0,2.0,9.0,6,8,6,2.0,72.0,0.0,3,3.0
2,6.0,1.0,2.0,3.0,6,8,6,2.0,58.0,0.3333333333333333,3,3.0
2,6.0,1.0,2.0,6.0,6,8,6,2.0,33.0,0.5,3,4.0
3,6.0,3.0,2.0,3.0,6,8,6,2.0,55.0,0.0,3,3.0
1,5.0,3.0,2.0,6.0,6,8,6,2.0,34.0,0.5,3,4.0
3,6.0,3.0,2.0,3.0,6,8,6,1.0,59.0,0.2857142857142857,3,7.0
2,4.0,4.0,2.0,6.0,6,8,6,2.0,46.0,0.0,3,3.0
2,6.0,2.0,2.0,6.0,6,8,6,2.0,31.0,0.3333333333333333,3,3.0
2,6.0,3.0,2.0,1.0,6,8,6,2.0,64.0,0.0,3,2.0
1,6.0,2.0,2.0,3.0,6,8,6,1.0,75.0,0.0,3,1.0
3,6.0,4.0,2.0,3.0,6,8,6,3.0,44.0,0.25,3,4.0
3,6.0,6.0,2.0,4.0,6,8,6,3.0,63.0,0.0,3,4.0
1,6.0,3.0,2.0,3.0,6,8,6,1.0,83.0,0.0,3,1.0
1,6.0,2.0,2.0,3.0,6,8,6,1.0,87.0,0.0,3,2.0
3,6.0,3.0,2.0,5.0,6,8,6,3.0,56.0,0.0,3,4.0
3,6.0,4.0,2.0,4.0,6,8,6,3.0,64.0,0.0,3,6.0
2,6.0,5.0,2.0,4.0,6,8,6,3.0,64.0,0.0,3,4.0
2,6.0,3.0,2.0,4.0,6,8,6,2.0,65.0,0.0,3,2.0
1,5.0,3.0,2.0,3.0,6,8,6,0.0,77.0,0.0,3,2.0
2,5.0,4.0,2.0,4.0,6,8,6,2.0,84.0,0.0,3,2.0
1,6.0,2.0,2.0,1.0,6,8,6,1.0,65.0,0.0,3,1.0
1,6.0,2.0,2.0,1.0,6,8,6,1.0,85.0,0.0,3,1.0
2,6.0,2.0,2.0,4.0,6,8,6,2.0,73.0,0.0,3,2.0
2,5.0,4.0,2.0,5.0,6,8,6,3.0,35.0,0.25,3,4.0
1,6.0,3.0,2.0,4.0,6,8,6,1.0,61.0,0.0,3,1.0
2,6.0,1.0,2.0,3.0,6,8,6,2.0,55.0,0.0,3,2.0
1,6.0,3.0,2.0,3.0,6,8,6,1.0,38.0,0.0,3,2.0
3,5.0,3.0,2.0,3.0,6,8,6,3.0,54.0,0.0,3,3.0
2,5.0,4.0,2.0,5.0,6,8,6,2.0,43.0,0.0,3,2.0
1,5.0,2.0,2.0,5.0,6,8,6,1.0,69.0,0.0,3,0.5
3,6.0,4.0,2.0,3.0,6,8,6,3.0,69.0,0.0,3,3.0
2,6.0,3.0,2.0,1.0,6,8,6,3.0,62.0,0.2,3,5.0
1,6.0,3.0,2.0,1.0,6,8,6,1.0,65.0,0.0,3,3.0
1,6.0,5.0,2.0,3.0,6,8,6,1.0,73.0,0.0,3,2.0
3,4.0,2.0,2.0,3.0,6,8,6,3.0,64.0,0.0,3,4.0
1,6.0,1.0,2.0,6.0,6,8,6,1.0,33.0,0.0,3,2.0
3,3.0,5.0,2.0,3.0,6,8,6,3.0,54.0,0.0,3,5.0
2,5.0,3.0,2.0,6.0,6,8,6,2.0,47.0,0.0,3,3.0
2,2.0,4.0,2.0,9.0,6,8,6,0.0,83.0,0.0,3,2.0
3,5.0,6.0,2.0,8.0,6,8,6,3.0,55.0,0.0,3,3.0
1,3.0,4.0,2.0,10.0,6,8,6,0.0,67.0,0.0,3,1.0
2,3.0,6.0,2.0,10.0,6,8,6,1.0,51.0,0.0,3,3.0
1,3.0,4.0,2.0,10.0,6,8,6,1.0,51.0,0.0,3,4.0
2,2.0,3.0,2.0,10.0,6,8,6,2.0,65.0,0.0,3,3.0
3,5.0,5.0,2.0,8.0,6,8,6,3.0,57.0,0.0,3,5.0
2,5.0,3.0,2.0,5.0,6,8,6,1.0,81.0,0.0,3,3.0
2,5.0,5.0,2.0,10.0,6,8,6,2.0,79.0,0.0,3,2.0
2,5.0,2.0,2.0,4.0,6,8,6,2.0,39.0,0.5,3,4.0
1,5.0,1.0,2.0,1.0,6,8,6,1.0,64.0,0.0,3,0.5
2,3.0,5.0,2.0,6.0,6,8,6,2.0,51.0,0.0,3,4.0
2,3.0,3.0,2.0,8.0,6,8,6,2.0,43.0,0.0,3,3.0
2,2.0,4.0,2.0,6.0,6,8,6,0.0,83.0,0.0,3,2.0
1,2.0,4.0,2.0,8.0,6,8,6,1.0,44.0,0.2,3,1.25
2,2.0,4.0,2.0,6.0,6,8,6,2.0,54.0,0.3333333333333333,3,6.0
2,2.0,4.0,2.0,6.0,6,8,6,2.0,44.0,0.0,3,2.0
1,2.0,3.0,2.0,6.0,6,8,6,0.0,89.0,0.0,3,1.0
2,2.0,4.0,2.0,10.0,6,8,6,2.0,50.0,0.0,3,3.0
1,5.0,4.0,2.0,3.0,6,8,6,0.0,65.0,0.0,3,1.0
2,5.0,3.0,2.0,1.0,6,8,6,1.0,49.0,0.1666666666666666,3,6.0
1,5.0,1.0,2.0,4.0,6,8,6,1.0,67.0,0.0,3,0.3333333333333333
3,5.0,2.0,2.0,6.0,6,8,6,3.0,39.0,0.2,3,5.0
2,5.0,3.0,2.0,9.0,6,8,6,2.0,30.0,0.0,3,2.0
1,5.0,1.0,2.0,8.0,6,8,6,1.0,32.0,0.5,3,0.5
1,5.0,6.0,2.0,3.0,6,8,6,0.0,34.0,0.25,3,4.0
1,5.0,3.0,2.0,6.0,6,8,6,2.0,56.0,0.0,3,2.0
2,3.0,5.0,2.0,10.0,6,8,6,2.0,58.0,0.0,3,4.0
1,3.0,4.0,2.0,9.0,3,8,6,1.0,63.0,0.0,3,2.0
2,5.0,4.0,2.0,3.0,3,8,6,1.0,64.0,0.2,3,5.0
2,3.0,3.0,2.0,8.0,3,8,6,2.0,40.0,0.6,3,5.0
2,5.0,3.0,2.0,6.0,3,8,6,2.0,42.0,0.25,3,4.0
2,5.0,2.0,2.0,4.0,3,8,6,1.0,50.0,0.0,3,2.0
3,5.0,3.0,2.0,6.0,3,8,6,3.0,60.0,0.0,3,3.0
1,2.0,1.0,2.0,6.0,3,8,6,0.0,30.0,0.3333333333333333,3,1.0
1,5.0,2.0,2.0,5.0,3,8,6,1.0,24.0,0.5,3,1.3333333333333333
3,2.0,4.0,2.0,6.0,3,8,6,3.0,43.0,0.25,3,1.3333333333333333
3,3.0,4.0,2.0,6.0,3,8,6,3.0,84.0,0.4285714285714285,3,7.0
2,3.0,4.0,2.0,6.0,3,8,6,2.0,62.0,0.25,3,4.0
1,5.0,4.0,2.0,3.0,3,8,6,1.0,86.0,0.0,3,1.0
3,3.0,4.0,2.0,6.0,3,8,6,3.0,61.0,0.2,3,5.0
1,5.0,2.0,2.0,6.0,6,8,6,1.0,27.0,0.5,3,1.0
1,5.0,2.0,2.0,3.0,6,8,6,0.0,90.0,0.0,3,0.5
1,5.0,1.0,2.0,8.0,6,8,6,1.0,44.0,0.0,3,0.25
2,5.0,4.0,2.0,3.0,6,8,6,2.0,53.0,0.0,3,0.75
1,6.0,1.0,2.0,3.0,6,8,6,2.0,61.0,0.0,3,0.5
2,5.0,3.0,2.0,6.0,6,8,6,2.0,34.0,0.5,3,1.0
3,5.0,3.0,2.0,1.0,6,8,6,3.0,35.0,0.0,3,1.0
1,5.0,5.0,2.0,6.0,3,8,6,1.0,68.0,0.0,3,1.0
1,5.0,2.0,2.0,5.0,3,8,6,1.0,59.0,0.0,3,2.0
3,5.0,5.0,2.0,5.0,3,8,6,3.0,73.0,0.0,3,6.0
1,5.0,2.0,2.0,5.0,3,8,6,1.0,70.0,0.0,3,2.0
1,5.0,2.0,2.0,6.0,3,8,6,0.0,90.0,0.0,3,1.0
2,5.0,4.0,2.0,6.0,3,8,6,2.0,49.0,0.0,3,5.0
1,5.0,1.0,2.0,4.0,6,8,6,0.0,80.0,0.0,3,0.3333333333333333
2,6.0,2.0,2.0,6.0,6,8,6,2.0,66.0,0.0,3,3.0
2,6.0,2.0,2.0,5.0,6,8,6,2.0,56.0,0.4,3,5.0
2,6.0,2.0,2.0,4.0,6,8,6,1.0,54.0,0.3333333333333333,3,3.0
2,5.0,1.0,2.0,6.0,5,8,6,2.0,55.0,0.0,3,1.0
1,6.0,3.0,2.0,6.0,5,8,6,1.0,41.0,0.0,3,1.0
3,5.0,3.0,2.0,6.0,5,8,6,1.0,50.0,0.25,3,4.0
2,5.0,3.0,2.0,6.0,5,8,6,2.0,47.0,0.2,3,5.0
2,5.0,2.0,2.0,5.0,5,8,6,2.0,76.0,0.0,3,3.0
1,5.0,2.0,2.0,6.0,5,8,6,1.0,62.0,0.0,3,2.0
1,6.0,3.0,2.0,4.0,5,8,6,1.0,46.0,0.25,3,4.0
3,6.0,4.0,2.0,4.0,5,8,6,3.0,54.0,0.25,3,8.0
3,5.0,6.0,2.0,10.0,5,8,6,3.0,69.0,0.0,3,4.0
2,3.0,2.0,2.0,6.0,5,8,6,1.0,64.0,0.0,3,3.0
1,6.0,2.0,2.0,3.0,5,8,6,1.0,71.0,0.0,3,1.0
1,6.0,4.0,2.0,3.0,5,8,6,2.0,61.0,0.0,3,2.0
2,6.0,2.0,2.0,4.0,5,8,6,2.0,56.0,0.0,3,2.0
1,6.0,2.0,2.0,3.0,5,8,6,1.0,75.0,0.0,3,1.0
1,6.0,4.0,2.0,4.0,5,8,6,1.0,46.0,0.2,3,5.0
2,6.0,4.0,2.0,3.0,5,8,6,1.0,48.0,0.0,3,0.2857142857142857
1,6.0,1.0,2.0,1.0,5,8,6,1.0,80.0,0.0,3,1.0
2,6.0,1.0,2.0,4.0,5,8,6,1.0,71.0,0.0,3,2.0
1,6.0,2.0,2.0,1.0,5,8,6,0.0,86.0,0.0,3,1.0
2,6.0,4.0,2.0,3.0,5,8,6,1.0,53.0,0.0,3,1.0
1,6.0,2.0,2.0,1.0,5,8,6,1.0,85.0,0.0,3,1.0
2,6.0,5.0,2.0,6.0,5,8,6,3.0,44.0,0.0,3,5.0
2,6.0,3.0,2.0,8.0,5,8,6,2.0,55.0,0.0,3,4.0
3,5.0,5.0,2.0,8.0,5,8,6,2.0,57.0,0.0,3,3.0
1,6.0,3.0,2.0,6.0,5,8,6,1.0,55.0,0.0,3,1.0
2,5.0,3.0,2.0,1.0,5,8,6,2.0,82.0,0.0,3,2.0
1,6.0,3.0,2.0,3.0,5,8,6,1.0,43.0,0.0,3,0.1428571428571428
1,5.0,1.0,2.0,1.0,5,8,6,1.0,76.0,0.0,3,0.1428571428571428
1,6.0,2.0,2.0,1.0,5,8,6,0.0,81.0,0.0,3,1.0
2,6.0,4.0,2.0,4.0,5,8,6,2.0,58.0,0.25,3,4.0
1,6.0,4.0,2.0,5.0,5,8,6,2.0,45.0,0.25,3,4.0
1,6.0,4.0,2.0,6.0,5,8,6,1.0,57.0,0.0,3,2.0
1,6.0,2.0,2.0,3.0,5,8,6,1.0,66.0,0.0,3,0.1666666666666666
2,5.0,3.0,2.0,5.0,5,8,6,2.0,36.0,0.25,3,4.0
1,6.0,1.0,2.0,3.0,5,8,6,1.0,53.0,0.0,3,1.0
1,6.0,4.0,2.0,3.0,7,8,6,1.0,61.0,0.0,3,1.0
2,6.0,4.0,2.0,1.0,7,8,6,1.0,63.0,0.0,3,3.0
3,6.0,1.0,2.0,5.0,7,8,6,3.0,47.0,0.0,3,3.0
2,5.0,3.0,2.0,3.0,4,8,6,2.0,62.0,0.25,3,4.0
1,5.0,3.0,2.0,1.0,4,8,6,0.0,95.0,0.0,3,2.0
2,5.0,4.0,2.0,4.0,4,8,6,1.0,83.0,0.0,3,2.0
2,5.0,4.0,2.0,3.0,4,8,6,1.0,76.0,0.4,3,5.0
2,4.0,1.0,2.0,9.0,4,8,6,2.0,34.0,0.5,3,4.0
3,4.0,4.0,2.0,3.0,4,8,6,2.0,63.0,0.0,3,4.0
3,5.0,2.0,2.0,8.0,4,8,6,3.0,60.0,0.0,3,4.0
1,5.0,4.0,2.0,1.0,4,8,6,1.0,62.0,0.25,3,4.0
2,3.0,2.0,2.0,3.0,4,8,6,1.0,61.0,0.0,3,2.0
2,6.0,3.0,2.0,6.0,4,8,6,0.0,51.0,0.0,3,3.0
2,4.0,3.0,2.0,4.0,4,8,6,1.0,63.0,0.0,3,3.0
2,5.0,3.0,2.0,1.0,4,8,6,2.0,87.0,0.0,3,4.0
2,5.0,3.0,2.0,8.0,4,8,6,2.0,60.0,0.0,3,2.0
2,5.0,3.0,2.0,4.0,7,8,6,2.0,65.0,0.0,3,2.0
1,5.0,2.0,2.0,4.0,7,8,6,0.0,71.0,0.0,3,1.0
1,5.0,2.0,2.0,6.0,7,8,6,1.0,70.0,0.25,3,2.0
2,3.0,4.0,2.0,10.0,7,8,6,2.0,66.0,0.0,3,3.0
3,3.0,3.0,2.0,4.0,7,8,6,2.0,78.0,0.0,3,3.0
2,6.0,1.0,2.0,1.0,1,8,6,0.0,59.0,0.0,3,2.0
2,5.0,3.0,2.0,3.0,1,8,6,1.0,83.0,0.0,3,2.0
2,5.0,4.0,2.0,4.0,1,8,6,2.0,78.0,0.0,3,2.0
1,6.0,3.0,2.0,3.0,1,8,6,1.0,91.0,0.0,3,2.0
2,6.0,6.0,2.0,6.0,1,8,6,2.0,34.0,0.3333333333333333,3,3.0
1,6.0,2.0,2.0,3.0,1,8,6,1.0,55.0,0.0,3,4.0
1,6.0,2.0,2.0,5.0,4,8,6,1.0,55.0,0.0,3,1.0
1,6.0,2.0,2.0,4.0,4,8,6,1.0,53.0,0.0,3,1.0
1,6.0,2.0,2.0,6.0,4,8,6,1.0,53.0,0.0,3,1.0
2,5.0,3.0,2.0,4.0,4,8,6,1.0,64.0,0.0,3,0.3333333333333333
2,4.0,4.0,2.0,3.0,4,8,6,2.0,63.0,0.0,3,2.0
1,6.0,1.0,2.0,4.0,4,8,6,1.0,68.0,0.0,3,1.0
2,5.0,6.0,2.0,5.0,4,8,6,2.0,60.0,0.0,3,2.0
1,6.0,4.0,2.0,3.0,4,8,6,1.0,66.0,0.0,3,2.0
3,6.0,5.0,2.0,3.0,4,8,6,3.0,59.0,0.0,3,4.0
1,5.0,2.0,2.0,4.0,4,8,6,1.0,49.0,0.0,3,1.0
2,6.0,4.0,2.0,4.0,4,8,6,2.0,33.0,0.25,3,4.0
1,6.0,2.0,2.0,1.0,4,8,6,1.0,56.0,0.0,3,1.0
1,6.0,1.0,2.0,3.0,4,8,6,1.0,88.0,0.0,3,1.0
1,5.0,2.0,2.0,6.0,4,8,6,1.0,45.0,0.0,3,2.0
1,6.0,2.0,2.0,1.0,4,8,6,1.0,89.0,0.0,3,4.0
2,6.0,2.0,2.0,5.0,4,8,6,2.0,64.0,0.0,3,0.25
1,6.0,1.0,2.0,1.0,4,8,6,1.0,80.0,0.0,3,2.0
2,5.0,3.0,2.0,1.0,4,8,6,2.0,58.0,0.0,3,2.0
2,6.0,3.0,2.0,1.0,4,8,6,2.0,79.0,0.0,3,2.0
2,5.0,3.0,2.0,5.0,4,8,6,3.0,51.0,0.0,3,3.0
1,5.0,1.0,2.0,1.0,4,8,6,1.0,79.0,0.0,3,0.1428571428571428
1,5.0,5.0,2.0,4.0,4,8,6,0.0,52.0,0.5,3,2.0
3,6.0,2.0,2.0,1.0,4,8,6,3.0,58.0,0.0,3,3.0
3,6.0,5.0,2.0,6.0,4,8,6,2.0,54.0,0.0,3,3.0
3,4.0,4.0,2.0,8.0,4,8,6,2.0,57.0,0.0,3,5.0
3,3.0,7.0,2.0,6.0,4,8,6,2.0,67.0,0.0,3,3.0
3,5.0,4.0,2.0,6.0,4,8,6,3.0,47.0,0.0,3,4.0
1,6.0,1.0,2.0,1.0,4,8,6,0.0,84.0,0.0,3,0.2
2,6.0,1.0,2.0,4.0,4,8,6,2.0,36.0,0.3333333333333333,3,0.6
1,6.0,1.0,2.0,3.0,4,8,6,1.0,74.0,0.0,3,0.2
1,5.0,3.0,2.0,8.0,7,8,6,2.0,33.0,0.5,3,4.0
1,5.0,4.0,2.0,3.0,7,8,6,1.0,51.0,0.0,3,1.0
1,5.0,2.0,2.0,3.0,7,8,6,1.0,71.0,0.0,3,1.0
2,6.0,2.0,2.0,3.0,7,8,6,2.0,77.0,0.0,3,2.0
1,6.0,1.0,2.0,1.0,7,8,6,0.0,95.0,0.0,3,1.0
2,5.0,2.0,2.0,8.0,8,8,6,1.0,44.0,0.3333333333333333,3,3.0
2,5.0,5.0,2.0,10.0,8,8,6,2.0,38.0,0.5,3,4.0
3,3.0,4.0,2.0,3.0,8,8,6,1.0,78.0,0.0,3,4.0
2,3.0,3.0,2.0,7.0,8,8,6,2.0,64.0,0.0,3,3.0
1,3.0,3.0,2.0,8.0,8,8,6,1.0,48.0,0.0,3,1.0
2,3.0,3.0,2.0,4.0,8,8,6,0.0,78.0,0.0,3,2.0
1,3.0,4.0,2.0,6.0,8,8,6,0.0,66.0,0.0,3,1.0
3,3.0,3.0,2.0,6.0,8,8,6,2.0,75.0,0.0,3,3.0
3,3.0,3.0,2.0,6.0,8,8,6,3.0,52.0,0.0,3,4.0
2,5.0,3.0,2.0,6.0,8,8,6,1.0,42.0,0.0,3,3.0
3,2.0,5.0,2.0,8.0,8,8,6,3.0,61.0,0.25,3,4.0
1,6.0,3.0,2.0,6.0,8,8,6,1.0,40.0,0.0,3,5.0
1,5.0,3.0,2.0,6.0,8,8,6,0.0,47.0,0.0,3,2.0
3,5.0,5.0,2.0,5.0,8,8,6,3.0,44.0,0.0,3,5.0
2,3.0,3.0,2.0,6.0,8,8,6,2.0,51.0,0.0,3,3.0
1,5.0,3.0,2.0,6.0,8,8,6,1.0,53.0,0.0,3,2.0
2,3.0,3.0,2.0,8.0,8,8,6,0.0,60.0,0.0,3,2.0
3,1.0,6.0,2.0,10.0,8,8,6,3.0,58.0,0.0,3,3.0
2,5.0,6.0,2.0,6.0,8,8,6,3.0,49.0,0.2,3,5.0
3,3.0,3.0,2.0,6.0,8,8,6,1.0,48.0,0.0,3,3.0
2,5.0,2.0,2.0,6.0,8,8,6,2.0,32.0,0.3333333333333333,3,3.0
1,3.0,2.0,2.0,6.0,8,8,6,1.0,33.0,0.0,3,1.0
2,6.0,3.0,2.0,3.0,8,8,6,2.0,41.0,0.3333333333333333,3,1.0
2,5.0,3.0,2.0,6.0,8,8,6,1.0,31.0,0.3333333333333333,3,3.0
2,6.0,1.0,2.0,5.0,8,8,6,2.0,24.0,0.0,3,0.6666666666666666
1,4.0,2.0,2.0,4.0,6,8,6,0.0,75.0,0.0,3,1.0
2,3.0,4.0,2.0,10.0,6,8,6,3.0,65.0,0.0,3,3.0
1,5.0,4.0,2.0,10.0,6,8,6,0.0,73.0,0.0,3,4.0
2,5.0,5.0,2.0,3.0,6,8,6,1.0,78.0,0.0,3,3.0
1,3.0,4.0,2.0,4.0,6,8,6,1.0,50.0,0.0,3,2.0
2,5.0,2.0,2.0,8.0,6,8,6,2.0,48.0,0.25,3,4.0
1,6.0,2.0,2.0,8.0,6,8,6,1.0,43.0,0.25,3,4.0
2,3.0,5.0,2.0,10.0,6,8,6,1.0,76.0,0.0,3,3.0
1,5.0,7.0,2.0,5.0,6,8,6,2.0,62.0,0.0,3,3.0
2,2.0,3.0,2.0,5.0,6,8,6,2.0,62.0,0.0,3,2.0
3,4.0,3.0,2.0,4.0,6,8,6,3.0,48.0,0.0,3,4.0
2,5.0,4.0,2.0,5.0,6,8,6,2.0,49.0,0.0,3,5.0
1,4.0,2.0,2.0,10.0,6,8,6,1.0,43.0,0.0,3,1.0
2,5.0,6.0,2.0,6.0,6,8,6,2.0,43.0,0.0,3,4.0
2,5.0,3.0,2.0,6.0,6,8,6,2.0,33.0,0.0,3,3.0
1,5.0,1.0,2.0,4.0,6,8,6,1.0,69.0,0.0,3,0.5
2,5.0,3.0,2.0,3.0,6,8,6,2.0,78.0,0.0,3,2.0
2,5.0,3.0,2.0,4.0,6,8,6,3.0,44.0,0.1666666666666666,3,6.0
1,6.0,4.0,2.0,9.0,6,8,6,1.0,73.0,0.0,3,1.0
2,4.0,3.0,2.0,6.0,6,8,6,3.0,47.0,0.3333333333333333,3,6.0
2,5.0,4.0,2.0,6.0,6,8,6,2.0,77.0,0.0,3,2.0
2,5.0,6.0,2.0,3.0,6,8,6,3.0,54.0,0.0,3,4.0
1,5.0,6.0,2.0,8.0,6,8,6,1.0,47.0,0.0,3,4.0
1,6.0,3.0,2.0,1.0,6,8,6,1.0,77.0,0.0,3,0.1666666666666666
2,6.0,5.0,2.0,4.0,6,8,6,1.0,53.0,0.0,3,3.0
2,6.0,5.0,2.0,6.0,6,8,6,2.0,24.0,0.5,3,0.6666666666666666
1,4.0,6.0,2.0,6.0,6,8,6,2.0,41.0,0.4,3,5.0
1,6.0,2.0,2.0,6.0,6,8,6,2.0,29.0,0.3333333333333333,3,3.0
1,4.0,4.0,2.0,6.0,6,8,6,2.0,53.0,0.0,3,3.0
2,4.0,4.0,2.0,5.0,6,8,6,2.0,55.0,0.3333333333333333,3,3.0
1,4.0,3.0,2.0,3.0,6,8,6,1.0,66.0,0.0,3,1.0
1,4.0,4.0,2.0,3.0,6,8,6,1.0,61.0,0.5,3,2.0
2,4.0,3.0,2.0,3.0,6,8,6,3.0,54.0,0.0,3,3.0
2,4.0,4.0,2.0,6.0,6,8,6,2.0,57.0,0.0,3,2.0
1,6.0,2.0,2.0,3.0,6,8,6,1.0,62.0,0.0,3,1.0
2,4.0,3.0,2.0,6.0,6,8,6,2.0,38.0,0.4,3,5.0
1,4.0,6.0,2.0,1.0,6,8,6,1.0,57.0,0.0,3,1.0
1,4.0,3.0,2.0,5.0,6,8,6,3.0,54.0,0.0,3,4.0
3,6.0,5.0,2.0,1.0,6,8,6,3.0,56.0,0.0,3,3.0
2,6.0,6.0,2.0,3.0,6,8,6,2.0,65.0,0.0,3,2.0
1,6.0,4.0,2.0,3.0,6,8,6,2.0,51.0,0.0,3,2.0
1,6.0,1.0,2.0,1.0,6,8,6,1.0,78.0,0.0,3,1.0
1,6.0,1.0,2.0,1.0,6,8,6,1.0,66.0,0.0,3,0.1666666666666666
2,6.0,3.0,2.0,3.0,6,8,6,2.0,57.0,0.0,3,4.0
2,6.0,3.0,2.0,3.0,6,8,6,3.0,37.0,0.0,3,0.375
1,6.0,3.0,2.0,7.0,6,8,6,2.0,63.0,0.0,3,0.6666666666666666
2,6.0,2.0,2.0,6.0,6,8,6,2.0,36.0,0.25,3,4.0
1,6.0,1.0,2.0,6.0,6,8,6,1.0,37.0,0.5,3,2.0
2,5.0,6.0,2.0,3.0,6,8,6,2.0,73.0,0.0,3,3.0
2,5.0,3.0,2.0,6.0,6,8,6,2.0,33.0,0.6,3,5.0
1,6.0,4.0,2.0,3.0,7,8,6,1.0,65.0,0.0,3,1.0
1,6.0,1.0,2.0,1.0,7,8,6,2.0,78.0,0.0,3,2.0
2,6.0,1.0,2.0,5.0,7,8,6,2.0,42.0,0.0,3,0.5
2,6.0,3.0,2.0,4.0,7,8,6,2.0,61.0,0.0,3,2.0
1,6.0,5.0,2.0,3.0,7,8,6,2.0,47.0,0.5,3,6.0
1,4.0,4.0,2.0,5.0,7,8,6,3.0,50.0,0.0,3,3.0
1,6.0,1.0,2.0,4.0,7,8,6,2.0,56.0,0.0,3,0.3333333333333333
2,4.0,3.0,2.0,6.0,5,8,6,2.0,55.0,0.0,3,4.0
1,5.0,4.0,2.0,6.0,5,8,6,1.0,42.0,0.3333333333333333,3,3.0
3,5.0,6.0,2.0,4.0,5,8,6,3.0,64.0,0.0,3,4.0
3,4.0,4.0,2.0,1.0,5,8,6,1.0,95.0,0.0,3,3.0
1,3.0,6.0,2.0,8.0,5,8,6,1.0,54.0,0.0,3,5.0
2,3.0,5.0,2.0,10.0,5,8,6,2.0,64.0,0.0,3,4.0
2,4.0,2.0,2.0,6.0,5,8,6,2.0,36.0,0.0,3,3.0
2,4.0,5.0,2.0,5.0,5,8,6,2.0,42.0,0.3333333333333333,3,3.0
3,4.0,4.0,2.0,3.0,5,8,6,3.0,69.0,0.0,3,1.5
1,6.0,6.0,2.0,4.0,5,8,6,2.0,36.0,0.0,3,3.0
1,4.0,3.0,2.0,4.0,5,8,6,1.0,52.0,0.0,3,1.0
1,6.0,4.0,2.0,5.0,5,8,6,2.0,45.0,0.0,3,3.0
2,4.0,6.0,2.0,5.0,5,8,6,3.0,51.0,0.0,3,3.0
1,4.0,2.0,2.0,1.0,5,8,6,1.0,73.0,0.0,3,1.0
1,4.0,2.0,2.0,1.0,5,8,6,1.0,58.0,0.0,3,2.0
2,6.0,2.0,2.0,6.0,5,8,6,2.0,29.0,0.0,3,2.0
2,6.0,6.0,2.0,1.0,5,8,6,1.0,77.0,0.0,3,2.0
2,6.0,5.0,2.0,5.0,5,8,6,1.0,37.0,0.5,3,6.0
3,4.0,6.0,2.0,6.0,5,8,6,3.0,40.0,0.2,3,5.0
3,6.0,4.0,2.0,6.0,5,8,6,3.0,40.0,0.25,3,4.0
2,4.0,6.0,2.0,6.0,5,8,6,2.0,40.0,0.25,3,4.0
2,4.0,4.0,2.0,3.0,5,8,6,2.0,56.0,0.0,3,0.2857142857142857
3,4.0,4.0,2.0,4.0,5,8,6,3.0,44.0,0.5,3,6.0
2,6.0,2.0,2.0,1.0,5,8,6,2.0,70.0,0.0,3,2.0
2,6.0,1.0,2.0,4.0,5,8,6,1.0,33.0,0.5,3,4.0
1,5.0,2.0,2.0,6.0,5,8,6,0.0,73.0,0.0,3,2.0
1,6.0,1.0,2.0,1.0,5,8,6,0.0,80.0,0.0,3,0.5
1,4.0,6.0,2.0,4.0,5,8,6,2.0,48.0,0.0,3,2.0
3,6.0,1.0,2.0,6.0,5,8,6,3.0,42.0,0.1666666666666666,3,6.0
2,4.0,4.0,2.0,1.0,5,8,6,1.0,80.0,0.0,3,5.0
1,4.0,4.0,2.0,6.0,5,8,6,1.0,60.0,0.0,3,2.0
1,4.0,2.0,2.0,6.0,5,8,6,1.0,37.0,0.25,3,4.0
1,6.0,3.0,2.0,1.0,5,8,6,1.0,83.0,0.0,3,1.0
2,6.0,3.0,2.0,6.0,5,8,6,2.0,59.0,0.2,3,5.0
1,4.0,2.0,2.0,1.0,5,8,6,1.0,70.0,0.0,3,0.1428571428571428
2,6.0,3.0,2.0,3.0,5,8,6,2.0,57.0,0.0,3,2.0
2,6.0,2.0,2.0,5.0,5,8,6,2.0,52.0,0.0,3,1.0
2,6.0,2.0,2.0,6.0,5,8,6,2.0,57.0,0.0,3,2.0
1,3.0,6.0,2.0,6.0,7,8,6,1.0,76.0,0.0,3,2.0
2,3.0,3.0,2.0,8.0,7,8,6,0.0,56.0,0.0,3,2.0
1,3.0,7.0,2.0,10.0,7,8,6,0.0,82.0,0.0,3,2.0
2,5.0,3.0,2.0,8.0,7,8,6,1.0,57.0,0.0,3,2.0
2,4.0,3.0,2.0,5.0,7,8,6,1.0,70.0,0.0,3,0.6666666666666666
2,4.0,2.0,2.0,3.0,7,8,6,1.0,42.0,0.3333333333333333,3,1.0
3,3.0,3.0,2.0,8.0,7,8,6,2.0,41.0,0.0,3,3.0
2,2.0,3.0,2.0,6.0,7,8,6,0.0,73.0,0.0,3,2.0
1,5.0,2.0,2.0,9.0,7,8,6,1.0,43.0,0.0,3,1.0
2,3.0,4.0,2.0,9.0,7,8,6,2.0,64.0,0.0,3,3.0
3,3.0,4.0,2.0,5.0,7,8,6,2.0,65.0,0.0,3,4.0
1,5.0,4.0,2.0,8.0,7,8,6,1.0,71.0,0.0,3,2.0
2,6.0,6.0,2.0,4.0,5,8,6,1.0,31.0,0.25,3,4.0
2,5.0,4.0,2.0,4.0,5,8,6,2.0,63.0,0.0,3,2.0
2,5.0,3.0,2.0,6.0,5,8,6,2.0,32.0,0.25,3,4.0
2,6.0,3.0,2.0,3.0,5,8,6,3.0,57.0,0.0,3,3.0
3,6.0,5.0,2.0,4.0,5,8,6,3.0,63.0,0.0,3,3.0
1,6.0,4.0,2.0,5.0,5,8,6,1.0,55.0,0.0,3,1.0
1,6.0,2.0,2.0,1.0,5,8,6,2.0,88.0,0.0,3,3.0
2,5.0,5.0,2.0,6.0,5,8,6,2.0,55.0,0.0,3,2.0
2,6.0,3.0,2.0,6.0,5,8,6,2.0,63.0,0.0,3,0.3333333333333333
2,6.0,2.0,2.0,4.0,5,8,6,0.0,74.0,0.0,3,0.3333333333333333
1,6.0,1.0,2.0,5.0,5,8,6,2.0,69.0,0.0,3,2.0
2,5.0,4.0,2.0,5.0,5,8,6,1.0,34.0,0.2,3,5.0
3,5.0,4.0,2.0,9.0,5,8,6,2.0,62.0,0.0,3,3.0
1,5.0,4.0,2.0,3.0,5,8,6,1.0,68.0,0.0,3,4.0
2,6.0,4.0,2.0,4.0,5,8,6,2.0,44.0,0.25,3,4.0
1,6.0,2.0,2.0,1.0,5,8,6,1.0,64.0,0.0,3,3.0
2,6.0,4.0,2.0,3.0,5,8,6,2.0,32.0,0.0,3,4.0
1,6.0,4.0,2.0,4.0,5,8,6,1.0,33.0,0.0,3,0.3333333333333333
1,4.0,4.0,2.0,3.0,7,8,6,1.0,72.0,0.0,3,0.125
2,6.0,3.0,2.0,4.0,7,8,6,2.0,58.0,0.0,3,0.3333333333333333
2,6.0,1.0,2.0,4.0,7,8,6,2.0,83.0,0.0,3,0.25
1,4.0,6.0,2.0,3.0,7,8,6,1.0,47.0,0.0,3,1.0
2,6.0,5.0,2.0,3.0,7,8,6,2.0,63.0,0.0,3,3.0
1,4.0,4.0,2.0,9.0,7,8,6,1.0,29.0,0.0,3,1.0
1,5.0,2.0,2.0,1.0,7,8,6,1.0,45.0,0.0,3,0.1428571428571428
2,5.0,2.0,2.0,6.0,7,8,6,2.0,50.0,0.0,3,2.0
1,5.0,2.0,2.0,6.0,7,8,6,1.0,71.0,0.0,3,1.0
2,5.0,5.0,2.0,4.0,7,8,6,2.0,70.0,0.0,3,3.0
1,5.0,6.0,2.0,1.0,7,8,6,2.0,64.0,0.0,3,0.2857142857142857
1,5.0,3.0,2.0,4.0,7,8,6,1.0,77.0,0.0,3,1.0
2,5.0,4.0,2.0,3.0,7,8,6,2.0,34.0,0.25,3,4.0
2,5.0,7.0,2.0,3.0,7,8,6,2.0,82.0,0.0,3,2.0
3,5.0,5.0,2.0,6.0,7,8,6,3.0,41.0,0.3333333333333333,3,6.0
2,5.0,1.0,2.0,6.0,2,8,6,2.0,42.0,0.3333333333333333,3,2.0
2,6.0,2.0,2.0,6.0,2,8,6,2.0,41.0,0.0,3,2.0
1,5.0,3.0,2.0,5.0,2,8,6,1.0,47.0,0.3333333333333333,3,1.0
1,5.0,1.0,2.0,8.0,2,8,6,1.0,30.0,0.0,3,0.3333333333333333
1,6.0,1.0,2.0,8.0,2,8,6,1.0,55.0,0.0,3,1.0
3,3.0,7.0,2.0,10.0,2,8,6,3.0,56.0,0.0,3,5.0
2,5.0,5.0,2.0,8.0,2,8,6,2.0,56.0,0.0,3,2.0
1,5.0,5.0,2.0,6.0,2,8,6,1.0,60.0,0.0,3,4.0
2,5.0,4.0,2.0,6.0,2,8,6,2.0,68.0,0.0,3,3.0
1,3.0,4.0,2.0,5.0,2,8,6,0.0,67.0,0.0,3,2.0
2,3.0,3.0,2.0,6.0,2,8,6,1.0,62.0,0.0,3,2.0
1,5.0,3.0,2.0,10.0,2,8,6,1.0,60.0,0.0,3,1.0
3,1.0,4.0,2.0,5.0,2,8,6,3.0,64.0,0.1666666666666666,3,6.0
2,5.0,3.0,2.0,6.0,2,8,6,1.0,63.0,0.0,3,3.0
3,5.0,2.0,2.0,7.0,2,8,6,3.0,49.0,0.25,3,2.0
1,5.0,3.0,2.0,5.0,2,8,6,0.0,71.0,0.0,3,2.0
2,5.0,3.0,2.0,4.0,2,8,6,2.0,72.0,0.3333333333333333,3,3.0
1,5.0,3.0,2.0,6.0,2,8,6,1.0,75.0,0.0,3,1.0
1,5.0,1.0,2.0,6.0,2,8,6,1.0,28.0,0.25,3,4.0
2,5.0,3.0,2.0,6.0,2,8,6,2.0,43.0,0.0,3,3.0
2,5.0,5.0,2.0,10.0,2,8,6,2.0,52.0,0.0,3,4.0
2,5.0,2.0,2.0,10.0,2,8,6,1.0,72.0,0.0,3,2.0
1,5.0,2.0,2.0,8.0,2,8,6,0.0,73.0,0.0,3,0.1428571428571428
1,5.0,2.0,2.0,5.0,2,8,6,0.0,82.0,0.0,3,2.0
2,3.0,4.0,2.0,6.0,2,8,6,2.0,68.0,0.0,3,3.0
2,3.0,5.0,2.0,6.0,2,8,6,1.0,52.0,0.0,3,3.0
1,3.0,4.0,2.0,6.0,2,8,6,0.0,63.0,0.0,3,3.0
2,5.0,5.0,2.0,10.0,2,8,6,1.0,60.0,0.0,3,2.0
2,2.0,6.0,2.0,5.0,2,8,6,0.0,75.0,0.0,3,3.0
2,2.0,4.0,2.0,8.0,2,8,6,2.0,57.0,0.0,3,4.0
2,5.0,3.0,2.0,7.0,2,8,6,2.0,62.0,0.0,3,5.0
1,3.0,1.0,2.0,6.0,2,8,6,0.0,66.0,0.0,3,1.0
2,5.0,3.0,2.0,3.0,2,8,6,1.0,76.0,0.0,3,2.0
1,5.0,2.0,2.0,4.0,2,8,6,0.0,87.0,0.0,3,1.0
2,5.0,3.0,2.0,6.0,2,8,6,2.0,35.0,0.4,3,0.7142857142857143
1,3.0,5.0,2.0,6.0,2,8,6,1.0,67.0,0.0,3,1.0
3,5.0,4.0,2.0,6.0,2,8,6,3.0,68.0,0.0,3,3.0
2,5.0,4.0,2.0,5.0,2,8,6,2.0,62.0,0.0,3,3.0
2,5.0,4.0,2.0,6.0,2,8,6,2.0,35.0,0.3333333333333333,3,6.0
3,5.0,3.0,2.0,5.0,2,8,6,2.0,55.0,0.0,3,3.0
1,3.0,2.0,2.0,6.0,2,8,6,1.0,38.0,0.3333333333333333,3,3.0
3,5.0,6.0,2.0,5.0,2,8,6,3.0,54.0,0.2857142857142857,3,7.0
2,5.0,5.0,2.0,1.0,2,8,6,1.0,65.0,0.0,3,2.0
2,5.0,3.0,2.0,5.0,2,8,6,2.0,34.0,0.25,3,4.0
1,3.0,2.0,2.0,8.0,2,8,6,1.0,33.0,0.0,3,1.0
1,5.0,2.0,2.0,6.0,2,8,6,1.0,28.0,0.3333333333333333,3,3.0
3,5.0,3.0,2.0,6.0,2,8,6,3.0,37.0,0.25,3,4.0
1,5.0,2.0,2.0,8.0,2,8,6,1.0,42.0,0.25,3,1.0
2,5.0,4.0,2.0,6.0,2,8,6,2.0,31.0,0.3333333333333333,3,3.0
2,5.0,5.0,2.0,5.0,2,8,6,2.0,45.0,0.0,3,5.0
2,5.0,2.0,2.0,6.0,2,8,6,0.0,37.0,0.3333333333333333,3,3.0
2,5.0,2.0,2.0,7.0,2,8,6,2.0,49.0,0.0,3,2.0
2,5.0,2.0,2.0,6.0,2,8,6,2.0,54.0,0.4,3,5.0
3,5.0,4.0,2.0,6.0,2,8,6,3.0,57.0,0.1666666666666666,3,6.0
2,5.0,5.0,2.0,6.0,2,8,6,2.0,50.0,0.0,3,2.0
2,5.0,3.0,2.0,8.0,2,8,6,1.0,43.0,0.0,3,3.0
1,5.0,1.0,2.0,5.0,2,8,6,1.0,47.0,0.0,3,1.0
2,5.0,3.0,2.0,6.0,2,8,6,2.0,46.0,0.5,3,4.0
3,5.0,2.0,2.0,7.0,2,8,6,3.0,45.0,0.0,3,0.4285714285714285
1,5.0,2.0,2.0,6.0,2,8,6,1.0,73.0,0.0,3,0.2
2,3.0,3.0,2.0,7.0,5,8,6,1.0,56.0,0.0,3,2.0
1,5.0,3.0,2.0,8.0,5,8,6,1.0,59.0,0.0,3,2.0
1,3.0,4.0,2.0,6.0,5,8,6,0.0,77.0,0.0,3,1.0
1,3.0,4.0,2.0,10.0,5,8,6,0.0,73.0,0.0,3,1.0
2,3.0,3.0,2.0,6.0,5,8,6,2.0,72.0,0.5,3,6.0
1,3.0,5.0,2.0,10.0,5,8,6,0.0,88.0,0.0,3,2.0
1,3.0,2.0,2.0,6.0,5,8,6,1.0,49.0,0.0,3,1.0
2,3.0,4.0,2.0,10.0,5,8,6,2.0,64.0,0.0,3,2.0
3,5.0,5.0,2.0,5.0,5,8,6,2.0,54.0,0.0,3,5.0
1,5.0,3.0,2.0,7.0,5,8,6,0.0,46.0,0.4,3,2.5
2,1.0,3.0,2.0,3.0,5,8,6,1.0,71.0,0.0,3,1.0
1,5.0,2.0,2.0,3.0,5,8,6,0.0,81.0,0.0,3,1.0
1,5.0,3.0,2.0,10.0,5,8,6,1.0,34.0,0.0,3,0.5
3,5.0,4.0,2.0,6.0,5,8,6,3.0,55.0,0.0,3,4.0
2,5.0,3.0,2.0,5.0,5,8,6,3.0,43.0,0.0,3,1.5
1,5.0,5.0,2.0,8.0,5,8,6,1.0,40.0,0.3333333333333333,3,3.0
2,4.0,3.0,2.0,4.0,5,8,6,3.0,58.0,0.0,3,3.0
1,5.0,2.0,2.0,6.0,5,8,6,2.0,54.0,0.0,3,2.0
1,5.0,2.0,2.0,1.0,5,8,6,0.0,80.0,0.0,3,1.0
1,3.0,2.0,2.0,8.0,5,8,6,1.0,50.0,0.1666666666666666,3,6.0
2,3.0,3.0,2.0,10.0,5,8,6,2.0,69.0,0.0,3,2.0
2,3.0,3.0,2.0,6.0,7,8,6,1.0,67.0,0.0,3,2.0
1,5.0,3.0,2.0,6.0,7,8,6,3.0,54.0,0.0,3,3.0
3,5.0,3.0,2.0,3.0,7,8,6,2.0,42.0,0.25,3,0.5714285714285714
2,5.0,3.0,2.0,10.0,7,8,6,2.0,36.0,0.0,3,0.4285714285714285
1,3.0,4.0,2.0,10.0,7,8,6,1.0,69.0,0.0,3,1.0
3,5.0,3.0,2.0,6.0,7,8,6,2.0,52.0,0.1428571428571428,3,7.0
2,5.0,2.0,2.0,10.0,7,8,6,2.0,62.0,0.0,3,2.0
3,5.0,4.0,2.0,8.0,7,8,6,3.0,40.0,0.2,3,2.5
2,3.0,6.0,2.0,6.0,7,8,6,3.0,55.0,0.0,3,4.0
2,6.0,3.0,2.0,9.0,5,8,6,3.0,28.0,0.4,3,5.0
1,3.0,3.0,2.0,6.0,5,8,6,0.0,66.0,0.0,3,1.0
1,6.0,1.0,2.0,6.0,5,8,6,1.0,52.0,0.0,3,1.0
2,5.0,3.0,2.0,6.0,5,8,6,0.0,78.0,0.0,3,2.0
2,5.0,5.0,2.0,1.0,5,8,6,2.0,82.0,0.0,3,2.0
2,5.0,4.0,2.0,4.0,5,8,6,2.0,79.0,0.0,3,2.0
2,5.0,6.0,2.0,7.0,5,8,6,3.0,47.0,0.0,3,5.0
1,5.0,4.0,2.0,6.0,5,8,6,2.0,53.0,0.0,3,2.0
2,5.0,2.0,2.0,10.0,5,8,6,2.0,63.0,0.0,3,2.0
1,6.0,3.0,2.0,4.0,5,8,6,1.0,58.0,0.0,3,1.0
2,1.0,6.0,2.0,10.0,1,8,6,2.0,65.0,0.0,3,2.0
2,1.0,3.0,2.0,8.0,1,8,6,2.0,64.0,0.0,3,2.0
2,2.0,4.0,2.0,10.0,1,8,6,1.0,94.0,0.0,3,2.0
3,1.0,7.0,2.0,10.0,1,8,6,1.0,63.0,0.0,3,3.0
2,5.0,7.0,2.0,10.0,1,8,6,2.0,39.0,0.2,3,1.25
1,6.0,1.0,2.0,4.0,1,8,6,1.0,78.0,0.0,3,1.0
1,2.0,4.0,2.0,10.0,1,8,6,1.0,25.0,0.0,3,2.0
1,5.0,2.0,2.0,6.0,1,8,6,1.0,77.0,0.0,3,1.0
1,2.0,3.0,2.0,10.0,1,8,6,0.0,59.0,0.0,3,2.0
1,2.0,7.0,2.0,6.0,1,8,6,1.0,45.0,0.0,3,4.0
3,2.0,5.0,2.0,6.0,1,8,6,2.0,72.0,0.0,3,4.0
2,5.0,3.0,2.0,4.0,1,8,6,2.0,76.0,0.0,3,3.0
1,5.0,4.0,2.0,7.0,1,8,6,1.0,70.0,0.0,3,2.0
3,5.0,6.0,2.0,4.0,1,8,6,2.0,54.0,0.0,3,4.0
2,5.0,3.0,2.0,9.0,1,8,6,2.0,39.0,0.3333333333333333,3,3.0
3,5.0,5.0,2.0,1.0,1,8,6,3.0,51.0,0.2,3,5.0
2,1.0,3.0,2.0,4.0,1,8,6,2.0,40.0,0.0,3,4.0
3,1.0,4.0,2.0,10.0,1,8,6,3.0,60.0,0.0,3,4.0
2,1.0,6.0,2.0,8.0,1,8,6,1.0,77.0,0.2,3,5.0
1,1.0,5.0,2.0,10.0,1,8,6,1.0,57.0,0.0,3,2.0
2,3.0,4.0,2.0,10.0,1,8,6,2.0,35.0,0.5,3,4.0
3,6.0,3.0,2.0,4.0,1,8,6,3.0,53.0,0.0,3,3.0
2,5.0,4.0,2.0,5.0,1,8,6,1.0,60.0,0.0,3,2.0
2,5.0,3.0,2.0,3.0,1,8,6,1.0,78.0,0.0,3,2.0
3,5.0,3.0,2.0,5.0,1,8,6,3.0,58.0,0.0,3,3.0
1,5.0,2.0,2.0,6.0,1,8,6,1.0,69.0,0.0,3,1.0
3,5.0,3.0,2.0,8.0,1,8,6,3.0,60.0,0.0,3,4.0
2,5.0,3.0,2.0,3.0,1,8,6,2.0,38.0,0.3333333333333333,3,3.0
2,5.0,4.0,2.0,3.0,1,8,6,2.0,53.0,0.0,3,2.0
3,5.0,2.0,2.0,5.0,1,8,6,3.0,56.0,0.0,3,3.0
2,5.0,3.0,2.0,10.0,1,8,6,2.0,50.0,0.0,3,4.0
3,5.0,4.0,2.0,4.0,1,8,6,3.0,40.0,0.4,3,5.0
3,2.0,2.0,2.0,5.0,1,8,6,3.0,52.0,0.0,3,4.0
2,5.0,3.0,2.0,8.0,1,8,6,1.0,49.0,0.0,3,4.0
1,5.0,3.0,2.0,9.0,1,8,6,0.0,72.0,0.0,3,1.0
2,2.0,4.0,2.0,6.0,1,8,6,1.0,55.0,0.3333333333333333,3,3.0
3,6.0,1.0,2.0,8.0,1,8,6,3.0,53.0,0.2,3,5.0
1,2.0,3.0,2.0,6.0,1,8,6,3.0,39.0,0.0,3,4.0
3,2.0,7.0,2.0,4.0,1,8,6,2.0,54.0,0.25,3,4.0
2,5.0,2.0,2.0,4.0,1,8,6,2.0,59.0,0.0,3,3.0
3,5.0,4.0,2.0,8.0,1,8,6,2.0,66.0,0.0,3,4.0
1,5.0,4.0,2.0,9.0,1,8,6,1.0,22.0,0.0,3,2.0
1,5.0,2.0,2.0,4.0,1,8,6,1.0,69.0,0.0,3,1.0
2,4.0,3.0,2.0,6.0,4,8,6,2.0,50.0,0.0,3,4.0
2,6.0,2.0,2.0,5.0,4,8,6,2.0,60.0,0.0,3,3.0
3,6.0,6.0,2.0,4.0,4,8,6,3.0,60.0,0.0,3,4.0
1,6.0,4.0,2.0,4.0,1,8,6,1.0,55.0,0.0,3,2.0
1,6.0,3.0,2.0,4.0,1,8,6,1.0,69.0,0.0,3,0.1428571428571428
2,6.0,3.0,2.0,4.0,1,8,6,3.0,65.0,0.0,3,4.0
1,5.0,4.0,2.0,3.0,1,8,6,1.0,74.0,0.25,3,4.0
3,5.0,4.0,2.0,3.0,1,8,6,3.0,37.0,0.4,3,5.0
3,6.0,4.0,2.0,4.0,1,8,6,2.0,45.0,0.4,3,5.0
1,5.0,5.0,2.0,1.0,1,8,6,1.0,44.0,0.3333333333333333,3,3.0
1,6.0,2.0,2.0,4.0,1,8,6,1.0,36.0,0.3333333333333333,3,3.0
3,6.0,2.0,2.0,4.0,4,8,6,3.0,71.0,0.0,3,0.5
1,6.0,6.0,2.0,4.0,4,8,6,1.0,34.0,0.5,3,0.6666666666666666
1,6.0,4.0,2.0,3.0,4,8,6,1.0,70.0,0.0,3,0.1666666666666666
1,6.0,6.0,2.0,3.0,4,8,6,2.0,70.0,0.0,3,0.3333333333333333
1,6.0,2.0,2.0,4.0,4,8,6,1.0,60.0,0.0,3,0.1666666666666666
1,6.0,2.0,2.0,4.0,4,8,6,1.0,66.0,0.0,3,0.3333333333333333
1,6.0,2.0,2.0,1.0,4,8,6,0.0,85.0,0.0,3,0.1666666666666666
1,6.0,1.0,2.0,4.0,4,8,6,1.0,73.0,0.0,3,1.0
3,5.0,7.0,2.0,8.0,1,8,6,2.0,48.0,0.2857142857142857,3,7.0
2,3.0,3.0,2.0,6.0,1,8,6,2.0,57.0,0.0,3,4.0
1,5.0,5.0,2.0,1.0,1,8,6,0.0,86.0,0.0,3,2.0
3,3.0,3.0,2.0,8.0,1,8,6,3.0,66.0,0.0,3,3.0
1,2.0,3.0,2.0,8.0,1,8,6,0.0,54.0,0.0,3,1.0
2,3.0,5.0,2.0,8.0,1,8,6,1.0,73.0,0.3333333333333333,3,3.0
1,2.0,5.0,2.0,6.0,1,8,6,0.0,77.0,0.0,3,2.0
1,2.0,4.0,2.0,10.0,1,8,6,0.0,69.0,0.0,3,1.0
1,3.0,3.0,2.0,4.0,1,8,6,1.0,70.0,0.0,3,1.0
2,5.0,5.0,2.0,5.0,1,8,6,1.0,60.0,0.0,3,2.0
2,5.0,2.0,2.0,3.0,1,8,6,1.0,78.0,0.0,3,2.0
1,3.0,3.0,2.0,4.0,1,8,6,3.0,70.0,0.25,3,4.0
2,3.0,6.0,2.0,4.0,1,8,6,1.0,74.0,0.0,3,2.0
1,5.0,4.0,2.0,4.0,1,8,6,1.0,58.0,0.0,3,2.0
1,6.0,3.0,2.0,3.0,1,8,6,1.0,57.0,0.0,3,1.0
1,5.0,4.0,2.0,5.0,1,8,6,1.0,72.0,0.0,3,3.0
2,6.0,7.0,2.0,3.0,1,8,6,2.0,71.0,0.0,3,4.0
1,5.0,1.0,2.0,6.0,1,8,6,1.0,48.0,0.0,3,4.0
2,6.0,3.0,2.0,5.0,1,8,6,2.0,46.0,0.2,3,5.0
1,5.0,3.0,2.0,8.0,1,8,6,1.0,61.0,0.0,3,2.0
1,5.0,4.0,2.0,1.0,1,8,6,1.0,81.0,0.0,3,3.0
1,5.0,2.0,2.0,3.0,1,8,6,1.0,59.0,0.0,3,3.0
1,5.0,1.0,2.0,5.0,1,8,6,1.0,87.0,0.0,3,1.0
1,3.0,3.0,2.0,6.0,1,8,6,2.0,68.0,0.0,3,2.0
3,3.0,4.0,2.0,5.0,1,8,6,2.0,64.0,0.2,3,5.0
1,3.0,1.0,2.0,7.0,1,8,6,1.0,44.0,0.0,3,1.0
0,5.0,2.0,2.0,3.0,1,8,6,0.0,81.0,0.0,3,1.0
2,6.0,2.0,2.0,9.0,1,8,6,2.0,73.0,0.0,3,4.0
1,3.0,3.0,2.0,10.0,1,8,6,1.0,45.0,0.0,3,1.0
2,2.0,4.0,2.0,6.0,1,8,6,1.0,78.0,0.4,3,5.0
2,3.0,3.0,2.0,8.0,1,8,6,1.0,63.0,0.0,3,3.0
2,3.0,5.0,2.0,10.0,1,8,6,0.0,67.0,0.0,3,3.0
3,5.0,4.0,2.0,10.0,1,8,6,1.0,40.0,0.0,3,4.0
2,3.0,4.0,2.0,10.0,1,8,6,2.0,45.0,0.0,3,4.0
3,3.0,3.0,2.0,8.0,1,8,6,3.0,56.0,0.0,3,4.0
2,5.0,3.0,2.0,6.0,1,8,6,2.0,59.0,0.0,3,2.0
1,6.0,3.0,2.0,4.0,1,8,6,1.0,52.0,0.3333333333333333,3,3.0
3,5.0,3.0,2.0,4.0,1,8,6,3.0,49.0,0.2,3,5.0
1,5.0,2.0,2.0,4.0,1,8,6,1.0,54.0,0.0,3,1.0
1,6.0,3.0,2.0,4.0,1,8,6,0.0,75.0,0.0,3,1.0
2,3.0,4.0,2.0,4.0,1,8,6,1.0,72.0,0.0,3,2.0
1,5.0,3.0,2.0,4.0,1,8,6,1.0,64.0,0.0,3,2.0
3,5.0,3.0,2.0,6.0,1,8,6,2.0,61.0,0.0,3,3.0
2,5.0,4.0,2.0,6.0,1,8,6,1.0,58.0,0.0,3,3.0
1,3.0,4.0,2.0,6.0,1,8,6,1.0,64.0,0.0,3,4.0
2,5.0,2.0,2.0,6.0,1,8,6,1.0,46.0,0.0,3,3.0
3,3.0,3.0,2.0,6.0,1,8,6,3.0,54.0,0.0,3,3.0
1,5.0,3.0,2.0,4.0,1,8,6,1.0,57.0,0.3333333333333333,3,3.0
2,5.0,3.0,2.0,6.0,1,8,6,2.0,40.0,0.3333333333333333,3,3.0
3,5.0,4.0,2.0,5.0,1,8,6,2.0,54.0,0.0,3,3.0
2,5.0,3.0,2.0,1.0,1,8,6,0.0,79.0,0.0,3,3.0
1,6.0,2.0,2.0,6.0,1,8,6,2.0,47.0,0.0,3,0.4
2,6.0,2.0,2.0,3.0,1,8,6,2.0,73.0,0.0,3,2.0
1,6.0,1.0,2.0,5.0,1,8,6,3.0,43.0,0.25,3,4.0
2,6.0,1.0,2.0,6.0,1,8,6,3.0,47.0,0.2,3,5.0
1,6.0,1.0,2.0,1.0,1,8,6,1.0,92.0,0.0,3,1.0
2,6.0,1.0,2.0,3.0,1,8,6,1.0,55.0,0.0,3,5.0
1,6.0,2.0,2.0,3.0,1,8,6,1.0,72.0,0.0,3,1.0
1,6.0,2.0,2.0,6.0,1,8,6,2.0,36.0,0.0,3,4.0
3,6.0,4.0,2.0,1.0,1,8,6,2.0,49.0,0.0,3,3.0
2,5.0,3.0,2.0,7.0,1,8,6,2.0,29.0,0.3333333333333333,3,3.0
1,6.0,1.0,2.0,1.0,1,8,6,1.0,64.0,0.0,3,0.3333333333333333
2,6.0,2.0,2.0,6.0,1,8,6,1.0,34.0,0.4,3,0.7142857142857143
3,5.0,2.0,2.0,6.0,8,8,6,1.0,84.0,0.0,3,3.0
2,2.0,3.0,2.0,10.0,8,8,6,1.0,57.0,0.0,3,2.0
2,3.0,2.0,2.0,9.0,8,8,6,1.0,83.0,0.1666666666666666,3,6.0
3,3.0,5.0,2.0,3.0,8,8,6,3.0,53.0,0.25,3,1.0
1,5.0,3.0,2.0,8.0,8,8,6,0.0,81.0,0.0,3,1.0
1,3.0,2.0,2.0,8.0,8,8,6,1.0,65.0,0.0,3,2.0
2,5.0,3.0,2.0,6.0,8,8,6,3.0,49.0,0.25,3,4.0
1,3.0,4.0,2.0,8.0,8,8,6,1.0,55.0,0.0,3,2.0
1,3.0,1.0,2.0,10.0,8,8,6,1.0,58.0,0.0,3,1.0
2,5.0,3.0,2.0,10.0,8,8,6,2.0,36.0,0.0,3,3.0
3,2.0,6.0,2.0,8.0,8,8,6,2.0,72.0,0.0,3,4.0
1,1.0,4.0,2.0,10.0,8,8,6,1.0,64.0,0.0,3,1.0
1,3.0,3.0,2.0,9.0,8,8,6,1.0,69.0,0.0,3,1.0
3,3.0,5.0,2.0,8.0,8,8,6,3.0,61.0,0.0,3,4.0
1,5.0,5.0,2.0,6.0,8,8,6,1.0,59.0,0.0,3,2.0
3,5.0,3.0,2.0,3.0,8,8,6,1.0,66.0,0.0,3,3.0
1,2.0,2.0,2.0,1.0,8,8,6,0.0,90.0,0.0,3,1.0
2,5.0,3.0,2.0,7.0,8,8,6,1.0,65.0,0.0,3,3.0
1,5.0,2.0,2.0,6.0,8,8,6,1.0,38.0,0.3333333333333333,3,1.0
2,5.0,3.0,2.0,6.0,8,8,6,2.0,29.0,0.3333333333333333,3,3.0
1,5.0,3.0,2.0,9.0,8,8,6,1.0,58.0,0.0,3,0.3333333333333333
2,5.0,2.0,2.0,6.0,8,8,6,2.0,46.0,0.25,3,1.3333333333333333
2,5.0,3.0,2.0,6.0,8,8,6,2.0,30.0,0.3333333333333333,3,3.0
3,1.0,5.0,2.0,9.0,8,8,6,1.0,43.0,0.0,3,3.0
2,1.0,3.0,2.0,6.0,8,8,6,1.0,85.0,0.0,3,3.0
2,3.0,4.0,2.0,8.0,8,8,6,1.0,65.0,0.0,3,2.0
2,3.0,4.0,2.0,8.0,8,8,6,2.0,57.0,0.0,3,3.0
2,5.0,4.0,2.0,6.0,8,8,6,2.0,50.0,0.0,3,3.0
3,2.0,3.0,2.0,6.0,8,8,6,3.0,59.0,0.0,3,3.0
1,5.0,3.0,2.0,6.0,8,8,6,1.0,50.0,0.0,3,2.0
2,3.0,3.0,2.0,6.0,8,8,6,2.0,68.0,0.0,3,3.0
1,5.0,2.0,2.0,4.0,8,8,6,1.0,50.0,0.0,3,2.0
2,3.0,4.0,2.0,5.0,8,8,6,2.0,59.0,0.0,3,3.0
2,5.0,4.0,2.0,6.0,8,8,6,2.0,49.0,0.0,3,4.0
1,5.0,4.0,2.0,9.0,8,8,6,1.0,49.0,0.0,3,3.0
1,5.0,1.0,2.0,5.0,8,8,6,1.0,62.0,0.0,3,1.0
1,5.0,3.0,2.0,10.0,8,8,6,1.0,73.0,0.0,3,2.0
1,3.0,6.0,2.0,8.0,8,8,6,0.0,80.0,0.0,3,1.0
3,3.0,3.0,2.0,5.0,8,8,6,3.0,44.0,0.0,3,1.0
1,5.0,3.0,2.0,7.0,8,8,6,1.0,32.0,0.0,3,0.5
1,1.0,3.0,2.0,5.0,8,8,6,0.0,67.0,0.0,3,2.0
1,3.0,3.0,2.0,6.0,8,8,6,0.0,74.0,0.0,3,1.0
1,3.0,3.0,2.0,8.0,8,8,6,0.0,71.0,0.0,3,3.0
2,3.0,3.0,2.0,8.0,8,8,6,2.0,46.0,0.0,3,2.0
2,5.0,3.0,2.0,6.0,8,8,6,2.0,36.0,0.0,3,0.4
2,4.0,2.0,2.0,4.0,8,8,6,2.0,66.0,0.0,3,2.0
2,5.0,3.0,2.0,6.0,8,8,6,2.0,53.0,0.0,3,0.75
3,5.0,4.0,2.0,7.0,8,8,6,3.0,61.0,0.0,3,0.75
2,5.0,4.0,2.0,3.0,8,8,6,2.0,68.0,0.4,3,1.25
2,5.0,3.0,2.0,8.0,8,8,6,2.0,40.0,0.5,3,1.0
3,1.0,5.0,2.0,10.0,8,8,6,1.0,71.0,0.2,3,5.0
1,1.0,4.0,2.0,10.0,8,8,6,0.0,69.0,0.0,3,2.0
2,3.0,6.0,2.0,4.0,8,8,6,2.0,82.0,0.0,3,3.0
2,5.0,6.0,2.0,4.0,8,8,6,1.0,84.0,0.0,3,2.0
2,1.0,4.0,2.0,9.0,8,8,6,0.0,78.0,0.0,3,2.0
1,1.0,4.0,2.0,10.0,8,8,6,1.0,46.0,0.2,3,5.0
2,5.0,3.0,2.0,5.0,8,8,6,1.0,62.0,0.0,3,2.0
1,3.0,4.0,2.0,4.0,8,8,6,1.0,74.0,0.0,3,1.0
3,1.0,3.0,2.0,8.0,8,8,6,1.0,66.0,0.0,3,5.0
3,1.0,3.0,2.0,6.0,8,8,6,1.0,79.0,0.0,3,3.0
3,5.0,3.0,2.0,9.0,8,8,6,1.0,68.0,0.0,3,3.0
3,3.0,3.0,2.0,5.0,8,8,6,1.0,72.0,0.0,3,3.0
1,5.0,5.0,2.0,7.0,8,8,6,1.0,45.0,0.2,3,5.0
1,5.0,6.0,2.0,6.0,8,8,6,1.0,63.0,0.0,3,3.0
2,5.0,4.0,2.0,6.0,8,8,6,2.0,48.0,0.0,3,4.0
2,5.0,2.0,2.0,6.0,8,8,6,2.0,43.0,0.0,3,3.0
3,1.0,2.0,2.0,5.0,8,8,6,3.0,63.0,0.0,3,4.0
3,3.0,1.0,2.0,6.0,8,8,6,3.0,60.0,0.0,3,4.0
2,5.0,3.0,2.0,8.0,8,8,6,2.0,37.0,0.0,3,2.0
3,2.0,5.0,2.0,10.0,8,8,6,2.0,54.0,0.0,3,5.0
2,3.0,5.0,2.0,8.0,8,8,6,1.0,52.0,0.0,3,2.0
2,3.0,4.0,2.0,9.0,8,8,6,2.0,54.0,0.0,3,4.0
1,5.0,3.0,2.0,6.0,8,8,6,1.0,58.0,0.0,3,1.0
2,5.0,3.0,2.0,10.0,8,8,6,2.0,61.0,0.0,3,2.0
2,5.0,3.0,2.0,6.0,8,8,6,2.0,55.0,0.0,3,2.0
2,5.0,4.0,2.0,4.0,8,8,6,1.0,80.0,0.0,3,4.0
3,3.0,3.0,2.0,8.0,8,8,6,3.0,51.0,0.0,3,4.0
2,3.0,3.0,2.0,6.0,8,8,6,2.0,44.0,0.1666666666666666,3,6.0
1,3.0,2.0,2.0,5.0,8,8,6,0.0,65.0,0.0,3,4.0
2,5.0,3.0,2.0,6.0,8,8,6,1.0,51.0,0.0,3,2.0
2,3.0,4.0,2.0,6.0,8,8,6,0.0,84.0,0.0,3,2.0
1,3.0,3.0,2.0,6.0,8,8,6,0.0,88.0,0.0,3,2.0
1,5.0,2.0,2.0,6.0,8,8,6,1.0,65.0,0.0,3,1.0
3,1.0,3.0,2.0,10.0,8,8,6,3.0,77.0,0.0,3,3.0
1,3.0,3.0,2.0,10.0,8,8,6,1.0,76.0,0.0,3,3.0
1,3.0,4.0,2.0,6.0,8,8,6,1.0,59.0,0.0,3,3.0
1,5.0,4.0,2.0,8.0,8,8,6,1.0,47.0,0.0,3,3.0
1,5.0,2.0,2.0,4.0,8,8,6,1.0,77.0,0.0,3,1.0
3,3.0,4.0,2.0,6.0,8,8,6,2.0,64.0,0.0,3,3.0
2,3.0,3.0,2.0,6.0,8,8,6,2.0,56.0,0.0,3,2.0
2,2.0,3.0,2.0,6.0,8,8,6,1.0,78.0,0.0,3,2.0
2,3.0,3.0,2.0,6.0,8,8,6,0.0,44.0,0.5,3,4.0
3,3.0,5.0,2.0,6.0,8,8,6,3.0,55.0,0.0,3,5.0
2,3.0,3.0,2.0,7.0,8,8,6,2.0,52.0,0.0,3,3.0
2,3.0,4.0,2.0,10.0,8,8,6,1.0,64.0,0.0,3,3.0
2,2.0,5.0,2.0,10.0,8,8,6,2.0,73.0,0.0,3,2.0
2,2.0,3.0,2.0,8.0,8,8,6,0.0,74.0,0.0,3,2.0
2,2.0,3.0,2.0,8.0,8,8,6,1.0,70.0,0.0,3,3.0
2,2.0,2.0,2.0,6.0,8,8,6,1.0,67.0,0.0,3,2.0
1,2.0,4.0,2.0,8.0,8,8,6,1.0,62.0,0.0,3,2.0
1,3.0,3.0,2.0,1.0,8,8,6,0.0,84.0,0.0,3,2.0
3,3.0,3.0,2.0,6.0,8,8,6,3.0,58.0,0.0,3,5.0
1,5.0,3.0,2.0,6.0,8,8,6,1.0,33.0,0.3333333333333333,3,0.75
3,5.0,1.0,2.0,6.0,8,8,6,3.0,53.0,0.0,3,0.75
3,5.0,4.0,2.0,6.0,2,8,6,0.0,44.0,0.2,3,1.6666666666666667
1,5.0,1.0,2.0,3.0,2,8,6,1.0,56.0,0.0,3,0.3333333333333333
1,3.0,2.0,2.0,9.0,2,8,6,1.0,40.0,0.0,3,2.0
1,5.0,3.0,2.0,3.0,2,8,6,0.0,98.0,0.0,3,3.0
2,5.0,3.0,2.0,4.0,2,8,6,2.0,70.0,0.0,3,0.5
3,5.0,5.0,2.0,4.0,2,8,6,2.0,70.0,0.0,3,1.25
3,5.0,4.0,2.0,6.0,2,8,6,2.0,53.0,0.0,3,4.0
2,5.0,2.0,2.0,6.0,2,8,6,1.0,65.0,0.0,3,2.0
2,3.0,5.0,2.0,4.0,2,8,6,2.0,60.0,0.3333333333333333,3,3.0
2,5.0,5.0,2.0,5.0,2,8,6,2.0,48.0,0.25,3,1.3333333333333333
2,5.0,2.0,2.0,4.0,2,8,6,1.0,42.0,0.0,3,0.5
2,5.0,3.0,2.0,7.0,2,8,6,2.0,32.0,0.0,3,0.5
1,3.0,3.0,2.0,6.0,2,8,6,2.0,59.0,0.0,3,2.0
1,5.0,2.0,2.0,3.0,2,8,6,1.0,77.0,0.0,3,1.0
3,3.0,3.0,2.0,4.0,2,8,6,3.0,66.0,0.0,3,3.0
2,5.0,3.0,2.0,6.0,2,8,6,2.0,54.0,0.0,3,4.0
2,5.0,2.0,2.0,4.0,2,8,6,2.0,64.0,0.0,3,3.0
3,5.0,4.0,2.0,3.0,2,8,6,1.0,77.0,0.0,3,3.0
1,5.0,3.0,2.0,3.0,2,8,6,0.0,89.0,0.0,3,1.0
2,5.0,5.0,2.0,8.0,2,8,6,2.0,48.0,0.3333333333333333,3,3.0
2,2.0,4.0,2.0,8.0,2,8,6,2.0,38.0,0.3333333333333333,3,3.0
1,5.0,3.0,2.0,4.0,2,8,6,0.0,82.0,0.0,3,0.4
1,6.0,3.0,2.0,3.0,2,8,6,1.0,56.0,0.0,3,3.0
2,3.0,4.0,2.0,6.0,2,8,6,2.0,62.0,0.0,3,2.0
2,5.0,3.0,2.0,4.0,2,8,6,2.0,72.0,0.0,3,0.5
1,5.0,2.0,2.0,6.0,2,8,6,1.0,29.0,0.0,3,0.5
1,6.0,1.0,2.0,1.0,5,8,6,1.0,74.0,0.0,3,1.0
2,6.0,1.0,2.0,9.0,5,8,6,2.0,56.0,0.0,3,5.0
3,5.0,6.0,2.0,6.0,7,8,6,3.0,62.0,0.125,3,8.0
2,5.0,3.0,2.0,5.0,7,8,6,2.0,70.0,0.0,3,2.0
1,5.0,6.0,2.0,6.0,7,8,6,1.0,73.0,0.0,3,1.0
2,3.0,3.0,2.0,7.0,7,8,6,1.0,50.0,0.0,3,2.0
3,3.0,3.0,2.0,8.0,7,8,6,3.0,63.0,0.25,3,4.0
2,5.0,3.0,2.0,6.0,7,8,6,1.0,30.0,0.5,3,4.0
2,5.0,3.0,2.0,5.0,7,8,6,2.0,51.0,0.25,3,4.0
2,5.0,5.0,2.0,6.0,7,8,6,2.0,46.0,0.125,3,8.0
2,6.0,5.0,2.0,5.0,7,8,6,1.0,74.0,0.0,3,2.0
2,5.0,3.0,2.0,6.0,7,8,6,1.0,47.0,0.0,3,3.0
1,5.0,2.0,2.0,5.0,7,8,6,1.0,57.0,0.0,3,1.0
2,4.0,3.0,2.0,7.0,7,8,6,2.0,42.0,0.0,3,2.0
1,5.0,2.0,2.0,4.0,7,8,6,0.0,70.0,0.0,3,1.0
2,5.0,4.0,2.0,3.0,7,8,6,2.0,35.0,0.1666666666666666,3,6.0
3,3.0,7.0,2.0,6.0,7,8,6,2.0,77.0,0.1666666666666666,3,6.0
1,5.0,3.0,2.0,10.0,7,8,6,0.0,80.0,0.0,3,1.0
3,3.0,6.0,2.0,8.0,7,8,6,3.0,38.0,0.1666666666666666,3,6.0
1,6.0,1.0,2.0,6.0,7,8,6,1.0,70.0,0.0,3,1.0
1,5.0,3.0,2.0,6.0,7,8,6,1.0,36.0,0.0,3,1.0
3,6.0,2.0,2.0,5.0,7,8,6,1.0,52.0,0.0,3,0.8
1,5.0,2.0,2.0,6.0,7,8,6,0.0,30.0,0.3333333333333333,3,3.0
2,5.0,5.0,2.0,6.0,7,8,6,3.0,41.0,0.2,3,5.0
3,5.0,4.0,2.0,10.0,7,8,6,2.0,47.0,0.0,3,3.0
3,4.0,5.0,2.0,5.0,7,8,6,2.0,47.0,0.2,3,1.25
2,6.0,1.0,2.0,4.0,7,8,6,2.0,59.0,0.3333333333333333,3,1.5
2,5.0,4.0,2.0,6.0,7,8,6,2.0,41.0,0.125,3,1.6
1,3.0,2.0,2.0,7.0,7,8,6,2.0,33.0,0.3333333333333333,3,0.75
2,5.0,2.0,2.0,4.0,7,8,6,2.0,77.0,0.0,3,2.0
2,2.0,5.0,2.0,8.0,7,8,6,1.0,40.0,0.3333333333333333,3,3.0
2,5.0,4.0,2.0,5.0,7,8,6,2.0,51.0,0.3333333333333333,3,3.0
2,5.0,5.0,2.0,10.0,7,8,6,2.0,39.0,0.5,3,6.0
2,6.0,2.0,2.0,4.0,7,8,6,1.0,34.0,0.3333333333333333,3,3.0
2,6.0,3.0,2.0,3.0,7,8,6,1.0,74.0,0.0,3,2.0
2,6.0,3.0,2.0,3.0,7,8,6,1.0,30.0,0.25,3,4.0
1,5.0,4.0,2.0,6.0,7,8,6,1.0,23.0,0.5,3,4.0
2,6.0,1.0,2.0,6.0,7,8,6,1.0,34.0,0.25,3,4.0
1,4.0,2.0,2.0,5.0,7,8,6,1.0,28.0,0.5,3,4.0
3,4.0,3.0,2.0,4.0,7,8,6,1.0,69.0,0.2,3,5.0
2,4.0,4.0,2.0,5.0,7,8,6,0.0,62.0,0.3333333333333333,3,0.375
1,4.0,2.0,2.0,5.0,7,8,6,1.0,56.0,0.0,3,0.125
2,4.0,3.0,2.0,3.0,7,8,6,0.0,40.0,0.6,3,0.625
1,6.0,2.0,2.0,5.0,7,8,6,0.0,66.0,0.0,3,0.125
3,4.0,3.0,2.0,6.0,7,8,6,2.0,37.0,0.5,3,1.0
3,4.0,2.0,2.0,3.0,7,8,6,2.0,41.0,0.4285714285714285,3,0.875
1,4.0,3.0,2.0,3.0,7,8,6,1.0,63.0,0.0,3,0.25
2,4.0,4.0,2.0,3.0,7,8,6,2.0,76.0,0.0,3,0.25
2,4.0,2.0,2.0,5.0,7,8,6,2.0,69.0,0.0,3,0.25
3,4.0,1.0,2.0,4.0,7,8,6,3.0,48.0,0.4285714285714285,3,0.875
2,6.0,5.0,2.0,3.0,7,8,6,3.0,38.0,0.4,3,0.625
1,4.0,4.0,2.0,8.0,7,8,6,1.0,34.0,0.3333333333333333,3,3.0
1,4.0,2.0,2.0,8.0,7,8,6,1.0,29.0,0.5,3,4.0
3,4.0,5.0,2.0,10.0,7,8,6,3.0,44.0,0.25,3,4.0
2,4.0,1.0,2.0,3.0,7,8,6,2.0,43.0,0.4,3,5.0
2,4.0,3.0,2.0,6.0,7,8,6,2.0,51.0,0.0,3,2.0
3,6.0,3.0,2.0,1.0,7,8,6,1.0,72.0,0.0,3,4.0
1,6.0,3.0,2.0,1.0,7,8,6,0.0,46.0,0.25,3,4.0
3,6.0,5.0,2.0,3.0,7,8,6,2.0,64.0,0.0,3,3.0
2,6.0,1.0,2.0,7.0,7,8,6,2.0,44.0,0.4,3,5.0
2,4.0,2.0,2.0,4.0,7,8,6,1.0,61.0,0.0,3,0.2857142857142857
1,4.0,3.0,2.0,3.0,7,8,6,1.0,71.0,0.0,3,0.1428571428571428
3,4.0,2.0,2.0,4.0,7,8,6,3.0,34.0,0.3333333333333333,3,0.8571428571428571
1,5.0,4.0,2.0,6.0,7,8,6,1.0,39.0,0.4,3,2.5
3,5.0,6.0,2.0,4.0,7,8,6,3.0,61.0,0.0,3,5.0
2,2.0,2.0,2.0,8.0,7,8,6,2.0,37.0,0.3333333333333333,3,3.0
2,5.0,4.0,2.0,10.0,7,8,6,2.0,56.0,0.0,3,4.0
1,3.0,5.0,2.0,6.0,7,8,6,1.0,50.0,0.3333333333333333,3,6.0
2,2.0,4.0,2.0,10.0,7,8,6,1.0,69.0,0.25,3,4.0
3,2.0,4.0,2.0,6.0,7,8,6,2.0,74.0,0.2,3,5.0
1,5.0,3.0,2.0,7.0,7,8,6,1.0,35.0,0.5,3,0.2857142857142857
2,5.0,4.0,2.0,6.0,7,8,6,2.0,48.0,0.25,3,4.0
2,2.0,4.0,2.0,5.0,7,8,6,2.0,43.0,0.0,3,4.0
2,3.0,3.0,2.0,10.0,7,8,6,1.0,76.0,0.0,3,2.0
1,5.0,2.0,2.0,8.0,7,8,6,1.0,54.0,0.0,3,5.0
2,5.0,3.0,2.0,6.0,7,8,6,2.0,39.0,0.4,3,5.0
1,5.0,3.0,2.0,10.0,7,8,6,1.0,53.0,0.0,3,5.0
2,5.0,1.0,2.0,10.0,7,8,6,2.0,30.0,0.3333333333333333,3,3.0
1,5.0,4.0,2.0,3.0,7,8,6,1.0,69.0,0.0,3,1.0
3,5.0,3.0,2.0,8.0,7,8,6,3.0,56.0,0.0,3,4.0
1,5.0,1.0,2.0,6.0,7,8,6,2.0,39.0,0.0,3,2.0
1,6.0,4.0,2.0,1.0,7,8,6,3.0,61.0,0.2,3,5.0
1,6.0,2.0,2.0,6.0,7,8,6,1.0,49.0,0.0,3,1.0
2,3.0,4.0,2.0,8.0,7,8,6,2.0,50.0,0.25,3,4.0
1,5.0,2.0,2.0,4.0,7,8,6,2.0,52.0,0.3333333333333333,3,3.0
1,6.0,3.0,2.0,6.0,7,8,6,1.0,28.0,0.3333333333333333,3,3.0
2,6.0,2.0,2.0,6.0,7,8,6,2.0,39.0,0.25,3,4.0
1,5.0,2.0,2.0,6.0,7,8,6,1.0,58.0,0.0,3,3.0
2,4.0,2.0,2.0,3.0,7,8,6,2.0,70.0,0.0,3,0.25
3,6.0,2.0,2.0,3.0,7,8,6,3.0,44.0,0.3333333333333333,3,6.0
2,5.0,1.0,2.0,4.0,7,8,6,2.0,62.0,0.0,3,2.0
2,6.0,2.0,2.0,7.0,7,8,6,2.0,32.0,0.5,3,4.0
2,5.0,4.0,2.0,9.0,7,8,6,2.0,32.0,0.25,3,4.0
1,6.0,2.0,2.0,8.0,3,8,6,1.0,37.0,0.0,3,1.0
2,5.0,2.0,2.0,6.0,3,8,6,1.0,47.0,0.0,3,3.0
3,5.0,3.0,2.0,4.0,3,8,6,2.0,58.0,0.2,3,5.0
3,5.0,4.0,2.0,5.0,3,8,6,3.0,45.0,0.1666666666666666,3,2.0
1,2.0,4.0,2.0,10.0,3,8,6,1.0,51.0,0.2,3,5.0
1,5.0,6.0,2.0,3.0,3,8,6,0.0,79.0,0.0,3,2.0
1,5.0,3.0,2.0,9.0,3,8,6,0.0,31.0,0.0,3,0.3333333333333333
2,5.0,5.0,2.0,9.0,3,8,6,2.0,61.0,0.0,3,4.0
1,5.0,4.0,2.0,8.0,3,8,6,1.0,55.0,0.0,3,3.0
2,2.0,3.0,2.0,4.0,3,8,6,3.0,77.0,0.0,3,3.0
2,2.0,6.0,2.0,5.0,3,8,6,1.0,63.0,0.0,3,2.0
3,5.0,5.0,2.0,6.0,3,8,6,2.0,55.0,0.0,3,3.0
2,2.0,4.0,2.0,8.0,3,8,6,2.0,36.0,0.5,3,4.0
3,5.0,5.0,2.0,5.0,3,8,6,3.0,64.0,0.0,3,3.0
2,2.0,5.0,2.0,6.0,3,8,6,1.0,72.0,0.0,3,2.0
1,2.0,5.0,2.0,4.0,3,8,6,1.0,79.0,0.0,3,2.0
2,5.0,5.0,2.0,8.0,3,8,6,0.0,46.0,0.0,3,3.0
2,2.0,6.0,2.0,8.0,3,8,6,1.0,59.0,0.0,3,2.0
2,5.0,5.0,2.0,7.0,3,8,6,1.0,50.0,0.3333333333333333,3,3.0
1,5.0,5.0,2.0,8.0,3,8,6,1.0,45.0,0.0,3,1.0
1,2.0,6.0,2.0,4.0,3,8,6,0.0,86.0,0.0,3,1.0
2,2.0,4.0,2.0,5.0,3,8,6,1.0,79.0,0.0,3,2.0
1,6.0,1.0,2.0,3.0,3,8,6,1.0,73.0,0.0,3,0.2857142857142857
1,5.0,4.0,2.0,6.0,3,8,6,1.0,69.0,0.0,3,0.2857142857142857
1,5.0,3.0,2.0,1.0,3,8,6,1.0,69.0,0.0,3,0.1428571428571428
1,6.0,1.0,2.0,1.0,3,8,6,1.0,81.0,0.0,3,0.125
2,5.0,2.0,2.0,6.0,3,8,6,2.0,50.0,0.0,3,0.4285714285714285
1,6.0,2.0,2.0,6.0,6,8,6,2.0,55.0,0.0,3,2.0
1,6.0,1.0,2.0,1.0,6,8,6,1.0,84.0,0.0,3,1.0
1,5.0,4.0,2.0,6.0,6,8,6,2.0,59.0,0.0,3,2.0
1,6.0,3.0,2.0,4.0,6,8,6,1.0,56.0,0.0,3,1.0
2,5.0,2.0,2.0,5.0,6,8,6,2.0,65.0,0.0,3,4.0
2,6.0,1.0,2.0,6.0,6,8,6,2.0,62.0,0.0,3,2.0
2,6.0,2.0,2.0,4.0,6,8,6,2.0,70.0,0.0,3,3.0
1,6.0,1.0,2.0,6.0,6,8,6,1.0,45.0,0.5,3,2.0
1,6.0,2.0,2.0,6.0,6,8,6,1.0,54.0,0.0,3,1.0
1,4.0,2.0,2.0,8.0,5,8,6,0.0,79.0,0.0,3,2.0
3,2.0,6.0,2.0,6.0,5,8,6,2.0,42.0,0.0,3,3.0
3,5.0,6.0,2.0,6.0,5,8,6,3.0,52.0,0.2,3,5.0
3,4.0,4.0,2.0,1.0,5,8,6,1.0,71.0,0.0,3,1.5
2,4.0,4.0,2.0,4.0,5,8,6,2.0,71.0,0.4,3,5.0
2,4.0,3.0,2.0,4.0,5,8,6,2.0,63.0,0.0,3,2.0
2,4.0,3.0,2.0,4.0,5,8,6,1.0,90.0,0.0,3,2.0
1,4.0,2.0,2.0,6.0,5,8,6,1.0,52.0,0.25,3,4.0
3,5.0,3.0,2.0,3.0,5,8,6,2.0,60.0,0.0,3,3.0
3,5.0,1.0,2.0,4.0,5,8,6,1.0,51.0,0.0,3,0.6666666666666666
2,3.0,2.0,2.0,7.0,5,8,6,1.0,35.0,0.4,3,5.0
3,5.0,2.0,2.0,4.0,5,8,6,1.0,69.0,0.0,3,3.0
2,6.0,3.0,2.0,6.0,5,8,6,1.0,60.0,0.0,3,2.0
2,6.0,2.0,2.0,4.0,5,8,6,1.0,75.0,0.0,3,0.2857142857142857
1,6.0,3.0,2.0,4.0,5,8,6,1.0,81.0,0.0,3,1.0
1,4.0,2.0,2.0,3.0,5,8,6,1.0,76.0,0.0,3,1.0
2,6.0,2.0,2.0,3.0,5,8,6,1.0,63.0,0.0,3,3.0
1,4.0,2.0,2.0,3.0,5,8,6,0.0,75.0,0.0,3,1.0
2,3.0,7.0,2.0,5.0,5,8,6,2.0,56.0,0.0,3,2.0
1,4.0,1.0,2.0,1.0,7,8,6,1.0,67.0,0.0,3,0.1428571428571428
1,5.0,2.0,2.0,5.0,7,8,6,1.0,47.0,0.0,3,0.25
2,5.0,3.0,2.0,6.0,7,8,6,2.0,62.0,0.0,3,0.4
1,5.0,3.0,2.0,7.0,7,8,6,1.0,55.0,0.0,3,0.1428571428571428
1,4.0,2.0,2.0,4.0,7,8,6,1.0,55.0,0.0,3,0.1666666666666666
2,4.0,2.0,2.0,9.0,7,8,6,1.0,60.0,0.0,3,0.3333333333333333
1,6.0,3.0,2.0,3.0,7,8,6,1.0,68.0,0.0,3,0.4
3,4.0,2.0,2.0,10.0,7,8,6,0.0,37.0,0.25,3,0.6666666666666666
1,4.0,2.0,2.0,3.0,7,8,6,1.0,28.0,0.0,3,0.125
3,5.0,4.0,2.0,6.0,1,8,6,1.0,47.0,0.0,3,4.0
1,3.0,2.0,2.0,6.0,1,8,6,1.0,54.0,0.0,3,1.0
1,3.0,5.0,2.0,10.0,1,8,6,0.0,29.0,0.5,3,2.0
2,5.0,4.0,2.0,6.0,1,8,6,1.0,73.0,0.25,3,4.0
3,3.0,4.0,2.0,6.0,1,8,6,1.0,75.0,0.0,3,3.0
1,6.0,2.0,2.0,6.0,1,8,6,1.0,55.0,0.0,3,1.0
3,3.0,4.0,2.0,3.0,1,8,6,1.0,83.0,0.0,3,3.0
2,3.0,4.0,2.0,7.0,1,8,6,2.0,58.0,0.0,3,3.0
2,5.0,3.0,2.0,4.0,1,8,6,1.0,81.0,0.0,3,2.0
2,5.0,4.0,2.0,6.0,1,8,6,1.0,72.0,0.0,3,2.0
2,3.0,4.0,2.0,4.0,1,8,6,1.0,88.0,0.0,3,4.0
2,5.0,3.0,2.0,8.0,1,8,6,1.0,48.0,0.0,3,3.0
2,5.0,3.0,2.0,6.0,1,8,6,1.0,46.0,0.0,3,3.0
2,3.0,4.0,2.0,9.0,1,8,6,0.0,87.0,0.0,3,5.0
3,3.0,5.0,2.0,6.0,1,8,6,1.0,77.0,0.2857142857142857,3,7.0
3,3.0,3.0,2.0,8.0,1,8,6,2.0,60.0,0.0,3,3.0
2,5.0,2.0,2.0,4.0,1,8,6,2.0,46.0,0.3333333333333333,3,6.0
3,5.0,2.0,2.0,5.0,1,8,6,3.0,62.0,0.2,3,5.0
2,5.0,4.0,2.0,7.0,1,8,6,2.0,53.0,0.0,3,5.0
2,5.0,3.0,2.0,7.0,1,8,6,2.0,39.0,0.3333333333333333,3,3.0
2,5.0,4.0,2.0,4.0,1,8,6,1.0,71.0,0.0,3,2.0
2,5.0,5.0,2.0,4.0,1,8,6,2.0,67.0,0.25,3,4.0
2,3.0,4.0,2.0,6.0,1,8,6,1.0,43.0,0.0,3,2.0
3,3.0,4.0,2.0,6.0,1,8,6,3.0,69.0,0.0,3,4.0
3,5.0,3.0,2.0,4.0,1,8,6,3.0,61.0,0.0,3,3.0
2,5.0,4.0,2.0,6.0,1,8,6,2.0,53.0,0.0,3,2.0
1,5.0,2.0,2.0,8.0,1,8,6,1.0,62.0,0.0,3,1.0
1,3.0,3.0,2.0,10.0,1,8,6,1.0,39.0,0.4,3,5.0
1,3.0,6.0,2.0,10.0,1,8,6,1.0,45.0,0.0,3,2.0
3,5.0,3.0,2.0,6.0,1,8,6,1.0,43.0,0.25,3,4.0
2,5.0,2.0,2.0,6.0,1,8,6,2.0,26.0,0.3333333333333333,3,0.75
3,5.0,4.0,2.0,6.0,1,8,6,2.0,65.0,0.125,3,8.0
1,3.0,2.0,2.0,7.0,1,8,6,0.0,32.0,0.4,3,5.0
1,5.0,4.0,2.0,6.0,1,8,6,0.0,85.0,0.0,3,5.0
2,3.0,3.0,2.0,6.0,1,8,6,0.0,53.0,0.0,3,5.0
2,6.0,7.0,2.0,8.0,1,8,6,1.0,65.0,0.2,3,5.0
2,5.0,4.0,2.0,8.0,1,8,6,0.0,65.0,0.0,3,5.0
1,5.0,5.0,2.0,8.0,1,8,6,1.0,38.0,0.6,3,5.0
1,5.0,3.0,2.0,10.0,1,8,6,1.0,54.0,0.0,3,5.0
1,5.0,2.0,2.0,8.0,1,8,6,1.0,51.0,0.0,3,1.0
2,5.0,5.0,2.0,6.0,1,8,6,2.0,49.0,0.2,3,5.0
2,3.0,5.0,2.0,10.0,1,8,6,2.0,58.0,0.25,3,4.0
2,6.0,4.0,2.0,4.0,1,8,6,1.0,79.0,0.0,3,2.0
3,6.0,5.0,2.0,4.0,1,8,6,2.0,77.0,0.0,3,3.0
1,6.0,3.0,2.0,4.0,1,8,6,1.0,49.0,0.25,3,0.5
1,6.0,3.0,2.0,1.0,1,8,6,0.0,77.0,0.0,3,0.125
3,5.0,4.0,2.0,4.0,1,8,6,3.0,32.0,0.5,3,6.0
3,5.0,4.0,2.0,7.0,1,8,6,3.0,58.0,0.0,3,1.0
2,5.0,3.0,2.0,6.0,1,8,6,2.0,65.0,0.0,3,0.6666666666666666
3,3.0,4.0,2.0,7.0,1,8,6,3.0,40.0,0.3333333333333333,3,2.0
1,6.0,5.0,2.0,4.0,4,8,6,1.0,41.0,0.0,3,0.375
3,5.0,3.0,2.0,7.0,4,8,6,3.0,54.0,0.0,3,7.0
2,6.0,3.0,2.0,4.0,4,8,6,2.0,64.0,0.5,3,4.0
2,6.0,3.0,2.0,3.0,4,8,6,2.0,53.0,0.0,3,6.0
2,6.0,1.0,2.0,4.0,4,8,6,2.0,44.0,0.25,3,4.0
2,6.0,5.0,2.0,3.0,4,8,6,0.0,50.0,0.25,3,4.0
2,6.0,1.0,2.0,4.0,4,8,6,2.0,61.0,0.0,3,2.0
1,3.0,3.0,2.0,10.0,6,8,6,1.0,28.0,0.0,3,2.0
1,2.0,3.0,2.0,6.0,6,8,6,1.0,61.0,0.0,3,2.0
2,6.0,3.0,2.0,6.0,6,8,6,2.0,62.0,0.0,3,1.5
2,2.0,3.0,2.0,6.0,6,8,6,2.0,53.0,0.0,3,3.0
1,1.0,3.0,2.0,10.0,6,8,6,1.0,46.0,0.0,3,3.0
1,5.0,3.0,2.0,5.0,6,8,6,0.0,85.0,0.0,3,3.0
1,6.0,1.0,2.0,3.0,6,8,6,0.0,68.0,0.0,3,0.5
1,6.0,1.0,2.0,3.0,6,8,6,1.0,69.0,0.0,3,0.5
2,5.0,4.0,2.0,4.0,6,8,6,1.0,75.0,0.0,3,3.0
3,6.0,2.0,2.0,6.0,6,8,6,2.0,55.0,0.0,3,1.5
1,5.0,4.0,2.0,8.0,6,8,6,0.0,66.0,0.0,3,0.5
2,5.0,4.0,2.0,8.0,6,8,6,2.0,70.0,0.0,3,2.0
2,5.0,3.0,2.0,10.0,6,8,6,1.0,55.0,0.0,3,2.0
1,4.0,7.0,2.0,10.0,6,8,6,1.0,72.0,0.0,3,1.0
1,4.0,7.0,2.0,6.0,6,8,6,2.0,69.0,0.0,3,4.0
2,4.0,3.0,2.0,5.0,6,8,6,1.0,59.0,0.0,3,3.0
3,5.0,3.0,2.0,3.0,6,8,6,3.0,54.0,0.0,3,1.5
2,5.0,3.0,2.0,5.0,6,8,6,2.0,60.0,0.0,3,2.0
2,6.0,3.0,2.0,4.0,6,8,6,2.0,42.0,0.0,3,0.6
1,5.0,2.0,2.0,10.0,6,8,6,0.0,31.0,0.0,3,0.2
1,5.0,3.0,2.0,10.0,6,8,6,1.0,36.0,0.3333333333333333,3,1.2
1,1.0,3.0,2.0,9.0,6,8,6,1.0,33.0,0.0,3,1.5
1,1.0,3.0,2.0,6.0,6,8,6,1.0,69.0,0.0,3,3.0
2,5.0,4.0,2.0,6.0,6,8,6,3.0,53.0,0.2,3,5.0
1,6.0,4.0,2.0,3.0,6,8,6,1.0,75.0,0.0,3,1.0
1,4.0,4.0,2.0,3.0,6,8,6,1.0,76.0,0.0,3,2.0
2,4.0,2.0,2.0,3.0,6,8,6,0.0,89.0,0.0,3,2.0
1,6.0,3.0,2.0,1.0,6,8,6,1.0,77.0,0.0,3,1.0
1,6.0,3.0,2.0,7.0,6,8,6,0.0,37.0,0.3333333333333333,3,3.0
2,6.0,4.0,2.0,5.0,6,8,6,2.0,61.0,0.4,3,5.0
2,6.0,3.0,2.0,5.0,6,8,6,2.0,72.0,0.0,3,2.0
1,6.0,1.0,2.0,7.0,6,8,6,0.0,31.0,0.0,3,1.0
1,6.0,1.0,2.0,3.0,6,8,6,1.0,59.0,0.0,3,1.0
1,6.0,2.0,2.0,3.0,6,8,6,0.0,51.0,0.0,3,2.0
1,6.0,1.0,2.0,5.0,6,8,6,1.0,47.0,0.5,3,2.0
1,5.0,3.0,2.0,8.0,6,8,6,1.0,30.0,0.0,3,2.0
3,6.0,3.0,2.0,8.0,6,8,6,2.0,52.0,0.4,3,5.0
2,6.0,3.0,2.0,4.0,6,8,6,2.0,61.0,0.0,3,2.0
1,6.0,5.0,2.0,5.0,6,8,6,1.0,62.0,0.25,3,4.0
2,4.0,1.0,2.0,6.0,6,8,6,1.0,57.0,0.0,3,0.375
2,4.0,1.0,2.0,6.0,6,8,6,1.0,30.0,0.6,3,0.625
2,4.0,1.0,2.0,3.0,6,8,6,2.0,58.0,0.0,3,0.25
2,4.0,1.0,2.0,4.0,6,8,6,0.0,32.0,0.5,3,0.5
2,4.0,1.0,2.0,6.0,6,8,6,2.0,35.0,0.5,3,0.5
1,4.0,1.0,2.0,3.0,6,8,6,1.0,60.0,0.0,3,0.125
1,6.0,2.0,2.0,4.0,6,8,6,1.0,56.0,0.0,3,0.5
2,6.0,5.0,2.0,1.0,6,8,6,1.0,79.0,0.0,3,3.0
1,6.0,5.0,2.0,4.0,6,8,6,1.0,65.0,0.0,3,3.0
1,6.0,4.0,2.0,5.0,6,8,6,1.0,65.0,0.0,3,1.0
2,6.0,6.0,2.0,6.0,6,8,6,1.0,76.0,0.0,3,2.0
2,6.0,3.0,2.0,3.0,6,8,6,1.0,70.0,0.0,3,2.0
1,4.0,1.0,2.0,3.0,6,8,6,1.0,78.0,0.0,3,0.1666666666666666
1,3.0,4.0,2.0,8.0,7,8,6,1.0,51.0,0.0,3,1.0
2,3.0,4.0,2.0,8.0,7,8,6,2.0,37.0,0.3333333333333333,3,3.0
1,5.0,6.0,2.0,3.0,7,8,6,1.0,79.0,0.0,3,3.0
1,5.0,4.0,2.0,10.0,7,8,6,1.0,74.0,0.0,3,1.0
2,3.0,4.0,2.0,9.0,7,8,6,2.0,46.0,0.25,3,4.0
2,5.0,5.0,2.0,4.0,7,8,6,2.0,76.0,0.0,3,4.0
1,5.0,4.0,2.0,3.0,7,8,6,2.0,56.0,0.0,3,3.0
2,5.0,3.0,2.0,3.0,7,8,6,2.0,78.0,0.0,3,3.0
2,5.0,4.0,2.0,5.0,7,8,6,2.0,55.0,0.0,3,2.0
2,5.0,3.0,2.0,4.0,7,8,6,2.0,68.0,0.25,3,8.0
3,5.0,3.0,2.0,1.0,7,8,6,3.0,68.0,0.25,3,4.0
1,5.0,2.0,2.0,4.0,7,8,6,0.0,56.0,0.0,3,1.0
1,6.0,1.0,2.0,1.0,7,8,6,0.0,74.0,0.0,3,1.0
2,5.0,2.0,2.0,3.0,7,8,6,2.0,28.0,0.3333333333333333,3,3.0
3,5.0,3.0,2.0,3.0,7,8,6,2.0,59.0,0.0,3,4.0
2,5.0,2.0,2.0,4.0,7,8,6,2.0,66.0,0.0,3,2.0
2,5.0,6.0,2.0,4.0,7,8,6,2.0,63.0,0.0,3,2.0
1,6.0,1.0,2.0,1.0,7,8,6,0.0,92.0,0.0,3,2.0
1,5.0,2.0,2.0,4.0,7,8,6,1.0,49.0,0.25,3,4.0
1,5.0,3.0,2.0,1.0,7,8,6,0.0,75.0,0.0,3,2.0
2,6.0,4.0,2.0,6.0,7,8,6,2.0,32.0,0.5,3,4.0
2,6.0,2.0,2.0,4.0,7,8,6,2.0,56.0,0.0,3,3.0
1,6.0,3.0,2.0,4.0,7,8,6,2.0,50.0,0.0,3,0.4285714285714285
2,6.0,2.0,2.0,6.0,7,8,6,1.0,42.0,0.3333333333333333,3,0.6
2,6.0,2.0,2.0,3.0,7,8,6,2.0,44.0,0.0,3,4.0
2,5.0,2.0,2.0,6.0,7,8,6,2.0,37.0,0.5,3,0.5
1,4.0,2.0,2.0,3.0,7,8,6,1.0,51.0,0.0,3,1.0
2,6.0,2.0,2.0,5.0,7,8,6,2.0,43.0,0.0,3,2.0
1,3.0,3.0,2.0,8.0,7,8,6,1.0,41.0,0.3333333333333333,3,3.0
3,3.0,5.0,2.0,5.0,7,8,6,3.0,66.0,0.0,3,5.0
3,5.0,3.0,2.0,4.0,7,8,6,3.0,55.0,0.0,3,3.0
2,3.0,5.0,2.0,10.0,7,8,6,0.0,82.0,0.0,3,3.0
3,5.0,5.0,2.0,5.0,7,8,6,3.0,65.0,0.2,3,5.0
2,5.0,3.0,2.0,10.0,7,8,6,2.0,50.0,0.0,3,3.0
2,7.0,2.0,2.0,4.0,7,8,6,1.0,86.0,0.0,3,2.0
3,5.0,5.0,2.0,6.0,7,8,6,1.0,50.0,0.0,3,3.0
1,5.0,4.0,2.0,4.0,7,8,6,1.0,72.0,0.0,3,2.0
3,6.0,3.0,2.0,3.0,7,8,6,3.0,49.0,0.0,3,4.0
2,5.0,2.0,2.0,7.0,7,8,6,2.0,60.0,0.0,3,3.0
3,2.0,4.0,2.0,6.0,7,8,6,3.0,37.0,0.5,3,6.0
1,5.0,1.0,2.0,6.0,7,8,6,1.0,81.0,0.0,3,2.0
3,3.0,4.0,2.0,8.0,7,8,6,1.0,62.0,0.0,3,4.0
1,5.0,3.0,2.0,1.0,7,8,6,2.0,72.0,0.0,3,5.0
1,5.0,2.0,2.0,10.0,7,8,6,1.0,72.0,0.0,3,2.0
2,5.0,4.0,2.0,4.0,7,8,6,1.0,65.0,0.0,3,7.0
1,6.0,2.0,2.0,3.0,7,8,6,1.0,61.0,0.0,3,1.0
1,6.0,3.0,2.0,4.0,7,8,6,2.0,66.0,0.0,3,2.0
2,5.0,2.0,2.0,7.0,7,8,6,1.0,56.0,0.0,3,3.0
1,5.0,5.0,2.0,3.0,7,8,6,1.0,53.0,0.0,3,1.0
3,3.0,6.0,2.0,8.0,7,8,6,3.0,61.0,0.25,3,4.0
2,5.0,4.0,2.0,5.0,7,8,6,2.0,64.0,0.1666666666666666,3,6.0
3,6.0,2.0,2.0,4.0,7,8,6,3.0,51.0,0.0,3,0.75
1,6.0,2.0,2.0,9.0,7,8,6,1.0,28.0,0.3333333333333333,3,0.4285714285714285
3,5.0,4.0,2.0,4.0,7,8,6,3.0,55.0,0.0,3,0.4285714285714285
2,5.0,3.0,2.0,6.0,7,8,6,2.0,32.0,0.0,3,0.25
1,5.0,1.0,2.0,4.0,7,8,6,0.0,58.0,0.0,3,0.125
2,6.0,2.0,2.0,4.0,7,8,6,2.0,62.0,0.0,3,0.25
1,5.0,5.0,2.0,9.0,3,8,6,0.0,70.0,0.0,3,1.0
2,5.0,4.0,2.0,9.0,3,8,6,0.0,60.0,0.0,3,2.0
2,1.0,6.0,2.0,8.0,3,8,6,1.0,60.0,0.3333333333333333,3,3.0
1,3.0,5.0,2.0,10.0,3,8,6,0.0,54.0,0.0,3,2.0
1,5.0,3.0,2.0,9.0,3,8,6,0.0,41.0,0.0,3,1.0
2,5.0,2.0,2.0,8.0,3,8,6,2.0,36.0,0.0,3,2.0
3,2.0,4.0,2.0,8.0,3,8,6,1.0,86.0,0.0,3,3.0
1,2.0,6.0,2.0,6.0,3,8,6,1.0,67.0,0.0,3,2.0
1,6.0,1.0,2.0,6.0,3,8,6,1.0,53.0,0.0,3,1.0
2,3.0,4.0,2.0,6.0,3,8,6,2.0,55.0,0.3333333333333333,3,3.0
1,5.0,3.0,2.0,5.0,3,8,6,1.0,61.0,0.5,3,4.0
3,3.0,4.0,2.0,5.0,3,8,6,1.0,74.0,0.0,3,3.0
1,5.0,1.0,2.0,4.0,3,8,6,1.0,38.0,0.5,3,0.5
2,5.0,2.0,2.0,3.0,3,8,6,1.0,37.0,0.0,3,0.75
3,5.0,4.0,2.0,6.0,3,8,6,3.0,37.0,0.2,3,1.25
1,5.0,3.0,2.0,6.0,3,8,6,1.0,47.0,0.2,3,5.0
2,6.0,3.0,2.0,3.0,3,8,6,2.0,44.0,0.0,3,4.0
1,5.0,1.0,2.0,10.0,3,8,6,0.0,93.0,0.0,3,1.0
3,2.0,5.0,2.0,3.0,3,8,6,2.0,90.0,0.0,3,4.0
1,3.0,2.0,2.0,6.0,3,8,6,1.0,77.0,0.0,3,1.0
1,2.0,1.0,2.0,10.0,3,8,6,1.0,38.0,0.0,3,1.0
1,5.0,1.0,2.0,3.0,3,8,6,1.0,76.0,0.0,3,1.0
2,5.0,4.0,2.0,3.0,3,8,6,2.0,60.0,0.0,3,3.0
2,5.0,4.0,2.0,6.0,3,8,6,2.0,52.0,0.0,3,2.0
1,5.0,2.0,2.0,4.0,3,8,6,0.0,73.0,0.0,3,2.0
2,1.0,7.0,2.0,10.0,3,8,6,0.0,72.0,0.0,3,2.0
2,2.0,3.0,2.0,8.0,3,8,6,0.0,66.0,0.0,3,2.0
3,5.0,6.0,2.0,6.0,3,8,6,3.0,67.0,0.375,3,8.0
1,5.0,4.0,2.0,3.0,3,8,6,2.0,56.0,0.0,3,3.0
2,3.0,3.0,2.0,5.0,3,8,6,1.0,65.0,0.0,3,2.0
2,5.0,3.0,2.0,7.0,3,8,6,2.0,36.0,0.0,3,4.0
2,5.0,3.0,2.0,6.0,6,8,6,2.0,60.0,0.0,3,3.0
1,5.0,2.0,2.0,6.0,3,8,6,1.0,39.0,0.0,3,0.4285714285714285
1,5.0,2.0,2.0,8.0,3,8,6,1.0,44.0,0.0,3,0.4285714285714285
1,5.0,3.0,2.0,1.0,3,8,6,0.0,64.0,0.0,3,0.4285714285714285
2,5.0,3.0,2.0,8.0,3,8,6,2.0,48.0,0.0,3,0.4285714285714285
2,6.0,4.0,2.0,3.0,6,8,6,1.0,86.0,0.0,3,2.0
1,6.0,1.0,2.0,6.0,6,8,6,1.0,71.0,0.0,3,1.0
2,5.0,4.0,2.0,5.0,6,8,6,1.0,63.0,0.0,3,2.0
2,5.0,5.0,2.0,9.0,1,8,6,2.0,63.0,0.0,3,3.0
2,3.0,3.0,2.0,10.0,1,8,6,2.0,49.0,0.0,3,4.0
1,5.0,5.0,2.0,4.0,1,8,6,1.0,68.0,0.3333333333333333,3,3.0
1,5.0,3.0,2.0,6.0,1,8,6,1.0,34.0,0.3333333333333333,3,3.0
2,6.0,2.0,2.0,3.0,1,8,6,1.0,65.0,0.4285714285714285,3,7.0
2,5.0,5.0,2.0,4.0,1,8,6,2.0,45.0,0.4,3,5.0
1,5.0,3.0,2.0,4.0,1,8,6,1.0,54.0,0.0,3,1.0
2,5.0,4.0,2.0,9.0,1,8,6,1.0,56.0,0.0,3,3.0
2,5.0,3.0,2.0,6.0,1,8,6,2.0,48.0,0.0,3,3.0
2,5.0,3.0,2.0,8.0,1,8,6,2.0,41.0,0.5,3,4.0
1,2.0,4.0,2.0,9.0,1,8,6,0.0,30.0,0.4,3,5.0
1,5.0,2.0,2.0,3.0,1,8,6,1.0,64.0,0.0,3,1.0
2,3.0,3.0,2.0,10.0,1,8,6,1.0,44.0,0.0,3,3.0
2,3.0,4.0,2.0,6.0,1,8,6,1.0,64.0,0.25,3,4.0
2,6.0,2.0,2.0,6.0,1,8,6,2.0,44.0,0.0,3,2.0
2,5.0,2.0,2.0,10.0,1,8,6,1.0,60.0,0.2,3,5.0
2,5.0,3.0,2.0,8.0,1,8,6,2.0,65.0,0.25,3,4.0
1,3.0,4.0,2.0,8.0,1,8,6,1.0,38.0,0.3333333333333333,3,3.0
2,5.0,4.0,2.0,3.0,1,8,6,0.0,84.0,0.0,3,2.0
1,5.0,7.0,2.0,6.0,1,8,6,1.0,63.0,0.0,3,1.0
3,5.0,4.0,2.0,8.0,1,8,6,3.0,50.0,0.0,3,4.0
1,5.0,3.0,2.0,6.0,1,8,6,1.0,37.0,0.0,3,2.0
1,6.0,3.0,2.0,3.0,1,8,6,1.0,66.0,0.0,3,2.0
3,5.0,3.0,2.0,8.0,1,8,6,0.0,61.0,0.0,3,3.0
2,3.0,3.0,2.0,8.0,1,8,6,2.0,63.0,0.0,3,3.0
2,5.0,5.0,2.0,7.0,1,8,6,2.0,50.0,0.1428571428571428,3,7.0
2,3.0,3.0,2.0,5.0,1,8,6,1.0,54.0,0.0,3,0.7142857142857143
2,5.0,4.0,2.0,6.0,7,8,6,1.0,68.0,0.0,3,2.0
2,3.0,6.0,2.0,3.0,7,8,6,0.0,62.0,0.25,3,4.0
1,5.0,4.0,2.0,10.0,7,8,6,1.0,45.0,0.3333333333333333,3,3.0
1,5.0,2.0,2.0,4.0,7,8,6,1.0,62.0,0.0,3,1.0
1,3.0,5.0,2.0,5.0,7,8,6,2.0,44.0,0.1666666666666666,3,6.0
2,5.0,4.0,2.0,4.0,7,8,6,2.0,73.0,0.25,3,4.0
1,4.0,4.0,2.0,7.0,7,8,6,1.0,38.0,0.4,3,5.0
3,5.0,7.0,2.0,6.0,7,8,6,3.0,56.0,0.3333333333333333,3,0.8571428571428571
2,5.0,4.0,2.0,6.0,7,8,6,2.0,60.0,0.1666666666666666,3,6.0
2,5.0,4.0,2.0,5.0,7,8,6,2.0,58.0,0.0,3,4.0
1,3.0,3.0,2.0,8.0,7,8,6,1.0,42.0,0.5,3,4.0
2,5.0,3.0,2.0,6.0,7,8,6,3.0,39.0,0.25,3,0.5714285714285714
2,5.0,3.0,2.0,6.0,7,8,6,2.0,56.0,0.0,3,0.4285714285714285
2,5.0,3.0,2.0,6.0,7,8,6,2.0,58.0,0.0,3,2.0
2,3.0,3.0,2.0,8.0,7,8,6,2.0,51.0,0.0,3,3.0
1,5.0,3.0,2.0,9.0,7,8,6,1.0,81.0,0.0,3,1.0
2,5.0,4.0,2.0,6.0,7,8,6,2.0,54.0,0.0,3,4.0
3,4.0,4.0,2.0,8.0,7,8,6,0.0,40.0,0.0,3,3.0
2,5.0,4.0,2.0,5.0,7,8,6,2.0,45.0,0.25,3,4.0
3,4.0,3.0,2.0,6.0,7,8,6,2.0,27.0,0.3333333333333333,3,6.0
1,3.0,3.0,2.0,10.0,7,8,6,1.0,23.0,0.0,3,1.0
3,5.0,5.0,2.0,6.0,7,8,6,3.0,58.0,0.0,3,4.0
2,5.0,2.0,2.0,10.0,7,8,6,0.0,61.0,0.0,3,2.0
2,5.0,4.0,2.0,6.0,7,8,6,2.0,43.0,0.25,3,4.0
2,5.0,4.0,2.0,10.0,7,8,6,2.0,63.0,0.0,3,3.0
3,5.0,1.0,2.0,5.0,7,8,6,2.0,50.0,0.0,3,3.0
1,5.0,3.0,2.0,3.0,7,8,6,1.0,34.0,0.3333333333333333,3,3.0
1,5.0,4.0,2.0,5.0,7,8,6,1.0,43.0,0.0,3,2.0
1,5.0,4.0,2.0,6.0,7,8,6,0.0,50.0,0.0,3,3.0
2,5.0,4.0,2.0,3.0,7,8,6,2.0,48.0,0.0,3,3.0
2,5.0,3.0,2.0,3.0,7,8,6,1.0,46.0,0.0,3,3.0
1,4.0,2.0,2.0,4.0,7,8,6,1.0,61.0,0.0,3,0.1428571428571428
2,4.0,3.0,2.0,4.0,7,8,6,2.0,68.0,0.0,3,0.6666666666666666
1,4.0,1.0,2.0,3.0,7,8,6,1.0,67.0,0.5,3,0.2857142857142857
1,4.0,3.0,2.0,3.0,7,8,6,1.0,58.0,0.0,3,0.2857142857142857
1,5.0,3.0,2.0,7.0,7,8,6,1.0,64.0,0.0,3,0.5
2,6.0,1.0,2.0,6.0,7,8,6,2.0,31.0,0.3333333333333333,3,0.375
1,4.0,4.0,2.0,4.0,7,8,6,2.0,64.0,0.0,3,4.0
1,6.0,1.0,2.0,3.0,7,8,6,1.0,45.0,0.0,3,0.125
1,4.0,4.0,2.0,6.0,7,8,6,1.0,28.0,0.25,3,0.5
2,4.0,4.0,2.0,6.0,7,8,6,2.0,46.0,0.2,3,5.0
1,5.0,2.0,2.0,3.0,7,8,6,0.0,62.0,0.0,3,1.0
2,5.0,4.0,2.0,4.0,7,8,6,2.0,33.0,0.5714285714285714,3,7.0
1,4.0,1.0,2.0,6.0,7,8,6,2.0,31.0,0.3333333333333333,3,0.375
1,4.0,1.0,2.0,4.0,7,8,6,2.0,60.0,0.0,3,0.2857142857142857
2,4.0,1.0,2.0,5.0,7,8,6,2.0,25.0,0.6,3,0.7142857142857143
1,4.0,1.0,2.0,6.0,7,8,6,1.0,21.0,0.3333333333333333,3,0.4285714285714285
1,6.0,2.0,2.0,3.0,7,8,6,1.0,27.0,0.5,3,0.5
2,6.0,1.0,2.0,3.0,7,8,6,2.0,21.0,0.3333333333333333,3,0.375
1,4.0,2.0,2.0,4.0,7,8,6,1.0,81.0,0.0,3,0.2
2,5.0,3.0,2.0,8.0,7,8,6,1.0,63.0,0.0,3,2.0
1,5.0,3.0,2.0,10.0,2,8,6,1.0,38.0,0.3333333333333333,3,3.0
1,5.0,2.0,2.0,4.0,2,8,6,1.0,79.0,0.0,3,2.0
1,5.0,3.0,2.0,6.0,2,8,6,1.0,46.0,0.0,3,1.0
2,5.0,3.0,2.0,6.0,2,8,6,2.0,41.0,0.4,3,5.0
3,5.0,4.0,2.0,6.0,2,8,6,3.0,36.0,0.2,3,5.0
3,5.0,2.0,2.0,6.0,2,8,6,3.0,41.0,0.1666666666666666,3,6.0
2,3.0,4.0,2.0,4.0,8,8,6,1.0,53.0,0.0,3,3.0
2,5.0,4.0,2.0,4.0,8,8,6,0.0,83.0,0.25,3,4.0
2,2.0,4.0,2.0,3.0,8,8,6,2.0,51.0,0.4,3,5.0
1,3.0,3.0,2.0,6.0,8,8,6,1.0,37.0,0.5,3,4.0
2,6.0,3.0,2.0,5.0,1,8,6,2.0,32.0,0.4,3,1.25
1,6.0,1.0,2.0,1.0,5,8,6,0.0,78.0,0.0,3,1.0
1,6.0,2.0,2.0,5.0,2,8,6,1.0,64.0,0.0,3,2.0
1,6.0,2.0,2.0,4.0,2,8,6,1.0,83.0,0.0,3,0.25
2,5.0,5.0,2.0,4.0,5,8,6,2.0,52.0,0.0,3,2.0
2,6.0,3.0,2.0,1.0,5,8,6,1.0,56.0,0.0,3,0.3333333333333333
2,5.0,1.0,2.0,8.0,7,8,6,1.0,49.0,0.2,3,5.0
2,6.0,4.0,2.0,7.0,7,8,6,2.0,55.0,0.0,3,7.0
1,5.0,1.0,2.0,6.0,6,8,6,1.0,66.0,0.0,3,1.0
3,3.0,7.0,2.0,6.0,6,8,6,3.0,37.0,0.2,3,5.0
2,5.0,4.0,2.0,10.0,6,8,6,2.0,25.0,0.0,3,2.0
2,3.0,4.0,2.0,6.0,8,8,6,2.0,50.0,0.0,3,3.0
2,5.0,2.0,2.0,9.0,8,8,6,2.0,48.0,0.0,3,3.0
3,5.0,6.0,2.0,4.0,8,8,6,3.0,64.0,0.2,3,5.0
3,3.0,5.0,2.0,10.0,8,8,6,1.0,77.0,0.0,3,3.0
2,3.0,4.0,2.0,7.0,2,8,6,2.0,51.0,0.25,3,4.0
2,6.0,2.0,2.0,6.0,2,8,6,2.0,53.0,0.2,3,5.0
2,3.0,2.0,2.0,8.0,2,8,6,2.0,48.0,0.0,3,4.0
2,3.0,3.0,2.0,6.0,2,8,6,1.0,74.0,0.0,3,2.0
1,5.0,4.0,2.0,10.0,2,8,6,1.0,77.0,0.0,3,2.0
1,3.0,2.0,2.0,9.0,2,8,6,0.0,40.0,0.2857142857142857,3,7.0
1,3.0,5.0,2.0,10.0,2,8,6,0.0,87.0,0.0,3,1.0
2,5.0,3.0,2.0,6.0,2,8,6,0.0,86.0,0.0,3,2.0
3,3.0,7.0,2.0,5.0,2,8,6,3.0,75.0,0.1428571428571428,3,7.0
2,3.0,3.0,2.0,5.0,2,8,6,2.0,66.0,0.0,3,3.0
2,6.0,3.0,2.0,3.0,2,8,6,2.0,37.0,0.25,3,4.0
3,5.0,4.0,2.0,3.0,2,8,6,3.0,45.0,0.25,3,4.0
3,5.0,3.0,2.0,8.0,2,8,6,2.0,50.0,0.0,3,5.0
2,3.0,3.0,2.0,10.0,2,8,6,1.0,70.0,0.0,3,2.0
3,5.0,4.0,2.0,4.0,2,8,6,3.0,66.0,0.0,3,4.0
1,5.0,3.0,2.0,9.0,7,8,6,1.0,67.0,0.0,3,1.0
3,3.0,6.0,2.0,10.0,7,8,6,3.0,65.0,0.0,3,4.0
2,3.0,4.0,2.0,9.0,7,8,6,1.0,44.0,0.0,3,4.0
2,5.0,4.0,2.0,6.0,1,8,6,2.0,57.0,0.0,3,3.0
2,5.0,5.0,2.0,6.0,1,8,6,0.0,71.0,0.0,3,2.0
1,5.0,2.0,2.0,8.0,1,8,6,1.0,58.0,0.0,3,2.0
3,5.0,4.0,2.0,6.0,1,8,6,2.0,55.0,0.2,3,5.0
1,5.0,1.0,2.0,3.0,6,8,6,1.0,62.0,0.0,3,0.25
2,5.0,1.0,2.0,6.0,6,8,6,1.0,36.0,0.2,3,1.6666666666666667
1,5.0,1.0,2.0,6.0,6,8,6,1.0,36.0,0.0,3,0.3333333333333333
1,5.0,1.0,2.0,9.0,6,8,6,0.0,51.0,0.0,3,0.3333333333333333
2,6.0,3.0,2.0,6.0,3,8,6,2.0,41.0,0.25,3,1.3333333333333333
1,6.0,2.0,2.0,1.0,6,8,6,1.0,77.0,0.0,3,1.0
2,6.0,4.0,2.0,1.0,6,8,6,2.0,67.0,0.0,3,2.0
3,6.0,3.0,2.0,1.0,6,8,6,2.0,79.0,0.4,3,1.0
2,6.0,5.0,2.0,5.0,6,8,6,2.0,71.0,0.0,3,4.0
2,6.0,2.0,2.0,3.0,6,8,6,2.0,61.0,0.0,3,4.0
2,6.0,3.0,2.0,4.0,6,8,6,2.0,65.0,0.25,3,4.0
2,6.0,3.0,2.0,6.0,6,8,6,2.0,53.0,0.0,3,2.0
2,6.0,2.0,2.0,4.0,6,8,6,2.0,53.0,0.0,3,2.0
1,5.0,2.0,2.0,3.0,3,8,6,1.0,57.0,0.0,3,0.1428571428571428
2,5.0,3.0,2.0,3.0,3,8,6,2.0,70.0,0.0,3,2.0
1,5.0,2.0,2.0,4.0,3,8,6,2.0,72.0,0.0,3,2.0
3,5.0,3.0,2.0,7.0,4,8,6,2.0,54.0,0.0,3,3.0
3,5.0,4.0,2.0,4.0,4,8,6,2.0,63.0,0.0,3,3.0
2,4.0,5.0,2.0,8.0,4,8,6,2.0,46.0,0.0,3,4.0
2,5.0,3.0,2.0,9.0,4,8,6,2.0,75.0,0.0,3,2.0
1,5.0,4.0,2.0,10.0,4,8,6,0.0,85.0,0.0,3,3.0
2,3.0,4.0,2.0,8.0,4,8,6,2.0,58.0,0.0,3,4.0
2,5.0,3.0,2.0,5.0,4,8,6,2.0,35.0,0.4,3,5.0
2,6.0,3.0,2.0,1.0,4,8,6,2.0,67.0,0.3333333333333333,3,6.0
2,6.0,2.0,2.0,6.0,4,8,6,2.0,60.0,0.0,3,1.0
1,6.0,2.0,2.0,4.0,4,8,6,1.0,77.0,0.0,3,1.0
1,5.0,5.0,2.0,4.0,7,8,6,1.0,35.0,0.3333333333333333,3,3.0
3,4.0,3.0,2.0,4.0,7,8,6,3.0,60.0,0.0,3,4.0
2,4.0,2.0,2.0,6.0,7,8,6,2.0,33.0,0.25,3,4.0
2,5.0,5.0,2.0,4.0,7,8,6,1.0,77.0,0.0,3,2.0
1,6.0,5.0,2.0,4.0,7,8,6,1.0,66.0,0.0,3,6.0
1,5.0,1.0,2.0,5.0,7,8,6,1.0,47.0,0.0,3,2.0
2,4.0,1.0,2.0,4.0,7,8,6,1.0,49.0,0.2857142857142857,3,7.0
3,6.0,4.0,2.0,4.0,4,8,6,2.0,47.0,0.2,3,5.0
2,4.0,7.0,2.0,3.0,4,8,6,2.0,55.0,0.0,3,2.0
2,5.0,4.0,2.0,4.0,4,8,6,2.0,35.0,0.5,3,4.0
2,6.0,5.0,2.0,3.0,4,8,6,2.0,73.0,0.0,3,2.0
2,6.0,5.0,2.0,3.0,4,8,6,2.0,78.0,0.0,3,4.0
1,6.0,3.0,2.0,1.0,4,8,6,1.0,91.0,0.0,3,1.0
2,5.0,5.0,2.0,3.0,4,8,6,2.0,72.0,0.0,3,2.0
2,5.0,5.0,2.0,6.0,4,8,6,3.0,36.0,0.25,3,4.0
1,6.0,2.0,2.0,3.0,4,8,6,2.0,88.0,0.0,3,2.0
2,6.0,4.0,2.0,4.0,4,8,6,2.0,73.0,0.0,3,2.0
1,6.0,2.0,2.0,4.0,4,8,6,1.0,65.0,0.0,3,1.0
2,5.0,5.0,2.0,4.0,4,8,6,2.0,69.0,0.0,3,6.0
2,6.0,4.0,2.0,4.0,4,8,6,2.0,65.0,0.0,3,2.0
2,4.0,4.0,2.0,6.0,7,8,6,3.0,46.0,0.2,3,5.0
2,4.0,4.0,2.0,3.0,7,8,6,2.0,40.0,0.5,3,1.3333333333333333
1,4.0,4.0,2.0,4.0,7,8,6,2.0,59.0,0.0,3,2.0
2,4.0,5.0,2.0,6.0,7,8,6,3.0,58.0,0.0,3,4.0
2,6.0,3.0,2.0,1.0,7,8,6,2.0,79.0,0.0,3,3.0
1,6.0,7.0,2.0,6.0,7,8,6,3.0,37.0,0.0,3,0.6
1,6.0,2.0,2.0,5.0,7,8,6,2.0,39.0,0.3333333333333333,3,0.6
1,6.0,4.0,2.0,4.0,7,8,6,1.0,69.0,0.0,3,0.2
2,6.0,4.0,2.0,6.0,7,8,6,2.0,38.0,0.25,3,4.0
3,5.0,4.0,2.0,4.0,7,8,6,3.0,45.0,0.25,3,4.0
2,4.0,3.0,2.0,3.0,7,8,6,2.0,37.0,0.0,3,4.0
3,5.0,3.0,2.0,4.0,7,8,6,2.0,61.0,0.0,3,5.0
3,6.0,3.0,2.0,5.0,7,8,6,3.0,36.0,0.25,3,4.0
1,6.0,2.0,2.0,3.0,7,8,6,0.0,85.0,0.0,3,2.0
2,5.0,3.0,2.0,5.0,7,8,6,2.0,58.0,0.0,3,4.0
1,5.0,3.0,2.0,4.0,7,8,6,1.0,68.0,0.0,3,1.0
2,6.0,4.0,2.0,8.0,7,8,6,3.0,55.0,0.2,3,5.0
1,6.0,1.0,2.0,1.0,7,8,6,0.0,79.0,0.0,3,1.0
3,6.0,2.0,2.0,6.0,7,8,6,2.0,35.0,0.5714285714285714,3,7.0
2,5.0,4.0,2.0,3.0,2,8,6,1.0,84.0,0.0,3,3.0
1,3.0,3.0,2.0,6.0,2,8,6,1.0,67.0,0.0,3,2.0
3,5.0,5.0,2.0,6.0,2,8,6,3.0,65.0,0.0,3,3.0
3,5.0,5.0,2.0,5.0,2,8,6,3.0,61.0,0.1428571428571428,3,7.0
3,3.0,7.0,2.0,6.0,2,8,6,1.0,64.0,0.0,3,4.0
1,3.0,4.0,2.0,7.0,2,8,6,1.0,44.0,0.0,3,3.0
2,3.0,2.0,2.0,3.0,2,8,6,0.0,79.0,0.0,3,2.0
2,3.0,4.0,2.0,3.0,2,8,6,2.0,77.0,0.0,3,3.0
2,3.0,4.0,2.0,3.0,2,8,6,1.0,73.0,0.0,3,2.0
2,3.0,4.0,2.0,3.0,2,8,6,1.0,85.0,0.0,3,5.0
2,5.0,4.0,2.0,3.0,2,8,6,1.0,82.0,0.0,3,3.0
2,5.0,4.0,2.0,4.0,2,8,6,2.0,66.0,0.0,3,2.0
1,5.0,2.0,2.0,8.0,2,8,6,1.0,64.0,0.0,3,1.0
1,5.0,5.0,2.0,5.0,5,8,6,1.0,63.0,0.0,3,5.0
2,6.0,3.0,2.0,1.0,5,8,6,1.0,77.0,0.0,3,2.0
2,6.0,5.0,2.0,6.0,5,8,6,1.0,74.0,0.0,3,5.0
1,6.0,2.0,2.0,3.0,5,8,6,1.0,44.0,0.0,3,0.1428571428571428
3,5.0,5.0,2.0,10.0,5,8,6,3.0,48.0,0.2,3,5.0
3,6.0,3.0,2.0,7.0,5,8,6,2.0,69.0,0.0,3,3.0
1,6.0,3.0,2.0,4.0,5,8,6,1.0,80.0,0.0,3,1.0
2,3.0,4.0,2.0,9.0,5,8,6,0.0,77.0,0.0,3,2.0
1,5.0,2.0,2.0,5.0,5,8,6,1.0,49.0,0.3333333333333333,3,3.0
2,3.0,6.0,2.0,8.0,5,8,6,2.0,45.0,0.0,3,4.0
2,6.0,1.0,2.0,3.0,5,8,6,0.0,72.0,0.0,3,4.0
2,5.0,7.0,2.0,4.0,5,8,6,2.0,71.0,0.0,3,2.0
1,5.0,2.0,2.0,6.0,5,8,6,1.0,47.0,0.0,3,3.0
2,6.0,3.0,2.0,6.0,5,8,6,2.0,44.0,0.2,3,5.0
3,3.0,7.0,2.0,10.0,5,8,6,1.0,47.0,0.0,3,3.0
2,5.0,4.0,2.0,4.0,5,8,6,2.0,45.0,0.25,3,4.0
1,6.0,1.0,2.0,1.0,5,8,6,1.0,42.0,0.3333333333333333,3,3.0
3,4.0,2.0,2.0,3.0,5,8,6,3.0,49.0,0.0,3,3.0
3,5.0,3.0,2.0,4.0,5,8,6,2.0,50.0,0.0,3,3.0
1,6.0,2.0,2.0,10.0,5,8,6,1.0,69.0,0.0,3,1.0
2,6.0,1.0,2.0,5.0,5,8,6,2.0,42.0,0.25,3,4.0
2,6.0,6.0,2.0,6.0,5,8,6,1.0,39.0,0.0,3,4.0
2,5.0,7.0,2.0,4.0,5,8,6,1.0,76.0,0.25,3,4.0
2,6.0,4.0,2.0,8.0,5,8,6,2.0,44.0,0.5,3,4.0
3,6.0,3.0,2.0,6.0,5,8,6,2.0,37.0,0.5,3,6.0
1,6.0,7.0,2.0,3.0,5,8,6,1.0,67.0,0.2,3,5.0
1,6.0,1.0,2.0,1.0,5,8,6,1.0,67.0,0.0,3,1.0
3,6.0,6.0,2.0,3.0,5,8,6,1.0,46.0,0.4,3,5.0
1,3.0,4.0,2.0,8.0,5,8,6,1.0,55.0,0.0,3,1.0
1,6.0,4.0,2.0,5.0,5,8,6,1.0,74.0,0.0,3,2.0
1,5.0,3.0,2.0,3.0,5,8,6,0.0,88.0,0.0,3,4.0
3,6.0,3.0,2.0,6.0,5,8,6,2.0,76.0,0.0,3,5.0
2,6.0,2.0,2.0,3.0,5,8,6,2.0,82.0,0.0,3,2.0
3,3.0,4.0,2.0,5.0,5,8,6,1.0,50.0,0.0,3,3.0
2,5.0,5.0,2.0,6.0,5,8,6,2.0,51.0,0.0,3,6.0
3,5.0,2.0,2.0,4.0,5,8,6,2.0,62.0,0.0,3,4.0
2,5.0,2.0,2.0,5.0,6,8,6,3.0,67.0,0.0,3,3.0
1,5.0,2.0,2.0,3.0,6,8,6,1.0,70.0,0.0,3,1.0
3,5.0,2.0,2.0,5.0,6,8,6,3.0,46.0,0.2,3,5.0
1,6.0,1.0,2.0,3.0,6,8,6,1.0,79.0,0.0,3,0.5
3,3.0,2.0,2.0,7.0,6,8,6,2.0,50.0,0.0,3,4.0
1,2.0,2.0,2.0,10.0,6,8,6,1.0,28.0,0.0,3,0.5
1,3.0,5.0,2.0,6.0,6,8,6,1.0,54.0,0.0,3,2.0
2,2.0,5.0,2.0,6.0,6,8,6,3.0,57.0,0.25,3,4.0
2,5.0,4.0,2.0,3.0,6,8,6,0.0,77.0,0.0,3,2.0
1,3.0,5.0,2.0,8.0,6,8,6,2.0,45.0,0.4,3,5.0
2,6.0,3.0,2.0,1.0,6,8,6,2.0,76.0,0.0,3,2.0
2,3.0,4.0,2.0,8.0,6,8,6,1.0,47.0,0.4,3,5.0
1,6.0,3.0,2.0,3.0,6,8,6,2.0,54.0,0.0,3,2.0
3,5.0,6.0,2.0,8.0,6,8,6,3.0,42.0,0.25,3,4.0
3,5.0,6.0,2.0,6.0,6,8,6,3.0,40.0,0.25,3,4.0
2,5.0,3.0,2.0,6.0,6,8,6,2.0,48.0,0.25,3,4.0
2,4.0,2.0,2.0,3.0,6,8,6,2.0,50.0,0.0,3,2.0
2,6.0,2.0,2.0,3.0,6,8,6,2.0,77.0,0.0,3,2.0
2,6.0,1.0,2.0,3.0,6,8,6,2.0,80.0,0.0,3,2.0
1,6.0,2.0,2.0,4.0,6,8,6,2.0,70.0,0.0,3,2.0
1,6.0,2.0,2.0,1.0,6,8,6,1.0,72.0,0.0,3,1.0
1,6.0,2.0,2.0,4.0,6,8,6,1.0,59.0,0.0,3,1.0
1,6.0,2.0,2.0,3.0,6,8,6,1.0,71.0,0.0,3,1.0
2,4.0,2.0,2.0,4.0,6,8,6,3.0,66.0,0.0,3,4.0
2,4.0,2.0,2.0,6.0,6,8,6,2.0,47.0,0.0,3,4.0
1,4.0,2.0,2.0,1.0,6,8,6,1.0,75.0,0.0,3,1.0
2,6.0,2.0,2.0,3.0,6,8,6,3.0,60.0,0.0,3,3.0
3,6.0,5.0,2.0,6.0,6,8,6,3.0,44.0,0.0,3,3.0
2,6.0,3.0,2.0,6.0,6,8,6,2.0,62.0,0.0,3,2.0
2,6.0,2.0,2.0,1.0,6,8,6,2.0,49.0,0.0,3,2.0
1,6.0,4.0,2.0,3.0,6,8,6,1.0,71.0,0.0,3,1.0
1,6.0,2.0,2.0,5.0,6,8,6,2.0,69.0,0.0,3,0.25
1,6.0,2.0,2.0,4.0,6,8,6,1.0,68.0,0.0,3,1.0
1,6.0,1.0,2.0,1.0,6,8,6,0.0,87.0,0.0,3,1.0
2,6.0,2.0,2.0,1.0,6,8,6,2.0,61.0,0.3333333333333333,3,3.0
1,6.0,1.0,2.0,5.0,6,8,6,1.0,76.0,0.0,3,1.0
2,6.0,6.0,2.0,6.0,6,8,6,3.0,68.0,0.0,3,5.0
1,6.0,4.0,2.0,4.0,6,8,6,2.0,72.0,0.0,3,2.0
2,6.0,4.0,2.0,5.0,6,8,6,2.0,64.0,0.0,3,0.6666666666666666
2,6.0,4.0,2.0,6.0,6,8,6,3.0,48.0,0.4,3,0.625
3,4.0,5.0,2.0,6.0,6,8,6,3.0,62.0,0.0,3,0.375
1,5.0,3.0,2.0,4.0,6,8,6,1.0,69.0,0.0,3,1.0
1,6.0,3.0,2.0,5.0,6,8,6,1.0,56.0,0.0,3,0.1666666666666666
2,5.0,4.0,2.0,6.0,6,8,6,0.0,54.0,0.25,3,4.0
1,5.0,2.0,2.0,6.0,6,8,6,1.0,34.0,0.25,3,4.0
2,6.0,4.0,2.0,6.0,6,8,6,1.0,39.0,0.4,3,5.0
1,3.0,5.0,2.0,10.0,6,8,6,0.0,71.0,0.0,3,2.0
1,5.0,4.0,2.0,8.0,6,8,6,1.0,58.0,0.0,3,1.0
2,5.0,5.0,2.0,9.0,6,8,6,2.0,57.0,0.0,3,2.0
3,3.0,4.0,2.0,10.0,6,8,6,1.0,69.0,0.0,3,3.0
2,2.0,5.0,2.0,10.0,6,8,6,0.0,70.0,0.0,3,3.0
2,3.0,7.0,2.0,6.0,6,8,6,2.0,72.0,0.0,3,2.0
2,5.0,3.0,2.0,8.0,6,8,6,2.0,44.0,0.0,3,5.0
1,3.0,3.0,2.0,6.0,6,8,6,1.0,53.0,0.0,3,1.0
2,5.0,2.0,2.0,6.0,6,8,6,2.0,77.0,0.0,3,2.0
3,2.0,5.0,2.0,10.0,6,8,6,2.0,45.0,0.2,3,5.0
2,2.0,4.0,2.0,10.0,6,8,6,2.0,70.0,0.0,3,2.0
2,5.0,4.0,2.0,6.0,6,8,6,1.0,64.0,0.0,3,3.0
1,5.0,7.0,2.0,9.0,6,8,6,1.0,60.0,0.0,3,3.0
3,3.0,4.0,2.0,8.0,6,8,6,3.0,60.0,0.0,3,3.0
3,3.0,7.0,2.0,10.0,6,8,6,2.0,66.0,0.0,3,3.0
1,5.0,3.0,2.0,5.0,6,8,6,1.0,41.0,0.0,3,3.0
2,3.0,7.0,2.0,6.0,6,8,6,2.0,59.0,0.25,3,8.0
2,5.0,4.0,2.0,10.0,6,8,6,2.0,63.0,0.0,3,2.0
3,1.0,6.0,2.0,10.0,6,8,6,1.0,57.0,0.0,3,5.0
1,2.0,3.0,2.0,10.0,6,8,6,1.0,51.0,0.0,3,2.0
1,2.0,3.0,2.0,10.0,6,8,6,0.0,68.0,0.0,3,1.0
2,3.0,7.0,2.0,8.0,6,8,6,1.0,62.0,0.5,3,4.0
2,5.0,3.0,2.0,6.0,6,8,6,2.0,61.0,0.0,3,3.0
2,5.0,2.0,2.0,6.0,3,8,6,2.0,37.0,0.25,3,4.0
2,5.0,4.0,2.0,7.0,3,8,6,2.0,45.0,0.0,3,2.0
1,5.0,1.0,2.0,6.0,3,8,6,1.0,79.0,0.0,3,0.1428571428571428
2,3.0,3.0,2.0,6.0,3,8,6,2.0,45.0,0.3333333333333333,3,3.0
2,5.0,6.0,2.0,6.0,3,8,6,2.0,50.0,0.0,3,0.375
3,5.0,4.0,2.0,8.0,3,8,6,2.0,45.0,0.3333333333333333,3,6.0
1,2.0,5.0,2.0,5.0,3,8,6,1.0,73.0,0.0,3,4.0
1,5.0,3.0,2.0,8.0,3,8,6,1.0,60.0,0.0,3,1.0
3,5.0,3.0,2.0,3.0,3,8,6,2.0,78.0,0.0,3,3.0
2,5.0,2.0,2.0,4.0,3,8,6,2.0,42.0,0.0,3,2.0
3,2.0,6.0,2.0,6.0,3,8,6,2.0,47.0,0.2,3,5.0
3,6.0,5.0,2.0,3.0,3,8,6,2.0,46.0,0.0,3,4.0
3,3.0,7.0,2.0,3.0,6,8,6,1.0,51.0,0.0,3,4.0
3,5.0,5.0,2.0,4.0,6,8,6,3.0,58.0,0.0,3,4.0
2,5.0,2.0,2.0,5.0,6,8,6,2.0,36.0,0.3333333333333333,3,3.0
2,5.0,6.0,2.0,3.0,6,8,6,2.0,54.0,0.0,3,3.0
2,5.0,3.0,2.0,6.0,6,8,6,2.0,64.0,0.0,3,2.0
1,3.0,4.0,2.0,6.0,6,8,6,1.0,64.0,0.0,3,2.0
2,5.0,5.0,2.0,6.0,6,8,6,3.0,61.0,0.3333333333333333,3,6.0
3,5.0,4.0,2.0,1.0,3,8,6,3.0,64.0,0.0,3,5.0
2,5.0,2.0,2.0,6.0,3,8,6,0.0,31.0,0.4,3,5.0
3,5.0,3.0,2.0,3.0,3,8,6,3.0,63.0,0.0,3,4.0
1,5.0,2.0,2.0,5.0,3,8,6,1.0,42.0,0.5,3,4.0
2,3.0,2.0,2.0,3.0,3,8,6,2.0,49.0,0.5,3,4.0
2,5.0,4.0,2.0,5.0,3,8,6,1.0,78.0,0.25,3,0.5
1,5.0,3.0,2.0,3.0,3,8,6,1.0,63.0,0.0,3,0.125
2,3.0,1.0,2.0,4.0,3,8,6,0.0,78.0,0.0,3,3.0
2,6.0,2.0,2.0,5.0,6,8,6,2.0,62.0,0.0,3,3.0
2,6.0,1.0,2.0,6.0,6,8,6,1.0,62.0,0.0,3,2.0
2,3.0,2.0,2.0,10.0,5,8,6,1.0,71.0,0.0,3,2.0
2,5.0,3.0,2.0,10.0,5,8,6,1.0,67.0,0.0,3,2.0
1,5.0,3.0,2.0,3.0,5,8,6,0.0,76.0,0.0,3,0.5
2,5.0,3.0,2.0,4.0,5,8,6,3.0,40.0,0.0,3,3.0
2,5.0,2.0,2.0,1.0,5,8,6,2.0,62.0,0.0,3,2.0
1,6.0,4.0,2.0,6.0,5,8,6,1.0,55.0,0.0,3,2.0
3,5.0,2.0,2.0,5.0,5,8,6,3.0,44.0,0.0,3,4.0
1,6.0,2.0,2.0,8.0,5,8,6,1.0,31.0,0.0,3,2.0
3,6.0,3.0,2.0,6.0,5,8,6,3.0,39.0,0.3333333333333333,3,6.0
2,5.0,4.0,2.0,10.0,5,8,6,2.0,59.0,0.0,3,5.0
1,5.0,4.0,2.0,1.0,5,8,6,0.0,73.0,0.0,3,3.0
3,5.0,6.0,2.0,4.0,5,8,6,1.0,77.0,0.4,3,5.0
1,5.0,1.0,2.0,6.0,5,8,6,1.0,40.0,0.0,3,1.0
1,6.0,6.0,2.0,1.0,5,8,6,1.0,58.0,0.0,3,3.0
1,5.0,5.0,2.0,3.0,5,8,6,0.0,89.0,0.0,3,1.0
2,5.0,4.0,2.0,3.0,5,8,6,3.0,44.0,0.25,3,4.0
2,5.0,3.0,2.0,6.0,5,8,6,2.0,43.0,0.5,3,4.0
1,5.0,4.0,2.0,6.0,5,8,6,2.0,53.0,0.0,3,3.0
1,6.0,2.0,2.0,5.0,5,8,6,2.0,50.0,0.4,3,5.0
2,6.0,3.0,2.0,5.0,5,8,6,3.0,53.0,0.2,3,5.0
2,5.0,4.0,2.0,5.0,5,8,6,2.0,44.0,0.25,3,4.0
2,5.0,4.0,2.0,6.0,5,8,6,3.0,41.0,0.0,3,4.0
2,6.0,4.0,2.0,3.0,5,8,6,1.0,86.0,0.0,3,2.0
1,6.0,2.0,2.0,3.0,5,8,6,1.0,49.0,0.5,3,2.0
1,6.0,2.0,2.0,3.0,5,8,6,2.0,65.0,0.0,3,2.0
2,6.0,2.0,2.0,1.0,5,8,6,2.0,58.0,0.0,3,3.0
2,6.0,3.0,2.0,1.0,5,8,6,2.0,69.0,0.0,3,2.0
1,6.0,3.0,2.0,6.0,5,8,6,3.0,40.0,0.0,3,3.0
3,5.0,5.0,2.0,3.0,7,8,6,2.0,40.0,0.1666666666666666,3,6.0
1,6.0,2.0,2.0,1.0,7,8,6,1.0,66.0,0.0,3,1.0
2,6.0,2.0,2.0,3.0,7,8,6,2.0,51.0,0.0,3,0.3333333333333333
1,5.0,3.0,2.0,6.0,7,8,6,2.0,47.0,0.0,3,4.0
3,5.0,5.0,2.0,6.0,7,8,6,3.0,37.0,0.25,3,4.0
1,5.0,2.0,2.0,3.0,7,8,6,2.0,39.0,0.25,3,4.0
3,5.0,3.0,2.0,6.0,4,8,6,1.0,36.0,0.0,3,4.0
3,5.0,5.0,2.0,9.0,4,8,6,3.0,63.0,0.0,3,4.0
3,5.0,4.0,2.0,8.0,4,8,6,2.0,41.0,0.0,3,4.0
2,5.0,5.0,2.0,6.0,4,8,6,2.0,43.0,0.0,3,4.0
2,5.0,1.0,2.0,4.0,4,8,6,2.0,48.0,0.0,3,3.0
2,2.0,5.0,2.0,10.0,4,8,6,2.0,45.0,0.6,3,5.0
2,5.0,1.0,2.0,3.0,4,8,6,1.0,69.0,0.0,3,1.0
1,5.0,3.0,2.0,4.0,4,8,6,0.0,89.0,0.0,3,3.0
2,5.0,2.0,2.0,4.0,7,8,6,0.0,74.0,0.0,3,1.0
1,5.0,1.0,2.0,4.0,7,8,6,0.0,55.0,0.0,3,2.0
1,3.0,3.0,2.0,10.0,7,8,6,1.0,63.0,0.0,3,2.0
1,6.0,4.0,2.0,3.0,4,8,6,1.0,34.0,0.0,3,1.0
1,6.0,3.0,2.0,1.0,4,8,6,3.0,45.0,0.25,3,4.0
1,6.0,2.0,2.0,3.0,4,8,6,1.0,74.0,0.0,3,3.0
1,6.0,2.0,2.0,3.0,4,8,6,1.0,53.0,0.0,3,1.0
2,6.0,3.0,2.0,3.0,4,8,6,1.0,56.0,0.0,3,2.0
2,6.0,1.0,2.0,3.0,4,8,6,2.0,33.0,0.5,3,0.5714285714285714
1,6.0,2.0,2.0,5.0,4,8,6,2.0,30.0,0.3333333333333333,3,0.5
1,6.0,1.0,2.0,3.0,4,8,6,1.0,46.0,0.0,3,0.1666666666666666
1,6.0,1.0,2.0,1.0,4,8,6,1.0,43.0,0.0,3,0.3333333333333333
2,6.0,3.0,2.0,5.0,4,8,6,3.0,54.0,0.0,3,3.0
2,5.0,3.0,2.0,6.0,4,8,6,2.0,51.0,0.0,3,3.0
2,2.0,4.0,2.0,9.0,4,8,6,3.0,38.0,0.4,3,5.0
1,6.0,2.0,2.0,1.0,4,8,6,1.0,54.0,0.0,3,1.0
3,5.0,2.0,2.0,9.0,4,8,6,3.0,45.0,0.25,3,4.0
1,6.0,1.0,2.0,1.0,4,8,6,1.0,73.0,0.0,3,0.1666666666666666
1,6.0,2.0,2.0,3.0,4,8,6,1.0,43.0,0.5,3,2.0
2,6.0,3.0,2.0,3.0,4,8,6,2.0,83.0,0.0,3,2.0
2,6.0,2.0,2.0,3.0,4,8,6,2.0,63.0,0.0,3,2.0
2,5.0,3.0,2.0,4.0,4,8,6,3.0,57.0,0.0,3,4.0
1,5.0,6.0,2.0,4.0,4,8,6,1.0,68.0,0.0,3,1.0
2,5.0,3.0,2.0,6.0,4,8,6,2.0,45.0,0.0,3,4.0
1,6.0,4.0,2.0,1.0,4,8,6,2.0,52.0,0.0,3,3.0
2,6.0,4.0,2.0,4.0,4,8,6,2.0,59.0,0.0,3,3.0
1,5.0,1.0,2.0,1.0,4,8,6,0.0,98.0,0.0,3,0.1428571428571428
2,6.0,4.0,2.0,4.0,4,8,6,3.0,52.0,0.0,3,4.0
2,5.0,3.0,2.0,3.0,4,8,6,2.0,69.0,0.0,3,2.0
2,6.0,1.0,2.0,3.0,4,8,6,3.0,53.0,0.0,3,4.0
1,6.0,4.0,2.0,3.0,4,8,6,1.0,63.0,0.0,3,1.0
1,6.0,1.0,2.0,1.0,4,8,6,1.0,76.0,0.0,3,1.0
1,6.0,4.0,2.0,6.0,4,8,6,2.0,57.0,0.1666666666666666,3,6.0
3,6.0,3.0,2.0,4.0,4,8,6,3.0,39.0,0.25,3,4.0
3,6.0,4.0,2.0,4.0,4,8,6,3.0,57.0,0.0,3,4.0
1,6.0,2.0,2.0,4.0,4,8,6,2.0,50.0,0.0,3,4.0
2,6.0,1.0,2.0,3.0,4,8,6,2.0,38.0,0.25,3,4.0
1,6.0,3.0,2.0,3.0,4,8,6,1.0,37.0,0.3333333333333333,3,3.0
2,6.0,1.0,2.0,3.0,4,8,6,2.0,73.0,0.0,3,2.0
2,6.0,2.0,2.0,4.0,7,8,6,2.0,40.0,0.3333333333333333,3,3.0
2,6.0,2.0,2.0,3.0,7,8,6,3.0,40.0,0.25,3,4.0
2,5.0,2.0,2.0,4.0,7,8,6,3.0,34.0,0.0,3,3.0
1,4.0,3.0,2.0,4.0,7,8,6,2.0,38.0,0.25,3,4.0
1,6.0,2.0,2.0,3.0,7,8,6,1.0,74.0,0.0,3,2.0
1,5.0,4.0,2.0,4.0,7,8,6,2.0,36.0,0.5,3,4.0
3,5.0,6.0,2.0,5.0,7,8,6,3.0,61.0,0.0,3,4.0
1,5.0,4.0,2.0,3.0,7,8,6,3.0,51.0,0.0,3,4.0
2,3.0,6.0,2.0,3.0,8,8,6,0.0,82.0,0.0,3,4.0
2,3.0,6.0,2.0,6.0,8,8,6,3.0,67.0,0.0,3,3.0
2,3.0,5.0,2.0,4.0,8,8,6,0.0,81.0,0.0,3,2.0
2,3.0,4.0,2.0,4.0,8,8,6,0.0,84.0,0.0,3,2.0
1,3.0,4.0,2.0,4.0,8,8,6,0.0,87.0,0.0,3,2.0
3,3.0,4.0,2.0,5.0,8,8,6,3.0,46.0,0.2,3,5.0
1,6.0,3.0,2.0,5.0,8,8,6,0.0,69.0,0.0,3,1.0
2,5.0,4.0,2.0,6.0,8,8,6,2.0,49.0,0.0,3,2.0
2,1.0,4.0,2.0,6.0,8,8,6,1.0,86.0,0.0,3,2.0
2,1.0,4.0,2.0,10.0,8,8,6,2.0,34.0,0.0,3,2.0
1,3.0,3.0,2.0,8.0,8,8,6,0.0,72.0,0.0,3,1.0
2,3.0,4.0,2.0,3.0,8,8,6,1.0,81.0,0.0,3,2.0
3,2.0,7.0,2.0,8.0,8,8,6,1.0,71.0,0.0,3,3.0
2,5.0,6.0,2.0,7.0,8,8,6,2.0,61.0,0.0,3,4.0
2,5.0,3.0,2.0,7.0,8,8,6,1.0,46.0,0.5,3,4.0
2,5.0,3.0,2.0,3.0,8,8,6,1.0,61.0,0.0,3,2.0
2,3.0,4.0,2.0,5.0,8,8,6,2.0,59.0,0.0,3,4.0
2,3.0,3.0,2.0,8.0,8,8,6,2.0,30.0,0.0,3,2.0
3,3.0,7.0,2.0,10.0,8,8,6,2.0,51.0,0.2,3,5.0
3,1.0,3.0,2.0,8.0,8,8,6,2.0,53.0,0.0,3,3.0
2,3.0,3.0,2.0,10.0,8,8,6,2.0,57.0,0.0,3,2.0
1,3.0,3.0,2.0,10.0,8,8,6,1.0,57.0,0.0,3,1.0
1,3.0,3.0,2.0,3.0,8,8,6,0.0,82.0,0.0,3,2.0
2,3.0,3.0,2.0,3.0,8,8,6,2.0,74.0,0.0,3,2.0
2,5.0,2.0,2.0,6.0,8,8,6,1.0,67.0,0.0,3,2.0
2,3.0,4.0,2.0,3.0,8,8,6,2.0,74.0,0.0,3,3.0
2,5.0,3.0,2.0,6.0,8,8,6,2.0,75.0,0.0,3,2.0
3,6.0,2.0,2.0,4.0,8,8,6,2.0,92.0,0.0,3,1.5
2,3.0,3.0,2.0,5.0,8,8,6,2.0,63.0,0.0,3,5.0
3,3.0,4.0,2.0,5.0,8,8,6,1.0,52.0,0.0,3,4.0
2,5.0,4.0,2.0,8.0,8,8,6,2.0,24.0,0.0,3,2.0
2,5.0,4.0,2.0,9.0,8,8,6,2.0,49.0,0.0,3,4.0
2,5.0,5.0,2.0,6.0,8,8,6,1.0,53.0,0.0,3,3.0
1,3.0,3.0,2.0,8.0,8,8,6,1.0,64.0,0.0,3,7.0
3,5.0,6.0,2.0,6.0,6,8,6,3.0,51.0,0.0,3,5.0
2,5.0,2.0,2.0,6.0,6,8,6,2.0,39.0,0.25,3,4.0
1,5.0,4.0,2.0,10.0,6,8,6,1.0,48.0,0.2,3,5.0
1,3.0,4.0,2.0,10.0,6,8,6,1.0,65.0,0.0,3,2.0
1,3.0,4.0,2.0,6.0,6,8,6,1.0,58.0,0.0,3,3.0
2,4.0,4.0,2.0,9.0,6,8,6,0.0,82.0,0.0,3,1.0
1,3.0,4.0,2.0,10.0,6,8,6,1.0,60.0,0.0,3,3.0
3,3.0,4.0,2.0,10.0,6,8,6,3.0,51.0,0.0,3,4.0
2,3.0,4.0,2.0,9.0,6,8,6,2.0,66.0,0.0,3,2.0
3,3.0,6.0,2.0,10.0,6,8,6,3.0,55.0,0.0,3,3.0
1,5.0,4.0,2.0,6.0,6,8,6,1.0,36.0,0.3333333333333333,3,1.5
2,4.0,3.0,2.0,3.0,6,8,6,2.0,57.0,0.0,3,2.0
3,5.0,4.0,2.0,5.0,6,8,6,2.0,64.0,0.0,3,4.0
3,3.0,6.0,2.0,8.0,6,8,6,3.0,50.0,0.0,3,4.0
2,5.0,5.0,2.0,6.0,6,8,6,2.0,47.0,0.0,3,3.0
2,4.0,4.0,2.0,5.0,6,8,6,2.0,47.0,0.3333333333333333,3,3.0
2,4.0,3.0,2.0,3.0,6,8,6,2.0,50.0,0.0,3,2.0
2,3.0,5.0,2.0,8.0,6,8,6,2.0,51.0,0.0,3,4.0
1,5.0,4.0,2.0,6.0,6,8,6,0.0,53.0,0.0,3,3.0
2,5.0,3.0,2.0,6.0,6,8,6,2.0,47.0,0.2,3,5.0
1,6.0,3.0,2.0,8.0,6,8,6,0.0,69.0,0.0,3,1.0
2,5.0,5.0,2.0,4.0,6,8,6,2.0,66.0,0.0,3,2.0
2,4.0,3.0,2.0,4.0,6,8,6,2.0,74.0,0.0,3,2.0
2,4.0,4.0,2.0,4.0,6,8,6,2.0,60.0,0.0,3,2.0
2,4.0,3.0,2.0,3.0,6,8,6,3.0,46.0,0.0,3,5.0
2,4.0,4.0,2.0,5.0,6,8,6,2.0,70.0,0.0,3,2.0
2,6.0,3.0,2.0,4.0,6,8,6,2.0,60.0,0.0,3,2.0
2,2.0,4.0,2.0,5.0,6,8,6,3.0,51.0,0.0,3,3.0
2,6.0,4.0,2.0,4.0,6,8,6,2.0,63.0,0.0,3,2.0
2,4.0,5.0,2.0,1.0,6,8,6,0.0,82.0,0.0,3,2.0
1,6.0,4.0,2.0,1.0,6,8,6,2.0,68.0,0.0,3,2.0
2,6.0,3.0,2.0,3.0,6,8,6,2.0,55.0,0.0,3,2.0
2,6.0,4.0,2.0,3.0,6,8,6,3.0,63.0,0.0,3,3.0
2,6.0,3.0,2.0,3.0,6,8,6,2.0,75.0,0.0,3,2.0
1,6.0,2.0,2.0,3.0,6,8,6,2.0,50.0,0.0,3,0.5
2,6.0,2.0,2.0,1.0,6,8,6,2.0,69.0,0.0,3,2.0
3,6.0,4.0,2.0,3.0,6,8,6,3.0,67.0,0.0,3,3.0
1,6.0,2.0,2.0,3.0,6,8,6,1.0,84.0,0.0,3,1.0
1,6.0,3.0,2.0,4.0,6,8,6,1.0,66.0,0.25,3,4.0
1,6.0,2.0,2.0,1.0,6,8,6,1.0,83.0,0.0,3,1.0
2,6.0,3.0,2.0,1.0,6,8,6,2.0,55.0,0.0,3,2.0
1,6.0,4.0,2.0,3.0,6,8,6,2.0,55.0,0.0,3,2.0
2,4.0,5.0,2.0,1.0,6,8,6,2.0,67.0,0.0,3,2.0
1,6.0,1.0,2.0,4.0,6,8,6,1.0,70.0,0.0,3,1.0
1,4.0,3.0,2.0,4.0,6,8,6,1.0,67.0,0.0,3,1.0
1,4.0,2.0,2.0,4.0,6,8,6,2.0,33.0,0.5,3,4.0
2,6.0,4.0,2.0,3.0,6,8,6,2.0,59.0,0.0,3,2.0
1,4.0,2.0,2.0,1.0,6,8,6,3.0,55.0,0.0,3,4.0
2,4.0,2.0,2.0,5.0,6,8,6,2.0,38.0,0.25,3,4.0
3,5.0,3.0,2.0,6.0,7,8,6,3.0,62.0,0.0,3,3.0
1,6.0,1.0,2.0,5.0,7,8,6,2.0,52.0,0.0,3,3.0
2,4.0,5.0,2.0,8.0,7,8,6,3.0,43.0,0.25,3,4.0
1,5.0,4.0,2.0,3.0,7,8,6,1.0,79.0,0.0,3,1.0
2,6.0,3.0,2.0,5.0,7,8,6,1.0,52.0,0.0,3,4.0
1,6.0,2.0,2.0,1.0,7,8,6,2.0,75.0,0.0,3,2.0
1,4.0,3.0,2.0,6.0,7,8,6,1.0,66.0,0.0,3,2.0
2,4.0,5.0,2.0,6.0,7,8,6,2.0,35.0,0.5,3,4.0
2,6.0,2.0,2.0,4.0,7,8,6,2.0,64.0,0.0,3,2.0
1,4.0,6.0,2.0,3.0,7,8,6,1.0,73.0,0.0,3,1.0
2,4.0,3.0,2.0,3.0,5,8,6,2.0,59.0,0.0,3,2.0
2,3.0,3.0,2.0,8.0,5,8,6,2.0,60.0,0.0,3,2.0
1,5.0,4.0,2.0,5.0,5,8,6,0.0,68.0,0.0,3,3.0
1,3.0,3.0,2.0,4.0,5,8,6,0.0,51.0,0.0,3,1.0
2,4.0,6.0,2.0,3.0,5,8,6,1.0,39.0,0.25,3,4.0
2,2.0,5.0,2.0,7.0,5,8,6,2.0,66.0,0.0,3,2.0
1,6.0,2.0,2.0,8.0,5,8,6,1.0,23.0,0.0,3,0.5
2,4.0,4.0,2.0,3.0,5,8,6,2.0,72.0,0.0,3,2.0
1,6.0,3.0,2.0,3.0,5,8,6,1.0,64.0,0.0,3,1.0
2,6.0,5.0,2.0,6.0,5,8,6,1.0,62.0,0.0,3,2.0
2,6.0,3.0,2.0,8.0,5,8,6,1.0,52.0,0.0,3,3.0
2,4.0,6.0,2.0,4.0,5,8,6,2.0,59.0,0.0,3,3.0
2,6.0,4.0,2.0,4.0,5,8,6,1.0,64.0,0.0,3,2.0
2,6.0,2.0,2.0,3.0,5,8,6,1.0,45.0,0.3333333333333333,3,3.0
2,4.0,4.0,2.0,1.0,5,8,6,2.0,43.0,0.25,3,4.0
1,6.0,2.0,2.0,6.0,5,8,6,1.0,28.0,0.0,3,0.1666666666666666
2,4.0,3.0,2.0,3.0,5,8,6,2.0,70.0,0.0,3,2.0
1,6.0,2.0,2.0,1.0,5,8,6,0.0,74.0,0.0,3,1.0
2,6.0,4.0,2.0,3.0,5,8,6,2.0,54.0,0.0,3,2.0
2,6.0,3.0,2.0,6.0,5,8,6,2.0,33.0,0.25,3,4.0
2,6.0,7.0,2.0,3.0,5,8,6,1.0,69.0,0.0,3,3.0
2,6.0,1.0,2.0,1.0,5,8,6,1.0,85.0,0.0,3,2.0
1,6.0,5.0,2.0,1.0,5,8,6,1.0,91.0,0.0,3,1.0
2,3.0,4.0,2.0,10.0,5,8,6,2.0,42.0,0.4,3,5.0
1,4.0,5.0,2.0,8.0,5,8,6,1.0,73.0,0.0,3,2.0
2,6.0,5.0,2.0,6.0,5,8,6,2.0,41.0,0.1428571428571428,3,7.0
2,5.0,4.0,2.0,1.0,5,8,6,2.0,68.0,0.3333333333333333,3,3.0
2,5.0,4.0,2.0,5.0,5,8,6,1.0,81.0,0.0,3,1.0
2,5.0,4.0,2.0,8.0,5,8,6,2.0,48.0,0.25,3,4.0
2,6.0,5.0,2.0,4.0,5,8,6,2.0,40.0,0.5,3,6.0
2,6.0,2.0,2.0,5.0,5,8,6,1.0,56.0,0.1666666666666666,3,6.0
2,6.0,2.0,2.0,1.0,5,8,6,1.0,68.0,0.0,3,0.3333333333333333
1,6.0,3.0,2.0,4.0,5,8,6,1.0,73.0,0.0,3,0.125
1,6.0,2.0,2.0,6.0,5,8,6,1.0,50.0,0.0,3,0.1666666666666666
3,6.0,2.0,2.0,4.0,5,8,6,2.0,62.0,0.0,3,0.5
2,6.0,3.0,2.0,6.0,5,8,6,1.0,57.0,0.0,3,0.3333333333333333
1,5.0,5.0,2.0,1.0,5,8,6,1.0,55.0,0.0,3,2.0
3,6.0,4.0,2.0,3.0,5,8,6,0.0,83.0,0.0,3,3.0
2,4.0,2.0,2.0,4.0,5,8,6,2.0,60.0,0.0,3,3.0
2,6.0,4.0,2.0,3.0,5,8,6,2.0,70.0,0.0,3,4.0
2,6.0,4.0,2.0,4.0,5,8,6,2.0,57.0,0.0,3,8.0
1,6.0,2.0,2.0,4.0,5,8,6,2.0,40.0,0.0,3,3.0
1,4.0,2.0,2.0,4.0,5,8,6,1.0,71.0,0.0,3,0.125
2,6.0,1.0,2.0,5.0,5,8,6,2.0,77.0,0.0,3,0.25
1,6.0,4.0,2.0,1.0,5,8,6,1.0,79.0,0.0,3,0.25
1,6.0,2.0,2.0,3.0,5,8,6,1.0,57.0,0.0,3,0.1666666666666666
1,4.0,2.0,2.0,3.0,5,8,6,1.0,89.0,0.0,3,0.125
3,3.0,5.0,2.0,1.0,7,8,6,3.0,66.0,0.0,3,3.0
2,5.0,5.0,2.0,10.0,7,8,6,2.0,70.0,0.0,3,1.0
2,3.0,5.0,2.0,8.0,7,8,6,2.0,52.0,0.2,3,5.0
1,5.0,2.0,2.0,5.0,7,8,6,1.0,77.0,0.0,3,1.0
1,3.0,3.0,2.0,8.0,7,8,6,1.0,65.0,0.0,3,0.5
1,5.0,1.0,2.0,6.0,7,8,6,0.0,38.0,0.0,3,0.125
2,5.0,5.0,2.0,3.0,7,8,6,2.0,68.0,0.4,3,5.0
2,5.0,3.0,2.0,4.0,7,8,6,1.0,56.0,0.0,3,4.0
1,5.0,2.0,2.0,6.0,7,8,6,0.0,67.0,0.25,3,4.0
3,6.0,2.0,2.0,6.0,7,8,6,3.0,56.0,0.0,3,5.0
2,5.0,3.0,2.0,6.0,7,8,6,0.0,57.0,0.0,3,2.0
3,5.0,2.0,2.0,5.0,7,8,6,1.0,62.0,0.0,3,4.0
3,5.0,2.0,2.0,7.0,7,8,6,2.0,48.0,0.25,3,4.0
2,5.0,5.0,2.0,1.0,7,8,6,1.0,70.0,0.0,3,5.0
1,3.0,3.0,2.0,4.0,5,8,6,1.0,59.0,0.0,3,2.0
1,5.0,5.0,2.0,8.0,5,8,6,1.0,23.0,0.0,3,1.0
2,5.0,4.0,2.0,6.0,5,8,6,1.0,43.0,0.3333333333333333,3,3.0
3,3.0,3.0,2.0,6.0,5,8,6,3.0,57.0,0.25,3,4.0
1,5.0,2.0,2.0,3.0,5,8,6,0.0,77.0,0.0,3,1.0
1,6.0,1.0,2.0,3.0,5,8,6,1.0,56.0,0.5,3,1.0
2,6.0,4.0,2.0,3.0,5,8,6,2.0,60.0,0.0,3,2.0
2,6.0,3.0,2.0,6.0,5,8,6,1.0,56.0,0.0,3,2.0
1,6.0,4.0,2.0,6.0,5,8,6,2.0,51.0,0.0,3,2.0
2,6.0,4.0,2.0,5.0,5,8,6,2.0,53.0,0.0,3,3.0
2,6.0,4.0,2.0,4.0,5,8,6,2.0,67.0,0.0,3,2.0
2,6.0,6.0,2.0,6.0,5,8,6,2.0,61.0,0.0,3,4.0
2,6.0,4.0,2.0,5.0,5,8,6,3.0,53.0,0.0,3,3.0
2,6.0,4.0,2.0,5.0,5,8,6,2.0,46.0,0.0,3,4.0
2,6.0,4.0,2.0,5.0,5,8,6,2.0,61.0,0.0,3,2.0
2,6.0,2.0,2.0,3.0,5,8,6,1.0,61.0,0.0,3,0.3333333333333333
3,6.0,3.0,2.0,3.0,5,8,6,3.0,57.0,0.0,3,1.0
2,6.0,6.0,2.0,3.0,5,8,6,1.0,88.0,0.0,3,0.3333333333333333
3,6.0,3.0,2.0,1.0,5,8,6,3.0,57.0,0.0,3,0.5
2,5.0,5.0,2.0,4.0,5,8,6,1.0,48.0,0.0,3,0.5
1,6.0,2.0,2.0,4.0,5,8,6,1.0,70.0,0.0,3,0.1666666666666666
2,6.0,1.0,2.0,3.0,5,8,6,2.0,62.0,0.0,3,0.3333333333333333
2,4.0,4.0,2.0,5.0,5,8,6,3.0,43.0,0.4,3,0.8333333333333334
2,6.0,2.0,2.0,3.0,5,8,6,1.0,65.0,0.3333333333333333,3,0.5
2,6.0,3.0,2.0,3.0,5,8,6,2.0,52.0,0.3333333333333333,3,0.6
2,6.0,2.0,2.0,3.0,5,8,6,1.0,72.0,0.0,3,0.3333333333333333
1,6.0,3.0,2.0,1.0,5,8,6,1.0,48.0,0.0,3,0.3333333333333333
2,6.0,2.0,2.0,3.0,5,8,6,3.0,44.0,0.375,3,1.3333333333333333
1,6.0,2.0,2.0,4.0,5,8,6,1.0,61.0,0.0,3,0.3333333333333333
1,6.0,2.0,2.0,4.0,5,8,6,1.0,71.0,0.0,3,0.6666666666666666
1,6.0,4.0,2.0,3.0,5,8,6,1.0,49.0,0.1666666666666666,3,1.0
2,6.0,2.0,2.0,3.0,5,8,6,2.0,60.0,0.2,3,0.625
2,6.0,2.0,2.0,3.0,5,8,6,2.0,77.0,0.0,3,0.3333333333333333
1,5.0,1.0,2.0,4.0,7,8,6,1.0,45.0,0.5,3,2.0
3,6.0,2.0,2.0,3.0,7,8,6,2.0,40.0,0.0,3,4.0
2,5.0,3.0,2.0,3.0,7,8,6,2.0,34.0,0.3333333333333333,3,3.0
2,5.0,1.0,2.0,4.0,7,8,6,1.0,30.0,0.5,3,4.0
3,4.0,6.0,2.0,5.0,7,8,6,3.0,36.0,0.25,3,4.0
2,5.0,4.0,2.0,10.0,7,8,6,1.0,57.0,0.0,3,3.0
1,4.0,2.0,2.0,6.0,7,8,6,1.0,39.0,0.0,3,2.0
3,6.0,6.0,2.0,1.0,7,8,6,3.0,64.0,0.0,3,4.0
1,4.0,4.0,2.0,9.0,7,8,6,1.0,34.0,0.5,3,2.0
2,5.0,4.0,2.0,3.0,7,8,6,2.0,77.0,0.0,3,2.0
2,5.0,4.0,2.0,7.0,2,8,6,2.0,34.0,0.25,3,4.0
1,6.0,2.0,2.0,7.0,2,8,6,1.0,30.0,0.0,3,1.0
1,5.0,4.0,2.0,10.0,2,8,6,1.0,35.0,0.3333333333333333,3,3.0
2,3.0,2.0,2.0,6.0,2,8,6,0.0,62.0,0.0,3,2.0
1,3.0,4.0,2.0,6.0,2,8,6,1.0,67.0,0.0,3,2.0
2,5.0,3.0,2.0,10.0,2,8,6,2.0,62.0,0.0,3,3.0
3,5.0,4.0,2.0,5.0,2,8,6,3.0,51.0,0.3333333333333333,3,6.0
2,3.0,6.0,2.0,4.0,2,8,6,1.0,73.0,0.0,3,2.0
3,3.0,7.0,2.0,7.0,2,8,6,2.0,57.0,0.2,3,5.0
1,5.0,1.0,2.0,6.0,2,8,6,1.0,57.0,0.0,3,2.0
3,5.0,5.0,2.0,3.0,2,8,6,1.0,78.0,0.3333333333333333,3,6.0
2,5.0,5.0,2.0,5.0,2,8,6,2.0,60.0,0.2857142857142857,3,7.0
1,3.0,3.0,2.0,10.0,2,8,6,1.0,59.0,0.0,3,1.0
3,5.0,3.0,2.0,8.0,2,8,6,1.0,58.0,0.0,3,3.0
3,5.0,4.0,2.0,6.0,2,8,6,3.0,44.0,0.3333333333333333,3,6.0
3,3.0,6.0,2.0,8.0,2,8,6,3.0,56.0,0.0,3,7.0
1,5.0,1.0,2.0,10.0,2,8,6,0.0,72.0,0.0,3,1.0
1,3.0,2.0,2.0,3.0,2,8,6,1.0,67.0,0.0,3,1.0
1,3.0,2.0,2.0,6.0,2,8,6,1.0,64.0,0.0,3,3.0
2,3.0,7.0,2.0,8.0,2,8,6,1.0,61.0,0.25,3,4.0
2,2.0,5.0,2.0,6.0,2,8,6,1.0,76.0,0.0,3,4.0
2,3.0,4.0,2.0,8.0,2,8,6,2.0,31.0,0.5,3,4.0
3,3.0,4.0,2.0,10.0,2,8,6,3.0,75.0,0.0,3,3.0
1,3.0,4.0,2.0,10.0,2,8,6,1.0,59.0,0.0,3,3.0
1,5.0,2.0,2.0,4.0,2,8,6,0.0,76.0,0.0,3,1.0
1,5.0,3.0,2.0,9.0,2,8,6,0.0,65.0,0.0,3,3.0
3,3.0,5.0,2.0,10.0,2,8,6,2.0,60.0,0.25,3,4.0
3,3.0,5.0,2.0,5.0,2,8,6,3.0,80.0,0.0,3,6.0
1,5.0,3.0,2.0,6.0,2,8,6,1.0,30.0,0.0,3,1.0
3,3.0,5.0,2.0,6.0,2,8,6,2.0,44.0,0.2857142857142857,3,7.0
2,5.0,2.0,2.0,6.0,2,8,6,2.0,33.0,0.25,3,4.0
2,5.0,3.0,2.0,5.0,2,8,6,2.0,45.0,0.3333333333333333,3,3.0
2,5.0,3.0,2.0,6.0,2,8,6,2.0,28.0,0.3333333333333333,3,3.0
2,5.0,4.0,2.0,5.0,2,8,6,2.0,43.0,0.3333333333333333,3,3.0
2,5.0,6.0,2.0,5.0,2,8,6,2.0,47.0,0.4285714285714285,3,7.0
2,5.0,4.0,2.0,6.0,2,8,6,2.0,38.0,0.25,3,4.0
2,5.0,4.0,2.0,5.0,2,8,6,1.0,72.0,0.0,3,2.0
1,5.0,3.0,2.0,9.0,2,8,6,1.0,32.0,0.5,3,4.0
3,5.0,3.0,2.0,9.0,2,8,6,3.0,27.0,0.0,3,4.0
1,3.0,3.0,2.0,10.0,2,8,6,0.0,72.0,0.0,3,1.0
3,5.0,3.0,2.0,8.0,2,8,6,3.0,55.0,0.0,3,5.0
2,3.0,4.0,2.0,6.0,2,8,6,2.0,69.0,0.0,3,2.0
3,5.0,5.0,2.0,6.0,2,8,6,3.0,57.0,0.4,3,5.0
2,3.0,2.0,2.0,8.0,2,8,6,2.0,51.0,0.0,3,3.0
1,5.0,2.0,2.0,5.0,2,8,6,1.0,68.0,0.0,3,1.0
1,5.0,1.0,2.0,1.0,2,8,6,0.0,84.0,0.0,3,1.0
3,5.0,3.0,2.0,5.0,2,8,6,3.0,60.0,0.0,3,4.0
2,3.0,4.0,2.0,9.0,2,8,6,0.0,70.0,0.0,3,2.0
3,5.0,3.0,2.0,6.0,2,8,6,3.0,51.0,0.1666666666666666,3,6.0
1,5.0,3.0,2.0,5.0,2,8,6,1.0,53.0,0.0,3,1.0
3,5.0,3.0,2.0,5.0,2,8,6,3.0,60.0,0.5714285714285714,3,7.0
3,6.0,3.0,2.0,3.0,2,8,6,0.0,58.0,0.25,3,4.0
1,3.0,4.0,2.0,9.0,2,8,6,2.0,54.0,0.0,3,3.0
3,3.0,6.0,2.0,10.0,2,8,6,2.0,48.0,0.0,3,4.0
1,5.0,2.0,2.0,8.0,2,8,6,0.0,85.0,0.0,3,0.5
2,5.0,3.0,2.0,6.0,2,8,6,1.0,56.0,0.0,3,4.0
2,3.0,5.0,2.0,8.0,2,8,6,1.0,48.0,0.25,3,4.0
2,5.0,5.0,2.0,6.0,2,8,6,2.0,57.0,0.3333333333333333,3,6.0
1,5.0,3.0,2.0,6.0,2,8,6,1.0,57.0,0.0,3,4.0
1,5.0,2.0,2.0,5.0,2,8,6,1.0,46.0,0.0,3,4.0
3,5.0,3.0,2.0,8.0,2,8,6,3.0,48.0,0.4,3,5.0
1,5.0,2.0,2.0,6.0,2,8,6,1.0,58.0,0.0,3,1.0
2,6.0,3.0,2.0,10.0,2,8,6,2.0,46.0,0.0,3,2.0
1,6.0,3.0,2.0,4.0,2,8,6,0.0,75.0,0.0,3,1.0
1,6.0,2.0,2.0,6.0,2,8,6,1.0,63.0,0.0,3,1.0
2,6.0,2.0,2.0,5.0,2,8,6,2.0,51.0,0.0,3,3.0
1,6.0,2.0,2.0,6.0,2,8,6,2.0,65.0,0.0,3,2.0
1,6.0,2.0,2.0,3.0,2,8,6,0.0,86.0,0.0,3,1.0
2,5.0,4.0,2.0,6.0,5,8,6,1.0,54.0,0.0,3,4.0
1,5.0,1.0,2.0,4.0,5,8,6,1.0,51.0,0.0,3,1.0
1,5.0,1.0,2.0,8.0,5,8,6,1.0,55.0,0.0,3,2.0
2,5.0,4.0,2.0,8.0,5,8,6,2.0,34.0,0.0,3,3.0
2,5.0,1.0,2.0,6.0,5,8,6,2.0,54.0,0.0,3,3.0
1,5.0,3.0,2.0,3.0,5,8,6,1.0,36.0,0.0,3,2.0
3,3.0,5.0,2.0,9.0,5,8,6,3.0,60.0,0.0,3,6.0
3,3.0,4.0,2.0,6.0,5,8,6,2.0,51.0,0.25,3,4.0
1,5.0,1.0,2.0,3.0,5,8,6,1.0,80.0,0.0,3,1.0
1,5.0,1.0,2.0,6.0,5,8,6,0.0,80.0,0.0,3,0.5
2,5.0,1.0,2.0,4.0,5,8,6,2.0,65.0,0.0,3,1.0
1,5.0,1.0,2.0,3.0,5,8,6,1.0,61.0,0.0,3,1.0
2,5.0,3.0,2.0,9.0,5,8,6,1.0,48.0,0.0,3,2.0
3,6.0,5.0,2.0,3.0,5,8,6,3.0,54.0,0.0,3,4.0
2,5.0,4.0,2.0,10.0,5,8,6,2.0,68.0,0.3333333333333333,3,3.0
2,5.0,5.0,2.0,10.0,5,8,6,1.0,48.0,0.0,3,4.0
2,5.0,5.0,2.0,3.0,5,8,6,2.0,79.0,0.0,3,2.0
2,3.0,5.0,2.0,10.0,5,8,6,0.0,78.0,0.0,3,2.0
2,3.0,6.0,2.0,10.0,5,8,6,2.0,53.0,0.2,3,5.0
2,5.0,1.0,2.0,6.0,5,8,6,2.0,72.0,0.3333333333333333,3,3.0
2,3.0,4.0,2.0,10.0,5,8,6,0.0,77.0,0.0,3,2.0
1,5.0,2.0,2.0,6.0,5,8,6,1.0,72.0,0.0,3,1.0
1,5.0,2.0,2.0,8.0,5,8,6,1.0,54.0,0.0,3,1.0
3,5.0,4.0,2.0,5.0,5,8,6,3.0,57.0,0.0,3,5.0
1,2.0,4.0,2.0,10.0,5,8,6,1.0,63.0,0.25,3,4.0
3,5.0,5.0,2.0,9.0,5,8,6,2.0,58.0,0.2,3,5.0
3,5.0,7.0,2.0,10.0,5,8,6,1.0,76.0,0.2,3,5.0
2,3.0,3.0,2.0,10.0,5,8,6,2.0,78.0,0.0,3,2.0
1,4.0,1.0,2.0,8.0,5,8,6,0.0,67.0,0.0,3,0.5
1,5.0,3.0,2.0,1.0,5,8,6,1.0,47.0,0.0,3,1.0
1,5.0,2.0,2.0,6.0,5,8,6,2.0,45.0,0.25,3,4.0
1,6.0,3.0,2.0,3.0,5,8,6,0.0,69.0,0.0,3,1.0
1,4.0,1.0,2.0,5.0,5,8,6,1.0,63.0,0.0,3,1.0
3,4.0,5.0,2.0,3.0,5,8,6,2.0,56.0,0.0,3,3.0
2,5.0,2.0,2.0,6.0,5,8,6,2.0,83.0,0.0,3,2.0
2,3.0,3.0,2.0,7.0,5,8,6,0.0,83.0,0.0,3,2.0
2,5.0,3.0,2.0,1.0,5,8,6,2.0,63.0,0.4,3,5.0
1,5.0,5.0,2.0,3.0,5,8,6,1.0,53.0,0.0,3,3.0
2,5.0,4.0,2.0,3.0,5,8,6,1.0,51.0,0.0,3,3.0
2,5.0,3.0,2.0,6.0,5,8,6,1.0,78.0,0.0,3,2.0
3,5.0,4.0,2.0,5.0,5,8,6,2.0,59.0,0.0,3,4.0
2,4.0,6.0,2.0,6.0,5,8,6,1.0,77.0,0.0,3,2.0
2,5.0,3.0,2.0,6.0,5,8,6,3.0,43.0,0.3333333333333333,3,6.0
1,6.0,3.0,2.0,4.0,5,8,6,1.0,63.0,0.0,3,2.0
2,5.0,4.0,2.0,10.0,5,8,6,2.0,58.0,0.0,3,6.0
2,6.0,2.0,2.0,6.0,5,8,6,1.0,69.0,0.0,3,2.0
2,5.0,3.0,2.0,6.0,5,8,6,1.0,57.0,0.0,3,4.0
2,5.0,2.0,2.0,4.0,5,8,6,1.0,64.0,0.0,3,1.0
1,6.0,1.0,2.0,1.0,5,8,6,1.0,89.0,0.0,3,1.0
2,6.0,3.0,2.0,4.0,5,8,6,2.0,78.0,0.0,3,2.0
3,6.0,5.0,2.0,4.0,5,8,6,3.0,78.0,0.0,3,0.75
3,6.0,4.0,2.0,6.0,5,8,6,3.0,50.0,0.25,3,4.0
2,6.0,1.0,2.0,6.0,5,8,6,3.0,39.0,0.1666666666666666,3,1.0
1,5.0,4.0,2.0,4.0,5,8,6,1.0,60.0,0.0,3,1.0
2,6.0,5.0,2.0,3.0,5,8,6,2.0,78.0,0.0,3,2.0
2,6.0,2.0,2.0,6.0,5,8,6,2.0,50.0,0.0,3,2.0
1,5.0,3.0,2.0,1.0,5,8,6,1.0,79.0,0.0,3,2.0
2,5.0,4.0,2.0,6.0,5,8,6,2.0,76.0,0.0,3,3.0
2,6.0,3.0,2.0,4.0,5,8,6,2.0,63.0,0.0,3,3.0
1,6.0,1.0,2.0,6.0,5,8,6,1.0,57.0,0.0,3,1.0
2,5.0,5.0,2.0,10.0,5,8,6,0.0,72.0,0.0,3,3.0
2,5.0,6.0,2.0,8.0,5,8,6,2.0,47.0,0.2,3,5.0
1,6.0,1.0,2.0,3.0,5,8,6,1.0,57.0,0.0,3,2.0
2,6.0,3.0,2.0,5.0,7,8,6,1.0,34.0,0.3333333333333333,3,3.0
2,6.0,5.0,2.0,3.0,7,8,6,1.0,82.0,0.0,3,2.0
2,5.0,4.0,2.0,6.0,7,8,6,2.0,33.0,0.3333333333333333,3,3.0
2,6.0,5.0,2.0,3.0,7,8,6,2.0,57.0,0.3333333333333333,3,3.0
1,4.0,2.0,2.0,3.0,7,8,6,1.0,84.0,0.0,3,2.0
3,6.0,4.0,2.0,8.0,7,8,6,1.0,54.0,0.25,3,8.0
2,5.0,3.0,2.0,8.0,1,8,6,1.0,21.0,0.0,3,0.5
1,5.0,2.0,2.0,1.0,1,8,6,1.0,55.0,0.0,3,0.25
2,5.0,3.0,2.0,6.0,1,8,6,1.0,33.0,0.3333333333333333,3,1.5
2,6.0,2.0,2.0,1.0,1,8,6,1.0,83.0,0.0,3,0.5
2,5.0,3.0,2.0,5.0,1,8,6,2.0,26.0,0.3333333333333333,3,0.75
3,6.0,3.0,2.0,4.0,1,8,6,1.0,47.0,0.0,3,5.0
1,3.0,6.0,2.0,8.0,1,8,6,1.0,37.0,0.4,3,5.0
2,5.0,3.0,2.0,10.0,1,8,6,2.0,37.0,0.0,3,2.0
1,3.0,4.0,2.0,8.0,1,8,6,0.0,68.0,0.0,3,1.0
3,5.0,4.0,2.0,6.0,1,8,6,1.0,63.0,0.0,3,3.0
1,2.0,3.0,2.0,5.0,1,8,6,0.0,55.0,0.0,3,2.0
1,2.0,4.0,2.0,10.0,1,8,6,1.0,44.0,0.3333333333333333,3,3.0
1,5.0,2.0,2.0,3.0,1,8,6,1.0,66.0,0.0,3,1.0
2,5.0,5.0,2.0,10.0,1,8,6,1.0,50.0,0.0,3,2.0
1,6.0,3.0,2.0,6.0,1,8,6,1.0,32.0,0.0,3,1.0
2,3.0,3.0,2.0,6.0,1,8,6,0.0,55.0,0.0,3,2.0
3,6.0,3.0,2.0,4.0,1,8,6,1.0,56.0,0.25,3,4.0
2,5.0,5.0,2.0,8.0,1,8,6,1.0,47.0,0.0,3,3.0
3,5.0,4.0,2.0,6.0,1,8,6,2.0,47.0,0.0,3,3.0
2,6.0,5.0,2.0,4.0,1,8,6,2.0,25.0,0.3333333333333333,3,3.0
1,6.0,2.0,2.0,6.0,1,8,6,0.0,40.0,0.0,3,1.0
2,6.0,2.0,2.0,3.0,1,8,6,2.0,69.0,0.3333333333333333,3,3.0
1,5.0,7.0,2.0,5.0,1,8,6,1.0,48.0,0.25,3,4.0
2,6.0,7.0,2.0,5.0,1,8,6,2.0,67.0,0.0,3,2.0
3,6.0,4.0,2.0,1.0,1,8,6,2.0,48.0,0.0,3,5.0
3,6.0,2.0,2.0,6.0,1,8,6,3.0,41.0,0.0,3,4.0
3,5.0,4.0,2.0,4.0,1,8,6,3.0,56.0,0.0,3,3.0
3,5.0,5.0,2.0,4.0,1,8,6,3.0,66.0,0.0,3,5.0
3,5.0,5.0,2.0,6.0,1,8,6,2.0,29.0,0.0,3,3.0
3,5.0,5.0,2.0,3.0,4,8,6,2.0,76.0,0.0,3,3.0
2,2.0,6.0,2.0,8.0,4,8,6,2.0,37.0,0.25,3,4.0
2,4.0,5.0,2.0,10.0,4,8,6,2.0,57.0,0.0,3,4.0
1,6.0,2.0,2.0,4.0,4,8,6,1.0,78.0,0.0,3,2.0
2,5.0,4.0,2.0,4.0,1,8,6,1.0,36.0,0.25,3,4.0
1,5.0,4.0,2.0,6.0,1,8,6,1.0,51.0,0.0,3,1.0
1,5.0,6.0,2.0,3.0,1,8,6,1.0,43.0,0.0,3,3.0
2,5.0,3.0,2.0,4.0,1,8,6,1.0,79.0,0.0,3,3.0
3,3.0,5.0,2.0,8.0,1,8,6,2.0,52.0,0.1666666666666666,3,6.0
3,6.0,4.0,2.0,4.0,4,8,6,3.0,52.0,0.4,3,0.8333333333333334
2,6.0,3.0,2.0,1.0,4,8,6,3.0,33.0,0.0,3,3.0
1,6.0,1.0,2.0,6.0,4,8,6,0.0,79.0,0.0,3,1.0
2,5.0,5.0,2.0,6.0,4,8,6,1.0,39.0,0.25,3,4.0
3,5.0,5.0,2.0,6.0,4,8,6,2.0,37.0,0.4,3,5.0
2,5.0,2.0,2.0,4.0,4,8,6,2.0,51.0,0.0,3,5.0
2,5.0,3.0,2.0,5.0,4,8,6,1.0,76.0,0.0,3,2.0
2,6.0,1.0,2.0,6.0,4,8,6,1.0,37.0,0.3333333333333333,3,3.0
1,5.0,1.0,2.0,1.0,4,8,6,0.0,84.0,0.0,3,1.0
1,6.0,1.0,2.0,1.0,4,8,6,0.0,86.0,0.0,3,1.0
1,6.0,3.0,2.0,1.0,4,8,6,1.0,77.0,0.0,3,0.1666666666666666
1,6.0,2.0,2.0,1.0,4,8,6,1.0,72.0,0.0,3,1.0
2,6.0,4.0,2.0,3.0,4,8,6,2.0,47.0,0.2857142857142857,3,7.0
1,5.0,3.0,2.0,4.0,1,8,6,2.0,53.0,0.25,3,4.0
2,5.0,2.0,2.0,7.0,1,8,6,1.0,72.0,0.0,3,2.0
2,3.0,4.0,2.0,8.0,1,8,6,2.0,50.0,0.0,3,2.0
2,3.0,5.0,2.0,10.0,1,8,6,0.0,81.0,0.0,3,2.0
1,5.0,3.0,2.0,4.0,1,8,6,0.0,68.0,0.0,3,2.0
2,3.0,3.0,2.0,6.0,1,8,6,2.0,62.0,0.0,3,4.0
1,5.0,5.0,2.0,6.0,1,8,6,1.0,51.0,0.5,3,4.0
1,5.0,4.0,2.0,4.0,1,8,6,0.0,79.0,0.0,3,2.0
2,3.0,4.0,2.0,10.0,1,8,6,2.0,42.0,0.4,3,5.0
2,3.0,3.0,2.0,6.0,1,8,6,1.0,64.0,0.0,3,2.0
3,3.0,4.0,2.0,6.0,1,8,6,3.0,57.0,0.0,3,3.0
1,3.0,4.0,2.0,10.0,1,8,6,1.0,56.0,0.0,3,1.0
1,3.0,4.0,2.0,6.0,1,8,6,0.0,70.0,0.0,3,1.0
2,1.0,4.0,2.0,8.0,1,8,6,0.0,84.0,0.0,3,3.0
2,5.0,5.0,2.0,9.0,1,8,6,2.0,76.0,0.0,3,3.0
1,3.0,3.0,2.0,4.0,1,8,6,1.0,61.0,0.0,3,1.0
2,5.0,2.0,2.0,4.0,1,8,6,1.0,57.0,0.0,3,2.0
2,5.0,3.0,2.0,6.0,1,8,6,2.0,69.0,0.0,3,4.0
2,5.0,3.0,2.0,5.0,1,8,6,2.0,62.0,0.0,3,2.0
1,5.0,2.0,2.0,3.0,1,8,6,0.0,82.0,0.0,3,1.0
3,5.0,4.0,2.0,5.0,1,8,6,1.0,60.0,0.4,3,5.0
2,5.0,4.0,2.0,6.0,1,8,6,2.0,40.0,0.25,3,4.0
2,5.0,4.0,2.0,4.0,1,8,6,2.0,65.0,0.0,3,3.0
1,5.0,3.0,2.0,7.0,1,8,6,1.0,41.0,0.0,3,1.0
1,5.0,4.0,2.0,6.0,1,8,6,0.0,74.0,0.0,3,1.0
2,5.0,4.0,2.0,6.0,1,8,6,2.0,34.0,0.0,3,2.0
1,5.0,7.0,2.0,3.0,1,8,6,0.0,70.0,0.0,3,2.0
2,6.0,3.0,2.0,5.0,1,8,6,1.0,48.0,0.0,3,2.0
2,3.0,6.0,2.0,10.0,1,8,6,0.0,79.0,0.0,3,4.0
1,3.0,4.0,2.0,7.0,1,8,6,1.0,69.0,0.0,3,1.0
2,3.0,3.0,2.0,6.0,1,8,6,2.0,65.0,0.0,3,2.0
2,3.0,3.0,2.0,8.0,1,8,6,0.0,62.0,0.0,3,2.0
1,5.0,4.0,2.0,6.0,1,8,6,0.0,64.0,0.0,3,2.0
2,5.0,3.0,2.0,4.0,1,8,6,2.0,62.0,0.0,3,2.0
1,6.0,2.0,2.0,4.0,1,8,6,0.0,54.0,0.0,3,0.1428571428571428
2,5.0,4.0,2.0,8.0,1,8,6,1.0,72.0,0.0,3,2.0
3,5.0,3.0,2.0,10.0,1,8,6,2.0,67.0,0.25,3,4.0
2,5.0,6.0,2.0,6.0,1,8,6,2.0,58.0,0.0,3,4.0
3,5.0,4.0,2.0,7.0,1,8,6,1.0,57.0,0.0,3,5.0
1,3.0,3.0,2.0,10.0,1,8,6,2.0,74.0,0.0,3,2.0
2,3.0,3.0,2.0,9.0,1,8,6,2.0,47.0,0.3333333333333333,3,3.0
1,5.0,4.0,2.0,10.0,1,8,6,0.0,65.0,0.5,3,2.0
3,3.0,4.0,2.0,8.0,1,8,6,3.0,44.0,0.0,3,3.0
3,5.0,4.0,2.0,4.0,1,8,6,3.0,52.0,0.0,3,3.0
1,6.0,3.0,2.0,5.0,1,8,6,0.0,82.0,0.0,3,2.0
3,5.0,5.0,2.0,3.0,1,8,6,2.0,72.0,0.1428571428571428,3,7.0
2,5.0,2.0,2.0,3.0,1,8,6,0.0,74.0,0.0,3,3.0
3,5.0,3.0,2.0,6.0,1,8,6,2.0,63.0,0.0,3,4.0
2,3.0,5.0,2.0,6.0,1,8,6,2.0,72.0,0.0,3,2.0
1,5.0,4.0,2.0,4.0,1,8,6,1.0,71.0,0.0,3,6.0
1,5.0,3.0,2.0,6.0,1,8,6,1.0,52.0,0.0,3,4.0
1,3.0,3.0,2.0,6.0,1,8,6,1.0,49.0,0.0,3,2.0
2,5.0,4.0,2.0,4.0,1,8,6,2.0,50.0,0.0,3,3.0
3,5.0,4.0,2.0,6.0,1,8,6,2.0,50.0,0.1666666666666666,3,6.0
3,5.0,4.0,2.0,10.0,1,8,6,3.0,35.0,0.5,3,6.0
2,6.0,4.0,2.0,5.0,1,8,6,2.0,63.0,0.0,3,3.0
2,5.0,4.0,2.0,3.0,1,8,6,2.0,60.0,0.0,3,2.0
2,5.0,3.0,2.0,4.0,1,8,6,2.0,57.0,0.0,3,2.0
3,6.0,2.0,2.0,6.0,1,8,6,3.0,42.0,0.2,3,5.0
1,6.0,1.0,2.0,3.0,1,8,6,1.0,83.0,0.0,3,0.2
1,6.0,1.0,2.0,5.0,1,8,6,1.0,37.0,0.5,3,2.0
3,5.0,4.0,2.0,5.0,1,8,6,3.0,59.0,0.0,3,0.6
1,6.0,2.0,2.0,4.0,1,8,6,1.0,74.0,0.0,3,0.2
2,3.0,6.0,2.0,6.0,8,8,6,1.0,69.0,0.0,3,4.0
3,5.0,4.0,2.0,8.0,8,8,6,3.0,76.0,0.0,3,3.0
3,5.0,5.0,2.0,4.0,8,8,6,3.0,47.0,0.0,3,3.0
2,5.0,3.0,2.0,3.0,8,8,6,1.0,55.0,0.25,3,4.0
2,3.0,4.0,2.0,6.0,8,8,6,2.0,52.0,0.0,3,4.0
2,5.0,3.0,2.0,7.0,8,8,6,1.0,45.0,0.0,3,3.0
2,5.0,3.0,2.0,8.0,8,8,6,2.0,29.0,0.0,3,2.0
3,3.0,5.0,2.0,6.0,8,8,6,3.0,69.0,0.0,3,3.0
3,3.0,6.0,2.0,10.0,8,8,6,1.0,40.0,0.3333333333333333,3,6.0
1,3.0,5.0,2.0,8.0,8,8,6,1.0,28.0,0.0,3,2.0
2,3.0,3.0,2.0,6.0,8,8,6,1.0,66.0,0.0,3,2.0
1,1.0,4.0,2.0,10.0,8,8,6,1.0,66.0,0.0,3,2.0
1,1.0,5.0,2.0,10.0,8,8,6,1.0,45.0,0.2,3,5.0
1,3.0,4.0,2.0,6.0,8,8,6,0.0,70.0,0.0,3,2.0
1,3.0,6.0,2.0,6.0,8,8,6,0.0,81.0,0.0,3,2.0
1,5.0,4.0,2.0,8.0,8,8,6,1.0,45.0,0.0,3,1.0
1,3.0,7.0,2.0,8.0,8,8,6,1.0,74.0,0.0,3,2.0
2,5.0,3.0,2.0,3.0,8,8,6,1.0,66.0,0.0,3,3.0
2,1.0,5.0,2.0,10.0,8,8,6,1.0,79.0,0.0,3,2.0
1,1.0,4.0,2.0,6.0,8,8,6,0.0,91.0,0.0,3,1.0
1,3.0,5.0,2.0,8.0,8,8,6,0.0,72.0,0.0,3,4.0
3,3.0,6.0,2.0,10.0,8,8,6,3.0,70.0,0.0,3,4.0
3,3.0,5.0,2.0,6.0,8,8,6,3.0,26.0,0.0,3,4.0
3,3.0,5.0,2.0,8.0,8,8,6,3.0,59.0,0.0,3,5.0
2,3.0,5.0,2.0,4.0,8,8,6,2.0,75.0,0.0,3,2.0
2,3.0,6.0,2.0,5.0,8,8,6,2.0,77.0,0.0,3,2.0
1,3.0,3.0,2.0,6.0,8,8,6,1.0,71.0,0.0,3,2.0
3,1.0,3.0,2.0,10.0,8,8,6,3.0,56.0,0.0,3,3.0
3,2.0,4.0,2.0,10.0,8,8,6,2.0,38.0,0.0,3,3.0
1,3.0,4.0,2.0,10.0,8,8,6,1.0,25.0,0.0,3,1.0
3,3.0,3.0,2.0,8.0,8,8,6,3.0,82.0,0.0,3,4.0
1,5.0,3.0,2.0,10.0,8,8,6,1.0,66.0,0.0,3,1.0
1,5.0,1.0,2.0,6.0,8,8,6,0.0,63.0,0.0,3,1.0
2,3.0,4.0,2.0,10.0,8,8,6,2.0,79.0,0.0,3,3.0
3,5.0,4.0,2.0,8.0,8,8,6,2.0,39.0,0.0,3,3.0
2,2.0,2.0,2.0,6.0,8,8,6,0.0,85.0,0.0,3,2.0
2,3.0,3.0,2.0,5.0,8,8,6,1.0,83.0,0.0,3,2.0
2,3.0,3.0,2.0,5.0,8,8,6,0.0,91.0,0.0,3,2.0
2,5.0,3.0,2.0,6.0,8,8,6,2.0,50.0,0.0,3,2.0
3,2.0,4.0,2.0,6.0,8,8,6,3.0,59.0,0.0,3,3.0
3,3.0,4.0,2.0,8.0,8,8,6,3.0,53.0,0.0,3,5.0
1,5.0,2.0,2.0,7.0,8,8,6,1.0,55.0,0.0,3,2.0
2,5.0,5.0,2.0,6.0,8,8,6,1.0,59.0,0.0,3,2.0
1,5.0,1.0,2.0,6.0,8,8,6,1.0,60.0,0.0,3,1.0
1,5.0,4.0,2.0,6.0,8,8,6,1.0,58.0,0.0,3,2.0
1,5.0,2.0,2.0,4.0,8,8,6,1.0,82.0,0.0,3,3.0
1,6.0,1.0,2.0,5.0,8,8,6,1.0,52.0,0.0,3,1.0
1,5.0,3.0,2.0,4.0,8,8,6,1.0,45.0,0.25,3,1.0
1,5.0,2.0,2.0,3.0,8,8,6,1.0,56.0,0.0,3,0.75
2,3.0,3.0,2.0,6.0,8,8,6,1.0,82.0,0.0,3,2.0
1,3.0,4.0,2.0,10.0,8,8,6,1.0,51.0,0.25,3,4.0
1,3.0,4.0,2.0,8.0,8,8,6,1.0,54.0,0.25,3,4.0
2,3.0,6.0,2.0,1.0,8,8,6,1.0,57.0,0.5,3,4.0
1,1.0,6.0,2.0,8.0,8,8,6,0.0,81.0,0.0,3,2.0
3,1.0,5.0,2.0,5.0,8,8,6,2.0,56.0,0.2,3,5.0
3,1.0,5.0,2.0,10.0,8,8,6,3.0,76.0,0.0,3,3.0
3,1.0,7.0,2.0,6.0,8,8,6,3.0,76.0,0.3333333333333333,3,6.0
2,3.0,5.0,2.0,9.0,8,8,6,2.0,54.0,0.1666666666666666,3,6.0
1,1.0,4.0,2.0,10.0,8,8,6,1.0,44.0,0.25,3,4.0
1,3.0,3.0,2.0,6.0,8,8,6,1.0,44.0,0.5,3,2.0
2,1.0,3.0,2.0,10.0,8,8,6,2.0,30.0,0.0,3,2.0
3,3.0,4.0,2.0,6.0,8,8,6,2.0,54.0,0.0,3,3.0
3,5.0,3.0,2.0,6.0,8,8,6,3.0,44.0,0.0,3,1.0
2,5.0,3.0,2.0,6.0,8,8,6,2.0,50.0,0.0,3,0.5
3,5.0,4.0,2.0,7.0,8,8,6,3.0,48.0,0.25,3,1.0
1,3.0,5.0,2.0,6.0,8,8,6,1.0,82.0,0.0,3,2.0
1,1.0,5.0,2.0,10.0,8,8,6,1.0,63.0,0.0,3,3.0
1,3.0,4.0,2.0,5.0,8,8,6,0.0,87.0,0.0,3,1.0
2,5.0,2.0,2.0,4.0,8,8,6,0.0,79.0,0.0,3,2.0
3,3.0,4.0,2.0,6.0,8,8,6,2.0,52.0,0.0,3,5.0
3,5.0,6.0,2.0,3.0,8,8,6,2.0,78.0,0.0,3,3.0
3,5.0,5.0,2.0,6.0,8,8,6,3.0,44.0,0.0,3,4.0
2,5.0,4.0,2.0,7.0,8,8,6,1.0,40.0,0.0,3,1.3333333333333333
1,2.0,4.0,2.0,10.0,8,8,6,0.0,57.0,0.0,3,1.0
1,3.0,4.0,2.0,10.0,8,8,6,1.0,52.0,0.0,3,2.0
1,3.0,3.0,2.0,10.0,8,8,6,1.0,33.0,0.0,3,6.0
2,5.0,4.0,2.0,6.0,8,8,6,1.0,64.0,0.0,3,6.0
2,3.0,2.0,2.0,4.0,8,8,6,1.0,74.0,0.25,3,4.0
1,3.0,3.0,2.0,10.0,8,8,6,1.0,49.0,0.5,3,2.0
2,3.0,3.0,2.0,8.0,8,8,6,2.0,67.0,0.0,3,2.0
3,5.0,4.0,2.0,10.0,8,8,6,2.0,60.0,0.0,3,3.0
2,3.0,6.0,2.0,10.0,8,8,6,2.0,62.0,0.2,3,5.0
2,3.0,3.0,2.0,5.0,8,8,6,1.0,91.0,0.0,3,6.0
1,5.0,3.0,2.0,6.0,8,8,6,1.0,65.0,0.0,3,1.0
2,3.0,5.0,2.0,10.0,8,8,6,1.0,72.0,0.0,3,4.0
2,2.0,4.0,2.0,6.0,8,8,6,0.0,73.0,0.0,3,3.0
3,5.0,4.0,2.0,6.0,8,8,6,2.0,57.0,0.0,3,3.0
1,5.0,4.0,2.0,3.0,8,8,6,1.0,71.0,0.0,3,4.0
3,5.0,2.0,2.0,6.0,8,8,6,3.0,61.0,0.2,3,5.0
3,5.0,3.0,2.0,6.0,8,8,6,3.0,71.0,0.0,3,3.0
1,3.0,1.0,2.0,6.0,8,8,6,1.0,52.0,0.0,3,4.0
1,3.0,3.0,2.0,3.0,8,8,6,0.0,70.0,0.0,3,1.0
2,3.0,5.0,2.0,10.0,8,8,6,2.0,38.0,0.0,3,3.0
2,5.0,4.0,2.0,6.0,8,8,6,2.0,56.0,0.0,3,5.0
2,1.0,3.0,2.0,4.0,8,8,6,2.0,65.0,0.0,3,2.0
2,3.0,3.0,2.0,10.0,8,8,6,2.0,53.0,0.0,3,4.0
3,5.0,4.0,2.0,6.0,8,8,6,3.0,56.0,0.2,3,5.0
2,5.0,6.0,2.0,6.0,8,8,6,2.0,61.0,0.0,3,2.0
2,2.0,2.0,2.0,9.0,8,8,6,1.0,67.0,0.25,3,4.0
3,3.0,6.0,2.0,9.0,8,8,6,3.0,57.0,0.0,3,4.0
1,3.0,2.0,2.0,10.0,8,8,6,1.0,56.0,0.0,3,1.0
1,3.0,3.0,2.0,6.0,8,8,6,0.0,48.0,0.0,3,1.0
2,3.0,3.0,2.0,6.0,8,8,6,1.0,87.0,0.0,3,2.0
2,3.0,4.0,2.0,10.0,8,8,6,1.0,60.0,0.0,3,2.0
2,1.0,4.0,2.0,6.0,8,8,6,2.0,57.0,0.0,3,3.0
2,3.0,3.0,2.0,8.0,8,8,6,1.0,52.0,0.0,3,4.0
2,3.0,3.0,2.0,7.0,8,8,6,2.0,63.0,0.0,3,2.0
1,5.0,6.0,2.0,3.0,8,8,6,1.0,63.0,0.0,3,3.0
3,3.0,4.0,2.0,6.0,8,8,6,3.0,52.0,0.0,3,4.0
2,1.0,5.0,2.0,7.0,8,8,6,1.0,64.0,0.0,3,2.0
3,3.0,5.0,2.0,5.0,8,8,6,2.0,76.0,0.0,3,3.0
1,5.0,3.0,2.0,4.0,8,8,6,1.0,72.0,0.0,3,1.0
1,5.0,4.0,2.0,6.0,8,8,6,1.0,66.0,0.0,3,3.0
2,3.0,4.0,2.0,6.0,2,8,6,2.0,59.0,0.0,3,3.0
1,5.0,2.0,2.0,6.0,2,8,6,1.0,62.0,0.0,3,2.0
2,6.0,4.0,2.0,6.0,2,8,6,2.0,29.0,0.6,3,5.0
3,5.0,2.0,2.0,6.0,2,8,6,2.0,45.0,0.4,3,5.0
2,3.0,4.0,2.0,6.0,2,8,6,3.0,49.0,0.0,3,4.0
2,5.0,4.0,2.0,5.0,2,8,6,2.0,57.0,0.0,3,4.0
2,5.0,3.0,2.0,6.0,2,8,6,2.0,61.0,0.0,3,3.0
2,5.0,2.0,2.0,4.0,2,8,6,0.0,80.0,0.0,3,2.0
3,5.0,5.0,2.0,5.0,2,8,6,3.0,59.0,0.2,3,5.0
1,5.0,1.0,2.0,5.0,2,8,6,1.0,59.0,0.0,3,1.0
2,5.0,3.0,2.0,6.0,2,8,6,1.0,77.0,0.0,3,3.0
1,5.0,3.0,2.0,6.0,2,8,6,1.0,58.0,0.0,3,3.0
1,2.0,6.0,2.0,10.0,2,8,6,1.0,56.0,0.0,3,2.0
2,2.0,6.0,2.0,10.0,2,8,6,2.0,58.0,0.2,3,5.0
1,5.0,4.0,2.0,3.0,2,8,6,0.0,73.0,0.0,3,0.125
1,5.0,3.0,2.0,4.0,2,8,6,1.0,36.0,0.5,3,1.3333333333333333
2,5.0,4.0,2.0,4.0,2,8,6,2.0,77.0,0.0,3,2.0
2,3.0,3.0,2.0,8.0,2,8,6,1.0,29.0,0.25,3,4.0
2,3.0,7.0,2.0,10.0,2,8,6,2.0,67.0,0.0,3,2.0
1,3.0,3.0,2.0,6.0,2,8,6,1.0,34.0,0.5,3,6.0
2,5.0,2.0,2.0,8.0,2,8,6,1.0,28.0,0.0,3,2.0
1,5.0,2.0,2.0,5.0,2,8,6,0.0,73.0,0.0,3,1.0
1,5.0,2.0,2.0,6.0,2,8,6,1.0,39.0,0.0,3,1.0
2,5.0,3.0,2.0,4.0,2,8,6,1.0,49.0,0.0,3,2.0
1,5.0,3.0,2.0,4.0,2,8,6,1.0,34.0,0.0,3,2.0
1,5.0,2.0,2.0,3.0,2,8,6,1.0,61.0,0.0,3,0.1428571428571428
2,5.0,5.0,2.0,4.0,2,8,6,1.0,75.0,0.0,3,2.0
2,3.0,1.0,2.0,4.0,2,8,6,2.0,63.0,0.0,3,2.0
1,5.0,3.0,2.0,3.0,2,8,6,0.0,82.0,0.0,3,2.0
3,5.0,4.0,2.0,6.0,2,8,6,3.0,40.0,0.2,3,5.0
3,6.0,4.0,2.0,6.0,2,8,6,3.0,44.0,0.1666666666666666,3,6.0
2,5.0,2.0,2.0,5.0,2,8,6,2.0,35.0,0.0,3,3.0
2,6.0,3.0,2.0,4.0,5,8,6,2.0,72.0,0.0,3,2.0
1,6.0,2.0,2.0,6.0,5,8,6,2.0,84.0,0.0,3,2.0
2,6.0,2.0,2.0,3.0,5,8,6,2.0,95.0,0.0,3,2.0
3,5.0,4.0,2.0,10.0,7,8,6,2.0,36.0,0.2,3,5.0
3,3.0,5.0,2.0,8.0,7,8,6,2.0,37.0,0.4,3,5.0
2,3.0,5.0,2.0,6.0,7,8,6,0.0,74.0,0.2,3,5.0
2,3.0,4.0,2.0,6.0,7,8,6,2.0,66.0,0.0,3,3.0
1,5.0,4.0,2.0,5.0,7,8,6,0.0,74.0,0.0,3,1.0
3,5.0,5.0,2.0,8.0,7,8,6,2.0,63.0,0.3333333333333333,3,6.0
3,5.0,2.0,2.0,9.0,7,8,6,2.0,59.0,0.0,3,3.0
3,5.0,5.0,2.0,3.0,7,8,6,2.0,67.0,0.0,3,4.0
2,6.0,5.0,2.0,6.0,7,8,6,2.0,56.0,0.0,3,4.0
3,5.0,4.0,2.0,6.0,7,8,6,2.0,38.0,0.0,3,3.0
3,5.0,5.0,2.0,6.0,7,8,6,2.0,49.0,0.0,3,4.0
2,5.0,5.0,2.0,10.0,7,8,6,2.0,61.0,0.3333333333333333,3,3.0
1,5.0,3.0,2.0,5.0,7,8,6,1.0,28.0,0.3333333333333333,3,3.0
3,5.0,4.0,2.0,7.0,7,8,6,0.0,67.0,0.0,3,3.0
2,3.0,6.0,2.0,10.0,7,8,6,3.0,32.0,0.25,3,4.0
2,5.0,5.0,2.0,8.0,7,8,6,2.0,46.0,0.5,3,0.8
3,5.0,4.0,2.0,8.0,7,8,6,3.0,64.0,0.2,3,5.0
2,3.0,4.0,2.0,6.0,7,8,6,2.0,69.0,0.5,3,4.0
3,5.0,4.0,2.0,6.0,7,8,6,3.0,77.0,0.0,3,4.0
3,5.0,3.0,2.0,6.0,7,8,6,2.0,32.0,0.0,3,4.0
2,6.0,4.0,2.0,3.0,7,8,6,0.0,52.0,0.0,3,4.0
1,5.0,4.0,2.0,10.0,7,8,6,1.0,38.0,0.0,3,0.2
2,5.0,6.0,2.0,10.0,7,8,6,2.0,49.0,0.25,3,0.8
2,5.0,3.0,2.0,6.0,7,8,6,0.0,53.0,0.2,3,5.0
2,6.0,2.0,2.0,6.0,7,8,6,2.0,43.0,0.4,3,5.0
2,5.0,3.0,2.0,8.0,7,8,6,2.0,64.0,0.0,3,2.0
1,6.0,2.0,2.0,3.0,7,8,6,0.0,57.0,0.0,3,1.0
2,6.0,4.0,2.0,3.0,7,8,6,1.0,55.0,0.2,3,1.0
2,3.0,5.0,2.0,8.0,7,8,6,2.0,67.0,0.0,3,0.8
3,5.0,4.0,2.0,8.0,7,8,6,1.0,50.0,0.2,3,1.0
3,4.0,2.0,2.0,6.0,7,8,6,2.0,42.0,0.25,3,4.0
3,5.0,3.0,2.0,4.0,7,8,6,2.0,36.0,0.4,3,0.625
1,6.0,2.0,2.0,3.0,7,8,6,0.0,80.0,0.0,3,1.0
1,6.0,2.0,2.0,3.0,7,8,6,1.0,59.0,0.0,3,1.0
2,4.0,5.0,2.0,3.0,7,8,6,1.0,64.0,0.4545454545454545,3,1.375
2,3.0,6.0,2.0,4.0,7,8,6,0.0,61.0,0.0,3,0.8
3,3.0,5.0,2.0,10.0,7,8,6,2.0,60.0,0.0,3,0.6
2,5.0,3.0,2.0,10.0,7,8,6,2.0,52.0,0.0,3,0.6
1,3.0,4.0,2.0,5.0,7,8,6,1.0,60.0,0.0,3,0.4
3,4.0,2.0,2.0,4.0,7,8,6,3.0,62.0,0.0,3,1.0
2,4.0,3.0,2.0,4.0,7,8,6,1.0,33.0,0.25,3,0.5
2,4.0,4.0,2.0,4.0,7,8,6,2.0,56.0,0.0,3,0.375
2,4.0,3.0,2.0,3.0,7,8,6,1.0,41.0,0.0,3,0.375
1,3.0,4.0,2.0,5.0,7,8,6,2.0,58.0,0.0,3,0.25
3,4.0,1.0,2.0,3.0,7,8,6,2.0,57.0,0.25,3,0.5
2,4.0,1.0,2.0,8.0,7,8,6,2.0,21.0,0.3333333333333333,3,0.375
3,4.0,2.0,2.0,4.0,7,8,6,3.0,49.0,0.2,3,1.0
1,5.0,3.0,2.0,3.0,7,8,6,1.0,57.0,0.0,3,0.4
2,4.0,1.0,2.0,6.0,7,8,6,2.0,64.0,0.25,3,0.5
2,4.0,2.0,2.0,3.0,7,8,6,1.0,61.0,0.0,3,0.625
2,4.0,1.0,2.0,4.0,7,8,6,1.0,60.0,0.3333333333333333,3,0.75
1,4.0,2.0,2.0,4.0,7,8,6,0.0,61.0,0.0,3,0.125
2,6.0,3.0,2.0,4.0,7,8,6,1.0,44.0,0.3333333333333333,3,3.0
2,4.0,3.0,2.0,5.0,7,8,6,1.0,52.0,0.0,3,3.0
2,4.0,3.0,2.0,6.0,7,8,6,2.0,51.0,0.0,3,0.375
2,4.0,1.0,2.0,4.0,7,8,6,1.0,39.0,0.1666666666666666,3,0.75
2,4.0,3.0,2.0,4.0,7,8,6,1.0,43.0,0.2,3,0.7142857142857143
1,4.0,2.0,2.0,6.0,7,8,6,1.0,25.0,0.5,3,0.5
3,4.0,1.0,2.0,3.0,7,8,6,2.0,33.0,0.3333333333333333,3,0.8571428571428571
1,4.0,2.0,2.0,3.0,7,8,6,0.0,65.0,0.5,3,0.2857142857142857
1,4.0,2.0,2.0,3.0,7,8,6,1.0,41.0,0.0,3,0.125
1,4.0,1.0,2.0,4.0,7,8,6,2.0,32.0,0.5,3,0.5
3,5.0,4.0,2.0,3.0,7,8,6,1.0,58.0,0.0,3,4.0
1,5.0,1.0,2.0,5.0,7,8,6,1.0,61.0,0.0,3,2.0
1,5.0,2.0,2.0,4.0,7,8,6,2.0,53.0,0.0,3,2.0
2,5.0,5.0,2.0,8.0,7,8,6,1.0,57.0,0.0,3,5.0
1,5.0,5.0,2.0,6.0,7,8,6,2.0,19.0,0.0,3,2.0
0,5.0,3.0,2.0,5.0,7,8,6,0.0,57.0,0.0,3,3.0
2,5.0,1.0,2.0,6.0,7,8,6,1.0,49.0,0.0,3,4.0
2,5.0,4.0,2.0,6.0,7,8,6,2.0,37.0,0.25,3,4.0
2,6.0,1.0,2.0,1.0,7,8,6,2.0,56.0,0.0,3,0.75
1,5.0,1.0,2.0,6.0,7,8,6,1.0,66.0,0.0,3,1.0
1,4.0,4.0,2.0,6.0,7,8,6,1.0,55.0,0.0,3,0.4
2,4.0,3.0,2.0,6.0,7,8,6,0.0,74.0,0.0,3,0.25
1,4.0,2.0,2.0,5.0,7,8,6,1.0,29.0,0.5,3,0.5
1,4.0,2.0,2.0,6.0,7,8,6,2.0,53.0,0.3333333333333333,3,0.375
1,4.0,1.0,2.0,4.0,7,8,6,1.0,71.0,0.0,3,0.125
2,5.0,4.0,2.0,6.0,7,8,6,3.0,57.0,0.2,3,5.0
2,5.0,3.0,2.0,7.0,7,8,6,3.0,36.0,0.1666666666666666,3,6.0
2,5.0,2.0,2.0,6.0,7,8,6,2.0,40.0,0.5,3,4.0
2,5.0,4.0,2.0,1.0,7,8,6,2.0,44.0,0.5,3,4.0
1,4.0,1.0,2.0,6.0,7,8,6,1.0,79.0,0.0,3,1.0
1,5.0,4.0,2.0,8.0,3,8,6,0.0,84.0,0.0,3,1.0
2,5.0,7.0,2.0,4.0,3,8,6,2.0,60.0,0.3333333333333333,3,3.0
1,5.0,4.0,2.0,9.0,3,8,6,1.0,34.0,0.5,3,1.3333333333333333
3,5.0,4.0,2.0,6.0,3,8,6,3.0,59.0,0.0,3,3.0
3,5.0,4.0,2.0,6.0,3,8,6,2.0,71.0,0.0,3,3.0
1,3.0,5.0,2.0,8.0,3,8,6,1.0,48.0,0.0,3,1.0
3,5.0,4.0,2.0,6.0,3,8,6,3.0,50.0,0.0,3,3.0
2,5.0,4.0,2.0,6.0,3,8,6,2.0,53.0,0.0,3,4.0
1,5.0,2.0,2.0,9.0,3,8,6,1.0,53.0,0.0,3,2.0
3,2.0,4.0,2.0,9.0,3,8,6,1.0,47.0,0.4,3,5.0
3,5.0,5.0,2.0,3.0,3,8,6,2.0,74.0,0.0,3,3.0
2,5.0,6.0,2.0,6.0,3,8,6,1.0,64.0,0.2,3,5.0
2,2.0,6.0,2.0,8.0,3,8,6,3.0,57.0,0.0,3,4.0
2,2.0,4.0,2.0,8.0,3,8,6,2.0,62.0,0.0,3,2.0
1,2.0,3.0,2.0,10.0,3,8,6,1.0,27.0,0.0,3,1.0
1,5.0,4.0,2.0,6.0,3,8,6,1.0,61.0,0.0,3,1.0
3,5.0,3.0,2.0,8.0,3,8,6,3.0,61.0,0.0,3,4.0
1,5.0,3.0,2.0,3.0,3,8,6,1.0,55.0,0.0,3,2.0
1,5.0,2.0,2.0,6.0,3,8,6,0.0,52.0,0.0,3,1.0
1,5.0,6.0,2.0,8.0,6,8,6,1.0,58.0,0.0,3,1.0
2,5.0,2.0,2.0,6.0,6,8,6,1.0,48.0,0.25,3,4.0
2,2.0,4.0,2.0,6.0,6,8,6,2.0,47.0,0.0,3,4.0
1,5.0,2.0,2.0,3.0,6,8,6,1.0,71.0,0.0,3,1.0
1,5.0,2.0,2.0,5.0,6,8,6,1.0,43.0,0.0,3,1.0
1,5.0,1.0,2.0,9.0,6,8,6,1.0,49.0,0.0,3,1.0
2,6.0,1.0,2.0,1.0,6,8,6,2.0,78.0,0.0,3,2.0
2,5.0,2.0,2.0,6.0,6,8,6,1.0,35.0,0.3333333333333333,3,3.0
2,6.0,3.0,2.0,3.0,6,8,6,2.0,53.0,0.0,3,2.0
1,6.0,2.0,2.0,6.0,6,8,6,1.0,38.0,0.0,3,0.125
1,6.0,2.0,2.0,3.0,6,8,6,1.0,52.0,0.0,3,0.1666666666666666
1,6.0,1.0,2.0,6.0,6,8,6,3.0,51.0,0.2,3,0.8333333333333334
2,4.0,4.0,2.0,6.0,5,8,6,1.0,67.0,0.0,3,2.0
1,5.0,2.0,2.0,8.0,5,8,6,1.0,61.0,0.0,3,2.0
1,4.0,3.0,2.0,4.0,5,8,6,0.0,64.0,0.0,3,1.0
2,1.0,3.0,2.0,9.0,5,8,6,1.0,35.0,0.3333333333333333,3,3.0
3,4.0,4.0,2.0,10.0,5,8,6,2.0,66.0,0.0,3,4.0
1,4.0,3.0,2.0,4.0,5,8,6,0.0,47.0,0.0,3,1.0
3,4.0,3.0,2.0,6.0,5,8,6,2.0,62.0,0.0,3,0.4285714285714285
2,4.0,1.0,2.0,6.0,5,8,6,1.0,69.0,0.0,3,2.0
1,4.0,3.0,2.0,6.0,5,8,6,1.0,37.0,0.4,3,5.0
1,5.0,4.0,2.0,6.0,5,8,6,1.0,53.0,0.0,3,1.25
1,4.0,3.0,2.0,3.0,5,8,6,1.0,49.0,0.0,3,1.0
2,4.0,3.0,2.0,6.0,5,8,6,2.0,37.0,0.25,3,0.5714285714285714
3,5.0,2.0,2.0,5.0,5,8,6,1.0,48.0,0.0,3,4.0
1,5.0,2.0,2.0,3.0,5,8,6,1.0,68.0,0.0,3,1.0
3,4.0,1.0,2.0,4.0,5,8,6,3.0,63.0,0.0,3,3.0
2,4.0,5.0,2.0,5.0,5,8,6,1.0,72.0,0.0,3,2.0
2,4.0,6.0,2.0,6.0,5,8,6,1.0,74.0,0.0,3,2.0
1,4.0,3.0,2.0,3.0,5,8,6,1.0,73.0,0.0,3,1.0
3,4.0,5.0,2.0,8.0,5,8,6,1.0,45.0,0.0,3,4.0
1,4.0,2.0,2.0,5.0,5,8,6,0.0,57.0,0.0,3,2.0
2,6.0,2.0,2.0,5.0,5,8,6,2.0,54.0,0.0,3,0.3333333333333333
1,5.0,4.0,2.0,4.0,5,8,6,1.0,71.0,0.0,3,0.125
2,5.0,3.0,2.0,4.0,5,8,6,2.0,44.0,0.3333333333333333,3,3.0
2,6.0,3.0,2.0,6.0,5,8,6,2.0,43.0,0.5,3,6.0
2,4.0,2.0,2.0,6.0,5,8,6,1.0,32.0,0.3333333333333333,3,3.0
1,4.0,1.0,2.0,6.0,5,8,6,1.0,24.0,0.5,3,2.0
2,4.0,5.0,2.0,9.0,5,8,6,1.0,68.0,0.0,3,3.0
1,4.0,1.0,2.0,5.0,5,8,6,1.0,64.0,0.0,3,1.0
1,5.0,3.0,2.0,3.0,7,8,6,1.0,67.0,0.0,3,1.0
2,5.0,3.0,2.0,5.0,7,8,6,2.0,46.0,0.25,3,4.0
2,5.0,2.0,2.0,6.0,7,8,6,2.0,41.0,0.25,3,4.0
1,5.0,3.0,2.0,10.0,7,8,6,1.0,36.0,0.5,3,2.0
2,3.0,4.0,2.0,6.0,1,8,6,2.0,67.0,0.2,3,5.0
1,5.0,3.0,2.0,6.0,1,8,6,1.0,62.0,0.3333333333333333,3,3.0
2,5.0,2.0,2.0,6.0,1,8,6,2.0,42.0,0.5,3,4.0
2,3.0,6.0,2.0,10.0,1,8,6,2.0,48.0,0.3333333333333333,3,6.0
2,3.0,6.0,2.0,10.0,1,8,6,2.0,57.0,0.0,3,5.0
2,5.0,3.0,2.0,3.0,1,8,6,1.0,67.0,0.0,3,2.0
3,5.0,5.0,2.0,4.0,1,8,6,3.0,63.0,0.1666666666666666,3,6.0
2,5.0,3.0,2.0,6.0,1,8,6,1.0,48.0,0.0,3,2.0
1,5.0,4.0,2.0,8.0,1,8,6,1.0,59.0,0.0,3,2.0
2,5.0,3.0,2.0,4.0,1,8,6,1.0,58.0,0.0,3,4.0
3,3.0,4.0,2.0,6.0,1,8,6,1.0,79.0,0.0,3,5.0
2,3.0,3.0,2.0,8.0,1,8,6,2.0,52.0,0.0,3,4.0
1,3.0,3.0,2.0,4.0,1,8,6,1.0,69.0,0.0,3,2.0
1,5.0,2.0,2.0,3.0,1,8,6,0.0,66.0,0.0,3,1.0
3,5.0,4.0,2.0,6.0,1,8,6,1.0,37.0,0.125,3,8.0
3,5.0,3.0,2.0,5.0,1,8,6,1.0,35.0,0.375,3,8.0
2,5.0,3.0,2.0,4.0,1,8,6,2.0,68.0,0.0,3,2.0
3,5.0,4.0,2.0,6.0,1,8,6,3.0,29.0,0.0,3,3.0
1,3.0,3.0,2.0,5.0,1,8,6,2.0,68.0,0.0,3,2.0
3,5.0,4.0,2.0,3.0,1,8,6,2.0,64.0,0.0,3,3.0
2,5.0,3.0,2.0,4.0,1,8,6,2.0,52.0,0.0,3,3.0
2,3.0,2.0,2.0,8.0,1,8,6,2.0,43.0,0.0,3,2.0
2,5.0,4.0,2.0,7.0,1,8,6,0.0,52.0,0.0,3,2.0
1,2.0,3.0,2.0,6.0,1,8,6,1.0,65.0,0.0,3,2.0
2,2.0,4.0,2.0,10.0,1,8,6,2.0,52.0,0.25,3,4.0
2,5.0,2.0,2.0,5.0,1,8,6,1.0,66.0,0.0,3,2.0
2,5.0,5.0,2.0,6.0,1,8,6,1.0,94.0,0.0,3,4.0
3,5.0,5.0,2.0,7.0,1,8,6,1.0,56.0,0.0,3,0.5714285714285714
2,5.0,3.0,2.0,8.0,1,8,6,1.0,49.0,0.0,3,2.0
2,5.0,2.0,2.0,4.0,1,8,6,2.0,67.0,0.0,3,2.0
2,5.0,5.0,2.0,5.0,1,8,6,1.0,60.0,0.0,3,4.0
3,5.0,4.0,2.0,4.0,1,8,6,2.0,68.0,0.5,3,6.0
3,5.0,4.0,2.0,6.0,1,8,6,1.0,65.0,0.0,3,3.0
2,5.0,5.0,2.0,6.0,1,8,6,2.0,63.0,0.0,3,3.0
1,5.0,4.0,2.0,1.0,1,8,6,0.0,84.0,0.0,3,2.0
1,5.0,4.0,2.0,6.0,1,8,6,1.0,59.0,0.0,3,1.0
2,5.0,4.0,2.0,8.0,1,8,6,2.0,53.0,0.3333333333333333,3,3.0
1,5.0,4.0,2.0,5.0,1,8,6,1.0,51.0,0.3333333333333333,3,6.0
2,5.0,3.0,2.0,4.0,1,8,6,0.0,64.0,0.0,3,2.0
3,6.0,3.0,2.0,6.0,1,8,6,3.0,36.0,0.3333333333333333,3,6.0
1,5.0,3.0,2.0,3.0,1,8,6,0.0,79.0,0.0,3,1.0
3,5.0,5.0,2.0,6.0,1,8,6,3.0,80.0,0.0,3,3.0
1,5.0,3.0,2.0,5.0,1,8,6,1.0,71.0,0.0,3,1.0
2,5.0,3.0,2.0,7.0,1,8,6,2.0,32.0,0.5,3,4.0
2,5.0,6.0,2.0,6.0,1,8,6,0.0,72.0,0.0,3,6.0
1,5.0,5.0,2.0,8.0,1,8,6,1.0,67.0,0.0,3,1.0
1,5.0,5.0,2.0,3.0,1,8,6,0.0,90.0,0.0,3,1.0
3,3.0,4.0,2.0,5.0,1,8,6,2.0,70.0,0.0,3,4.0
1,5.0,3.0,2.0,8.0,1,8,6,1.0,43.0,0.0,3,7.0
1,5.0,2.0,2.0,7.0,1,8,6,1.0,66.0,0.0,3,1.0
3,5.0,4.0,2.0,4.0,1,8,6,3.0,42.0,0.25,3,4.0
3,5.0,3.0,2.0,6.0,1,8,6,3.0,48.0,0.0,3,5.0
2,5.0,2.0,2.0,4.0,1,8,6,2.0,59.0,0.3333333333333333,3,3.0
2,5.0,5.0,2.0,6.0,1,8,6,2.0,50.0,0.0,3,3.0
2,6.0,2.0,2.0,4.0,1,8,6,2.0,81.0,0.0,3,2.0
2,6.0,3.0,2.0,1.0,1,8,6,2.0,87.0,0.0,3,2.0
2,6.0,4.0,2.0,6.0,1,8,6,1.0,36.0,0.0,3,2.0
2,6.0,3.0,2.0,4.0,1,8,6,2.0,64.0,0.0,3,2.0
3,6.0,3.0,2.0,4.0,1,8,6,3.0,66.0,0.25,3,4.0
3,3.0,5.0,2.0,3.0,1,8,6,3.0,45.0,0.3333333333333333,3,0.75
1,5.0,3.0,2.0,3.0,1,8,6,1.0,59.0,0.0,3,0.25
3,5.0,5.0,2.0,6.0,1,8,6,3.0,45.0,0.1666666666666666,3,0.75
2,6.0,3.0,2.0,6.0,1,8,6,1.0,54.0,0.3333333333333333,3,0.75
3,6.0,3.0,2.0,4.0,4,8,6,3.0,60.0,0.25,3,4.0
1,6.0,3.0,2.0,6.0,4,8,6,1.0,25.0,0.5,3,2.0
2,6.0,5.0,2.0,5.0,4,8,6,1.0,49.0,0.0,3,2.0
1,6.0,3.0,2.0,4.0,4,8,6,2.0,52.0,0.0,3,2.0
2,6.0,4.0,2.0,10.0,4,8,6,2.0,36.0,0.3333333333333333,3,3.0
2,6.0,3.0,2.0,3.0,4,8,6,2.0,78.0,0.0,3,2.0
2,6.0,5.0,2.0,8.0,4,8,6,2.0,63.0,0.0,3,2.0
2,6.0,2.0,2.0,3.0,4,8,6,2.0,60.0,0.0,3,3.0
2,6.0,2.0,2.0,4.0,4,8,6,1.0,46.0,0.3333333333333333,3,3.0
1,6.0,5.0,2.0,6.0,4,8,6,1.0,35.0,0.0,3,0.1428571428571428
1,5.0,3.0,2.0,6.0,6,8,6,1.0,71.0,0.0,3,2.0
2,2.0,4.0,2.0,6.0,6,8,6,1.0,74.0,0.0,3,2.0
1,5.0,2.0,2.0,4.0,6,8,6,1.0,68.0,0.0,3,1.0
1,5.0,2.0,2.0,9.0,6,8,6,2.0,57.0,0.0,3,2.0
1,6.0,1.0,2.0,6.0,6,8,6,1.0,39.0,0.0,3,0.2
1,5.0,5.0,2.0,6.0,6,8,6,1.0,47.0,0.0,3,3.0
3,5.0,6.0,2.0,4.0,6,8,6,3.0,59.0,0.0,3,3.0
2,5.0,3.0,2.0,5.0,6,8,6,1.0,38.0,0.0,3,3.0
2,6.0,3.0,2.0,6.0,6,8,6,1.0,64.0,0.0,3,2.0
2,5.0,3.0,2.0,5.0,6,8,6,1.0,43.0,0.0,3,3.0
2,5.0,4.0,2.0,3.0,6,8,6,1.0,70.0,0.0,3,0.6
1,5.0,4.0,2.0,10.0,6,8,6,1.0,40.0,0.0,3,2.0
1,5.0,5.0,2.0,8.0,6,8,6,1.0,61.0,0.0,3,1.0
1,6.0,1.0,2.0,3.0,6,8,6,1.0,74.0,0.0,3,2.5
1,6.0,1.0,2.0,3.0,6,8,6,1.0,65.0,0.0,3,0.2
1,5.0,2.0,2.0,4.0,6,8,6,0.0,61.0,0.0,3,0.2857142857142857
2,5.0,4.0,2.0,6.0,6,8,6,1.0,43.0,0.25,3,0.8
2,5.0,4.0,2.0,6.0,6,8,6,0.0,62.0,0.0,3,1.0
1,5.0,2.0,2.0,4.0,6,8,6,0.0,73.0,0.3333333333333333,3,0.375
1,5.0,1.0,2.0,1.0,6,8,6,1.0,68.0,0.0,3,0.2
1,4.0,1.0,2.0,1.0,6,8,6,1.0,79.0,0.0,3,0.125
2,6.0,1.0,2.0,5.0,6,8,6,1.0,40.0,0.0,3,0.375
1,6.0,2.0,2.0,3.0,6,8,6,1.0,80.0,0.0,3,0.125
1,4.0,1.0,2.0,1.0,6,8,6,1.0,78.0,0.0,3,0.125
1,6.0,1.0,2.0,1.0,6,8,6,0.0,83.0,0.0,3,1.0
3,6.0,4.0,2.0,6.0,6,8,6,3.0,51.0,0.0,3,3.0
1,6.0,4.0,2.0,3.0,6,8,6,0.0,58.0,0.0,3,2.0
3,6.0,2.0,2.0,4.0,6,8,6,3.0,50.0,0.0,3,3.0
1,5.0,5.0,2.0,3.0,6,8,6,2.0,53.0,0.0,3,2.0
1,6.0,3.0,2.0,3.0,6,8,6,0.0,83.0,0.0,3,1.0
3,6.0,1.0,2.0,4.0,6,8,6,3.0,60.0,0.0,3,0.4285714285714285
1,6.0,3.0,2.0,1.0,6,8,6,1.0,69.0,0.0,3,1.0
2,5.0,3.0,2.0,4.0,6,8,6,0.0,73.0,0.0,3,2.0
2,5.0,2.0,2.0,6.0,6,8,6,2.0,43.0,0.25,3,4.0
2,6.0,3.0,2.0,6.0,6,8,6,1.0,55.0,0.4,3,5.0
1,5.0,2.0,2.0,3.0,6,8,6,0.0,84.0,0.0,3,0.1428571428571428
1,6.0,2.0,2.0,4.0,6,8,6,1.0,50.0,0.0,3,1.0
1,6.0,1.0,2.0,5.0,6,8,6,2.0,63.0,0.0,3,0.8
2,6.0,2.0,2.0,3.0,6,8,6,2.0,72.0,0.0,3,0.4
3,5.0,1.0,2.0,3.0,7,8,6,2.0,46.0,0.0,3,5.0
2,5.0,3.0,2.0,4.0,7,8,6,1.0,61.0,0.0,3,2.0
3,5.0,4.0,2.0,4.0,7,8,6,2.0,63.0,0.0,3,3.0
3,5.0,3.0,2.0,5.0,7,8,6,3.0,40.0,0.0,3,3.0
3,5.0,5.0,2.0,5.0,7,8,6,2.0,50.0,0.0,3,7.0
1,5.0,2.0,2.0,4.0,7,8,6,0.0,77.0,0.0,3,1.0
2,3.0,5.0,2.0,9.0,7,8,6,2.0,59.0,0.0,3,7.0
2,5.0,2.0,2.0,5.0,7,8,6,2.0,56.0,0.0,3,3.0
2,5.0,2.0,2.0,3.0,7,8,6,3.0,45.0,0.0,3,4.0
1,5.0,2.0,2.0,4.0,7,8,6,3.0,70.0,0.0,3,4.0
1,6.0,1.0,2.0,6.0,7,8,6,1.0,24.0,0.3333333333333333,3,3.0
1,5.0,2.0,2.0,1.0,7,8,6,1.0,73.0,0.0,3,1.0
1,6.0,2.0,2.0,6.0,7,8,6,1.0,48.0,0.0,3,1.0
1,5.0,2.0,2.0,4.0,7,8,6,1.0,66.0,0.0,3,1.0
1,5.0,4.0,2.0,6.0,7,8,6,2.0,64.0,0.0,3,2.0
3,6.0,3.0,2.0,8.0,7,8,6,3.0,41.0,0.25,3,4.0
1,5.0,2.0,2.0,6.0,7,8,6,1.0,33.0,0.3333333333333333,3,3.0
2,5.0,5.0,2.0,6.0,7,8,6,2.0,36.0,0.4,3,5.0
2,3.0,5.0,2.0,6.0,7,8,6,3.0,45.0,0.2,3,5.0
2,5.0,4.0,2.0,9.0,7,8,6,1.0,38.0,0.3333333333333333,3,3.0
1,6.0,4.0,2.0,4.0,7,8,6,2.0,47.0,0.0,3,5.0
2,6.0,2.0,2.0,4.0,7,8,6,1.0,45.0,0.0,3,3.0
1,6.0,3.0,2.0,4.0,7,8,6,1.0,49.0,0.0,3,2.0
1,6.0,1.0,2.0,4.0,7,8,6,1.0,46.0,0.0,3,0.125
3,5.0,7.0,2.0,4.0,7,8,6,3.0,55.0,0.0,3,3.0
2,6.0,1.0,2.0,6.0,7,8,6,2.0,24.0,0.3333333333333333,3,3.0
3,6.0,3.0,2.0,4.0,7,8,6,3.0,57.0,0.0,3,3.0
2,5.0,5.0,2.0,3.0,7,8,6,3.0,70.0,0.0,3,3.0
2,6.0,1.0,2.0,2.0,7,8,6,1.0,49.0,0.0,3,2.0
2,5.0,2.0,2.0,4.0,7,8,6,2.0,67.0,0.0,3,2.0
3,6.0,4.0,2.0,4.0,7,8,6,3.0,70.0,0.0,3,4.0
2,5.0,3.0,2.0,5.0,7,8,6,2.0,50.0,0.3333333333333333,3,3.0
2,6.0,3.0,2.0,1.0,7,8,6,2.0,74.0,0.0,3,2.0
1,5.0,1.0,2.0,3.0,7,8,6,1.0,45.0,0.0,3,1.0
2,5.0,3.0,2.0,4.0,7,8,6,2.0,53.0,0.0,3,4.0
2,5.0,1.0,2.0,8.0,7,8,6,2.0,58.0,0.0,3,2.0
3,6.0,3.0,2.0,3.0,7,8,6,3.0,51.0,0.0,3,3.0
2,5.0,3.0,2.0,4.0,7,8,6,2.0,63.0,0.3333333333333333,3,3.0
1,5.0,4.0,2.0,3.0,7,8,6,1.0,72.0,0.0,3,1.0
1,5.0,4.0,2.0,3.0,7,8,6,2.0,63.0,0.0,3,2.0
2,5.0,2.0,2.0,6.0,7,8,6,2.0,43.0,0.0,3,2.0
1,5.0,3.0,2.0,5.0,7,8,6,1.0,52.0,0.0,3,1.0
2,5.0,4.0,2.0,8.0,7,8,6,2.0,42.0,0.0,3,2.0
2,6.0,3.0,2.0,4.0,7,8,6,2.0,70.0,0.0,3,2.0
2,5.0,2.0,2.0,4.0,7,8,6,2.0,49.0,0.0,3,3.0
2,5.0,2.0,2.0,3.0,7,8,6,2.0,46.0,0.3333333333333333,3,3.0
2,5.0,3.0,2.0,6.0,7,8,6,1.0,61.0,0.0,3,2.0
1,6.0,3.0,2.0,6.0,7,8,6,1.0,51.0,0.0,3,5.0
1,6.0,2.0,2.0,3.0,7,8,6,1.0,72.0,0.0,3,1.0
3,4.0,1.0,2.0,4.0,7,8,6,2.0,43.0,0.25,3,8.0
3,6.0,4.0,2.0,4.0,7,8,6,1.0,57.0,0.0,3,3.0
3,4.0,4.0,2.0,8.0,7,8,6,3.0,32.0,0.25,3,4.0
3,4.0,3.0,2.0,4.0,7,8,6,3.0,45.0,0.3333333333333333,3,6.0
3,4.0,4.0,2.0,4.0,7,8,6,2.0,59.0,0.2,3,5.0
2,5.0,2.0,2.0,6.0,7,8,6,1.0,50.0,0.2,3,0.8333333333333334
2,6.0,1.0,2.0,5.0,7,8,6,2.0,63.0,0.5,3,0.6666666666666666
1,5.0,2.0,2.0,6.0,7,8,6,1.0,50.0,0.1428571428571428,3,0.875
1,6.0,2.0,2.0,4.0,7,8,6,1.0,36.0,0.0,3,0.125
1,5.0,5.0,2.0,3.0,7,8,6,1.0,61.0,0.0,3,0.125
2,6.0,2.0,2.0,1.0,7,8,6,2.0,38.0,0.0,3,0.25
2,5.0,4.0,2.0,4.0,3,8,6,2.0,68.0,0.0,3,4.0
1,5.0,1.0,2.0,9.0,3,8,6,1.0,30.0,0.0,3,1.0
1,5.0,4.0,2.0,6.0,3,8,6,1.0,25.0,0.0,3,2.0
2,5.0,2.0,2.0,6.0,3,8,6,2.0,47.0,0.0,3,3.0
3,5.0,2.0,2.0,5.0,3,8,6,3.0,46.0,0.0,3,4.0
3,5.0,6.0,2.0,4.0,3,8,6,3.0,64.0,0.0,3,4.0
1,2.0,2.0,2.0,5.0,3,8,6,1.0,64.0,0.0,3,2.0
2,5.0,4.0,2.0,5.0,3,8,6,1.0,72.0,0.2,3,5.0
1,5.0,1.0,2.0,10.0,3,8,6,1.0,57.0,0.0,3,1.0
3,5.0,3.0,2.0,6.0,3,8,6,1.0,43.0,0.0,3,4.0
3,5.0,4.0,2.0,6.0,3,8,6,2.0,55.0,0.0,3,4.0
1,5.0,3.0,2.0,4.0,3,8,6,1.0,59.0,0.25,3,4.0
2,5.0,3.0,2.0,5.0,3,8,6,2.0,49.0,0.0,3,3.0
1,1.0,6.0,2.0,10.0,3,8,6,1.0,67.0,0.0,3,2.0
2,5.0,5.0,2.0,8.0,3,8,6,1.0,69.0,0.0,3,2.0
2,5.0,2.0,2.0,7.0,3,8,6,2.0,43.0,0.0,3,4.0
2,5.0,3.0,2.0,6.0,3,8,6,2.0,52.0,0.0,3,4.0
2,5.0,7.0,2.0,4.0,3,8,6,1.0,67.0,0.0,3,4.0
2,5.0,2.0,2.0,3.0,3,8,6,0.0,91.0,0.0,3,2.0
2,5.0,2.0,2.0,8.0,3,8,6,1.0,47.0,0.0,3,2.0
1,6.0,3.0,2.0,6.0,3,8,6,1.0,45.0,0.5,3,2.0
1,5.0,5.0,2.0,4.0,3,8,6,1.0,48.0,0.0,3,2.0
1,5.0,3.0,2.0,9.0,3,8,6,1.0,27.0,0.3333333333333333,3,3.0
2,5.0,3.0,2.0,6.0,3,8,6,1.0,40.0,0.0,3,1.0
2,5.0,2.0,2.0,6.0,3,8,6,2.0,56.0,0.25,3,4.0
1,5.0,2.0,2.0,6.0,3,8,6,1.0,54.0,0.0,3,0.25
1,5.0,3.0,2.0,1.0,3,8,6,1.0,69.0,0.0,3,0.3333333333333333
1,5.0,1.0,2.0,5.0,3,8,6,0.0,69.0,0.0,3,1.0
2,5.0,2.0,2.0,7.0,3,8,6,1.0,35.0,0.5,3,1.3333333333333333
2,5.0,4.0,2.0,1.0,1,8,6,2.0,85.0,0.0,3,2.0
0,6.0,4.0,2.0,4.0,1,8,6,0.0,59.0,0.0,3,0.2857142857142857
2,3.0,4.0,2.0,5.0,1,8,6,1.0,83.0,0.0,3,5.0
1,5.0,3.0,2.0,8.0,1,8,6,1.0,37.0,0.3333333333333333,3,3.0
1,3.0,4.0,2.0,6.0,1,8,6,2.0,63.0,0.0,3,2.0
3,3.0,4.0,2.0,5.0,1,8,6,1.0,60.0,0.0,3,5.0
2,6.0,2.0,2.0,6.0,1,8,6,1.0,39.0,0.3333333333333333,3,0.75
1,5.0,2.0,2.0,8.0,1,8,6,1.0,43.0,0.0,3,0.5
1,5.0,3.0,2.0,10.0,1,8,6,0.0,36.0,0.5,3,1.0
1,5.0,3.0,2.0,7.0,1,8,6,1.0,54.0,0.0,3,4.0
1,5.0,4.0,2.0,8.0,1,8,6,1.0,33.0,0.2,3,5.0
1,6.0,3.0,2.0,4.0,1,8,6,1.0,36.0,0.5,3,0.5
2,6.0,3.0,2.0,6.0,1,8,6,1.0,28.0,0.3333333333333333,3,0.75
1,6.0,2.0,2.0,3.0,1,8,6,1.0,40.0,0.0,3,0.5
3,5.0,3.0,2.0,5.0,1,8,6,2.0,51.0,0.25,3,4.0
2,5.0,3.0,2.0,10.0,1,8,6,2.0,41.0,0.0,3,3.0
2,5.0,3.0,2.0,6.0,1,8,6,2.0,41.0,0.25,3,1.0
1,5.0,4.0,2.0,3.0,1,8,6,1.0,42.0,0.5,3,1.0
1,6.0,2.0,2.0,6.0,1,8,6,1.0,27.0,0.5,3,0.2857142857142857
1,6.0,4.0,2.0,6.0,1,8,6,0.0,42.0,0.25,3,4.0
2,3.0,6.0,2.0,8.0,7,8,6,2.0,56.0,0.0,3,0.4285714285714285
3,3.0,6.0,2.0,8.0,7,8,6,2.0,64.0,0.25,3,4.0
3,5.0,4.0,2.0,8.0,7,8,6,2.0,43.0,0.25,3,4.0
3,6.0,4.0,2.0,6.0,7,8,6,2.0,40.0,0.25,3,0.5714285714285714
1,6.0,2.0,2.0,3.0,7,8,6,1.0,68.0,0.0,3,0.1428571428571428
3,5.0,1.0,2.0,5.0,7,8,6,3.0,78.0,0.0,3,3.0
2,5.0,1.0,2.0,3.0,7,8,6,1.0,83.0,0.25,3,4.0
1,5.0,3.0,2.0,3.0,7,8,6,1.0,49.0,0.0,3,1.0
2,5.0,7.0,2.0,5.0,7,8,6,2.0,67.0,0.0,3,4.0
2,5.0,3.0,2.0,6.0,7,8,6,2.0,39.0,0.5,3,4.0
3,5.0,3.0,2.0,5.0,7,8,6,2.0,58.0,0.0,3,3.0
1,5.0,4.0,2.0,9.0,7,8,6,1.0,67.0,0.0,3,2.0
1,3.0,3.0,2.0,7.0,7,8,6,1.0,38.0,0.0,3,1.0
2,3.0,4.0,2.0,7.0,7,8,6,2.0,47.0,0.3333333333333333,3,3.0
2,5.0,5.0,2.0,6.0,7,8,6,3.0,50.0,0.0,3,4.0
1,4.0,5.0,2.0,6.0,7,8,6,1.0,59.0,0.0,3,1.0
2,5.0,4.0,2.0,5.0,7,8,6,2.0,33.0,0.4,3,5.0
1,4.0,1.0,2.0,3.0,7,8,6,0.0,69.0,0.0,3,2.0
2,6.0,3.0,2.0,6.0,7,8,6,2.0,70.0,0.4,3,5.0
1,5.0,3.0,2.0,5.0,7,8,6,1.0,57.0,0.0,3,1.0
2,4.0,3.0,2.0,6.0,7,8,6,3.0,57.0,0.0,3,3.0
3,6.0,1.0,2.0,3.0,7,8,6,3.0,58.0,0.25,3,4.0
2,6.0,2.0,2.0,3.0,7,8,6,2.0,45.0,0.0,3,3.0
2,5.0,3.0,2.0,6.0,7,8,6,2.0,40.0,0.3333333333333333,3,3.0
3,6.0,1.0,2.0,6.0,7,8,6,3.0,48.0,0.4,3,5.0
1,4.0,1.0,2.0,4.0,7,8,6,2.0,59.0,0.25,3,0.5
1,6.0,1.0,2.0,5.0,7,8,6,2.0,36.0,0.4,3,0.625
1,4.0,1.0,2.0,3.0,7,8,6,3.0,57.0,0.4,3,0.625
1,6.0,2.0,2.0,10.0,7,8,6,3.0,55.0,0.0,3,3.0
2,6.0,3.0,2.0,1.0,7,8,6,2.0,66.0,0.0,3,4.0
2,5.0,1.0,2.0,6.0,7,8,6,3.0,52.0,0.0,3,4.0
1,6.0,2.0,2.0,1.0,7,8,6,1.0,56.0,0.0,3,2.0
3,5.0,4.0,2.0,6.0,7,8,6,2.0,33.0,0.4,3,5.0
2,5.0,3.0,2.0,1.0,7,8,6,1.0,80.0,0.0,3,2.0
2,4.0,2.0,2.0,1.0,7,8,6,2.0,74.0,0.3333333333333333,3,3.0
1,4.0,6.0,2.0,4.0,7,8,6,1.0,45.0,0.0,3,2.0
2,6.0,1.0,2.0,5.0,7,8,6,1.0,70.0,0.0,3,2.0
2,4.0,1.0,2.0,6.0,7,8,6,2.0,35.0,0.4,3,5.0
2,5.0,5.0,2.0,4.0,6,8,6,2.0,69.0,0.4,3,5.0
1,5.0,1.0,2.0,3.0,6,8,6,1.0,56.0,0.0,3,1.0
1,5.0,2.0,2.0,1.0,4,8,6,0.0,86.0,0.0,3,1.0
1,5.0,5.0,2.0,10.0,4,8,6,1.0,39.0,0.0,3,2.0
2,5.0,3.0,2.0,10.0,4,8,6,1.0,47.0,0.4,3,5.0
1,3.0,4.0,2.0,10.0,4,8,6,1.0,62.0,0.0,3,1.0
3,4.0,5.0,2.0,10.0,5,8,6,3.0,48.0,0.0,3,5.0
1,5.0,4.0,2.0,8.0,5,8,6,1.0,39.0,0.2,3,5.0
1,6.0,2.0,2.0,6.0,2,8,6,1.0,36.0,0.25,3,1.0
1,5.0,1.0,2.0,5.0,2,8,6,1.0,55.0,0.0,3,0.25
1,5.0,2.0,2.0,8.0,2,8,6,0.0,50.0,0.0,3,0.25
1,6.0,2.0,2.0,5.0,2,8,6,1.0,56.0,0.0,3,0.75
2,6.0,3.0,2.0,4.0,1,8,6,1.0,70.0,0.0,3,3.0
2,5.0,2.0,2.0,6.0,1,8,6,2.0,67.0,0.0,3,2.0
2,5.0,4.0,2.0,6.0,1,8,6,2.0,33.0,0.25,3,4.0
2,6.0,4.0,2.0,4.0,1,8,6,2.0,65.0,0.0,3,2.0
2,5.0,4.0,2.0,6.0,1,8,6,2.0,39.0,0.25,3,4.0
3,5.0,4.0,2.0,3.0,1,8,6,3.0,72.0,0.0,3,3.0
1,5.0,2.0,2.0,6.0,7,8,6,2.0,42.0,0.3333333333333333,3,3.0
2,5.0,3.0,2.0,4.0,7,8,6,1.0,54.0,0.0,3,3.0
2,6.0,1.0,2.0,6.0,7,8,6,2.0,38.0,0.6,3,5.0
1,4.0,3.0,2.0,5.0,7,8,6,1.0,53.0,0.0,3,0.2857142857142857
1,5.0,3.0,2.0,5.0,7,8,6,1.0,29.0,0.3333333333333333,3,3.0
2,6.0,2.0,2.0,3.0,7,8,6,2.0,59.0,0.0,3,3.0
2,6.0,3.0,2.0,4.0,7,8,6,0.0,52.0,0.0,3,0.8
2,4.0,5.0,2.0,6.0,7,8,6,1.0,63.0,0.1666666666666666,3,1.5
2,4.0,3.0,2.0,4.0,7,8,6,1.0,42.0,0.0,3,0.5
2,5.0,3.0,2.0,4.0,7,8,6,2.0,61.0,0.3333333333333333,3,0.75
2,4.0,3.0,2.0,5.0,7,8,6,2.0,51.0,0.0,3,0.75
2,6.0,2.0,2.0,6.0,7,8,6,2.0,36.0,0.3333333333333333,3,0.75
3,4.0,5.0,2.0,6.0,7,8,6,2.0,57.0,0.0,3,1.6666666666666667
1,6.0,1.0,2.0,3.0,7,8,6,1.0,54.0,0.0,3,0.3333333333333333
2,5.0,1.0,2.0,4.0,7,8,6,2.0,62.0,0.0,3,4.0
2,5.0,3.0,2.0,6.0,7,8,6,2.0,40.0,0.2,3,1.6666666666666667
2,6.0,2.0,2.0,9.0,7,8,6,2.0,36.0,0.6,3,5.0
3,4.0,3.0,2.0,3.0,5,8,6,3.0,39.0,0.25,3,4.0
2,6.0,3.0,2.0,4.0,5,8,6,2.0,37.0,0.5,3,0.5714285714285714
1,6.0,2.0,2.0,1.0,5,8,6,1.0,70.0,0.0,3,1.0
2,4.0,5.0,2.0,4.0,5,8,6,2.0,44.0,0.3333333333333333,3,6.0
2,4.0,6.0,2.0,4.0,5,8,6,3.0,64.0,0.0,3,3.0
1,4.0,3.0,2.0,6.0,5,8,6,3.0,36.0,0.3333333333333333,3,6.0
1,5.0,5.0,2.0,5.0,6,8,6,1.0,47.0,0.0,3,3.0
2,5.0,2.0,2.0,10.0,6,8,6,1.0,38.0,0.0,3,2.0
2,5.0,3.0,2.0,6.0,3,8,6,2.0,52.0,0.0,3,3.0
2,5.0,3.0,2.0,3.0,3,8,6,2.0,80.0,0.0,3,0.5
2,4.0,2.0,2.0,3.0,6,8,6,2.0,61.0,0.0,3,1.0
2,3.0,5.0,2.0,8.0,3,8,6,1.0,69.0,0.0,3,2.0
2,2.0,6.0,2.0,10.0,3,8,6,0.0,78.0,0.0,3,2.0
2,7.0,4.0,2.0,10.0,3,8,6,0.0,79.0,0.0,3,3.0
2,5.0,2.0,2.0,3.0,3,8,6,2.0,65.0,0.0,3,2.0
3,5.0,6.0,2.0,1.0,3,8,6,2.0,73.0,0.0,3,3.0
3,6.0,3.0,2.0,8.0,3,8,6,3.0,48.0,0.0,3,3.0
3,5.0,4.0,2.0,3.0,6,8,6,1.0,84.0,0.0,3,3.0
3,5.0,3.0,2.0,8.0,6,8,6,2.0,42.0,0.1666666666666666,3,6.0
1,5.0,2.0,2.0,3.0,6,8,6,1.0,67.0,0.0,3,1.0
3,4.0,5.0,2.0,10.0,2,8,6,3.0,39.0,0.2,3,5.0
3,5.0,7.0,2.0,6.0,2,8,6,3.0,65.0,0.0,3,3.0
2,3.0,4.0,2.0,8.0,2,8,6,2.0,68.0,0.0,3,4.0
3,5.0,4.0,2.0,9.0,2,8,6,1.0,85.0,0.0,3,3.0
2,5.0,4.0,2.0,6.0,2,8,6,2.0,47.0,0.2,3,5.0
1,5.0,3.0,2.0,1.0,2,8,6,0.0,90.0,0.0,3,1.0
1,6.0,2.0,2.0,4.0,5,8,6,1.0,71.0,0.0,3,0.1666666666666666
1,6.0,1.0,2.0,8.0,5,8,6,1.0,61.0,0.0,3,0.1666666666666666
3,5.0,5.0,2.0,4.0,5,8,6,3.0,58.0,0.2857142857142857,3,1.1666666666666667
2,7.0,3.0,2.0,4.0,5,8,6,2.0,51.0,0.0,3,0.3333333333333333
2,6.0,3.0,2.0,3.0,1,8,6,0.0,50.0,0.0,3,2.0
2,5.0,1.0,2.0,5.0,6,8,6,2.0,34.0,0.5,3,1.3333333333333333
1,5.0,4.0,2.0,7.0,6,8,6,1.0,31.0,0.5,3,1.3333333333333333
1,5.0,4.0,2.0,5.0,6,8,6,1.0,69.0,0.0,3,0.1428571428571428
3,5.0,1.0,2.0,3.0,6,8,6,2.0,44.0,0.25,3,0.5714285714285714
3,5.0,2.0,2.0,8.0,6,8,6,3.0,69.0,0.0,3,1.0
2,3.0,5.0,2.0,9.0,3,8,6,2.0,46.0,0.2,3,5.0
2,3.0,4.0,2.0,5.0,3,8,6,2.0,45.0,0.0,3,4.0
1,5.0,2.0,2.0,5.0,3,8,6,1.0,71.0,0.0,3,1.0
2,5.0,3.0,2.0,8.0,3,8,6,2.0,73.0,0.0,3,2.0
1,5.0,1.0,2.0,6.0,3,8,6,1.0,57.0,0.0,3,1.0
1,3.0,4.0,2.0,5.0,3,8,6,2.0,67.0,0.0,3,2.0
1,5.0,2.0,2.0,3.0,3,8,6,1.0,67.0,0.0,3,1.0
3,5.0,4.0,2.0,3.0,2,8,6,3.0,62.0,0.0,3,3.0
1,6.0,3.0,2.0,6.0,2,8,6,1.0,67.0,0.0,3,0.1428571428571428
2,3.0,5.0,2.0,10.0,2,8,6,1.0,75.0,0.0,3,2.0
2,6.0,5.0,2.0,8.0,2,8,6,3.0,49.0,0.0,3,4.0
1,6.0,5.0,2.0,3.0,5,8,6,2.0,58.0,0.2,3,5.0
1,6.0,3.0,2.0,6.0,5,8,6,1.0,60.0,0.0,3,2.0
1,6.0,3.0,2.0,4.0,2,8,6,1.0,48.0,0.0,3,1.0
1,6.0,4.0,2.0,6.0,2,8,6,1.0,53.0,0.25,3,1.0
3,3.0,4.0,2.0,8.0,2,8,6,2.0,43.0,0.0,3,1.0
2,6.0,5.0,2.0,3.0,6,8,6,1.0,78.0,0.125,3,8.0
1,6.0,1.0,2.0,6.0,6,8,6,1.0,48.0,0.0,3,5.0
1,6.0,5.0,2.0,3.0,6,8,6,0.0,81.0,0.0,3,1.0
2,6.0,7.0,2.0,4.0,6,8,6,2.0,57.0,0.0,3,2.0
1,6.0,2.0,2.0,1.0,6,8,6,0.0,94.0,0.0,3,1.0
1,5.0,2.0,2.0,4.0,4,8,6,0.0,75.0,0.0,3,1.0
2,6.0,4.0,2.0,5.0,4,8,6,1.0,44.0,0.0,3,2.0
2,5.0,5.0,2.0,6.0,4,8,6,3.0,31.0,0.1666666666666666,3,6.0
2,3.0,6.0,2.0,6.0,4,8,6,1.0,57.0,0.5,3,4.0
1,5.0,5.0,2.0,4.0,4,8,6,1.0,57.0,0.0,3,1.0
2,5.0,6.0,2.0,3.0,4,8,6,2.0,44.0,0.0,3,2.0
1,5.0,3.0,2.0,5.0,7,8,6,1.0,73.0,0.0,3,1.0
1,5.0,3.0,2.0,6.0,7,8,6,1.0,79.0,0.0,3,1.0
3,6.0,6.0,2.0,4.0,7,8,6,3.0,64.0,0.0,3,4.0
2,2.0,4.0,2.0,3.0,7,8,6,1.0,39.0,0.5,3,4.0
1,5.0,3.0,2.0,3.0,7,8,6,1.0,72.0,0.0,3,1.0
1,5.0,2.0,2.0,4.0,7,8,6,0.0,98.0,0.0,3,1.0
2,3.0,2.0,2.0,8.0,7,8,6,2.0,56.0,0.0,3,2.0
3,5.0,3.0,2.0,4.0,7,8,6,3.0,58.0,0.0,3,6.0
1,5.0,3.0,2.0,4.0,7,8,6,1.0,78.0,0.0,3,3.0
2,5.0,7.0,2.0,6.0,4,8,6,2.0,54.0,0.0,3,2.0
1,5.0,6.0,2.0,3.0,4,8,6,1.0,53.0,0.0,3,1.0
1,5.0,6.0,2.0,4.0,4,8,6,1.0,74.0,0.0,3,1.0
1,5.0,6.0,2.0,4.0,4,8,6,2.0,56.0,0.0,3,2.0
1,5.0,6.0,2.0,5.0,4,8,6,1.0,61.0,0.0,3,2.0
1,5.0,6.0,2.0,4.0,7,8,6,2.0,39.0,0.0,3,3.0
3,5.0,4.0,2.0,5.0,7,8,6,3.0,35.0,0.4,3,5.0
2,6.0,4.0,2.0,4.0,7,8,6,2.0,38.0,0.3333333333333333,3,3.0
3,5.0,3.0,2.0,5.0,7,8,6,3.0,49.0,0.3333333333333333,3,6.0
2,6.0,3.0,2.0,5.0,7,8,6,2.0,35.0,0.5,3,4.0
3,5.0,3.0,2.0,3.0,7,8,6,3.0,52.0,0.0,3,4.0
2,5.0,4.0,2.0,6.0,7,8,6,2.0,52.0,0.0,3,2.0
3,5.0,2.0,2.0,6.0,7,8,6,3.0,47.0,0.0,3,3.0
2,5.0,3.0,2.0,4.0,7,8,6,2.0,63.0,0.0,3,0.25
1,6.0,1.0,2.0,3.0,7,8,6,1.0,47.0,0.0,3,0.125
2,5.0,2.0,2.0,3.0,7,8,6,2.0,66.0,0.0,3,0.5
2,6.0,2.0,2.0,6.0,7,8,6,2.0,72.0,0.0,3,2.0
1,5.0,2.0,2.0,1.0,7,8,6,1.0,60.0,0.0,3,1.0
3,5.0,4.0,2.0,5.0,7,8,6,3.0,45.0,0.0,3,3.0
2,5.0,3.0,2.0,5.0,7,8,6,2.0,61.0,0.0,3,0.25
2,5.0,3.0,2.0,3.0,7,8,6,2.0,72.0,0.3333333333333333,3,0.375
1,5.0,3.0,2.0,8.0,7,8,6,1.0,52.0,0.0,3,0.25
1,4.0,3.0,2.0,3.0,7,8,6,2.0,40.0,0.5,3,4.0
3,6.0,5.0,2.0,5.0,7,8,6,3.0,43.0,0.1666666666666666,3,6.0
1,6.0,1.0,2.0,3.0,7,8,6,2.0,56.0,0.0,3,3.0
2,6.0,2.0,2.0,6.0,7,8,6,2.0,23.0,0.3333333333333333,3,0.5
1,5.0,1.0,2.0,4.0,7,8,6,1.0,69.0,0.0,3,0.3333333333333333
1,6.0,1.0,2.0,5.0,7,8,6,1.0,34.0,0.3333333333333333,3,0.375
1,6.0,3.0,2.0,3.0,7,8,6,1.0,44.0,0.0,3,3.0
2,6.0,3.0,2.0,1.0,7,8,6,2.0,66.0,0.0,3,6.0
2,5.0,4.0,2.0,3.0,7,8,6,2.0,73.0,0.0,3,2.0
1,5.0,4.0,2.0,3.0,7,8,6,2.0,70.0,0.0,3,3.0
2,5.0,5.0,2.0,5.0,7,8,6,2.0,53.0,0.0,3,3.0
2,5.0,2.0,2.0,4.0,7,8,6,2.0,78.0,0.0,3,2.0
1,6.0,2.0,2.0,4.0,7,8,6,1.0,68.0,0.0,3,1.0
2,6.0,3.0,2.0,3.0,7,8,6,2.0,64.0,0.0,3,2.0
2,6.0,3.0,2.0,4.0,7,8,6,2.0,66.0,0.0,3,2.0
3,6.0,4.0,2.0,4.0,7,8,6,2.0,80.0,0.0,3,3.0
1,6.0,4.0,2.0,4.0,7,8,6,2.0,91.0,0.0,3,2.0
2,5.0,3.0,2.0,4.0,7,8,6,2.0,62.0,0.4,3,5.0
2,5.0,2.0,2.0,5.0,7,8,6,2.0,66.0,0.0,3,2.0
3,3.0,5.0,2.0,6.0,2,8,6,3.0,47.0,0.2,3,5.0
3,5.0,2.0,2.0,6.0,2,8,6,2.0,50.0,0.25,3,4.0
1,5.0,3.0,2.0,10.0,2,8,6,1.0,30.0,0.0,3,0.5
3,5.0,2.0,2.0,5.0,2,8,6,2.0,46.0,0.2,3,1.25
1,5.0,4.0,2.0,7.0,2,8,6,1.0,37.0,0.25,3,1.0
3,5.0,4.0,2.0,6.0,2,8,6,2.0,56.0,0.0,3,1.0
3,5.0,3.0,2.0,6.0,2,8,6,2.0,35.0,0.0,3,0.75
1,5.0,5.0,2.0,6.0,2,8,6,1.0,66.0,0.0,3,2.0
3,5.0,3.0,2.0,6.0,2,8,6,1.0,28.0,0.25,3,4.0
3,5.0,7.0,2.0,10.0,2,8,6,2.0,58.0,0.0,3,4.0
3,3.0,6.0,2.0,9.0,2,8,6,2.0,58.0,0.0,3,5.0
1,3.0,6.0,2.0,4.0,2,8,6,0.0,85.0,0.0,3,1.0
1,5.0,3.0,2.0,3.0,2,8,6,0.0,86.0,0.0,3,1.0
3,3.0,4.0,2.0,8.0,2,8,6,3.0,57.0,0.0,3,3.0
2,3.0,2.0,2.0,6.0,2,8,6,2.0,62.0,0.0,3,5.0
2,5.0,5.0,2.0,4.0,2,8,6,2.0,54.0,0.0,3,5.0
3,5.0,4.0,2.0,7.0,2,8,6,2.0,61.0,0.0,3,5.0
1,1.0,5.0,2.0,4.0,2,8,6,0.0,82.0,0.0,3,1.0
2,5.0,4.0,2.0,6.0,2,8,6,2.0,60.0,0.0,3,3.0
2,5.0,6.0,2.0,6.0,2,8,6,2.0,59.0,0.2,3,5.0
2,5.0,4.0,2.0,4.0,2,8,6,1.0,57.0,0.0,3,0.4
2,5.0,5.0,2.0,4.0,2,8,6,2.0,58.0,0.0,3,0.4
1,5.0,3.0,2.0,6.0,2,8,6,1.0,47.0,0.0,3,1.0
3,3.0,5.0,2.0,10.0,5,8,6,2.0,52.0,0.0,3,4.0
2,5.0,1.0,2.0,6.0,5,8,6,2.0,57.0,0.0,3,3.0
1,3.0,6.0,2.0,6.0,5,8,6,1.0,53.0,0.3333333333333333,3,3.0
1,6.0,2.0,2.0,3.0,5,8,6,1.0,56.0,0.2857142857142857,3,7.0
1,5.0,4.0,2.0,7.0,5,8,6,0.0,68.0,0.0,3,1.0
1,1.0,4.0,2.0,5.0,5,8,6,1.0,66.0,0.0,3,1.0
3,6.0,3.0,2.0,4.0,5,8,6,1.0,59.0,0.0,3,5.0
2,5.0,6.0,2.0,3.0,5,8,6,2.0,43.0,0.0,3,3.0
3,5.0,3.0,2.0,1.0,5,8,6,2.0,60.0,0.0,3,4.0
1,6.0,7.0,2.0,4.0,5,8,6,1.0,35.0,0.4,3,5.0
2,6.0,2.0,2.0,3.0,5,8,6,1.0,67.0,0.0,3,2.0
2,6.0,2.0,2.0,3.0,5,8,6,1.0,79.0,0.0,3,0.2857142857142857
2,6.0,1.0,2.0,3.0,5,8,6,1.0,60.0,0.0,3,2.0
2,6.0,3.0,2.0,3.0,5,8,6,2.0,46.0,0.25,3,0.5714285714285714
2,6.0,6.0,2.0,4.0,5,8,6,1.0,84.0,0.0,3,2.0
3,6.0,1.0,2.0,4.0,5,8,6,3.0,43.0,0.0,3,3.0
3,6.0,3.0,2.0,4.0,5,8,6,1.0,66.0,0.25,3,4.0
1,5.0,4.0,2.0,4.0,5,8,6,0.0,70.0,0.0,3,1.0
1,6.0,1.0,2.0,3.0,5,8,6,1.0,61.0,0.0,3,0.1428571428571428
2,6.0,4.0,2.0,3.0,5,8,6,1.0,75.0,0.0,3,2.0
1,6.0,4.0,2.0,10.0,5,8,6,1.0,58.0,0.0,3,2.0
2,6.0,7.0,2.0,5.0,5,8,6,0.0,30.0,0.4,3,5.0
3,6.0,7.0,2.0,4.0,5,8,6,1.0,52.0,0.0,3,4.0
2,6.0,6.0,2.0,3.0,5,8,6,1.0,70.0,0.0,3,2.0
1,6.0,7.0,2.0,1.0,5,8,6,1.0,62.0,0.0,3,1.0
1,6.0,5.0,2.0,1.0,5,8,6,1.0,71.0,0.0,3,2.0
1,6.0,4.0,2.0,1.0,5,8,6,2.0,71.0,0.0,3,2.0
1,6.0,5.0,2.0,6.0,5,8,6,1.0,47.0,0.3333333333333333,3,3.0
2,5.0,5.0,2.0,6.0,5,8,6,2.0,62.0,0.0,3,2.0
2,6.0,4.0,2.0,6.0,5,8,6,1.0,57.0,0.3333333333333333,3,3.0
2,3.0,4.0,2.0,8.0,5,8,6,2.0,53.0,0.25,3,4.0
2,6.0,4.0,2.0,6.0,5,8,6,2.0,53.0,0.0,3,4.0
1,5.0,3.0,2.0,6.0,5,8,6,1.0,55.0,0.0,3,1.0
1,6.0,1.0,2.0,6.0,5,8,6,1.0,63.0,0.0,3,1.0
2,6.0,2.0,2.0,3.0,5,8,6,1.0,64.0,0.0,3,2.0
2,6.0,3.0,2.0,4.0,5,8,6,1.0,72.0,0.0,3,2.0
2,6.0,6.0,2.0,4.0,5,8,6,1.0,60.0,0.0,3,3.0
1,6.0,2.0,2.0,3.0,5,8,6,1.0,58.0,0.0,3,1.0
1,6.0,3.0,2.0,3.0,5,8,6,1.0,47.0,0.5,3,2.0
3,6.0,4.0,2.0,3.0,5,8,6,2.0,75.0,0.4,3,5.0
1,6.0,3.0,2.0,6.0,5,8,6,1.0,39.0,0.2,3,5.0
3,6.0,4.0,2.0,6.0,5,8,6,1.0,21.0,0.25,3,4.0
1,6.0,2.0,2.0,1.0,5,8,6,1.0,74.0,0.0,3,1.0
2,5.0,4.0,2.0,10.0,6,8,6,1.0,35.0,0.0,3,3.0
2,2.0,5.0,2.0,6.0,6,8,6,0.0,76.0,0.0,3,3.0
3,3.0,6.0,2.0,10.0,6,8,6,2.0,50.0,0.0,3,6.0
2,6.0,2.0,2.0,6.0,6,8,6,3.0,37.0,0.5,3,6.0
1,5.0,2.0,2.0,3.0,6,8,6,1.0,48.0,0.25,3,4.0
2,4.0,3.0,2.0,3.0,6,8,6,3.0,70.0,0.2,3,5.0
2,4.0,4.0,2.0,5.0,6,8,6,2.0,54.0,0.0,3,3.0
2,4.0,2.0,2.0,3.0,6,8,6,2.0,42.0,0.3333333333333333,3,3.0
2,6.0,1.0,2.0,6.0,6,8,6,2.0,38.0,0.25,3,4.0
2,6.0,2.0,2.0,1.0,6,8,6,2.0,58.0,0.0,3,2.0
1,5.0,4.0,2.0,1.0,6,8,6,1.0,58.0,0.0,3,1.0
1,6.0,3.0,2.0,1.0,6,8,6,2.0,61.0,0.0,3,3.0
1,4.0,3.0,2.0,3.0,6,8,6,1.0,42.0,0.0,3,1.0
3,4.0,6.0,2.0,4.0,6,8,6,2.0,62.0,0.0,3,3.0
1,6.0,1.0,2.0,1.0,6,8,6,1.0,77.0,0.0,3,2.0
3,6.0,2.0,2.0,4.0,6,8,6,3.0,47.0,0.0,3,4.0
2,4.0,6.0,2.0,5.0,6,8,6,3.0,40.0,0.3333333333333333,3,6.0
2,5.0,3.0,2.0,6.0,6,8,6,3.0,56.0,0.25,3,4.0
2,5.0,3.0,2.0,6.0,6,8,6,2.0,78.0,0.0,3,2.0
2,5.0,4.0,2.0,6.0,6,8,6,2.0,79.0,0.0,3,2.0
1,5.0,4.0,2.0,5.0,6,8,6,1.0,50.0,0.0,3,1.0
1,6.0,2.0,2.0,4.0,6,8,6,1.0,75.0,0.0,3,1.0
2,6.0,4.0,2.0,7.0,6,8,6,2.0,37.0,0.6,3,5.0
2,6.0,2.0,2.0,6.0,6,8,6,2.0,43.0,0.3333333333333333,3,3.0
3,6.0,3.0,2.0,3.0,6,8,6,3.0,53.0,0.0,3,7.0
1,6.0,1.0,2.0,4.0,6,8,6,2.0,71.0,0.0,3,2.0
1,6.0,1.0,2.0,3.0,6,8,6,1.0,78.0,0.0,3,2.0
2,4.0,4.0,2.0,4.0,6,8,6,2.0,59.0,0.25,3,4.0
3,4.0,6.0,2.0,6.0,6,8,6,3.0,42.0,0.3333333333333333,3,6.0
2,4.0,4.0,2.0,3.0,6,8,6,2.0,52.0,0.0,3,3.0
1,6.0,2.0,2.0,5.0,6,8,6,1.0,54.0,0.0,3,1.0
1,6.0,5.0,2.0,4.0,6,8,6,2.0,54.0,0.4,3,5.0
3,4.0,4.0,2.0,4.0,6,8,6,3.0,51.0,0.0,3,4.0
2,4.0,4.0,2.0,6.0,6,8,6,2.0,35.0,0.3333333333333333,3,3.0
2,4.0,4.0,2.0,8.0,6,8,6,2.0,28.0,0.3333333333333333,3,3.0
1,6.0,3.0,2.0,6.0,6,8,6,1.0,46.0,0.0,3,2.0
2,6.0,2.0,2.0,6.0,6,8,6,2.0,29.0,0.5,3,4.0
2,6.0,6.0,2.0,6.0,6,8,6,2.0,35.0,0.25,3,4.0
2,6.0,4.0,2.0,5.0,6,8,6,3.0,57.0,0.0,3,3.0
2,6.0,2.0,2.0,3.0,6,8,6,1.0,71.0,0.0,3,2.0
1,6.0,2.0,2.0,3.0,6,8,6,1.0,54.0,0.0,3,1.0
2,6.0,2.0,2.0,4.0,6,8,6,2.0,86.0,0.0,3,2.0
2,6.0,3.0,2.0,3.0,6,8,6,3.0,50.0,0.1666666666666666,3,0.75
1,6.0,2.0,2.0,3.0,6,8,6,2.0,43.0,0.0,3,3.0
2,3.0,6.0,2.0,6.0,6,8,6,2.0,56.0,0.25,3,4.0
1,5.0,4.0,2.0,7.0,6,8,6,1.0,31.0,0.0,3,2.0
1,3.0,3.0,2.0,8.0,6,8,6,1.0,68.0,0.0,3,3.0
2,5.0,4.0,2.0,5.0,6,8,6,2.0,50.0,0.0,3,2.0
3,5.0,4.0,2.0,6.0,6,8,6,3.0,46.0,0.2,3,5.0
3,2.0,7.0,2.0,6.0,6,8,6,3.0,73.0,0.0,3,3.0
2,5.0,4.0,2.0,3.0,6,8,6,1.0,67.0,0.0,3,3.0
1,5.0,3.0,2.0,8.0,6,8,6,1.0,49.0,0.0,3,3.0
1,5.0,3.0,2.0,6.0,6,8,6,1.0,42.0,0.3333333333333333,3,3.0
1,5.0,2.0,2.0,8.0,6,8,6,0.0,81.0,0.0,3,1.0
1,3.0,4.0,2.0,3.0,6,8,6,1.0,52.0,0.5,3,1.3333333333333333
2,5.0,2.0,2.0,6.0,6,8,6,2.0,26.0,0.5,3,4.0
1,5.0,2.0,2.0,8.0,6,8,6,0.0,62.0,0.0,3,1.0
2,1.0,4.0,2.0,10.0,6,8,6,2.0,47.0,0.0,3,3.0
1,2.0,3.0,2.0,10.0,6,8,6,0.0,79.0,0.0,3,1.0
2,5.0,3.0,2.0,6.0,6,8,6,2.0,60.0,0.0,3,4.0
2,5.0,4.0,2.0,6.0,6,8,6,1.0,78.0,0.25,3,4.0
1,5.0,2.0,2.0,6.0,6,8,6,1.0,41.0,0.0,3,1.0
2,1.0,6.0,2.0,10.0,6,8,6,2.0,66.0,0.0,3,4.0
1,3.0,7.0,2.0,10.0,6,8,6,0.0,79.0,0.0,3,2.0
1,2.0,5.0,2.0,8.0,6,8,6,1.0,54.0,0.0,3,1.0
3,5.0,3.0,2.0,6.0,6,8,6,3.0,22.0,0.0,3,1.0
2,5.0,2.0,2.0,6.0,6,8,6,1.0,45.0,0.0,3,0.6666666666666666
1,5.0,1.0,2.0,8.0,6,8,6,1.0,34.0,0.3333333333333333,3,0.75
1,5.0,1.0,2.0,6.0,6,8,6,1.0,32.0,0.3333333333333333,3,0.75
1,5.0,3.0,2.0,6.0,6,8,6,1.0,33.0,0.5,3,0.5
1,5.0,1.0,2.0,4.0,6,8,6,1.0,51.0,0.0,3,0.25
1,4.0,1.0,2.0,8.0,6,8,6,0.0,76.0,0.0,3,0.1428571428571428
2,6.0,3.0,2.0,5.0,3,8,6,2.0,34.0,0.3333333333333333,3,3.0
2,5.0,6.0,2.0,5.0,3,8,6,2.0,34.0,0.5,3,6.0
2,3.0,5.0,2.0,6.0,3,8,6,2.0,51.0,0.25,3,4.0
2,5.0,5.0,2.0,6.0,3,8,6,1.0,47.0,0.1428571428571428,3,1.75
1,5.0,5.0,2.0,4.0,3,8,6,1.0,81.0,0.0,3,2.0
2,5.0,6.0,2.0,5.0,3,8,6,1.0,76.0,0.0,3,2.0
2,5.0,1.0,2.0,5.0,3,8,6,2.0,71.0,0.0,3,1.0
2,5.0,2.0,2.0,6.0,3,8,6,2.0,46.0,0.0,3,3.0
2,2.0,6.0,2.0,6.0,3,8,6,2.0,45.0,0.0,3,3.0
1,5.0,3.0,2.0,6.0,3,8,6,1.0,32.0,0.3333333333333333,3,3.0
1,3.0,4.0,2.0,5.0,3,8,6,1.0,70.0,0.0,3,5.0
2,5.0,4.0,2.0,8.0,3,8,6,1.0,50.0,0.0,3,3.0
2,5.0,3.0,2.0,1.0,3,8,6,1.0,89.0,0.0,3,5.0
1,5.0,3.0,2.0,4.0,3,8,6,1.0,58.0,0.0,3,1.0
2,5.0,2.0,2.0,6.0,3,8,6,2.0,44.0,0.0,3,2.0
1,5.0,3.0,2.0,10.0,6,8,6,0.0,58.0,0.0,3,0.25
1,5.0,3.0,2.0,6.0,6,8,6,2.0,34.0,0.3333333333333333,3,0.75
3,5.0,3.0,2.0,1.0,6,8,6,3.0,38.0,0.1666666666666666,3,6.0
2,5.0,2.0,2.0,9.0,6,8,6,2.0,27.0,0.5,3,4.0
2,5.0,4.0,2.0,6.0,6,8,6,2.0,23.0,0.3333333333333333,3,3.0
2,5.0,2.0,2.0,6.0,6,8,6,1.0,26.0,0.3333333333333333,3,3.0
2,5.0,2.0,2.0,3.0,6,8,6,2.0,39.0,0.0,3,4.0
2,6.0,3.0,2.0,6.0,6,8,6,2.0,45.0,0.3333333333333333,3,3.0
2,6.0,3.0,2.0,3.0,6,8,6,2.0,74.0,0.0,3,2.0
2,5.0,4.0,2.0,4.0,6,8,6,2.0,80.0,0.0,3,2.0
1,6.0,3.0,2.0,3.0,6,8,6,1.0,67.0,0.0,3,1.0
2,5.0,3.0,2.0,4.0,6,8,6,2.0,60.0,0.0,3,2.0
2,5.0,3.0,2.0,6.0,6,8,6,2.0,59.0,0.0,3,1.25
1,5.0,1.0,2.0,6.0,6,8,6,1.0,50.0,0.0,3,0.25
2,3.0,4.0,2.0,6.0,6,8,6,2.0,47.0,0.0,3,1.0
2,5.0,3.0,2.0,3.0,6,8,6,2.0,63.0,0.0,3,0.75
3,5.0,6.0,2.0,4.0,5,8,6,3.0,48.0,0.0,3,1.25
1,6.0,3.0,2.0,1.0,5,8,6,1.0,86.0,0.0,3,1.0
1,5.0,2.0,2.0,10.0,5,8,6,1.0,71.0,0.0,3,0.5
2,3.0,4.0,2.0,8.0,5,8,6,1.0,56.0,0.0,3,2.0
2,6.0,4.0,2.0,9.0,5,8,6,0.0,80.0,0.0,3,3.0
1,5.0,4.0,2.0,6.0,5,8,6,2.0,39.0,0.25,3,4.0
1,5.0,5.0,2.0,8.0,5,8,6,1.0,49.0,0.0,3,4.0
2,6.0,3.0,2.0,4.0,5,8,6,1.0,74.0,0.0,3,2.0
1,6.0,2.0,2.0,1.0,5,8,6,1.0,81.0,0.0,3,1.0
1,5.0,4.0,2.0,6.0,5,8,6,2.0,66.0,0.0,3,2.0
2,3.0,2.0,2.0,3.0,7,8,6,2.0,78.0,0.0,3,2.0
2,6.0,2.0,2.0,5.0,7,8,6,1.0,51.0,0.0,3,2.0
1,5.0,2.0,2.0,9.0,7,8,6,1.0,76.0,0.0,3,2.0
1,6.0,3.0,2.0,3.0,7,8,6,2.0,66.0,0.0,3,2.0
2,6.0,1.0,2.0,3.0,5,8,6,1.0,56.0,0.0,3,2.0
1,6.0,2.0,2.0,3.0,5,8,6,2.0,54.0,0.0,3,2.0
1,6.0,3.0,2.0,5.0,5,8,6,1.0,36.0,0.0,3,1.0
1,6.0,3.0,2.0,4.0,5,8,6,0.0,79.0,0.0,3,1.0
1,5.0,2.0,2.0,1.0,5,8,6,1.0,69.0,0.0,3,1.0
1,6.0,3.0,2.0,3.0,5,8,6,1.0,62.0,0.0,3,1.0
2,6.0,3.0,2.0,4.0,5,8,6,2.0,80.0,0.0,3,3.0
1,6.0,1.0,2.0,1.0,5,8,6,1.0,77.0,0.0,3,0.125
2,6.0,2.0,2.0,4.0,5,8,6,2.0,59.0,0.0,3,0.3333333333333333
2,6.0,2.0,2.0,3.0,5,8,6,2.0,71.0,0.0,3,0.3333333333333333
1,6.0,1.0,2.0,1.0,5,8,6,2.0,63.0,0.0,3,0.4
1,6.0,4.0,2.0,4.0,5,8,6,1.0,63.0,0.0,3,1.0
1,6.0,4.0,2.0,1.0,5,8,6,0.0,94.0,0.0,3,3.0
1,6.0,3.0,2.0,1.0,5,8,6,2.0,68.0,0.0,3,2.0
2,6.0,5.0,2.0,4.0,5,8,6,2.0,58.0,0.0,3,3.0
3,6.0,5.0,2.0,3.0,5,8,6,3.0,61.0,0.0,3,4.0
2,6.0,3.0,2.0,5.0,5,8,6,2.0,36.0,0.0,3,3.0
1,6.0,3.0,2.0,5.0,5,8,6,2.0,48.0,0.0,3,3.0
2,5.0,4.0,2.0,6.0,5,8,6,2.0,40.0,0.0,3,3.0
1,6.0,4.0,2.0,4.0,7,8,6,2.0,64.0,0.0,3,3.0
3,6.0,3.0,2.0,5.0,7,8,6,2.0,32.0,0.4,3,5.0
1,5.0,3.0,2.0,3.0,7,8,6,1.0,50.0,0.5,3,2.0
1,5.0,4.0,2.0,3.0,4,8,6,1.0,55.0,0.0,3,2.0
1,5.0,4.0,2.0,6.0,4,8,6,1.0,41.0,0.25,3,4.0
1,2.0,4.0,2.0,8.0,4,8,6,0.0,58.0,0.0,3,3.0
3,5.0,3.0,2.0,8.0,4,8,6,3.0,54.0,0.0,3,3.0
3,3.0,2.0,2.0,3.0,4,8,6,2.0,64.0,0.25,3,4.0
1,3.0,5.0,2.0,1.0,4,8,6,1.0,61.0,0.0,3,1.0
1,5.0,1.0,2.0,1.0,4,8,6,0.0,88.0,0.0,3,1.0
2,5.0,4.0,2.0,8.0,4,8,6,2.0,56.0,0.0,3,2.0
1,5.0,5.0,2.0,3.0,4,8,6,1.0,59.0,0.0,3,1.0
1,4.0,2.0,2.0,1.0,4,8,6,0.0,80.0,0.0,3,1.0
2,6.0,4.0,2.0,3.0,4,8,6,3.0,54.0,0.0,3,3.0
2,5.0,4.0,2.0,9.0,4,8,6,2.0,42.0,0.0,3,4.0
2,6.0,5.0,2.0,3.0,4,8,6,1.0,62.0,0.0,3,6.0
3,6.0,3.0,2.0,3.0,4,8,6,3.0,38.0,0.2,3,5.0
2,5.0,3.0,2.0,4.0,7,8,6,0.0,61.0,0.0,3,2.0
2,5.0,3.0,2.0,9.0,7,8,6,2.0,25.0,0.0,3,2.0
2,5.0,3.0,2.0,6.0,1,8,6,1.0,58.0,0.0,3,3.0
1,6.0,1.0,2.0,4.0,1,8,6,1.0,62.0,0.0,3,1.0
1,6.0,1.0,2.0,1.0,4,8,6,1.0,61.0,0.0,3,1.0
2,6.0,4.0,2.0,4.0,4,8,6,1.0,94.0,0.0,3,3.0
2,5.0,2.0,2.0,3.0,4,8,6,2.0,59.0,0.0,3,2.0
1,6.0,1.0,2.0,4.0,4,8,6,1.0,49.0,0.0,3,1.0
2,5.0,3.0,2.0,4.0,4,8,6,2.0,75.0,0.0,3,2.0
1,6.0,3.0,2.0,3.0,4,8,6,1.0,51.0,0.0,3,0.125
1,6.0,1.0,2.0,3.0,4,8,6,1.0,53.0,0.0,3,0.125
1,6.0,4.0,2.0,1.0,4,8,6,1.0,71.0,0.0,3,1.0
1,6.0,1.0,2.0,3.0,4,8,6,1.0,64.0,0.0,3,1.0
1,6.0,1.0,2.0,1.0,4,8,6,1.0,70.0,0.0,3,2.0
2,6.0,2.0,2.0,1.0,4,8,6,2.0,93.0,0.0,3,2.0
3,6.0,2.0,2.0,4.0,4,8,6,3.0,49.0,0.0,3,0.375
1,6.0,1.0,2.0,1.0,4,8,6,1.0,69.0,0.0,3,0.125
2,6.0,2.0,2.0,3.0,4,8,6,2.0,72.0,0.0,3,2.0
2,4.0,2.0,2.0,3.0,4,8,6,2.0,54.0,0.0,3,2.0
3,4.0,4.0,2.0,3.0,4,8,6,2.0,55.0,0.0,3,4.0
3,4.0,3.0,2.0,6.0,4,8,6,3.0,38.0,0.25,3,4.0
2,5.0,3.0,2.0,6.0,4,8,6,2.0,69.0,0.0,3,2.0
2,6.0,2.0,2.0,3.0,4,8,6,2.0,41.0,0.0,3,4.0
1,6.0,1.0,2.0,3.0,4,8,6,1.0,84.0,0.0,3,1.0
1,6.0,2.0,2.0,4.0,4,8,6,1.0,43.0,0.25,3,4.0
1,5.0,2.0,2.0,5.0,7,8,6,1.0,52.0,0.0,3,1.0
2,5.0,3.0,2.0,1.0,7,8,6,2.0,65.0,0.375,3,8.0
2,5.0,3.0,2.0,3.0,7,8,6,2.0,82.0,0.0,3,2.0
2,6.0,1.0,2.0,5.0,7,8,6,2.0,29.0,0.5,3,4.0
2,6.0,1.0,2.0,4.0,7,8,6,2.0,39.0,0.0,3,2.0
3,5.0,3.0,2.0,3.0,7,8,6,2.0,66.0,0.25,3,4.0
3,6.0,3.0,2.0,1.0,7,8,6,3.0,80.0,0.0,3,4.0
1,5.0,2.0,2.0,4.0,7,8,6,1.0,41.0,0.5,3,2.0
1,3.0,3.0,2.0,6.0,8,8,6,0.0,74.0,0.0,3,2.0
1,3.0,2.0,2.0,6.0,8,8,6,0.0,73.0,0.0,3,1.0
1,3.0,2.0,2.0,10.0,8,8,6,0.0,78.0,0.0,3,1.0
3,2.0,3.0,2.0,4.0,8,8,6,2.0,58.0,0.0,3,3.0
2,3.0,4.0,2.0,3.0,8,8,6,1.0,77.0,0.0,3,3.0
1,3.0,4.0,2.0,6.0,8,8,6,0.0,87.0,0.0,3,1.0
2,5.0,3.0,2.0,1.0,8,8,6,2.0,68.0,0.0,3,0.6666666666666666
2,6.0,3.0,2.0,6.0,8,8,6,1.0,37.0,0.3333333333333333,3,1.0
1,5.0,3.0,2.0,5.0,8,8,6,0.0,59.0,0.0,3,1.0
2,3.0,4.0,2.0,3.0,8,8,6,1.0,91.0,0.0,3,3.0
3,5.0,6.0,2.0,8.0,8,8,6,3.0,54.0,0.0,3,4.0
3,3.0,6.0,2.0,6.0,8,8,6,1.0,77.0,0.0,3,3.0
1,3.0,4.0,2.0,6.0,8,8,6,1.0,51.0,0.0,3,2.0
1,3.0,2.0,2.0,5.0,8,8,6,0.0,51.0,0.3333333333333333,3,1.5
2,5.0,4.0,2.0,6.0,8,8,6,2.0,56.0,0.25,3,0.5714285714285714
2,3.0,7.0,2.0,6.0,8,8,6,2.0,46.0,0.0,3,5.0
1,3.0,5.0,2.0,9.0,8,8,6,0.0,29.0,0.4,3,5.0
2,6.0,3.0,2.0,5.0,8,8,6,1.0,52.0,0.0,3,0.75
1,5.0,2.0,2.0,5.0,8,8,6,1.0,44.0,0.5,3,0.6666666666666666
2,6.0,3.0,2.0,6.0,8,8,6,2.0,42.0,0.25,3,1.0
2,5.0,4.0,2.0,3.0,8,8,6,1.0,57.0,0.0,3,2.0
2,5.0,4.0,2.0,8.0,8,8,6,2.0,62.0,0.0,3,3.0
2,5.0,2.0,2.0,9.0,8,8,6,1.0,43.0,0.3333333333333333,3,3.0
3,5.0,3.0,2.0,8.0,8,8,6,3.0,60.0,0.0,3,3.0
1,5.0,4.0,2.0,6.0,8,8,6,1.0,28.0,0.3333333333333333,3,3.0
3,5.0,4.0,2.0,6.0,8,8,6,2.0,72.0,0.0,3,4.0
3,3.0,2.0,2.0,6.0,8,8,6,1.0,46.0,0.0,3,3.0
1,3.0,2.0,2.0,6.0,8,8,6,1.0,38.0,0.0,3,3.0
2,3.0,2.0,2.0,6.0,8,8,6,0.0,96.0,0.0,3,2.0
2,1.0,3.0,2.0,6.0,8,8,6,1.0,60.0,0.0,3,2.0
2,3.0,3.0,2.0,4.0,8,8,6,0.0,89.0,0.0,3,2.0
1,3.0,2.0,2.0,9.0,8,8,6,1.0,65.0,0.0,3,1.0
1,5.0,4.0,2.0,8.0,8,8,6,1.0,43.0,0.0,3,4.0
2,5.0,3.0,2.0,4.0,8,8,6,1.0,43.0,0.25,3,4.0
2,3.0,7.0,2.0,8.0,8,8,6,2.0,37.0,0.25,3,4.0
1,3.0,3.0,2.0,6.0,8,8,6,2.0,54.0,0.25,3,4.0
3,5.0,4.0,2.0,6.0,8,8,6,3.0,59.0,0.0,3,3.0
2,3.0,3.0,2.0,10.0,8,8,6,1.0,82.0,0.0,3,3.0
2,3.0,3.0,2.0,6.0,8,8,6,0.0,77.0,0.0,3,3.0
2,5.0,3.0,2.0,7.0,6,8,6,1.0,57.0,0.0,3,4.0
2,2.0,6.0,2.0,6.0,6,8,6,0.0,74.0,0.0,3,4.0
2,3.0,7.0,2.0,10.0,6,8,6,0.0,72.0,0.0,3,2.0
3,3.0,5.0,2.0,10.0,6,8,6,1.0,80.0,0.0,3,3.0
2,2.0,4.0,2.0,10.0,6,8,6,1.0,72.0,0.0,3,3.0
2,6.0,1.0,2.0,3.0,6,8,6,1.0,70.0,0.0,3,1.0
2,5.0,3.0,2.0,6.0,6,8,6,2.0,71.0,0.0,3,2.0
1,5.0,2.0,2.0,6.0,6,8,6,3.0,63.0,0.0,3,4.0
3,6.0,4.0,2.0,3.0,6,8,6,3.0,44.0,0.0,3,4.0
3,6.0,4.0,2.0,1.0,6,8,6,3.0,50.0,0.0,3,4.0
3,5.0,5.0,2.0,6.0,6,8,6,3.0,47.0,0.0,3,4.0
2,5.0,3.0,2.0,4.0,6,8,6,3.0,48.0,0.0,3,3.0
2,4.0,4.0,2.0,6.0,6,8,6,2.0,63.0,0.0,3,3.0
1,4.0,2.0,2.0,3.0,6,8,6,1.0,66.0,0.0,3,0.5
2,4.0,4.0,2.0,6.0,6,8,6,2.0,42.0,0.0,3,2.0
3,3.0,6.0,2.0,6.0,6,8,6,3.0,44.0,0.1666666666666666,3,6.0
3,5.0,4.0,2.0,4.0,6,8,6,3.0,57.0,0.2,3,5.0
2,3.0,3.0,2.0,6.0,6,8,6,3.0,68.0,0.0,3,3.0
3,4.0,4.0,2.0,3.0,6,8,6,3.0,43.0,0.0,3,4.0
3,3.0,6.0,2.0,5.0,6,8,6,3.0,61.0,0.0,3,4.0
2,5.0,2.0,2.0,5.0,6,8,6,2.0,49.0,0.25,3,2.0
2,5.0,2.0,2.0,3.0,6,8,6,2.0,62.0,0.0,3,2.0
3,3.0,4.0,2.0,3.0,6,8,6,2.0,62.0,0.0,3,3.0
3,3.0,4.0,2.0,6.0,6,8,6,1.0,43.0,0.0,3,3.0
3,3.0,4.0,2.0,6.0,6,8,6,2.0,58.0,0.0,3,3.0
1,6.0,1.0,2.0,1.0,6,8,6,1.0,75.0,0.0,3,1.0
1,4.0,2.0,2.0,6.0,6,8,6,1.0,70.0,0.0,3,1.0
2,6.0,5.0,2.0,3.0,6,8,6,1.0,33.0,0.2,3,5.0
1,6.0,3.0,2.0,1.0,6,8,6,1.0,80.0,0.0,3,1.0
1,4.0,2.0,2.0,3.0,6,8,6,3.0,42.0,0.0,3,3.0
1,6.0,3.0,2.0,4.0,6,8,6,3.0,59.0,0.0,3,3.0
2,4.0,2.0,2.0,5.0,6,8,6,2.0,35.0,0.5,3,4.0
1,4.0,1.0,2.0,1.0,6,8,6,1.0,46.0,0.0,3,1.0
2,4.0,2.0,2.0,3.0,6,8,6,3.0,44.0,0.25,3,4.0
1,6.0,1.0,2.0,1.0,6,8,6,1.0,78.0,0.0,3,0.1666666666666666
1,4.0,2.0,2.0,5.0,6,8,6,3.0,35.0,0.4,3,5.0
2,4.0,3.0,2.0,5.0,6,8,6,3.0,38.0,0.25,3,4.0
2,6.0,2.0,2.0,2.0,6,8,6,2.0,69.0,0.0,3,2.0
1,6.0,1.0,2.0,1.0,6,8,6,1.0,68.0,0.0,3,1.0
1,4.0,3.0,2.0,3.0,6,8,6,1.0,61.0,0.0,3,1.0
2,4.0,4.0,2.0,5.0,6,8,6,2.0,64.0,0.0,3,2.0
2,6.0,5.0,2.0,5.0,6,8,6,2.0,58.0,0.0,3,2.0
2,6.0,5.0,2.0,1.0,6,8,6,1.0,81.0,0.0,3,2.0
1,6.0,3.0,2.0,3.0,6,8,6,1.0,55.0,0.0,3,1.0
2,6.0,3.0,2.0,6.0,6,8,6,1.0,48.0,0.0,3,2.0
2,6.0,5.0,2.0,6.0,6,8,6,2.0,43.0,0.0,3,3.0
1,6.0,3.0,2.0,6.0,6,8,6,3.0,66.0,0.0,3,3.0
2,6.0,2.0,2.0,4.0,6,8,6,2.0,69.0,0.0,3,2.0
3,6.0,5.0,2.0,6.0,6,8,6,2.0,55.0,0.0,3,3.0
2,6.0,2.0,2.0,3.0,6,8,6,2.0,81.0,0.0,3,2.0
3,6.0,7.0,2.0,4.0,6,8,6,3.0,52.0,0.1666666666666666,3,6.0
2,6.0,3.0,2.0,3.0,6,8,6,2.0,40.0,0.2,3,5.0
2,6.0,2.0,2.0,6.0,6,8,6,2.0,34.0,0.5,3,4.0
2,6.0,2.0,2.0,3.0,6,8,6,1.0,75.0,0.0,3,2.0
2,6.0,6.0,2.0,3.0,6,8,6,2.0,61.0,0.0,3,6.0
1,4.0,4.0,2.0,5.0,6,8,6,2.0,70.0,0.0,3,2.0
3,4.0,4.0,2.0,6.0,6,8,6,3.0,64.0,0.0,3,4.0
1,4.0,3.0,2.0,6.0,6,8,6,1.0,67.0,0.0,3,1.0
1,6.0,1.0,2.0,6.0,6,8,6,1.0,68.0,0.0,3,0.1428571428571428
2,4.0,3.0,2.0,6.0,6,8,6,3.0,48.0,0.0,3,5.0
3,6.0,4.0,2.0,5.0,6,8,6,3.0,57.0,0.1666666666666666,3,6.0
1,5.0,3.0,2.0,5.0,5,8,6,0.0,62.0,0.0,3,1.0
1,5.0,5.0,2.0,6.0,5,8,6,2.0,49.0,0.0,3,2.0
1,5.0,5.0,2.0,4.0,5,8,6,1.0,61.0,0.0,3,3.0
3,4.0,4.0,2.0,3.0,5,8,6,1.0,91.0,0.0,3,3.0
1,5.0,2.0,2.0,7.0,5,8,6,1.0,73.0,0.0,3,1.0
3,4.0,3.0,2.0,6.0,5,8,6,3.0,53.0,0.0,3,3.0
1,4.0,4.0,2.0,1.0,5,8,6,1.0,65.0,0.5,3,2.0
1,6.0,1.0,2.0,5.0,5,8,6,2.0,22.0,0.3333333333333333,3,0.5
1,6.0,2.0,2.0,1.0,5,8,6,0.0,80.0,0.0,3,2.0
2,6.0,4.0,2.0,3.0,5,8,6,3.0,48.0,0.25,3,4.0
2,4.0,6.0,2.0,3.0,5,8,6,2.0,58.0,0.2,3,5.0
1,4.0,3.0,2.0,1.0,5,8,6,1.0,76.0,0.0,3,1.0
1,4.0,2.0,2.0,3.0,5,8,6,2.0,70.0,0.0,3,0.25
1,4.0,5.0,2.0,1.0,5,8,6,1.0,59.0,0.0,3,1.0
2,4.0,2.0,2.0,6.0,5,8,6,2.0,38.0,0.5,3,0.5714285714285714
1,4.0,3.0,2.0,5.0,5,8,6,1.0,70.0,0.0,3,1.0
1,6.0,3.0,2.0,3.0,5,8,6,1.0,60.0,0.0,3,1.0
1,4.0,5.0,2.0,6.0,5,8,6,1.0,45.0,0.0,3,3.0
2,5.0,4.0,2.0,5.0,5,8,6,2.0,36.0,0.2,3,5.0
1,4.0,6.0,2.0,6.0,5,8,6,1.0,56.0,0.0,3,2.0
2,4.0,5.0,2.0,3.0,5,8,6,2.0,48.0,0.0,3,3.0
1,4.0,4.0,2.0,1.0,5,8,6,1.0,65.0,0.0,3,1.0
1,4.0,4.0,2.0,3.0,5,8,6,1.0,37.0,0.0,3,0.2857142857142857
2,4.0,4.0,2.0,6.0,5,8,6,2.0,51.0,0.0,3,4.0
1,4.0,3.0,2.0,6.0,5,8,6,3.0,47.0,0.25,3,0.5714285714285714
2,4.0,5.0,2.0,9.0,5,8,6,2.0,41.0,0.2857142857142857,3,7.0
2,4.0,5.0,2.0,5.0,5,8,6,1.0,61.0,0.0,3,3.0
2,4.0,3.0,2.0,6.0,5,8,6,2.0,48.0,0.1666666666666666,3,6.0
2,4.0,6.0,2.0,6.0,5,8,6,1.0,57.0,0.0,3,2.0
2,4.0,2.0,2.0,8.0,5,8,6,2.0,28.0,0.3333333333333333,3,3.0
2,4.0,1.0,2.0,3.0,5,8,6,2.0,37.0,0.4,3,5.0
1,6.0,6.0,2.0,4.0,5,8,6,2.0,48.0,0.0,3,5.0
2,4.0,4.0,2.0,3.0,5,8,6,1.0,72.0,0.0,3,2.0
2,4.0,5.0,2.0,4.0,5,8,6,1.0,48.0,0.6,3,5.0
3,5.0,4.0,2.0,9.0,7,8,6,3.0,63.0,0.0,3,4.0
1,3.0,6.0,2.0,8.0,7,8,6,0.0,74.0,0.0,3,1.0
1,5.0,3.0,2.0,5.0,7,8,6,1.0,89.0,0.0,3,2.0
1,5.0,7.0,2.0,5.0,7,8,6,0.0,91.0,0.0,3,5.0
1,4.0,3.0,2.0,9.0,5,8,6,1.0,61.0,0.0,3,1.0
3,6.0,2.0,2.0,3.0,5,8,6,2.0,59.0,0.1666666666666666,3,6.0
3,6.0,3.0,2.0,8.0,5,8,6,3.0,66.0,0.25,3,4.0
1,5.0,3.0,2.0,4.0,7,8,6,0.0,95.0,0.0,3,2.0
1,3.0,3.0,2.0,8.0,7,8,6,1.0,47.0,0.2,3,5.0
2,5.0,2.0,2.0,6.0,7,8,6,2.0,53.0,0.0,3,3.0
1,6.0,1.0,2.0,3.0,7,8,6,1.0,64.0,0.0,3,1.0
1,4.0,1.0,2.0,1.0,7,8,6,0.0,75.0,0.0,3,1.0
2,5.0,2.0,2.0,6.0,7,8,6,1.0,52.0,0.0,3,3.0
2,6.0,2.0,2.0,1.0,5,8,6,0.0,52.0,0.0,3,0.25
1,6.0,1.0,2.0,5.0,5,8,6,1.0,67.0,0.0,3,0.1666666666666666
3,6.0,2.0,2.0,4.0,5,8,6,2.0,53.0,0.0,3,0.375
2,6.0,2.0,2.0,1.0,5,8,6,2.0,60.0,0.0,3,0.3333333333333333
1,6.0,1.0,2.0,3.0,5,8,6,1.0,69.0,0.0,3,0.125
2,5.0,3.0,2.0,4.0,5,8,6,2.0,71.0,0.0,3,2.0
2,5.0,4.0,2.0,7.0,5,8,6,2.0,56.0,0.0,3,2.0
2,5.0,5.0,2.0,5.0,5,8,6,2.0,51.0,0.3333333333333333,3,3.0
3,6.0,5.0,2.0,1.0,5,8,6,3.0,78.0,0.25,3,4.0
2,5.0,3.0,2.0,1.0,5,8,6,2.0,79.0,0.0,3,3.0
3,4.0,4.0,2.0,3.0,5,8,6,1.0,56.0,0.0,3,3.0
2,6.0,3.0,2.0,3.0,5,8,6,1.0,39.0,0.3333333333333333,3,3.0
2,5.0,7.0,2.0,3.0,5,8,6,3.0,74.0,0.1428571428571428,3,1.4
2,6.0,1.0,2.0,1.0,5,8,6,2.0,65.0,0.0,3,0.7142857142857143
1,6.0,3.0,2.0,5.0,5,8,6,1.0,41.0,0.0,3,2.0
3,6.0,1.0,2.0,4.0,5,8,6,3.0,38.0,0.3333333333333333,3,6.0
3,6.0,4.0,2.0,7.0,5,8,6,3.0,62.0,0.0,3,5.0
2,6.0,4.0,2.0,4.0,5,8,6,2.0,71.0,0.25,3,4.0
2,6.0,2.0,2.0,6.0,5,8,6,2.0,41.0,0.6,3,5.0
2,6.0,4.0,2.0,6.0,5,8,6,2.0,69.0,0.0,3,2.0
2,6.0,3.0,2.0,4.0,5,8,6,2.0,47.0,0.3333333333333333,3,3.0
2,6.0,2.0,2.0,3.0,5,8,6,2.0,65.0,0.0,3,3.0
3,6.0,5.0,2.0,6.0,5,8,6,3.0,39.0,0.2,3,5.0
1,4.0,4.0,2.0,4.0,7,8,6,1.0,61.0,0.0,3,2.0
2,5.0,3.0,2.0,6.0,7,8,6,1.0,49.0,0.3333333333333333,3,3.0
3,4.0,5.0,2.0,6.0,7,8,6,3.0,55.0,0.0,3,4.0
2,5.0,4.0,2.0,5.0,7,8,6,2.0,32.0,0.3333333333333333,3,3.0
1,5.0,1.0,2.0,1.0,7,8,6,1.0,59.0,0.0,3,1.0
2,6.0,3.0,2.0,6.0,7,8,6,3.0,42.0,0.5,3,6.0
1,6.0,1.0,2.0,6.0,7,8,6,1.0,38.0,0.0,3,0.125
2,6.0,1.0,2.0,5.0,7,8,6,3.0,48.0,0.0,3,0.375
1,6.0,1.0,2.0,3.0,7,8,6,2.0,66.0,0.0,3,0.25
2,3.0,6.0,2.0,9.0,2,8,6,0.0,61.0,0.0,3,2.0
1,1.0,5.0,2.0,6.0,2,8,6,0.0,79.0,0.0,3,2.0
1,3.0,4.0,2.0,10.0,2,8,6,1.0,53.0,0.0,3,2.0
0,3.0,5.0,2.0,10.0,2,8,6,0.0,76.0,0.0,3,1.0
2,3.0,4.0,2.0,8.0,2,8,6,0.0,79.0,0.0,3,2.0
3,3.0,6.0,2.0,10.0,2,8,6,1.0,82.0,0.0,3,4.0
2,3.0,4.0,2.0,8.0,2,8,6,0.0,83.0,0.0,3,2.0
1,3.0,5.0,2.0,8.0,2,8,6,1.0,63.0,0.0,3,3.0
3,5.0,6.0,2.0,10.0,2,8,6,2.0,41.0,0.3333333333333333,3,6.0
2,3.0,4.0,2.0,10.0,2,8,6,1.0,37.0,0.0,3,2.0
2,5.0,5.0,2.0,6.0,2,8,6,2.0,49.0,0.0,3,3.0
2,5.0,2.0,2.0,6.0,2,8,6,2.0,39.0,0.0,3,3.0
2,5.0,2.0,2.0,6.0,2,8,6,2.0,63.0,0.0,3,3.0
1,5.0,2.0,2.0,5.0,2,8,6,1.0,52.0,0.0,3,2.0
2,5.0,5.0,2.0,4.0,2,8,6,2.0,57.0,0.0,3,6.0
2,5.0,3.0,2.0,8.0,2,8,6,2.0,62.0,0.0,3,2.0
2,3.0,2.0,2.0,10.0,2,8,6,1.0,68.0,0.3333333333333333,3,3.0
1,5.0,3.0,2.0,6.0,2,8,6,1.0,67.0,0.0,3,0.1428571428571428
2,5.0,4.0,2.0,3.0,2,8,6,0.0,87.0,0.0,3,2.0
2,3.0,4.0,2.0,8.0,2,8,6,1.0,72.0,0.4,3,5.0
3,5.0,4.0,2.0,5.0,2,8,6,1.0,71.0,0.0,3,5.0
1,3.0,3.0,2.0,10.0,2,8,6,0.0,54.0,0.0,3,1.0
2,3.0,3.0,2.0,10.0,2,8,6,2.0,35.0,0.0,3,2.0
1,5.0,3.0,2.0,3.0,2,8,6,1.0,54.0,0.0,3,1.0
1,5.0,4.0,2.0,4.0,2,8,6,1.0,45.0,0.0,3,4.0
2,5.0,2.0,2.0,10.0,2,8,6,1.0,31.0,0.3333333333333333,3,3.0
1,3.0,4.0,2.0,7.0,2,8,6,1.0,35.0,0.0,3,4.0
2,3.0,3.0,2.0,10.0,2,8,6,2.0,35.0,0.3333333333333333,3,3.0
2,3.0,3.0,2.0,10.0,2,8,6,2.0,29.0,0.25,3,4.0
3,5.0,5.0,2.0,5.0,2,8,6,3.0,37.0,0.625,3,8.0
1,5.0,4.0,2.0,6.0,2,8,6,1.0,36.0,0.5,3,4.0
2,5.0,3.0,2.0,6.0,2,8,6,2.0,58.0,0.25,3,4.0
3,5.0,5.0,2.0,5.0,2,8,6,3.0,67.0,0.25,3,4.0
2,6.0,6.0,2.0,1.0,2,8,6,2.0,77.0,0.0,3,2.0
1,3.0,4.0,2.0,4.0,2,8,6,1.0,63.0,0.0,3,3.0
2,5.0,2.0,2.0,6.0,2,8,6,2.0,50.0,0.0,3,2.0
2,5.0,3.0,2.0,6.0,2,8,6,2.0,42.0,0.0,3,3.0
2,5.0,5.0,2.0,10.0,2,8,6,1.0,29.0,0.0,3,3.0
2,5.0,3.0,2.0,3.0,2,8,6,1.0,82.0,0.0,3,2.0
2,3.0,3.0,2.0,10.0,2,8,6,1.0,49.0,0.0,3,3.0
2,6.0,2.0,2.0,6.0,2,8,6,2.0,67.0,0.0,3,2.0
1,5.0,1.0,2.0,1.0,2,8,6,0.0,81.0,0.0,3,2.0
1,5.0,2.0,2.0,9.0,2,8,6,1.0,31.0,0.6,3,5.0
2,5.0,4.0,2.0,7.0,2,8,6,2.0,57.0,0.3333333333333333,3,3.0
2,5.0,6.0,2.0,5.0,2,8,6,1.0,67.0,0.0,3,3.0
3,3.0,5.0,2.0,6.0,2,8,6,3.0,63.0,0.2,3,5.0
1,2.0,4.0,2.0,4.0,2,8,6,1.0,53.0,0.0,3,3.0
1,5.0,5.0,2.0,10.0,2,8,6,1.0,56.0,0.0,3,2.0
2,5.0,4.0,2.0,5.0,2,8,6,2.0,66.0,0.0,3,0.4
2,5.0,5.0,2.0,4.0,2,8,6,2.0,44.0,0.2,3,1.25
1,5.0,1.0,2.0,5.0,2,8,6,1.0,57.0,0.0,3,0.125
2,5.0,2.0,2.0,6.0,2,8,6,2.0,39.0,0.4,3,1.0
1,5.0,2.0,2.0,4.0,2,8,6,1.0,53.0,0.3333333333333333,3,3.0
1,5.0,6.0,2.0,5.0,2,8,6,1.0,69.0,0.0,3,2.0
2,5.0,4.0,2.0,3.0,2,8,6,2.0,87.0,0.0,3,2.0
1,3.0,3.0,2.0,9.0,5,8,6,1.0,41.0,0.5,3,2.0
1,4.0,3.0,2.0,6.0,5,8,6,0.0,87.0,0.0,3,2.0
1,5.0,2.0,2.0,3.0,5,8,6,1.0,73.0,0.0,3,0.5
2,5.0,4.0,2.0,6.0,5,8,6,0.0,70.0,0.5,3,4.0
1,5.0,3.0,2.0,3.0,5,8,6,0.0,78.0,0.0,3,2.0
2,3.0,4.0,2.0,8.0,5,8,6,2.0,41.0,0.5,3,4.0
1,5.0,2.0,2.0,10.0,5,8,6,0.0,76.0,0.0,3,1.0
2,1.0,3.0,2.0,5.0,5,8,6,2.0,49.0,0.2,3,2.5
1,3.0,5.0,2.0,9.0,5,8,6,0.0,60.0,0.0,3,4.0
3,5.0,2.0,2.0,8.0,5,8,6,2.0,51.0,0.0,3,3.0
3,1.0,4.0,2.0,4.0,5,8,6,1.0,78.0,0.0,3,3.0
2,5.0,1.0,2.0,6.0,5,8,6,0.0,69.0,0.0,3,2.0
2,5.0,2.0,2.0,6.0,5,8,6,2.0,62.0,0.0,3,2.0
2,4.0,2.0,2.0,5.0,5,8,6,1.0,76.0,0.0,3,2.0
1,5.0,2.0,2.0,3.0,5,8,6,1.0,70.0,0.0,3,0.5
2,5.0,2.0,2.0,5.0,5,8,6,3.0,40.0,0.25,3,4.0
1,4.0,2.0,2.0,7.0,5,8,6,1.0,31.0,0.0,3,0.1428571428571428
1,5.0,3.0,2.0,3.0,5,8,6,2.0,68.0,0.0,3,2.0
2,1.0,3.0,2.0,6.0,5,8,6,2.0,46.0,0.3333333333333333,3,3.0
2,5.0,2.0,2.0,6.0,5,8,6,2.0,46.0,0.0,3,2.0
2,6.0,2.0,2.0,5.0,5,8,6,2.0,38.0,0.4,3,2.5
1,5.0,2.0,2.0,5.0,5,8,6,1.0,37.0,0.0,3,3.0
3,2.0,7.0,2.0,4.0,5,8,6,3.0,56.0,0.0,3,5.0
2,6.0,5.0,2.0,3.0,5,8,6,2.0,61.0,0.0,3,4.0
3,4.0,5.0,2.0,4.0,5,8,6,2.0,61.0,0.0,3,3.0
2,6.0,2.0,2.0,6.0,5,8,6,2.0,54.0,0.0,3,1.0
2,5.0,3.0,2.0,5.0,5,8,6,2.0,84.0,0.0,3,2.0
1,4.0,3.0,2.0,3.0,5,8,6,2.0,55.0,0.0,3,1.0
2,5.0,4.0,2.0,8.0,5,8,6,2.0,61.0,0.0,3,2.0
1,6.0,3.0,2.0,10.0,5,8,6,1.0,78.0,0.0,3,1.0
1,5.0,1.0,2.0,1.0,5,8,6,0.0,91.0,0.0,3,1.0
1,5.0,2.0,2.0,8.0,5,8,6,1.0,58.0,0.0,3,1.0
1,5.0,3.0,2.0,3.0,7,8,6,1.0,55.0,0.3333333333333333,3,1.5
1,6.0,3.0,2.0,1.0,7,8,6,1.0,71.0,0.0,3,1.0
2,5.0,3.0,2.0,4.0,5,8,6,2.0,76.0,0.0,3,2.0
1,6.0,2.0,2.0,3.0,5,8,6,1.0,81.0,0.0,3,1.0
2,5.0,3.0,2.0,3.0,5,8,6,2.0,77.0,0.0,3,3.0
2,6.0,2.0,2.0,4.0,5,8,6,2.0,45.0,0.0,3,2.0
2,6.0,5.0,2.0,4.0,5,8,6,2.0,54.0,0.0,3,4.0
1,6.0,3.0,2.0,3.0,5,8,6,1.0,79.0,0.0,3,1.0
1,6.0,5.0,2.0,7.0,5,8,6,2.0,64.0,0.0,3,3.0
1,5.0,7.0,2.0,6.0,5,8,6,1.0,63.0,0.0,3,1.0
3,5.0,4.0,2.0,8.0,5,8,6,2.0,38.0,0.25,3,4.0
2,5.0,6.0,2.0,6.0,5,8,6,2.0,76.0,0.0,3,3.0
1,3.0,6.0,2.0,8.0,5,8,6,3.0,57.0,0.4,3,5.0
2,5.0,6.0,2.0,1.0,7,8,6,2.0,77.0,0.0,3,4.0
2,3.0,4.0,2.0,10.0,7,8,6,2.0,39.0,0.3333333333333333,3,3.0
2,5.0,3.0,2.0,3.0,7,8,6,2.0,77.0,0.0,3,2.0
1,5.0,2.0,2.0,1.0,7,8,6,1.0,52.0,0.0,3,1.0
2,5.0,3.0,2.0,4.0,7,8,6,2.0,49.0,0.0,3,2.0
2,5.0,2.0,2.0,3.0,7,8,6,2.0,55.0,0.25,3,4.0
2,5.0,2.0,2.0,6.0,7,8,6,1.0,42.0,0.0,3,2.0
2,5.0,6.0,2.0,4.0,7,8,6,3.0,60.0,0.0,3,3.0
1,5.0,3.0,2.0,6.0,1,8,6,1.0,56.0,0.0,3,2.0
2,5.0,4.0,2.0,6.0,1,8,6,2.0,68.0,0.0,3,3.0
2,2.0,5.0,2.0,5.0,1,8,6,1.0,54.0,0.0,3,5.0
2,5.0,3.0,2.0,4.0,1,8,6,2.0,41.0,0.25,3,4.0
1,2.0,4.0,2.0,3.0,1,8,6,1.0,69.0,0.0,3,1.0
2,3.0,3.0,2.0,8.0,1,8,6,1.0,55.0,0.0,3,2.0
3,2.0,4.0,2.0,10.0,1,8,6,3.0,52.0,0.0,3,5.0
2,2.0,6.0,2.0,10.0,1,8,6,1.0,78.0,0.0,3,4.0
1,3.0,6.0,2.0,10.0,1,8,6,0.0,68.0,0.0,3,2.0
3,5.0,5.0,2.0,4.0,1,8,6,2.0,87.0,0.0,3,7.0
2,2.0,5.0,2.0,8.0,1,8,6,2.0,56.0,0.0,3,4.0
2,5.0,7.0,2.0,8.0,1,8,6,2.0,72.0,0.0,3,2.0
2,5.0,4.0,2.0,6.0,1,8,6,0.0,73.0,0.0,3,3.0
1,5.0,2.0,2.0,1.0,1,8,6,0.0,85.0,0.0,3,1.0
1,5.0,2.0,2.0,5.0,1,8,6,0.0,78.0,0.0,3,3.0
1,5.0,2.0,2.0,7.0,1,8,6,1.0,37.0,0.0,3,1.0
1,6.0,4.0,2.0,4.0,1,8,6,1.0,27.0,0.6,3,1.25
2,1.0,5.0,2.0,10.0,1,8,6,2.0,62.0,0.0,3,4.0
1,2.0,4.0,2.0,10.0,1,8,6,1.0,34.0,0.0,3,3.0
3,5.0,2.0,2.0,6.0,1,8,6,3.0,61.0,0.2,3,5.0
1,5.0,5.0,2.0,10.0,1,8,6,1.0,37.0,0.0,3,3.0
1,1.0,2.0,2.0,6.0,1,8,6,1.0,68.0,0.0,3,2.0
2,2.0,7.0,2.0,8.0,1,8,6,1.0,72.0,0.3333333333333333,3,3.0
3,5.0,1.0,2.0,5.0,1,8,6,3.0,59.0,0.0,3,3.0
1,2.0,7.0,2.0,8.0,1,8,6,2.0,51.0,0.0,3,4.0
2,5.0,3.0,2.0,6.0,1,8,6,1.0,35.0,0.3333333333333333,3,3.0
2,5.0,3.0,2.0,4.0,1,8,6,2.0,55.0,0.3333333333333333,3,3.0
1,5.0,3.0,2.0,5.0,1,8,6,0.0,70.0,0.0,3,1.0
3,5.0,5.0,2.0,6.0,1,8,6,2.0,68.0,0.25,3,4.0
3,5.0,6.0,2.0,5.0,1,8,6,2.0,60.0,0.0,3,3.0
2,5.0,3.0,2.0,6.0,1,8,6,2.0,62.0,0.0,3,3.0
2,5.0,4.0,2.0,1.0,1,8,6,1.0,86.0,0.0,3,2.0
2,5.0,1.0,2.0,6.0,1,8,6,1.0,40.0,0.3333333333333333,3,3.0
3,5.0,6.0,2.0,3.0,1,8,6,1.0,73.0,0.0,3,4.0
1,5.0,2.0,2.0,6.0,1,8,6,1.0,61.0,0.0,3,1.0
2,5.0,3.0,2.0,8.0,1,8,6,2.0,55.0,0.3333333333333333,3,3.0
1,5.0,3.0,2.0,5.0,1,8,6,1.0,87.0,0.0,3,1.0
3,5.0,3.0,2.0,3.0,1,8,6,3.0,53.0,0.25,3,4.0
2,5.0,6.0,2.0,10.0,1,8,6,2.0,40.0,0.3333333333333333,3,6.0
2,5.0,3.0,2.0,3.0,1,8,6,0.0,52.0,0.0,3,3.0
3,5.0,7.0,2.0,3.0,1,8,6,2.0,65.0,0.0,3,3.0
1,5.0,4.0,2.0,6.0,1,8,6,1.0,65.0,0.0,3,1.0
1,6.0,2.0,2.0,3.0,4,8,6,0.0,84.0,0.0,3,1.0
3,5.0,3.0,2.0,6.0,4,8,6,2.0,39.0,0.25,3,4.0
2,5.0,3.0,2.0,5.0,4,8,6,1.0,58.0,0.0,3,2.0
3,5.0,3.0,2.0,5.0,4,8,6,2.0,50.0,0.25,3,4.0
3,2.0,3.0,2.0,6.0,4,8,6,3.0,37.0,0.1666666666666666,3,6.0
3,5.0,3.0,2.0,3.0,1,8,6,3.0,50.0,0.0,3,4.0
3,6.0,3.0,2.0,6.0,1,8,6,2.0,43.0,0.0,3,3.0
2,5.0,4.0,2.0,3.0,1,8,6,1.0,79.0,0.0,3,2.0
1,6.0,5.0,2.0,4.0,4,8,6,2.0,55.0,0.0,3,2.0
3,6.0,6.0,2.0,4.0,4,8,6,2.0,57.0,0.25,3,4.0
2,6.0,5.0,2.0,4.0,4,8,6,2.0,47.0,0.0,3,0.5
2,6.0,3.0,2.0,3.0,4,8,6,1.0,68.0,0.0,3,2.0
2,6.0,2.0,2.0,4.0,4,8,6,2.0,69.0,0.0,3,2.0
2,5.0,6.0,2.0,6.0,4,8,6,2.0,55.0,0.0,3,2.0
1,6.0,2.0,2.0,3.0,4,8,6,1.0,75.0,0.0,3,1.0
2,6.0,1.0,2.0,1.0,4,8,6,2.0,72.0,0.0,3,2.0
2,6.0,3.0,2.0,6.0,4,8,6,2.0,43.0,0.0,3,4.0
2,6.0,4.0,2.0,3.0,4,8,6,2.0,48.0,0.4,3,5.0
1,6.0,2.0,2.0,3.0,4,8,6,0.0,68.0,0.0,3,1.0
1,6.0,3.0,2.0,1.0,4,8,6,0.0,78.0,0.0,3,2.0
2,3.0,4.0,2.0,8.0,1,8,6,1.0,79.0,0.0,3,4.0
1,5.0,2.0,2.0,6.0,1,8,6,0.0,58.0,0.0,3,2.0
2,5.0,4.0,2.0,5.0,1,8,6,2.0,62.0,0.25,3,4.0
1,5.0,3.0,2.0,3.0,1,8,6,0.0,71.0,0.0,3,1.0
2,3.0,4.0,2.0,4.0,1,8,6,2.0,45.0,0.0,3,4.0
3,3.0,4.0,2.0,10.0,1,8,6,2.0,52.0,0.0,3,3.0
1,2.0,4.0,2.0,10.0,1,8,6,1.0,71.0,0.0,3,1.0
1,3.0,6.0,2.0,10.0,1,8,6,1.0,41.0,0.0,3,1.0
2,1.0,4.0,2.0,6.0,1,8,6,1.0,78.0,0.0,3,2.0
2,5.0,5.0,2.0,6.0,1,8,6,2.0,46.0,0.3333333333333333,3,6.0
1,3.0,3.0,2.0,8.0,1,8,6,1.0,84.0,0.0,3,1.0
2,3.0,4.0,2.0,8.0,1,8,6,1.0,43.0,0.0,3,3.0
2,6.0,3.0,2.0,1.0,1,8,6,1.0,85.0,0.0,3,0.2857142857142857
1,3.0,4.0,2.0,3.0,1,8,6,0.0,81.0,0.0,3,2.0
1,5.0,3.0,2.0,3.0,1,8,6,0.0,81.0,0.0,3,1.0
1,5.0,3.0,2.0,6.0,1,8,6,1.0,59.0,0.0,3,1.0
1,5.0,3.0,2.0,8.0,1,8,6,1.0,62.0,0.0,3,2.0
3,5.0,4.0,2.0,3.0,1,8,6,2.0,52.0,0.0,3,3.0
2,3.0,3.0,2.0,6.0,1,8,6,1.0,50.0,0.0,3,2.0
1,6.0,3.0,2.0,3.0,1,8,6,0.0,79.0,0.0,3,1.0
1,5.0,5.0,2.0,6.0,1,8,6,1.0,77.0,0.0,3,2.0
1,5.0,3.0,2.0,6.0,1,8,6,1.0,52.0,0.0,3,3.0
3,5.0,3.0,2.0,3.0,1,8,6,2.0,92.0,0.0,3,3.0
1,3.0,1.0,2.0,8.0,1,8,6,0.0,81.0,0.0,3,1.0
3,3.0,3.0,2.0,8.0,1,8,6,3.0,71.0,0.0,3,3.0
3,3.0,4.0,2.0,8.0,1,8,6,2.0,61.0,0.25,3,4.0
1,3.0,4.0,2.0,5.0,1,8,6,0.0,73.0,0.25,3,4.0
2,5.0,2.0,2.0,3.0,1,8,6,2.0,50.0,0.0,3,2.0
2,5.0,4.0,2.0,6.0,1,8,6,2.0,52.0,0.1666666666666666,3,6.0
1,6.0,3.0,2.0,5.0,1,8,6,1.0,41.0,0.0,3,1.0
3,5.0,6.0,2.0,4.0,1,8,6,3.0,54.0,0.0,3,4.0
3,3.0,6.0,2.0,4.0,1,8,6,3.0,53.0,0.0,3,5.0
1,5.0,1.0,2.0,5.0,1,8,6,1.0,56.0,0.0,3,1.0
2,3.0,5.0,2.0,6.0,1,8,6,0.0,55.0,0.3333333333333333,3,3.0
1,3.0,7.0,2.0,10.0,1,8,6,1.0,67.0,0.0,3,3.0
3,5.0,3.0,2.0,6.0,1,8,6,3.0,47.0,0.0,3,4.0
2,5.0,4.0,2.0,6.0,1,8,6,1.0,67.0,0.0,3,2.0
2,3.0,4.0,2.0,7.0,1,8,6,1.0,63.0,0.0,3,3.0
2,5.0,4.0,2.0,5.0,1,8,6,1.0,56.0,0.0,3,3.0
2,3.0,2.0,2.0,4.0,1,8,6,1.0,51.0,0.2,3,5.0
2,3.0,4.0,2.0,3.0,1,8,6,1.0,62.0,0.0,3,3.0
3,3.0,3.0,2.0,5.0,1,8,6,2.0,57.0,0.0,3,5.0
3,6.0,4.0,2.0,3.0,1,8,6,3.0,45.0,0.3333333333333333,3,6.0
1,2.0,6.0,2.0,6.0,1,8,6,1.0,46.0,0.1666666666666666,3,6.0
1,6.0,3.0,2.0,6.0,1,8,6,1.0,53.0,0.0,3,0.125
2,6.0,2.0,2.0,5.0,1,8,6,2.0,62.0,0.0,3,0.5
2,6.0,3.0,2.0,4.0,1,8,6,2.0,34.0,0.25,3,4.0
1,6.0,3.0,2.0,4.0,1,8,6,0.0,55.0,0.0,3,1.0
1,6.0,3.0,2.0,1.0,1,8,6,1.0,53.0,0.0,3,1.0
1,5.0,4.0,2.0,6.0,1,8,6,2.0,48.0,0.25,3,4.0
1,5.0,4.0,2.0,4.0,1,8,6,2.0,55.0,0.0,3,3.0
3,5.0,3.0,2.0,4.0,1,8,6,3.0,66.0,0.0,3,0.6
2,6.0,3.0,2.0,3.0,1,8,6,1.0,72.0,0.0,3,0.6
2,6.0,2.0,2.0,4.0,1,8,6,2.0,41.0,0.3333333333333333,3,0.4285714285714285
2,6.0,6.0,2.0,5.0,1,8,6,2.0,59.0,0.0,3,0.4
1,6.0,3.0,2.0,4.0,1,8,6,1.0,37.0,0.0,3,0.5714285714285714
2,6.0,2.0,2.0,3.0,1,8,6,2.0,68.0,0.0,3,0.6
3,5.0,6.0,2.0,4.0,1,8,6,3.0,60.0,0.0,3,3.0
1,6.0,5.0,2.0,4.0,1,8,6,3.0,59.0,0.0,3,0.4285714285714285
1,1.0,4.0,2.0,10.0,8,8,6,1.0,66.0,0.0,3,4.0
2,3.0,4.0,2.0,6.0,8,8,6,1.0,89.0,0.0,3,3.0
3,1.0,5.0,2.0,9.0,8,8,6,3.0,53.0,0.0,3,4.0
1,2.0,3.0,2.0,8.0,8,8,6,0.0,77.0,0.0,3,1.0
2,1.0,3.0,2.0,10.0,8,8,6,2.0,63.0,0.0,3,2.0
1,2.0,4.0,2.0,10.0,8,8,6,1.0,45.0,0.0,3,1.0
1,3.0,4.0,2.0,10.0,8,8,6,1.0,53.0,0.3333333333333333,3,3.0
2,1.0,5.0,2.0,10.0,8,8,6,1.0,60.0,0.0,3,3.0
1,3.0,2.0,2.0,10.0,8,8,6,0.0,62.0,0.0,3,1.0
1,3.0,5.0,2.0,3.0,8,8,6,1.0,79.0,0.0,3,4.0
3,5.0,4.0,2.0,1.0,8,8,6,2.0,56.0,0.0,3,4.0
2,3.0,4.0,2.0,6.0,8,8,6,2.0,39.0,0.3333333333333333,3,3.0
3,5.0,4.0,2.0,6.0,8,8,6,2.0,42.0,0.0,3,3.0
1,5.0,3.0,2.0,10.0,8,8,6,1.0,68.0,0.0,3,1.0
3,1.0,4.0,2.0,8.0,8,8,6,2.0,55.0,0.0,3,4.0
1,5.0,2.0,2.0,10.0,8,8,6,1.0,65.0,0.0,3,0.1428571428571428
2,5.0,3.0,2.0,6.0,8,8,6,2.0,45.0,0.0,3,3.0
2,5.0,6.0,2.0,5.0,8,8,6,2.0,45.0,0.0,3,4.0
2,2.0,4.0,2.0,10.0,8,8,6,2.0,44.0,0.25,3,4.0
2,3.0,5.0,2.0,5.0,8,8,6,2.0,74.0,0.0,3,3.0
1,5.0,3.0,2.0,10.0,8,8,6,1.0,45.0,0.25,3,4.0
2,3.0,4.0,2.0,10.0,8,8,6,2.0,64.0,0.0,3,2.0
2,1.0,4.0,2.0,8.0,8,8,6,0.0,75.0,0.0,3,2.0
2,3.0,5.0,2.0,3.0,8,8,6,2.0,76.0,0.0,3,2.0
2,3.0,3.0,2.0,10.0,8,8,6,1.0,64.0,0.0,3,2.0
2,5.0,3.0,2.0,6.0,8,8,6,2.0,75.0,0.0,3,3.0
2,5.0,4.0,2.0,6.0,8,8,6,0.0,76.0,0.0,3,3.0
1,1.0,4.0,2.0,9.0,8,8,6,1.0,63.0,0.0,3,1.0
3,5.0,4.0,2.0,6.0,8,8,6,2.0,56.0,0.0,3,3.0
2,3.0,5.0,2.0,8.0,8,8,6,2.0,60.0,0.0,3,2.0
2,3.0,6.0,2.0,6.0,8,8,6,2.0,69.0,0.0,3,2.0
2,3.0,4.0,2.0,8.0,8,8,6,1.0,62.0,0.0,3,3.0
1,3.0,5.0,2.0,6.0,8,8,6,1.0,57.0,0.0,3,4.0
1,3.0,6.0,2.0,10.0,8,8,6,1.0,74.0,0.0,3,1.0
1,6.0,3.0,2.0,9.0,8,8,6,1.0,58.0,0.0,3,1.0
2,3.0,4.0,2.0,7.0,8,8,6,0.0,81.0,0.0,3,2.0
2,3.0,4.0,2.0,3.0,8,8,6,2.0,41.0,0.3333333333333333,3,3.0
2,5.0,3.0,2.0,5.0,8,8,6,1.0,39.0,0.3333333333333333,3,3.0
2,2.0,5.0,2.0,9.0,8,8,6,3.0,80.0,0.0,3,3.0
2,2.0,4.0,2.0,10.0,8,8,6,2.0,53.0,0.0,3,3.0
1,5.0,3.0,2.0,6.0,8,8,6,0.0,53.0,0.0,3,3.0
1,5.0,1.0,2.0,6.0,8,8,6,1.0,57.0,0.0,3,1.0
2,5.0,4.0,2.0,3.0,8,8,6,1.0,61.0,0.0,3,2.0
2,5.0,5.0,2.0,6.0,8,8,6,2.0,77.0,0.1666666666666666,3,6.0
1,3.0,6.0,2.0,6.0,8,8,6,0.0,75.0,0.0,3,1.0
2,1.0,6.0,2.0,10.0,8,8,6,2.0,63.0,0.0,3,2.0
1,1.0,5.0,2.0,10.0,8,8,6,1.0,55.0,0.0,3,2.0
2,1.0,4.0,2.0,6.0,8,8,6,1.0,71.0,0.0,3,2.0
2,5.0,1.0,2.0,6.0,8,8,6,2.0,61.0,0.0,3,1.0
3,5.0,4.0,2.0,8.0,8,8,6,1.0,55.0,0.0,3,3.0
2,5.0,5.0,2.0,1.0,8,8,6,2.0,84.0,0.0,3,3.0
3,5.0,7.0,2.0,10.0,8,8,6,2.0,61.0,0.0,3,4.0
3,5.0,3.0,2.0,6.0,8,8,6,3.0,57.0,0.0,3,4.0
2,1.0,5.0,2.0,10.0,8,8,6,2.0,38.0,0.4,3,5.0
2,1.0,5.0,2.0,10.0,8,8,6,1.0,57.0,0.0,3,4.0
2,2.0,4.0,2.0,10.0,8,8,6,2.0,55.0,0.0,3,3.0
2,2.0,5.0,2.0,8.0,8,8,6,0.0,51.0,0.5,3,6.0
1,5.0,2.0,2.0,8.0,8,8,6,0.0,48.0,0.5,3,2.0
2,5.0,5.0,2.0,5.0,8,8,6,1.0,62.0,0.0,3,4.0
2,5.0,4.0,2.0,4.0,8,8,6,1.0,53.0,0.0,3,4.0
2,5.0,2.0,2.0,6.0,8,8,6,2.0,50.0,0.5,3,6.0
3,3.0,4.0,2.0,6.0,8,8,6,3.0,68.0,0.0,3,3.0
3,5.0,5.0,2.0,1.0,8,8,6,2.0,85.0,0.25,3,4.0
2,3.0,3.0,2.0,4.0,8,8,6,1.0,74.0,0.0,3,2.0
1,1.0,3.0,2.0,5.0,8,8,6,1.0,75.0,0.0,3,3.0
2,3.0,4.0,2.0,6.0,8,8,6,1.0,33.0,0.0,3,2.0
1,3.0,4.0,2.0,6.0,8,8,6,1.0,39.0,0.0,3,2.0
2,3.0,5.0,2.0,6.0,8,8,6,2.0,37.0,0.6,3,1.25
1,5.0,1.0,2.0,6.0,8,8,6,1.0,32.0,0.3333333333333333,3,1.0
1,3.0,3.0,2.0,6.0,8,8,6,1.0,65.0,0.0,3,2.0
3,3.0,3.0,2.0,6.0,8,8,6,2.0,54.0,0.0,3,4.0
3,1.0,4.0,2.0,3.0,8,8,6,2.0,60.0,0.0,3,4.0
1,3.0,3.0,2.0,1.0,8,8,6,0.0,79.0,0.0,3,1.0
1,5.0,3.0,2.0,4.0,8,8,6,0.0,70.0,0.0,3,3.0
3,3.0,2.0,2.0,5.0,8,8,6,1.0,51.0,0.0,3,4.0
3,2.0,4.0,2.0,3.0,8,8,6,3.0,56.0,0.0,3,3.0
2,5.0,5.0,2.0,6.0,8,8,6,1.0,43.0,0.3333333333333333,3,3.0
1,5.0,2.0,2.0,4.0,8,8,6,1.0,76.0,0.0,3,1.0
1,2.0,4.0,2.0,10.0,8,8,6,1.0,50.0,0.0,3,4.0
2,3.0,4.0,2.0,10.0,8,8,6,0.0,70.0,0.0,3,4.0
2,5.0,4.0,2.0,10.0,8,8,6,2.0,72.0,0.0,3,3.0
1,2.0,4.0,2.0,10.0,8,8,6,1.0,30.0,0.3333333333333333,3,3.0
0,3.0,3.0,2.0,6.0,8,8,6,0.0,98.0,0.0,3,3.0
2,1.0,4.0,2.0,8.0,8,8,6,2.0,51.0,0.0,3,4.0
3,2.0,4.0,2.0,10.0,8,8,6,2.0,70.0,0.0,3,3.0
1,1.0,4.0,2.0,7.0,8,8,6,1.0,82.0,0.0,3,2.0
1,3.0,3.0,2.0,5.0,8,8,6,1.0,75.0,0.0,3,4.0
1,6.0,1.0,2.0,4.0,8,8,6,0.0,75.0,0.0,3,1.0
1,3.0,3.0,2.0,6.0,8,8,6,1.0,53.0,0.0,3,3.0
2,3.0,4.0,2.0,6.0,8,8,6,2.0,67.0,0.0,3,3.0
1,3.0,2.0,2.0,3.0,8,8,6,0.0,81.0,0.0,3,1.0
1,5.0,2.0,2.0,8.0,8,8,6,1.0,74.0,0.0,3,0.25
3,3.0,4.0,2.0,10.0,8,8,6,1.0,68.0,0.0,3,4.0
2,3.0,7.0,2.0,6.0,8,8,6,2.0,71.0,0.0,3,4.0
2,5.0,5.0,2.0,9.0,8,8,6,2.0,64.0,0.0,3,3.0
1,5.0,4.0,2.0,8.0,8,8,6,1.0,58.0,0.0,3,3.0
1,5.0,2.0,2.0,6.0,8,8,6,0.0,88.0,0.0,3,1.0
3,3.0,3.0,2.0,8.0,8,8,6,2.0,78.0,0.0,3,4.0
2,5.0,2.0,2.0,6.0,8,8,6,2.0,70.0,0.0,3,2.0
2,5.0,3.0,2.0,8.0,8,8,6,1.0,63.0,0.0,3,2.0
3,5.0,3.0,2.0,6.0,2,8,6,3.0,39.0,0.0,3,4.0
2,5.0,3.0,2.0,5.0,2,8,6,3.0,38.0,0.25,3,4.0
2,3.0,4.0,2.0,3.0,2,8,6,0.0,72.0,0.0,3,2.0
2,5.0,4.0,2.0,1.0,2,8,6,0.0,77.0,0.0,3,2.0
2,5.0,4.0,2.0,5.0,2,8,6,1.0,65.0,0.0,3,3.0
2,3.0,4.0,2.0,10.0,2,8,6,0.0,69.0,0.0,3,2.0
2,3.0,3.0,2.0,6.0,2,8,6,2.0,58.0,0.0,3,2.0
2,5.0,6.0,2.0,6.0,2,8,6,1.0,67.0,0.0,3,2.0
1,5.0,4.0,2.0,1.0,2,8,6,0.0,84.0,0.0,3,2.0
2,5.0,3.0,2.0,6.0,2,8,6,2.0,57.0,0.3333333333333333,3,3.0
2,3.0,7.0,2.0,6.0,2,8,6,1.0,58.0,0.0,3,3.0
2,3.0,3.0,2.0,4.0,2,8,6,2.0,72.0,0.0,3,4.0
2,5.0,4.0,2.0,4.0,2,8,6,1.0,77.0,0.0,3,2.0
1,5.0,2.0,2.0,5.0,2,8,6,1.0,74.0,0.0,3,1.0
1,5.0,2.0,2.0,6.0,2,8,6,1.0,42.0,0.0,3,2.0
2,5.0,2.0,2.0,8.0,2,8,6,2.0,56.0,0.0,3,2.0
3,6.0,2.0,2.0,5.0,2,8,6,1.0,58.0,0.0,3,3.0
1,6.0,3.0,2.0,4.0,2,8,6,1.0,60.0,0.0,3,0.1428571428571428
1,3.0,3.0,2.0,6.0,2,8,6,1.0,32.0,0.5,3,4.0
2,5.0,3.0,2.0,4.0,2,8,6,1.0,69.0,0.0,3,2.0
2,5.0,1.0,2.0,3.0,2,8,6,2.0,64.0,0.0,3,4.0
2,5.0,3.0,2.0,6.0,2,8,6,1.0,44.0,0.0,3,2.0
1,5.0,3.0,2.0,4.0,2,8,6,0.0,84.0,0.0,3,1.0
1,5.0,4.0,2.0,10.0,2,8,6,1.0,71.0,0.0,3,5.0
2,5.0,4.0,2.0,10.0,2,8,6,2.0,37.0,0.25,3,4.0
2,3.0,5.0,2.0,10.0,2,8,6,1.0,69.0,0.0,3,2.0
1,5.0,4.0,2.0,8.0,2,8,6,0.0,68.0,0.0,3,2.0
3,5.0,4.0,2.0,5.0,2,8,6,3.0,60.0,0.0,3,5.0
1,5.0,3.0,2.0,3.0,2,8,6,1.0,48.0,0.0,3,2.0
1,3.0,4.0,2.0,6.0,2,8,6,1.0,37.0,0.0,3,3.0
1,3.0,2.0,2.0,6.0,2,8,6,1.0,56.0,0.0,3,1.0
3,5.0,4.0,2.0,6.0,2,8,6,3.0,52.0,0.0,3,3.0
2,5.0,4.0,2.0,4.0,2,8,6,2.0,40.0,0.3333333333333333,3,3.0
2,5.0,4.0,2.0,3.0,2,8,6,2.0,49.0,0.0,3,2.0
2,5.0,4.0,2.0,6.0,2,8,6,2.0,45.0,0.2,3,5.0
2,3.0,4.0,2.0,6.0,2,8,6,2.0,48.0,0.0,3,3.0
3,5.0,4.0,2.0,1.0,2,8,6,3.0,49.0,0.25,3,4.0
2,5.0,4.0,2.0,5.0,2,8,6,2.0,52.0,0.0,3,4.0
2,3.0,2.0,2.0,5.0,2,8,6,2.0,66.0,0.0,3,2.0
2,5.0,3.0,2.0,8.0,2,8,6,1.0,52.0,0.0,3,3.0
1,6.0,2.0,2.0,5.0,5,8,6,1.0,51.0,0.3333333333333333,3,0.4285714285714285
3,6.0,3.0,2.0,3.0,5,8,6,2.0,90.0,0.0,3,4.0
1,6.0,2.0,2.0,1.0,5,8,6,1.0,86.0,0.0,3,3.0
1,6.0,2.0,2.0,4.0,5,8,6,0.0,76.0,0.0,3,1.0
1,6.0,3.0,2.0,4.0,5,8,6,1.0,75.0,0.0,3,2.0
1,6.0,2.0,2.0,4.0,5,8,6,1.0,74.0,0.0,3,2.0
2,5.0,4.0,2.0,6.0,7,8,6,2.0,56.0,0.0,3,2.0
3,3.0,4.0,2.0,6.0,7,8,6,2.0,53.0,0.0,3,4.0
1,3.0,2.0,2.0,10.0,7,8,6,1.0,48.0,0.0,3,4.0
3,5.0,5.0,2.0,3.0,7,8,6,2.0,52.0,0.0,3,3.0
3,5.0,5.0,2.0,5.0,7,8,6,2.0,68.0,0.0,3,4.0
2,4.0,1.0,2.0,6.0,7,8,6,2.0,44.0,0.0,3,2.0
3,4.0,5.0,2.0,6.0,7,8,6,1.0,48.0,0.0,3,4.0
3,5.0,7.0,2.0,6.0,7,8,6,2.0,70.0,0.25,3,1.0
2,5.0,4.0,2.0,6.0,7,8,6,2.0,39.0,0.4,3,5.0
1,5.0,4.0,2.0,6.0,7,8,6,0.0,91.0,0.0,3,1.0
2,6.0,2.0,2.0,6.0,7,8,6,1.0,67.0,0.0,3,3.0
2,3.0,3.0,2.0,8.0,7,8,6,2.0,54.0,0.0,3,2.0
3,5.0,3.0,2.0,6.0,7,8,6,1.0,44.0,0.0,3,5.0
1,5.0,1.0,2.0,6.0,7,8,6,2.0,31.0,0.0,3,4.0
1,6.0,2.0,2.0,6.0,7,8,6,0.0,62.0,0.0,3,0.3333333333333333
2,6.0,2.0,2.0,1.0,7,8,6,2.0,59.0,0.0,3,0.6
3,5.0,3.0,2.0,5.0,7,8,6,2.0,49.0,0.4,3,1.25
2,3.0,7.0,2.0,3.0,7,8,6,0.0,84.0,0.0,3,0.5
3,5.0,4.0,2.0,6.0,7,8,6,2.0,34.0,0.25,3,0.5714285714285714
2,4.0,2.0,2.0,4.0,7,8,6,2.0,63.0,0.0,3,0.75
3,3.0,3.0,2.0,6.0,7,8,6,2.0,71.0,0.0,3,3.0
3,4.0,5.0,2.0,6.0,7,8,6,3.0,56.0,0.2857142857142857,3,7.0
2,3.0,4.0,2.0,8.0,7,8,6,2.0,59.0,0.0,3,3.0
2,3.0,4.0,2.0,8.0,7,8,6,0.0,48.0,0.0,3,2.0
2,5.0,4.0,2.0,7.0,7,8,6,1.0,38.0,0.25,3,1.0
2,6.0,4.0,2.0,8.0,7,8,6,0.0,54.0,0.0,3,1.6666666666666667
2,4.0,7.0,2.0,4.0,7,8,6,1.0,64.0,0.2222222222222222,3,1.2857142857142858
2,4.0,3.0,2.0,5.0,7,8,6,1.0,48.0,0.0,3,4.0
2,5.0,4.0,2.0,5.0,7,8,6,1.0,65.0,0.0,3,3.0
3,5.0,2.0,2.0,3.0,7,8,6,2.0,68.0,0.0,3,3.0
2,5.0,4.0,2.0,6.0,7,8,6,0.0,54.0,0.25,3,2.6666666666666665
2,4.0,5.0,2.0,3.0,7,8,6,2.0,56.0,0.0,3,1.3333333333333333
3,4.0,2.0,2.0,4.0,7,8,6,2.0,40.0,0.1666666666666666,3,2.0
2,5.0,3.0,2.0,4.0,7,8,6,2.0,44.0,0.25,3,0.5714285714285714
2,6.0,3.0,2.0,3.0,7,8,6,1.0,49.0,0.0,3,2.0
3,5.0,3.0,2.0,6.0,7,8,6,2.0,49.0,0.0,3,0.6
3,4.0,2.0,2.0,5.0,7,8,6,1.0,40.0,0.25,3,0.5
2,4.0,2.0,2.0,6.0,7,8,6,2.0,51.0,0.0,3,0.25
2,4.0,3.0,2.0,7.0,7,8,6,2.0,49.0,0.125,3,1.0
2,5.0,5.0,2.0,10.0,7,8,6,2.0,57.0,0.0,3,0.5714285714285714
2,4.0,2.0,2.0,3.0,7,8,6,2.0,46.0,0.1666666666666666,3,0.8571428571428571
3,5.0,3.0,2.0,7.0,7,8,6,3.0,48.0,0.0,3,4.0
1,5.0,5.0,2.0,6.0,7,8,6,2.0,73.0,0.0,3,2.0
2,2.0,4.0,2.0,4.0,7,8,6,1.0,82.0,0.0,3,3.0
1,2.0,2.0,2.0,10.0,7,8,6,1.0,53.0,0.0,3,5.0
0,5.0,3.0,2.0,1.0,7,8,6,0.0,79.0,0.0,3,2.0
2,5.0,4.0,2.0,3.0,7,8,6,1.0,36.0,0.2,3,1.6666666666666667
2,5.0,2.0,2.0,6.0,7,8,6,2.0,44.0,0.25,3,2.0
2,5.0,1.0,2.0,5.0,7,8,6,2.0,29.0,0.0,3,2.0
3,5.0,7.0,2.0,6.0,7,8,6,3.0,66.0,0.125,3,8.0
1,5.0,1.0,2.0,9.0,7,8,6,1.0,20.0,0.0,3,1.0
2,5.0,4.0,2.0,6.0,7,8,6,2.0,50.0,0.0,3,2.0
1,4.0,1.0,2.0,5.0,7,8,6,2.0,60.0,0.0,3,2.0
1,6.0,4.0,2.0,5.0,7,8,6,1.0,49.0,0.0,3,3.0
1,6.0,6.0,2.0,10.0,7,8,6,1.0,35.0,0.0,3,1.0
1,2.0,2.0,2.0,10.0,3,8,6,1.0,76.0,0.0,3,1.0
2,5.0,5.0,2.0,6.0,3,8,6,2.0,41.0,0.5,3,4.0
2,5.0,3.0,2.0,6.0,3,8,6,1.0,40.0,0.0,3,3.0
3,5.0,5.0,2.0,4.0,3,8,6,2.0,55.0,0.0,3,3.0
1,6.0,4.0,2.0,6.0,3,8,6,1.0,53.0,0.0,3,4.0
1,2.0,4.0,2.0,5.0,3,8,6,1.0,53.0,0.0,3,5.0
1,6.0,2.0,2.0,4.0,3,8,6,1.0,67.0,0.0,3,2.0
3,6.0,4.0,2.0,3.0,3,8,6,2.0,74.0,0.0,3,6.0
1,3.0,3.0,2.0,3.0,3,8,6,1.0,55.0,0.0,3,2.0
2,3.0,4.0,2.0,10.0,3,8,6,2.0,64.0,0.0,3,2.0
2,5.0,7.0,2.0,6.0,3,8,6,2.0,66.0,0.0,3,3.0
1,2.0,4.0,2.0,6.0,3,8,6,1.0,67.0,0.0,3,2.0
2,2.0,5.0,2.0,7.0,3,8,6,2.0,65.0,0.0,3,2.0
1,5.0,4.0,2.0,3.0,3,8,6,0.0,77.0,0.0,3,1.0
2,2.0,6.0,2.0,6.0,3,8,6,3.0,61.0,0.0,3,4.0
1,5.0,2.0,2.0,7.0,3,8,6,1.0,33.0,0.0,3,2.0
2,5.0,4.0,2.0,6.0,3,8,6,2.0,34.0,0.4,3,5.0
2,3.0,4.0,2.0,5.0,3,8,6,2.0,62.0,0.0,3,2.0
3,5.0,4.0,2.0,4.0,3,8,6,2.0,58.0,0.0,3,4.0
2,5.0,4.0,2.0,10.0,3,8,6,2.0,35.0,0.2,3,5.0
2,5.0,3.0,2.0,3.0,3,8,6,2.0,62.0,0.0,3,2.0
3,5.0,5.0,2.0,3.0,3,8,6,2.0,68.0,0.0,3,3.0
1,5.0,3.0,2.0,6.0,3,8,6,0.0,67.0,0.0,3,1.0
3,2.0,4.0,2.0,6.0,3,8,6,3.0,80.0,0.0,3,4.0
1,2.0,3.0,2.0,9.0,3,8,6,0.0,75.0,0.0,3,2.0
2,2.0,4.0,2.0,8.0,3,8,6,2.0,48.0,0.0,3,3.0
1,2.0,2.0,2.0,5.0,3,8,6,0.0,77.0,0.0,3,1.0
2,5.0,3.0,2.0,5.0,6,8,6,1.0,74.0,0.0,3,2.0
1,5.0,1.0,2.0,8.0,6,8,6,1.0,53.0,0.0,3,1.0
3,5.0,3.0,2.0,4.0,6,8,6,2.0,68.0,0.0,3,3.0
2,6.0,2.0,2.0,1.0,6,8,6,2.0,73.0,0.0,3,2.0
2,5.0,3.0,2.0,3.0,6,8,6,2.0,80.0,0.0,3,2.0
1,5.0,2.0,2.0,8.0,6,8,6,1.0,43.0,0.0,3,4.0
3,5.0,2.0,2.0,5.0,6,8,6,2.0,53.0,0.25,3,4.0
3,5.0,3.0,2.0,6.0,6,8,6,3.0,45.0,0.0,3,3.0
2,5.0,4.0,2.0,6.0,6,8,6,2.0,57.0,0.0,3,2.0
1,6.0,3.0,2.0,4.0,6,8,6,2.0,61.0,0.0,3,2.0
2,6.0,2.0,2.0,6.0,6,8,6,2.0,63.0,0.3333333333333333,3,3.0
3,4.0,2.0,2.0,6.0,5,8,6,3.0,57.0,0.0,3,3.0
2,4.0,5.0,2.0,10.0,5,8,6,1.0,68.0,0.0,3,2.0
1,4.0,2.0,2.0,5.0,5,8,6,1.0,71.0,0.0,3,1.0
1,4.0,2.0,2.0,6.0,5,8,6,1.0,59.0,0.0,3,3.0
1,4.0,2.0,2.0,8.0,5,8,6,1.0,40.0,0.0,3,1.0
2,5.0,2.0,2.0,3.0,5,8,6,2.0,54.0,0.0,3,2.0
2,5.0,3.0,2.0,1.0,5,8,6,1.0,62.0,0.0,3,2.0
1,6.0,1.0,2.0,3.0,5,8,6,1.0,58.0,0.0,3,1.0
1,4.0,2.0,2.0,3.0,5,8,6,1.0,81.0,0.0,3,0.5
2,4.0,3.0,2.0,6.0,5,8,6,2.0,40.0,0.2,3,5.0
1,4.0,4.0,2.0,4.0,5,8,6,1.0,54.0,0.0,3,2.0
2,4.0,4.0,2.0,5.0,5,8,6,1.0,73.0,0.5,3,4.0
1,6.0,1.0,2.0,3.0,5,8,6,0.0,82.0,0.0,3,4.0
1,4.0,2.0,2.0,8.0,5,8,6,1.0,54.0,0.0,3,3.0
2,4.0,2.0,2.0,7.0,7,8,6,2.0,43.0,0.4,3,5.0
1,5.0,2.0,2.0,5.0,7,8,6,1.0,61.0,0.3333333333333333,3,3.0
2,6.0,3.0,2.0,6.0,5,8,6,1.0,60.0,0.0,3,0.5
1,6.0,1.0,2.0,4.0,5,8,6,1.0,82.0,0.0,3,0.1666666666666666
2,6.0,2.0,2.0,4.0,5,8,6,1.0,77.0,0.0,3,2.0
2,4.0,4.0,2.0,3.0,5,8,6,1.0,82.0,0.0,3,2.0
3,6.0,2.0,2.0,6.0,5,8,6,2.0,33.0,0.375,3,8.0
2,6.0,3.0,2.0,6.0,5,8,6,1.0,80.0,0.0,3,4.0
2,6.0,2.0,2.0,5.0,5,8,6,1.0,72.0,0.0,3,3.0
3,4.0,2.0,2.0,1.0,7,8,6,2.0,77.0,0.25,3,4.0
1,4.0,4.0,2.0,3.0,7,8,6,1.0,59.0,0.0,3,3.0
2,6.0,5.0,2.0,3.0,7,8,6,1.0,77.0,0.3333333333333333,3,6.0
2,4.0,2.0,2.0,4.0,7,8,6,2.0,51.0,0.25,3,4.0
2,4.0,6.0,2.0,6.0,7,8,6,2.0,51.0,0.4,3,5.0
3,6.0,2.0,2.0,6.0,7,8,6,2.0,46.0,0.0,3,3.0
1,4.0,1.0,2.0,4.0,7,8,6,1.0,43.0,0.0,3,1.0
1,4.0,3.0,2.0,6.0,7,8,6,1.0,32.0,0.0,3,4.0
1,5.0,3.0,2.0,7.0,7,8,6,1.0,45.0,0.5,3,2.0
2,4.0,4.0,2.0,6.0,7,8,6,2.0,70.0,0.0,3,2.0
1,5.0,2.0,2.0,4.0,7,8,6,1.0,87.0,0.0,3,1.0
1,5.0,3.0,2.0,6.0,1,8,6,1.0,36.0,0.3333333333333333,3,3.0
3,5.0,3.0,2.0,5.0,1,8,6,3.0,54.0,0.0,3,3.0
2,5.0,4.0,2.0,5.0,1,8,6,2.0,70.0,0.0,3,2.0
2,5.0,4.0,2.0,6.0,1,8,6,2.0,41.0,0.0,3,3.0
1,5.0,2.0,2.0,3.0,1,8,6,0.0,73.0,0.0,3,1.0
2,6.0,1.0,2.0,3.0,1,8,6,1.0,40.0,0.25,3,4.0
2,5.0,1.0,2.0,6.0,1,8,6,1.0,29.0,0.5,3,4.0
2,3.0,5.0,2.0,6.0,1,8,6,2.0,69.0,0.0,3,2.0
2,5.0,3.0,2.0,4.0,1,8,6,2.0,66.0,0.0,3,2.0
2,3.0,3.0,2.0,8.0,1,8,6,1.0,71.0,0.0,3,3.0
2,6.0,3.0,2.0,6.0,1,8,6,1.0,41.0,0.3333333333333333,3,6.0
2,2.0,4.0,2.0,9.0,1,8,6,1.0,51.0,0.5,3,4.0
2,3.0,6.0,2.0,10.0,1,8,6,1.0,70.0,0.0,3,2.0
2,3.0,5.0,2.0,8.0,1,8,6,0.0,71.0,0.0,3,7.0
2,5.0,3.0,2.0,4.0,1,8,6,1.0,50.0,0.0,3,2.0
1,3.0,7.0,2.0,3.0,1,8,6,0.0,76.0,0.0,3,3.0
2,5.0,5.0,2.0,7.0,1,8,6,2.0,45.0,0.3333333333333333,3,3.0
2,3.0,5.0,2.0,6.0,1,8,6,2.0,55.0,0.0,3,3.0
2,3.0,4.0,2.0,3.0,1,8,6,0.0,55.0,0.0,3,2.0
2,5.0,4.0,2.0,3.0,1,8,6,1.0,43.0,0.0,3,3.0
1,5.0,2.0,2.0,6.0,1,8,6,1.0,55.0,0.0,3,1.0
2,5.0,4.0,2.0,3.0,1,8,6,1.0,53.0,0.4,3,5.0
2,5.0,3.0,2.0,3.0,1,8,6,1.0,80.0,0.0,3,2.0
2,5.0,5.0,2.0,4.0,1,8,6,1.0,41.0,0.2857142857142857,3,1.75
3,5.0,5.0,2.0,3.0,1,8,6,2.0,70.0,0.0,3,4.0
3,6.0,4.0,2.0,4.0,1,8,6,3.0,72.0,0.0,3,4.0
1,5.0,2.0,2.0,3.0,1,8,6,1.0,65.0,0.0,3,2.0
2,5.0,3.0,2.0,3.0,1,8,6,1.0,62.0,0.0,3,2.0
2,5.0,3.0,2.0,4.0,1,8,6,1.0,34.0,0.25,3,4.0
1,6.0,3.0,2.0,4.0,1,8,6,1.0,36.0,0.0,3,0.75
2,6.0,3.0,2.0,6.0,1,8,6,2.0,47.0,0.0,3,1.0
2,5.0,3.0,2.0,4.0,1,8,6,2.0,33.0,0.4,3,1.25
1,6.0,2.0,2.0,9.0,1,8,6,1.0,25.0,0.0,3,0.25
2,6.0,5.0,2.0,3.0,1,8,6,2.0,68.0,0.0,3,3.0
2,6.0,2.0,2.0,6.0,1,8,6,1.0,68.0,0.0,3,2.0
2,5.0,3.0,2.0,1.0,1,8,6,1.0,66.0,0.0,3,2.0
1,5.0,3.0,2.0,3.0,1,8,6,1.0,75.0,0.0,3,1.0
3,2.0,7.0,2.0,10.0,1,8,6,0.0,38.0,0.0,3,3.0
1,6.0,3.0,2.0,3.0,1,8,6,1.0,47.0,0.0,3,5.0
2,6.0,4.0,2.0,5.0,1,8,6,1.0,48.0,0.4,3,5.0
3,6.0,4.0,2.0,3.0,1,8,6,0.0,70.0,0.0,3,6.0
3,5.0,4.0,2.0,6.0,1,8,6,3.0,64.0,0.0,3,3.0
1,5.0,3.0,2.0,5.0,1,8,6,1.0,68.0,0.0,3,2.0
1,5.0,3.0,2.0,6.0,1,8,6,1.0,40.0,0.5,3,4.0
2,5.0,4.0,2.0,4.0,1,8,6,2.0,63.0,0.0,3,4.0
2,5.0,2.0,2.0,3.0,1,8,6,2.0,59.0,0.0,3,2.0
3,6.0,3.0,2.0,1.0,4,8,6,2.0,74.0,0.4,3,0.625
2,6.0,3.0,2.0,6.0,4,8,6,1.0,37.0,0.25,3,0.5
2,6.0,3.0,2.0,6.0,4,8,6,2.0,47.0,0.0,3,0.375
1,6.0,1.0,2.0,4.0,4,8,6,1.0,54.0,0.0,3,0.125
1,6.0,2.0,2.0,3.0,4,8,6,1.0,54.0,0.0,3,1.0
1,6.0,1.0,2.0,3.0,4,8,6,1.0,32.0,0.3333333333333333,3,3.0
1,6.0,1.0,2.0,3.0,4,8,6,1.0,59.0,0.0,3,1.0
2,6.0,3.0,2.0,5.0,4,8,6,1.0,44.0,0.5,3,4.0
1,6.0,1.0,2.0,3.0,4,8,6,1.0,73.0,0.0,3,2.0
2,6.0,4.0,2.0,1.0,4,8,6,1.0,72.0,0.0,3,2.0
3,6.0,5.0,2.0,6.0,4,8,6,2.0,47.0,0.3333333333333333,3,6.0
1,6.0,2.0,2.0,1.0,4,8,6,1.0,83.0,0.0,3,2.0
1,6.0,3.0,2.0,4.0,4,8,6,2.0,65.0,0.0,3,2.0
2,6.0,5.0,2.0,4.0,4,8,6,2.0,60.0,0.0,3,4.0
2,6.0,3.0,2.0,4.0,4,8,6,2.0,39.0,0.0,3,0.6666666666666666
1,6.0,1.0,2.0,6.0,4,8,6,0.0,33.0,0.5,3,0.3333333333333333
1,5.0,3.0,2.0,4.0,6,8,6,1.0,76.0,0.2,3,5.0
3,1.0,6.0,2.0,8.0,6,8,6,3.0,76.0,0.2,3,5.0
2,1.0,7.0,2.0,10.0,6,8,6,0.0,76.0,0.0,3,2.0
1,5.0,4.0,2.0,8.0,6,8,6,1.0,51.0,0.0,3,3.0
3,4.0,4.0,2.0,6.0,6,8,6,3.0,59.0,0.0,3,3.0
0,3.0,4.0,2.0,10.0,6,8,6,0.0,70.0,0.0,3,4.0
2,4.0,2.0,2.0,10.0,6,8,6,1.0,65.0,0.0,3,2.0
2,5.0,3.0,2.0,6.0,6,8,6,2.0,73.0,0.0,3,0.2857142857142857
2,5.0,4.0,2.0,4.0,6,8,6,1.0,54.0,0.2,3,5.0
2,5.0,4.0,2.0,5.0,6,8,6,2.0,58.0,0.0,3,2.0
2,5.0,3.0,2.0,7.0,6,8,6,2.0,49.0,0.3333333333333333,3,3.0
2,5.0,2.0,2.0,6.0,6,8,6,2.0,43.0,0.0,3,4.0
3,6.0,2.0,2.0,4.0,6,8,6,0.0,34.0,0.25,3,4.0
1,4.0,3.0,2.0,3.0,6,8,6,0.0,49.0,0.0,3,0.5
1,5.0,6.0,2.0,6.0,6,8,6,1.0,46.0,0.0,3,5.0
2,6.0,4.0,2.0,6.0,6,8,6,2.0,55.0,0.0,3,2.0
2,6.0,3.0,2.0,3.0,6,8,6,2.0,72.0,0.0,3,1.0
1,4.0,2.0,2.0,1.0,6,8,6,1.0,89.0,0.0,3,0.2
1,5.0,2.0,2.0,4.0,6,8,6,1.0,66.0,0.0,3,2.0
1,5.0,2.0,2.0,4.0,6,8,6,1.0,62.0,0.0,3,2.0
2,6.0,5.0,2.0,6.0,6,8,6,1.0,50.0,0.0,3,3.0
1,4.0,1.0,2.0,4.0,6,8,6,0.0,82.0,0.0,3,0.5
2,4.0,3.0,2.0,5.0,6,8,6,2.0,39.0,0.5,3,2.0
2,6.0,2.0,2.0,3.0,6,8,6,0.0,81.0,0.0,3,2.0
1,5.0,1.0,2.0,1.0,6,8,6,1.0,84.0,0.0,3,0.1666666666666666
1,6.0,3.0,2.0,3.0,6,8,6,1.0,53.0,0.0,3,0.1666666666666666
2,6.0,1.0,2.0,3.0,6,8,6,0.0,71.0,0.0,3,2.0
1,5.0,3.0,2.0,6.0,6,8,6,1.0,50.0,0.0,3,5.0
2,6.0,1.0,2.0,1.0,6,8,6,1.0,75.0,0.0,3,2.0
3,5.0,1.0,2.0,6.0,6,8,6,2.0,48.0,0.4,3,1.0
3,6.0,3.0,2.0,5.0,6,8,6,3.0,48.0,0.0,3,0.4285714285714285
3,5.0,6.0,2.0,6.0,6,8,6,2.0,51.0,0.25,3,0.8
1,5.0,2.0,2.0,4.0,6,8,6,1.0,52.0,0.5,3,0.2857142857142857
2,6.0,4.0,2.0,3.0,6,8,6,3.0,57.0,0.0,3,0.6
1,6.0,1.0,2.0,3.0,6,8,6,1.0,60.0,0.0,3,0.1428571428571428
1,6.0,2.0,2.0,5.0,6,8,6,1.0,53.0,0.0,3,0.1428571428571428
1,6.0,1.0,2.0,4.0,6,8,6,1.0,52.0,0.0,3,2.0
1,5.0,1.0,2.0,3.0,6,8,6,1.0,72.0,0.0,3,1.0
1,6.0,1.0,2.0,1.0,6,8,6,1.0,68.0,0.0,3,2.0
2,6.0,2.0,2.0,5.0,7,8,6,1.0,44.0,0.5,3,4.0
1,6.0,1.0,2.0,1.0,7,8,6,1.0,59.0,0.0,3,1.0
3,6.0,1.0,2.0,6.0,7,8,6,3.0,50.0,0.1666666666666666,3,6.0
1,4.0,1.0,2.0,1.0,7,8,6,1.0,61.0,0.5,3,2.0
1,5.0,4.0,2.0,4.0,7,8,6,2.0,41.0,0.3333333333333333,3,3.0
2,5.0,2.0,2.0,4.0,7,8,6,2.0,69.0,0.0,3,2.0
3,5.0,1.0,2.0,5.0,7,8,6,3.0,52.0,0.25,3,4.0
1,3.0,5.0,2.0,6.0,7,8,6,0.0,49.0,0.0,3,1.0
2,5.0,4.0,2.0,1.0,7,8,6,2.0,60.0,0.0,3,4.0
2,5.0,4.0,2.0,4.0,7,8,6,2.0,52.0,0.0,3,3.0
2,3.0,3.0,2.0,6.0,7,8,6,1.0,70.0,0.0,3,3.0
2,5.0,6.0,2.0,5.0,7,8,6,1.0,79.0,0.0,3,2.0
1,5.0,3.0,2.0,1.0,7,8,6,0.0,67.0,0.0,3,1.0
3,5.0,3.0,2.0,4.0,7,8,6,3.0,58.0,0.0,3,3.0
1,5.0,3.0,2.0,3.0,7,8,6,1.0,46.0,0.5,3,2.0
2,5.0,3.0,2.0,4.0,7,8,6,3.0,53.0,0.0,3,3.0
3,5.0,3.0,2.0,5.0,7,8,6,3.0,50.0,0.2,3,5.0
3,4.0,5.0,2.0,4.0,7,8,6,2.0,41.0,0.2,3,0.625
2,4.0,2.0,2.0,3.0,7,8,6,1.0,38.0,0.3333333333333333,3,0.375
2,4.0,6.0,2.0,5.0,7,8,6,2.0,59.0,0.0,3,0.25
2,6.0,1.0,2.0,3.0,7,8,6,2.0,74.0,0.0,3,0.25
2,6.0,5.0,2.0,3.0,7,8,6,2.0,63.0,0.0,3,0.25
1,6.0,1.0,2.0,1.0,7,8,6,0.0,90.0,0.0,3,0.125
2,4.0,3.0,2.0,3.0,7,8,6,2.0,68.0,0.0,3,0.25
2,6.0,5.0,2.0,4.0,7,8,6,2.0,43.0,0.4,3,0.625
1,5.0,3.0,2.0,3.0,7,8,6,1.0,64.0,0.0,3,0.125
2,4.0,2.0,2.0,4.0,7,8,6,2.0,36.0,0.5,3,0.5
3,6.0,3.0,2.0,4.0,7,8,6,3.0,26.0,0.4,3,5.0
3,5.0,4.0,2.0,4.0,7,8,6,3.0,38.0,0.4,3,5.0
3,6.0,1.0,2.0,5.0,7,8,6,3.0,35.0,0.5,3,6.0
2,6.0,3.0,2.0,4.0,7,8,6,2.0,62.0,0.0,3,8.0
2,6.0,3.0,2.0,4.0,7,8,6,2.0,49.0,0.3333333333333333,3,3.0
2,6.0,2.0,2.0,4.0,7,8,6,2.0,25.0,0.3333333333333333,3,3.0
2,6.0,1.0,2.0,4.0,7,8,6,3.0,43.0,0.3333333333333333,3,6.0
2,6.0,3.0,2.0,4.0,7,8,6,2.0,34.0,0.5,3,4.0
1,5.0,3.0,2.0,4.0,7,8,6,1.0,26.0,0.5,3,2.0
2,6.0,3.0,2.0,4.0,7,8,6,2.0,24.0,0.3333333333333333,3,3.0
1,5.0,4.0,2.0,1.0,7,8,6,1.0,67.0,0.0,3,1.0
2,5.0,1.0,2.0,6.0,7,8,6,1.0,58.0,0.0,3,2.0
2,5.0,2.0,2.0,5.0,7,8,6,2.0,31.0,0.4,3,5.0
3,5.0,4.0,2.0,10.0,7,8,6,3.0,35.0,0.2857142857142857,3,7.0
3,5.0,2.0,2.0,6.0,7,8,6,3.0,67.0,0.4,3,5.0
2,3.0,3.0,2.0,8.0,7,8,6,1.0,55.0,0.0,3,2.0
1,3.0,4.0,2.0,6.0,7,8,6,1.0,64.0,0.0,3,1.0
1,5.0,2.0,2.0,3.0,7,8,6,1.0,70.0,0.0,3,1.0
1,6.0,1.0,2.0,6.0,7,8,6,1.0,64.0,0.0,3,3.0
1,5.0,2.0,2.0,3.0,7,8,6,1.0,57.0,0.0,3,2.0
2,6.0,2.0,2.0,9.0,7,8,6,2.0,53.0,0.0,3,4.0
2,5.0,4.0,2.0,6.0,7,8,6,0.0,84.0,0.0,3,2.0
2,3.0,4.0,2.0,9.0,7,8,6,2.0,59.0,0.0,3,2.0
1,6.0,1.0,2.0,4.0,7,8,6,0.0,70.0,0.0,3,1.0
2,6.0,4.0,2.0,1.0,7,8,6,1.0,67.0,0.1666666666666666,3,6.0
2,6.0,1.0,2.0,5.0,7,8,6,2.0,57.0,0.0,3,2.0
1,6.0,3.0,2.0,6.0,7,8,6,1.0,44.0,0.0,3,1.0
1,6.0,5.0,2.0,4.0,7,8,6,2.0,55.0,0.0,3,3.0
2,6.0,3.0,2.0,3.0,7,8,6,2.0,60.0,0.0,3,2.0
3,6.0,1.0,2.0,6.0,7,8,6,3.0,53.0,0.0,3,3.0
2,6.0,2.0,2.0,4.0,7,8,6,1.0,33.0,0.4,3,5.0
2,6.0,1.0,2.0,5.0,7,8,6,2.0,39.0,0.0,3,2.0
1,6.0,2.0,2.0,9.0,7,8,6,1.0,44.0,0.5,3,2.0
2,6.0,2.0,2.0,5.0,7,8,6,2.0,51.0,0.0,3,2.0
1,5.0,2.0,2.0,6.0,7,8,6,1.0,34.0,0.0,3,2.0
2,3.0,5.0,2.0,7.0,3,8,6,1.0,53.0,0.0,3,3.0
2,5.0,4.0,2.0,6.0,3,8,6,2.0,52.0,0.0,3,3.0
1,1.0,1.0,2.0,3.0,3,8,6,0.0,92.0,0.0,3,1.0
1,5.0,1.0,2.0,3.0,3,8,6,0.0,95.0,0.0,3,0.5
2,3.0,2.0,2.0,1.0,3,8,6,1.0,83.0,0.0,3,3.0
3,5.0,5.0,2.0,6.0,3,8,6,3.0,61.0,0.0,3,3.0
2,3.0,4.0,2.0,10.0,3,8,6,2.0,45.0,0.0,3,2.0
2,3.0,6.0,2.0,10.0,3,8,6,2.0,58.0,0.0,3,2.0
2,1.0,6.0,2.0,10.0,3,8,6,1.0,63.0,0.0,3,3.0
2,5.0,3.0,2.0,10.0,3,8,6,0.0,70.0,0.0,3,3.0
3,5.0,3.0,2.0,10.0,3,8,6,2.0,25.0,0.0,3,3.0
2,6.0,3.0,2.0,6.0,3,8,6,1.0,40.0,0.0,3,4.0
1,5.0,2.0,2.0,6.0,3,8,6,1.0,49.0,0.0,3,1.0
1,3.0,3.0,2.0,3.0,3,8,6,1.0,65.0,0.0,3,1.0
3,5.0,5.0,2.0,6.0,3,8,6,3.0,53.0,0.0,3,3.0
1,5.0,5.0,2.0,4.0,3,8,6,1.0,62.0,0.0,3,1.0
1,5.0,3.0,2.0,6.0,3,8,6,0.0,37.0,0.0,3,3.0
3,5.0,3.0,2.0,8.0,3,8,6,2.0,62.0,0.4,3,5.0
3,5.0,4.0,2.0,6.0,3,8,6,3.0,34.0,0.2,3,5.0
3,5.0,6.0,2.0,10.0,3,8,6,3.0,71.0,0.0,3,4.0
3,5.0,5.0,2.0,6.0,3,8,6,3.0,55.0,0.0,3,5.0
1,5.0,4.0,2.0,5.0,3,8,6,1.0,41.0,0.2,3,5.0
3,5.0,5.0,2.0,5.0,3,8,6,3.0,55.0,0.0,3,5.0
2,5.0,3.0,2.0,6.0,3,8,6,0.0,25.0,0.0,3,0.6666666666666666
1,5.0,2.0,2.0,9.0,3,8,6,1.0,26.0,0.0,3,0.3333333333333333
2,5.0,2.0,2.0,10.0,3,8,6,1.0,52.0,0.0,3,0.6666666666666666
3,3.0,4.0,2.0,6.0,3,8,6,3.0,70.0,0.0,3,4.0
2,5.0,4.0,2.0,4.0,3,8,6,2.0,44.0,0.2,3,1.6666666666666667
2,2.0,4.0,2.0,9.0,3,8,6,2.0,53.0,0.0,3,3.0
1,5.0,2.0,2.0,6.0,3,8,6,1.0,19.0,0.0,3,1.0
1,6.0,1.0,2.0,6.0,3,8,6,1.0,34.0,0.0,3,1.0
1,5.0,2.0,2.0,4.0,6,8,6,1.0,58.0,0.0,3,4.0
2,5.0,2.0,2.0,6.0,6,8,6,2.0,45.0,0.0,3,2.0
1,5.0,1.0,2.0,10.0,3,8,6,1.0,27.0,0.5,3,0.2857142857142857
1,5.0,3.0,2.0,6.0,3,8,6,2.0,87.0,0.0,3,2.0
2,5.0,2.0,2.0,3.0,3,8,6,1.0,75.0,0.0,3,2.0
2,5.0,3.0,2.0,8.0,3,8,6,1.0,36.0,0.5,3,4.0
1,5.0,4.0,2.0,6.0,3,8,6,1.0,64.0,0.0,3,1.0
1,5.0,4.0,2.0,6.0,3,8,6,1.0,50.0,0.0,3,3.0
2,5.0,3.0,2.0,6.0,3,8,6,3.0,54.0,0.0,3,3.0
1,5.0,1.0,2.0,1.0,3,8,6,1.0,74.0,0.0,3,1.0
3,6.0,5.0,2.0,5.0,1,8,6,3.0,38.0,0.1666666666666666,3,1.5
1,5.0,2.0,2.0,8.0,1,8,6,1.0,21.0,0.5,3,0.5
1,6.0,1.0,2.0,3.0,1,8,6,1.0,33.0,0.0,3,0.25
2,5.0,4.0,2.0,8.0,1,8,6,2.0,40.0,0.25,3,1.0
2,3.0,5.0,2.0,8.0,1,8,6,2.0,50.0,0.0,3,4.0
1,5.0,3.0,2.0,9.0,1,8,6,1.0,56.0,0.0,3,1.0
1,5.0,2.0,2.0,3.0,1,8,6,0.0,78.0,0.0,3,1.0
2,5.0,5.0,2.0,6.0,1,8,6,2.0,49.0,0.25,3,4.0
1,5.0,3.0,2.0,3.0,1,8,6,1.0,45.0,0.0,3,1.0
2,5.0,3.0,2.0,6.0,1,8,6,1.0,34.0,0.0,3,2.0
1,5.0,4.0,2.0,10.0,1,8,6,1.0,48.0,0.0,3,1.3333333333333333
3,5.0,4.0,2.0,5.0,1,8,6,3.0,67.0,0.0,3,5.0
1,5.0,2.0,2.0,3.0,1,8,6,0.0,88.0,0.0,3,1.0
1,2.0,3.0,2.0,3.0,1,8,6,1.0,69.0,0.0,3,0.6666666666666666
2,6.0,3.0,2.0,5.0,1,8,6,2.0,53.0,0.0,3,4.0
2,5.0,3.0,2.0,4.0,1,8,6,0.0,77.0,0.0,3,2.0
2,5.0,5.0,2.0,4.0,1,8,6,2.0,64.0,0.0,3,5.0
2,7.0,4.0,2.0,10.0,1,8,6,2.0,43.0,0.25,3,4.0
1,5.0,2.0,2.0,6.0,1,8,6,1.0,40.0,0.5,3,4.0
1,6.0,3.0,2.0,5.0,1,8,6,1.0,58.0,0.0,3,1.0
2,2.0,4.0,2.0,6.0,1,8,6,2.0,44.0,0.2,3,5.0
3,5.0,3.0,2.0,6.0,1,8,6,3.0,49.0,0.4285714285714285,3,7.0
2,5.0,4.0,2.0,3.0,1,8,6,2.0,49.0,0.3333333333333333,3,0.75
1,6.0,3.0,2.0,3.0,1,8,6,1.0,59.0,0.0,3,0.25
3,3.0,5.0,2.0,6.0,7,8,6,3.0,53.0,0.0,3,3.0
2,5.0,3.0,2.0,5.0,7,8,6,2.0,67.0,0.3333333333333333,3,3.0
1,5.0,4.0,2.0,6.0,7,8,6,2.0,42.0,0.3333333333333333,3,3.0
3,5.0,3.0,2.0,6.0,7,8,6,3.0,59.0,0.3333333333333333,3,6.0
2,5.0,3.0,2.0,4.0,7,8,6,1.0,69.0,0.0,3,2.0
3,3.0,6.0,2.0,6.0,7,8,6,2.0,75.0,0.3333333333333333,3,6.0
1,4.0,4.0,2.0,5.0,7,8,6,0.0,78.0,0.0,3,1.0
3,4.0,4.0,2.0,8.0,7,8,6,3.0,39.0,0.0,3,3.0
2,4.0,4.0,2.0,7.0,7,8,6,2.0,43.0,0.25,3,4.0
2,6.0,4.0,2.0,10.0,7,8,6,3.0,67.0,0.1428571428571428,3,7.0
1,5.0,1.0,2.0,6.0,7,8,6,0.0,71.0,0.0,3,1.0
3,5.0,3.0,2.0,6.0,7,8,6,3.0,34.0,0.0,3,1.0
3,6.0,1.0,2.0,4.0,7,8,6,2.0,65.0,0.0,3,0.4285714285714285
2,6.0,3.0,2.0,6.0,7,8,6,2.0,41.0,0.0,3,5.0
2,6.0,5.0,2.0,3.0,7,8,6,1.0,48.0,0.1666666666666666,3,6.0
2,5.0,3.0,2.0,8.0,7,8,6,2.0,32.0,0.6,3,0.7142857142857143
2,6.0,3.0,2.0,5.0,7,8,6,2.0,37.0,0.3333333333333333,3,6.0
3,5.0,4.0,2.0,5.0,7,8,6,3.0,42.0,0.0,3,4.0
3,5.0,3.0,2.0,6.0,7,8,6,3.0,40.0,0.3333333333333333,3,1.2
1,5.0,3.0,2.0,6.0,7,8,6,2.0,38.0,0.4,3,1.0
3,5.0,3.0,2.0,7.0,7,8,6,3.0,24.0,0.4285714285714285,3,7.0
2,5.0,5.0,2.0,1.0,7,8,6,2.0,53.0,0.0,3,2.0
3,6.0,1.0,2.0,5.0,7,8,6,3.0,57.0,0.0,3,3.0
2,3.0,4.0,2.0,9.0,7,8,6,3.0,38.0,0.4,3,5.0
2,2.0,3.0,2.0,10.0,7,8,6,2.0,28.0,0.0,3,4.0
3,5.0,4.0,2.0,3.0,7,8,6,3.0,47.0,0.1666666666666666,3,6.0
1,5.0,3.0,2.0,6.0,7,8,6,1.0,58.0,0.25,3,4.0
2,6.0,2.0,2.0,8.0,7,8,6,2.0,49.0,0.0,3,4.0
3,5.0,4.0,2.0,6.0,7,8,6,2.0,45.0,0.0,3,4.0
3,5.0,1.0,2.0,5.0,7,8,6,3.0,38.0,0.3333333333333333,3,1.2
2,5.0,3.0,2.0,10.0,7,8,6,2.0,45.0,0.3333333333333333,3,0.6
2,5.0,4.0,2.0,3.0,7,8,6,2.0,51.0,0.0,3,0.2857142857142857
2,4.0,3.0,2.0,4.0,7,8,6,2.0,27.0,0.6,3,0.625
2,4.0,5.0,2.0,3.0,7,8,6,1.0,65.0,0.3333333333333333,3,0.375
2,5.0,2.0,2.0,10.0,7,8,6,3.0,37.0,0.4285714285714285,3,0.875
2,4.0,1.0,2.0,3.0,7,8,6,2.0,39.0,0.0,3,0.375
1,4.0,2.0,2.0,4.0,7,8,6,2.0,32.0,0.5,3,0.5
2,4.0,3.0,2.0,3.0,7,8,6,3.0,35.0,0.4444444444444444,3,1.125
1,6.0,3.0,2.0,1.0,7,8,6,2.0,78.0,0.0,3,0.375
1,6.0,4.0,2.0,1.0,5,8,6,0.0,80.0,0.0,3,1.0
1,6.0,1.0,2.0,3.0,5,8,6,1.0,61.0,0.0,3,1.0
1,6.0,1.0,2.0,1.0,5,8,6,1.0,77.0,0.0,3,1.0
1,6.0,3.0,2.0,1.0,5,8,6,1.0,76.0,0.0,3,1.0
1,6.0,1.0,2.0,1.0,5,8,6,1.0,77.0,0.0,3,0.1428571428571428
2,5.0,5.0,2.0,10.0,2,8,6,1.0,40.0,0.0,3,2.0
1,1.0,4.0,2.0,7.0,2,8,6,1.0,36.0,0.0,3,2.0
2,6.0,4.0,2.0,8.0,1,8,6,2.0,44.0,0.25,3,4.0
2,5.0,3.0,2.0,6.0,5,8,6,2.0,61.0,0.0,3,2.0
2,6.0,6.0,2.0,5.0,5,8,6,0.0,70.0,0.2,3,5.0
2,3.0,4.0,2.0,8.0,2,8,6,3.0,46.0,0.2,3,5.0
2,5.0,4.0,2.0,6.0,2,8,6,2.0,46.0,0.0,3,4.0
3,3.0,4.0,2.0,10.0,2,8,6,3.0,54.0,0.0,3,4.0
2,3.0,2.0,2.0,5.0,2,8,6,1.0,75.0,0.0,3,2.0
2,6.0,2.0,2.0,1.0,5,8,6,2.0,46.0,0.0,3,2.5
2,6.0,1.0,2.0,3.0,5,8,6,2.0,30.0,0.5,3,4.0
2,4.0,5.0,2.0,3.0,5,8,6,1.0,55.0,0.0,3,2.0
1,6.0,2.0,2.0,1.0,5,8,6,0.0,83.0,0.0,3,1.0
3,6.0,4.0,2.0,4.0,5,8,6,1.0,40.0,0.3333333333333333,3,6.0
2,6.0,4.0,2.0,7.0,5,8,6,1.0,44.0,0.5,3,4.0
2,6.0,4.0,2.0,6.0,5,8,6,2.0,42.0,0.3333333333333333,3,6.0
2,6.0,4.0,2.0,4.0,5,8,6,1.0,66.0,0.0,3,2.0
1,5.0,3.0,2.0,6.0,7,8,6,3.0,38.0,0.0,3,3.0
1,4.0,3.0,2.0,6.0,7,8,6,1.0,62.0,0.0,3,4.0
1,5.0,2.0,2.0,1.0,7,8,6,1.0,75.0,0.0,3,1.0
2,4.0,1.0,2.0,7.0,7,8,6,2.0,46.0,0.5,3,4.0
3,5.0,1.0,2.0,6.0,7,8,6,3.0,27.0,0.4,3,5.0
1,5.0,3.0,2.0,1.0,2,8,6,1.0,76.0,0.0,3,0.25
1,5.0,3.0,2.0,6.0,2,8,6,1.0,56.0,0.0,3,0.5
1,6.0,1.0,2.0,4.0,2,8,6,0.0,69.0,0.0,3,0.25
2,6.0,3.0,2.0,6.0,2,8,6,2.0,50.0,0.0,3,0.75
3,5.0,3.0,2.0,6.0,2,8,6,3.0,43.0,0.4,3,1.25
1,5.0,3.0,2.0,4.0,2,8,6,1.0,60.0,0.0,3,0.25
3,6.0,2.0,2.0,3.0,2,8,6,3.0,51.0,0.0,3,1.0
1,6.0,3.0,2.0,1.0,2,8,6,2.0,66.0,0.0,3,0.625
2,6.0,1.0,2.0,6.0,5,8,6,2.0,66.0,0.0,3,2.0
2,5.0,1.0,2.0,6.0,5,8,6,1.0,55.0,0.0,3,2.0
1,5.0,1.0,2.0,6.0,5,8,6,1.0,54.0,0.0,3,1.0
1,5.0,2.0,2.0,5.0,5,8,6,2.0,52.0,0.0,3,2.0
1,4.0,1.0,2.0,5.0,5,8,6,1.0,57.0,0.0,3,0.1428571428571428
1,3.0,2.0,2.0,6.0,2,8,6,1.0,52.0,0.0,3,1.0
1,5.0,3.0,2.0,5.0,2,8,6,1.0,29.0,0.5,3,4.0
3,5.0,4.0,2.0,5.0,2,8,6,2.0,76.0,0.0,3,4.0
2,5.0,4.0,2.0,10.0,2,8,6,2.0,61.0,0.0,3,4.0
2,5.0,4.0,2.0,10.0,2,8,6,2.0,49.0,0.0,3,4.0
2,4.0,3.0,2.0,6.0,7,8,6,1.0,25.0,0.4,3,0.625
1,4.0,1.0,2.0,3.0,7,8,6,1.0,60.0,0.0,3,0.125
2,6.0,1.0,2.0,5.0,7,8,6,1.0,23.0,0.5,3,4.0
1,6.0,1.0,2.0,3.0,7,8,6,2.0,42.0,0.3333333333333333,3,0.5
2,6.0,1.0,2.0,1.0,7,8,6,2.0,27.0,0.5,3,4.0
3,6.0,2.0,2.0,4.0,7,8,6,3.0,52.0,0.2,3,5.0
2,5.0,4.0,2.0,6.0,4,8,6,2.0,60.0,0.0,3,2.0
2,5.0,1.0,2.0,9.0,4,8,6,2.0,66.0,0.0,3,1.0
2,5.0,4.0,2.0,3.0,4,8,6,1.0,77.0,0.0,3,2.0
1,4.0,5.0,2.0,3.0,4,8,6,1.0,62.0,0.0,3,1.0
2,5.0,4.0,2.0,6.0,4,8,6,2.0,40.0,0.5,3,4.0
1,3.0,1.0,2.0,4.0,4,8,6,1.0,57.0,0.0,3,1.0
3,4.0,5.0,2.0,3.0,7,8,6,3.0,57.0,0.0,3,3.0
2,6.0,3.0,2.0,1.0,7,8,6,0.0,80.0,0.0,3,2.0
3,2.0,2.0,2.0,6.0,7,8,6,2.0,52.0,0.4,3,5.0
2,3.0,4.0,2.0,8.0,7,8,6,2.0,40.0,0.25,3,4.0
2,5.0,3.0,2.0,4.0,7,8,6,2.0,54.0,0.0,3,2.0
1,5.0,4.0,2.0,10.0,7,8,6,1.0,73.0,0.0,3,3.0
2,5.0,2.0,2.0,8.0,7,8,6,3.0,59.0,0.4,3,5.0
2,3.0,4.0,2.0,10.0,7,8,6,2.0,43.0,0.0,3,3.0
2,6.0,1.0,2.0,6.0,7,8,6,3.0,67.0,0.0,3,3.0
2,6.0,3.0,2.0,6.0,7,8,6,3.0,48.0,0.0,3,3.0
2,6.0,3.0,2.0,6.0,4,8,6,2.0,44.0,0.3333333333333333,3,3.0
2,4.0,4.0,2.0,3.0,4,8,6,2.0,60.0,0.0,3,2.0
2,6.0,4.0,2.0,3.0,4,8,6,2.0,37.0,0.25,3,4.0
2,6.0,4.0,2.0,4.0,4,8,6,1.0,24.0,0.3333333333333333,3,3.0
1,5.0,1.0,2.0,6.0,4,8,6,1.0,30.0,0.5,3,4.0
3,5.0,6.0,2.0,6.0,4,8,6,3.0,75.0,0.0,3,4.0
2,6.0,4.0,2.0,4.0,4,8,6,2.0,39.0,0.0,3,3.0
3,6.0,2.0,2.0,1.0,7,8,6,2.0,91.0,0.0,3,3.0
1,5.0,1.0,2.0,3.0,7,8,6,1.0,81.0,0.0,3,0.2
2,6.0,2.0,2.0,3.0,7,8,6,3.0,51.0,0.4,3,1.0
2,6.0,2.0,2.0,1.0,7,8,6,2.0,69.0,0.0,3,2.0
2,4.0,2.0,2.0,5.0,7,8,6,2.0,22.0,0.5,3,0.5714285714285714
3,6.0,2.0,2.0,6.0,7,8,6,3.0,31.0,0.0,3,3.0
2,3.0,7.0,2.0,6.0,7,8,6,2.0,51.0,0.3333333333333333,3,3.0
2,5.0,4.0,2.0,6.0,7,8,6,1.0,21.0,0.0,3,2.0
1,6.0,3.0,2.0,1.0,7,8,6,1.0,78.0,0.0,3,1.0
1,5.0,4.0,2.0,3.0,7,8,6,1.0,65.0,0.0,3,1.0
2,5.0,2.0,2.0,6.0,7,8,6,2.0,47.0,0.4,3,5.0
1,5.0,2.0,2.0,3.0,7,8,6,1.0,87.0,0.0,3,1.0
1,6.0,2.0,2.0,1.0,7,8,6,1.0,84.0,0.0,3,1.0
3,5.0,3.0,2.0,6.0,7,8,6,3.0,50.0,0.25,3,1.0
1,6.0,2.0,2.0,3.0,7,8,6,1.0,60.0,0.0,3,0.125
3,6.0,4.0,2.0,4.0,7,8,6,3.0,72.0,0.0,3,4.0
3,5.0,3.0,2.0,3.0,7,8,6,3.0,58.0,0.0,3,4.0
1,6.0,4.0,2.0,3.0,7,8,6,1.0,76.0,0.0,3,1.0
1,5.0,6.0,2.0,1.0,7,8,6,2.0,69.0,0.0,3,2.0
2,6.0,3.0,2.0,4.0,7,8,6,2.0,70.0,0.0,3,3.0
1,6.0,3.0,2.0,3.0,7,8,6,2.0,84.0,0.0,3,0.3333333333333333
3,5.0,4.0,2.0,3.0,7,8,6,3.0,47.0,0.25,3,4.0
3,4.0,2.0,2.0,3.0,7,8,6,3.0,51.0,0.1111111111111111,3,1.125
1,4.0,2.0,2.0,3.0,7,8,6,2.0,60.0,0.0,3,0.25
2,5.0,4.0,2.0,10.0,7,8,6,3.0,62.0,0.2,3,1.0
2,4.0,2.0,2.0,10.0,7,8,6,2.0,38.0,0.6,3,1.0
2,3.0,5.0,2.0,9.0,2,8,6,2.0,64.0,0.0,3,4.0
2,3.0,6.0,2.0,4.0,2,8,6,1.0,79.0,0.0,3,3.0
2,5.0,4.0,2.0,6.0,2,8,6,1.0,57.0,0.25,3,4.0
1,3.0,5.0,2.0,6.0,2,8,6,1.0,37.0,0.25,3,4.0
1,5.0,2.0,2.0,4.0,2,8,6,0.0,84.0,0.0,3,1.0
3,5.0,4.0,2.0,8.0,2,8,6,2.0,62.0,0.0,3,4.0
1,5.0,3.0,2.0,4.0,2,8,6,1.0,58.0,0.0,3,1.0
1,3.0,4.0,2.0,6.0,2,8,6,1.0,53.0,0.3333333333333333,3,3.0
3,5.0,5.0,2.0,8.0,2,8,6,2.0,52.0,0.0,3,4.0
2,3.0,1.0,2.0,10.0,2,8,6,1.0,32.0,0.5,3,4.0
1,5.0,1.0,2.0,5.0,2,8,6,1.0,61.0,0.0,3,1.0
1,3.0,2.0,2.0,10.0,2,8,6,1.0,25.0,0.0,3,2.0
3,6.0,4.0,2.0,3.0,2,8,6,2.0,62.0,0.2857142857142857,3,7.0
2,6.0,4.0,2.0,3.0,2,8,6,2.0,42.0,0.0,3,3.0
1,5.0,4.0,2.0,6.0,2,8,6,0.0,36.0,0.4,3,5.0
3,5.0,5.0,2.0,4.0,2,8,6,2.0,53.0,0.4,3,5.0
3,5.0,5.0,2.0,6.0,2,8,6,1.0,65.0,0.0,3,3.0
3,3.0,5.0,2.0,5.0,2,8,6,3.0,54.0,0.4,3,5.0
2,5.0,4.0,2.0,6.0,5,8,6,2.0,42.0,0.0,3,6.0
3,6.0,2.0,2.0,4.0,5,8,6,2.0,67.0,0.0,3,4.0
3,6.0,5.0,2.0,6.0,5,8,6,1.0,53.0,0.0,3,4.0
2,6.0,6.0,2.0,5.0,5,8,6,1.0,31.0,0.3333333333333333,3,3.0
2,5.0,2.0,2.0,6.0,5,8,6,2.0,71.0,0.0,3,3.0
3,5.0,3.0,2.0,4.0,5,8,6,1.0,78.0,0.0,3,3.0
1,5.0,3.0,2.0,5.0,5,8,6,1.0,48.0,0.0,3,1.0
2,5.0,2.0,2.0,3.0,5,8,6,2.0,37.0,0.25,3,4.0
1,5.0,2.0,2.0,6.0,5,8,6,0.0,61.0,0.1666666666666666,3,6.0
3,5.0,3.0,2.0,5.0,5,8,6,1.0,52.0,0.0,3,4.0
1,5.0,5.0,2.0,8.0,5,8,6,1.0,68.0,0.0,3,2.0
2,6.0,3.0,2.0,3.0,5,8,6,1.0,83.0,0.0,3,2.0
1,3.0,1.0,2.0,3.0,5,8,6,1.0,55.0,0.0,3,1.0
3,6.0,2.0,2.0,4.0,5,8,6,1.0,46.0,0.0,3,3.0
1,3.0,3.0,2.0,5.0,5,8,6,1.0,64.0,0.0,3,1.0
2,6.0,3.0,2.0,4.0,5,8,6,2.0,42.0,0.4,3,5.0
1,6.0,3.0,2.0,4.0,5,8,6,1.0,87.0,0.0,3,0.2857142857142857
2,6.0,4.0,2.0,6.0,5,8,6,2.0,49.0,0.3333333333333333,3,3.0
1,6.0,2.0,2.0,4.0,5,8,6,1.0,78.0,0.0,3,1.0
3,6.0,4.0,2.0,8.0,5,8,6,2.0,60.0,0.2,3,5.0
2,6.0,3.0,2.0,4.0,5,8,6,2.0,54.0,0.25,3,4.0
1,6.0,4.0,2.0,1.0,5,8,6,1.0,81.0,0.0,3,1.0
1,6.0,3.0,2.0,1.0,5,8,6,1.0,48.0,0.0,3,2.0
1,6.0,5.0,2.0,3.0,5,8,6,1.0,64.0,0.0,3,5.0
2,5.0,6.0,2.0,10.0,5,8,6,2.0,59.0,0.0,3,2.0
2,6.0,6.0,2.0,6.0,5,8,6,1.0,39.0,0.25,3,4.0
2,6.0,2.0,2.0,3.0,5,8,6,1.0,44.0,0.25,3,4.0
3,6.0,3.0,2.0,6.0,5,8,6,3.0,46.0,0.2,3,0.8333333333333334
2,6.0,2.0,2.0,8.0,5,8,6,0.0,72.0,0.0,3,0.5
3,4.0,3.0,2.0,6.0,6,8,6,2.0,89.0,0.25,3,4.0
2,2.0,5.0,2.0,3.0,6,8,6,2.0,60.0,0.4,3,5.0
2,4.0,2.0,2.0,3.0,6,8,6,1.0,79.0,0.0,3,2.0
3,3.0,4.0,2.0,3.0,6,8,6,0.0,63.0,0.2,3,2.5
2,5.0,4.0,2.0,10.0,6,8,6,1.0,52.0,0.0,3,2.0
1,5.0,3.0,2.0,8.0,6,8,6,1.0,38.0,0.0,3,4.0
1,5.0,5.0,2.0,3.0,6,8,6,1.0,55.0,0.0,3,1.0
2,5.0,6.0,2.0,8.0,6,8,6,2.0,56.0,0.0,3,3.0
1,5.0,3.0,2.0,6.0,6,8,6,1.0,58.0,0.0,3,2.0
2,3.0,5.0,2.0,10.0,6,8,6,2.0,58.0,0.25,3,4.0
2,3.0,7.0,2.0,8.0,6,8,6,2.0,63.0,0.0,3,2.0
3,5.0,3.0,2.0,8.0,6,8,6,2.0,59.0,0.0,3,3.0
1,5.0,3.0,2.0,7.0,6,8,6,0.0,63.0,0.0,3,1.0
3,5.0,2.0,2.0,6.0,6,8,6,2.0,41.0,0.0,3,3.0
2,6.0,3.0,2.0,4.0,6,8,6,2.0,59.0,0.0,3,2.0
3,6.0,1.0,2.0,3.0,6,8,6,2.0,44.0,0.0,3,4.0
3,4.0,5.0,2.0,6.0,6,8,6,3.0,44.0,0.3333333333333333,3,6.0
1,2.0,2.0,2.0,6.0,6,8,6,1.0,44.0,0.0,3,3.0
3,6.0,2.0,2.0,8.0,6,8,6,2.0,44.0,0.0,3,4.0
2,6.0,2.0,2.0,3.0,6,8,6,2.0,82.0,0.0,3,2.0
3,6.0,5.0,2.0,4.0,6,8,6,3.0,62.0,0.0,3,3.0
3,6.0,2.0,2.0,3.0,6,8,6,1.0,44.0,0.5,3,6.0
2,5.0,2.0,2.0,6.0,6,8,6,2.0,42.0,0.2,3,5.0
3,5.0,4.0,2.0,5.0,6,8,6,3.0,46.0,0.1666666666666666,3,6.0
2,5.0,4.0,2.0,4.0,6,8,6,2.0,53.0,0.0,3,2.0
3,5.0,4.0,2.0,5.0,6,8,6,2.0,47.0,0.0,3,5.0
1,4.0,4.0,2.0,5.0,6,8,6,1.0,54.0,0.0,3,3.0
2,6.0,6.0,2.0,3.0,6,8,6,2.0,49.0,0.0,3,3.0
2,6.0,3.0,2.0,1.0,6,8,6,2.0,80.0,0.0,3,2.0
1,5.0,1.0,2.0,5.0,6,8,6,1.0,56.0,0.0,3,1.0
1,5.0,2.0,2.0,6.0,6,8,6,1.0,42.0,0.0,3,1.0
3,6.0,6.0,2.0,7.0,6,8,6,2.0,39.0,0.0,3,7.0
3,6.0,2.0,2.0,6.0,6,8,6,3.0,55.0,0.0,3,3.0
3,6.0,6.0,2.0,6.0,6,8,6,3.0,65.0,0.0,3,3.0
1,4.0,1.0,2.0,4.0,6,8,6,1.0,67.0,0.0,3,2.0
1,6.0,2.0,2.0,1.0,6,8,6,1.0,73.0,0.0,3,1.0
1,6.0,4.0,2.0,3.0,6,8,6,1.0,58.0,0.0,3,1.0
2,5.0,2.0,2.0,4.0,6,8,6,2.0,54.0,0.0,3,2.0
1,6.0,3.0,2.0,3.0,6,8,6,1.0,69.0,0.0,3,1.0
1,5.0,1.0,2.0,8.0,6,8,6,1.0,26.0,0.0,3,0.3333333333333333
1,5.0,3.0,2.0,4.0,6,8,6,0.0,87.0,0.0,3,1.0
2,5.0,5.0,2.0,10.0,6,8,6,1.0,38.0,0.3333333333333333,3,6.0
1,5.0,2.0,2.0,8.0,6,8,6,1.0,40.0,0.5,3,4.0
1,3.0,4.0,2.0,8.0,6,8,6,1.0,55.0,0.5,3,4.0
1,5.0,1.0,2.0,9.0,6,8,6,1.0,68.0,0.0,3,1.0
2,5.0,3.0,2.0,8.0,6,8,6,1.0,63.0,0.0,3,3.0
2,5.0,3.0,2.0,6.0,6,8,6,2.0,53.0,0.0,3,3.0
3,5.0,5.0,2.0,5.0,6,8,6,3.0,62.0,0.0,3,4.0
2,5.0,2.0,2.0,6.0,6,8,6,2.0,48.0,0.0,3,3.0
3,3.0,4.0,2.0,7.0,6,8,6,3.0,56.0,0.0,3,3.0
3,5.0,3.0,2.0,3.0,6,8,6,1.0,87.0,0.0,3,3.0
3,5.0,3.0,2.0,6.0,6,8,6,3.0,72.0,0.0,3,3.0
2,5.0,2.0,2.0,5.0,6,8,6,2.0,67.0,0.2857142857142857,3,7.0
3,5.0,7.0,2.0,6.0,6,8,6,3.0,52.0,0.0,3,1.6666666666666667
1,3.0,7.0,2.0,6.0,6,8,6,1.0,48.0,0.0,3,1.0
2,5.0,3.0,2.0,10.0,6,8,6,2.0,46.0,0.0,3,0.6666666666666666
1,3.0,3.0,2.0,8.0,6,8,6,1.0,30.0,0.0,3,1.0
3,2.0,6.0,2.0,6.0,6,8,6,2.0,54.0,0.0,3,3.0
3,3.0,4.0,2.0,8.0,6,8,6,1.0,67.0,0.0,3,3.0
1,2.0,2.0,2.0,9.0,6,8,6,1.0,56.0,0.0,3,2.0
2,5.0,3.0,2.0,6.0,6,8,6,1.0,59.0,0.0,3,2.0
1,5.0,1.0,2.0,3.0,6,8,6,0.0,94.0,0.0,3,1.0
3,5.0,5.0,2.0,6.0,6,8,6,3.0,62.0,0.0,3,6.0
2,5.0,1.0,2.0,6.0,6,8,6,2.0,59.0,0.0,3,2.0
3,5.0,4.0,2.0,6.0,6,8,6,2.0,60.0,0.2,3,5.0
2,5.0,2.0,2.0,6.0,6,8,6,1.0,40.0,0.5,3,1.3333333333333333
1,5.0,1.0,2.0,4.0,6,8,6,0.0,74.0,0.0,3,0.3333333333333333
1,5.0,4.0,2.0,6.0,6,8,6,2.0,49.0,0.0,3,5.0
2,5.0,2.0,2.0,4.0,6,8,6,1.0,74.0,0.0,3,2.0
2,2.0,4.0,2.0,10.0,6,8,6,0.0,74.0,0.0,3,2.0
2,3.0,5.0,2.0,10.0,6,8,6,2.0,50.0,0.2,3,5.0
2,2.0,4.0,2.0,7.0,6,8,6,2.0,59.0,0.0,3,4.0
1,2.0,4.0,2.0,10.0,6,8,6,1.0,56.0,0.0,3,2.0
2,2.0,6.0,2.0,10.0,6,8,6,2.0,38.0,0.25,3,4.0
2,3.0,6.0,2.0,10.0,6,8,6,2.0,71.0,0.0,3,3.0
2,5.0,4.0,2.0,4.0,6,8,6,0.0,60.0,0.0,3,2.0
1,5.0,1.0,2.0,4.0,6,8,6,1.0,62.0,0.0,3,2.0
2,5.0,6.0,2.0,6.0,6,8,6,2.0,55.0,0.0,3,2.0
1,5.0,1.0,2.0,8.0,6,8,6,0.0,28.0,0.3333333333333333,3,3.0
2,3.0,3.0,2.0,3.0,6,8,6,2.0,54.0,0.0,3,2.0
2,5.0,2.0,2.0,6.0,6,8,6,2.0,44.0,0.4,3,5.0
1,5.0,5.0,2.0,6.0,3,8,6,2.0,45.0,0.0,3,3.0
3,5.0,4.0,2.0,4.0,3,8,6,3.0,46.0,0.1428571428571428,3,7.0
2,5.0,3.0,2.0,3.0,3,8,6,2.0,62.0,0.0,3,3.0
2,5.0,2.0,2.0,9.0,3,8,6,1.0,38.0,0.6,3,5.0
3,5.0,2.0,2.0,5.0,3,8,6,3.0,45.0,0.0,3,4.0
3,3.0,6.0,2.0,8.0,3,8,6,2.0,62.0,0.0,3,4.0
0,5.0,1.0,2.0,6.0,3,8,6,0.0,51.0,0.0,3,2.0
2,5.0,5.0,2.0,3.0,3,8,6,2.0,71.0,0.0,3,2.0
2,3.0,6.0,2.0,4.0,3,8,6,2.0,58.0,0.2,3,5.0
2,6.0,2.0,2.0,6.0,3,8,6,2.0,51.0,0.0,3,3.0
1,5.0,2.0,2.0,8.0,6,8,6,1.0,71.0,0.0,3,1.0
1,5.0,1.0,2.0,5.0,6,8,6,1.0,79.0,0.0,3,1.0
3,6.0,4.0,2.0,8.0,6,8,6,2.0,40.0,0.25,3,4.0
2,5.0,5.0,2.0,6.0,3,8,6,1.0,58.0,0.3333333333333333,3,3.0
1,3.0,6.0,2.0,5.0,3,8,6,1.0,70.0,0.0,3,1.0
2,5.0,5.0,2.0,4.0,3,8,6,2.0,94.0,0.25,3,4.0
1,5.0,4.0,2.0,6.0,3,8,6,1.0,79.0,0.0,3,1.0
1,5.0,2.0,2.0,4.0,3,8,6,1.0,86.0,0.0,3,1.0
2,3.0,5.0,2.0,6.0,3,8,6,2.0,60.0,0.0,3,3.0
1,6.0,2.0,2.0,3.0,6,8,6,0.0,75.0,0.0,3,1.0
1,6.0,2.0,2.0,6.0,6,8,6,2.0,59.0,0.0,3,0.375
2,6.0,3.0,2.0,3.0,6,8,6,1.0,80.0,0.0,3,0.25
2,6.0,2.0,2.0,5.0,6,8,6,2.0,66.0,0.0,3,0.25
2,6.0,2.0,2.0,4.0,6,8,6,2.0,76.0,0.0,3,0.25
1,6.0,1.0,2.0,6.0,6,8,6,1.0,65.0,0.0,3,0.125
1,6.0,3.0,2.0,3.0,6,8,6,1.0,82.0,0.0,3,2.0
2,6.0,4.0,2.0,4.0,6,8,6,1.0,62.0,0.25,3,8.0
1,6.0,2.0,2.0,6.0,6,8,6,1.0,43.0,0.0,3,4.0
3,6.0,5.0,2.0,1.0,6,8,6,3.0,84.0,0.0,3,5.0
2,6.0,1.0,2.0,4.0,5,8,6,2.0,78.0,0.0,3,2.0
2,5.0,2.0,2.0,6.0,5,8,6,1.0,36.0,0.3333333333333333,3,3.0
1,2.0,7.0,2.0,6.0,5,8,6,3.0,46.0,0.0,3,4.0
1,5.0,3.0,2.0,10.0,5,8,6,1.0,62.0,0.0,3,1.0
3,5.0,3.0,2.0,6.0,5,8,6,2.0,64.0,0.0,3,3.0
2,5.0,5.0,2.0,3.0,5,8,6,2.0,54.0,0.0,3,2.0
2,5.0,2.0,2.0,5.0,5,8,6,1.0,75.0,0.0,3,2.0
2,5.0,2.0,2.0,3.0,5,8,6,2.0,70.0,0.0,3,2.0
1,6.0,4.0,2.0,3.0,5,8,6,1.0,72.0,0.0,3,3.0
2,6.0,1.0,2.0,3.0,5,8,6,3.0,38.0,0.0,3,3.0
1,5.0,3.0,2.0,6.0,5,8,6,2.0,40.0,0.25,3,4.0
1,6.0,1.0,2.0,10.0,5,8,6,1.0,27.0,0.5,3,2.0
2,5.0,3.0,2.0,5.0,5,8,6,2.0,40.0,0.4,3,5.0
1,6.0,3.0,2.0,1.0,5,8,6,1.0,71.0,0.0,3,1.0
1,6.0,5.0,2.0,6.0,5,8,6,1.0,55.0,0.0,3,2.0
2,6.0,3.0,2.0,3.0,5,8,6,3.0,69.0,0.0,3,4.0
2,5.0,3.0,2.0,3.0,5,8,6,2.0,68.0,0.0,3,3.0
2,3.0,4.0,2.0,8.0,5,8,6,2.0,49.0,0.0,3,4.0
2,6.0,2.0,2.0,5.0,5,8,6,1.0,75.0,0.0,3,2.0
1,6.0,3.0,2.0,1.0,5,8,6,0.0,68.0,0.0,3,1.0
3,5.0,4.0,2.0,5.0,5,8,6,3.0,57.0,0.0,3,4.0
1,5.0,3.0,2.0,6.0,5,8,6,0.0,84.0,0.0,3,1.0
2,5.0,3.0,2.0,6.0,5,8,6,1.0,65.0,0.0,3,2.0
3,5.0,4.0,2.0,8.0,5,8,6,1.0,56.0,0.0,3,3.0
2,6.0,2.0,2.0,3.0,5,8,6,1.0,87.0,0.0,3,2.0
2,4.0,2.0,2.0,5.0,5,8,6,2.0,62.0,0.0,3,2.0
1,6.0,2.0,2.0,1.0,5,8,6,1.0,59.0,0.0,3,1.0
2,5.0,5.0,2.0,7.0,5,8,6,2.0,33.0,0.5,3,4.0
3,5.0,4.0,2.0,6.0,5,8,6,3.0,54.0,0.0,3,4.0
2,5.0,6.0,2.0,3.0,5,8,6,3.0,51.0,0.25,3,4.0
2,5.0,7.0,2.0,8.0,5,8,6,3.0,46.0,0.0,3,3.0
2,6.0,5.0,2.0,3.0,5,8,6,1.0,51.0,0.0,3,2.0
1,5.0,2.0,2.0,1.0,5,8,6,1.0,58.0,0.0,3,1.0
3,6.0,3.0,2.0,5.0,5,8,6,3.0,47.0,0.25,3,4.0
3,6.0,3.0,2.0,5.0,5,8,6,3.0,39.0,0.2,3,5.0
2,6.0,1.0,2.0,5.0,5,8,6,2.0,35.0,0.25,3,4.0
1,6.0,2.0,2.0,4.0,5,8,6,1.0,73.0,0.0,3,1.0
1,6.0,2.0,2.0,4.0,5,8,6,1.0,63.0,0.0,3,1.0
2,5.0,6.0,2.0,3.0,5,8,6,2.0,58.0,0.0,3,2.0
1,6.0,2.0,2.0,1.0,5,8,6,1.0,64.0,0.0,3,2.0
1,6.0,2.0,2.0,1.0,5,8,6,1.0,84.0,0.0,3,2.0
2,6.0,3.0,2.0,1.0,5,8,6,3.0,58.0,0.0,3,5.0
1,5.0,2.0,2.0,4.0,5,8,6,1.0,63.0,0.0,3,0.5
1,5.0,1.0,2.0,8.0,5,8,6,2.0,26.0,0.0,3,6.0
2,6.0,2.0,2.0,6.0,5,8,6,3.0,43.0,0.25,3,4.0
2,5.0,2.0,2.0,8.0,5,8,6,2.0,67.0,0.0,3,2.0
1,6.0,3.0,2.0,3.0,5,8,6,1.0,81.0,0.0,3,2.0
1,6.0,2.0,2.0,1.0,5,8,6,1.0,79.0,0.0,3,1.0
2,5.0,3.0,2.0,4.0,7,8,6,2.0,34.0,0.3333333333333333,3,3.0
1,6.0,1.0,2.0,5.0,7,8,6,1.0,68.0,0.0,3,1.0
1,5.0,5.0,2.0,6.0,7,8,6,1.0,35.0,0.5,3,4.0
1,5.0,4.0,2.0,10.0,7,8,6,1.0,30.0,0.0,3,1.0
1,2.0,1.0,2.0,6.0,4,8,6,1.0,51.0,0.0,3,1.0
2,2.0,4.0,2.0,8.0,4,8,6,1.0,38.0,0.0,3,2.0
1,2.0,4.0,2.0,8.0,4,8,6,1.0,68.0,0.0,3,1.0
1,2.0,7.0,2.0,8.0,4,8,6,0.0,72.0,0.0,3,3.0
2,5.0,4.0,2.0,4.0,7,8,6,0.0,43.0,0.25,3,4.0
2,5.0,7.0,2.0,6.0,7,8,6,2.0,46.0,0.0,3,3.0
1,5.0,2.0,2.0,10.0,7,8,6,2.0,35.0,0.0,3,2.0
2,6.0,2.0,2.0,4.0,7,8,6,2.0,62.0,0.0,3,3.0
2,5.0,5.0,2.0,6.0,7,8,6,2.0,45.0,0.0,3,4.0
1,5.0,3.0,2.0,3.0,7,8,6,0.0,85.0,0.0,3,1.0
3,6.0,3.0,2.0,5.0,7,8,6,1.0,72.0,0.0,3,3.0
2,5.0,6.0,2.0,8.0,7,8,6,1.0,61.0,0.0,3,3.0
1,4.0,2.0,2.0,3.0,1,8,6,1.0,68.0,0.0,3,1.0
1,4.0,2.0,2.0,3.0,1,8,6,1.0,61.0,0.0,3,1.0
3,5.0,4.0,2.0,3.0,1,8,6,3.0,81.0,0.4,3,5.0
1,5.0,2.0,2.0,3.0,4,8,6,1.0,77.0,0.0,3,5.0
1,6.0,3.0,2.0,6.0,4,8,6,2.0,59.0,0.3333333333333333,3,3.0
1,5.0,2.0,2.0,3.0,4,8,6,1.0,49.0,0.0,3,1.0
2,6.0,3.0,2.0,3.0,4,8,6,1.0,65.0,0.0,3,4.0
2,6.0,2.0,2.0,4.0,4,8,6,0.0,94.0,0.0,3,2.0
1,5.0,2.0,2.0,4.0,4,8,6,1.0,67.0,0.0,3,1.0
2,5.0,2.0,2.0,6.0,4,8,6,1.0,74.0,0.0,3,2.0
1,6.0,2.0,2.0,3.0,4,8,6,2.0,79.0,0.0,3,2.0
1,6.0,2.0,2.0,3.0,4,8,6,1.0,60.0,0.0,3,0.1666666666666666
2,5.0,4.0,2.0,4.0,4,8,6,3.0,58.0,0.0,3,3.0
2,4.0,3.0,2.0,10.0,4,8,6,2.0,39.0,0.25,3,0.5714285714285714
1,6.0,2.0,2.0,3.0,4,8,6,2.0,45.0,0.3333333333333333,3,3.0
2,5.0,2.0,2.0,3.0,4,8,6,2.0,48.0,0.0,3,4.0
2,5.0,4.0,2.0,4.0,4,8,6,2.0,46.0,0.25,3,4.0
1,6.0,1.0,2.0,1.0,4,8,6,1.0,70.0,0.0,3,0.25
2,6.0,1.0,2.0,3.0,4,8,6,1.0,74.0,0.0,3,0.25
2,6.0,2.0,2.0,6.0,4,8,6,2.0,35.0,0.5,3,0.5714285714285714
2,6.0,3.0,2.0,1.0,4,8,6,2.0,74.0,0.0,3,2.0
2,6.0,2.0,2.0,3.0,4,8,6,3.0,55.0,0.0,3,3.0
2,6.0,2.0,2.0,5.0,4,8,6,2.0,28.0,0.4,3,0.7142857142857143
2,6.0,2.0,2.0,1.0,4,8,6,1.0,56.0,0.0,3,3.0
2,6.0,3.0,2.0,3.0,4,8,6,1.0,90.0,0.0,3,2.0
1,6.0,3.0,2.0,4.0,4,8,6,2.0,59.0,0.3333333333333333,3,6.0
1,6.0,1.0,2.0,4.0,7,8,6,1.0,57.0,0.0,3,1.0
2,5.0,2.0,2.0,5.0,7,8,6,2.0,33.0,0.5,3,4.0
2,5.0,2.0,2.0,4.0,7,8,6,2.0,67.0,0.5,3,4.0
2,5.0,4.0,2.0,4.0,7,8,6,2.0,64.0,0.0,3,5.0
2,6.0,4.0,2.0,3.0,7,8,6,2.0,71.0,0.0,3,0.25
1,6.0,3.0,2.0,4.0,7,8,6,1.0,50.0,0.0,3,2.0
3,5.0,1.0,2.0,8.0,7,8,6,2.0,41.0,0.3333333333333333,3,1.0
2,5.0,3.0,2.0,7.0,8,8,6,1.0,48.0,0.0,3,0.6666666666666666
2,3.0,4.0,2.0,6.0,8,8,6,2.0,45.0,0.25,3,1.3333333333333333
1,5.0,3.0,2.0,5.0,8,8,6,1.0,32.0,0.3333333333333333,3,1.0
2,2.0,5.0,2.0,8.0,8,8,6,1.0,80.0,0.0,3,2.0
3,2.0,4.0,2.0,10.0,8,8,6,2.0,79.0,0.2,3,5.0
2,3.0,5.0,2.0,8.0,8,8,6,0.0,46.0,0.0,3,4.0
2,2.0,6.0,2.0,10.0,8,8,6,0.0,88.0,0.0,3,2.0
1,5.0,3.0,2.0,4.0,8,8,6,1.0,32.0,0.0,3,3.0
2,3.0,5.0,2.0,4.0,8,8,6,1.0,67.0,0.0,3,2.0
3,3.0,4.0,2.0,6.0,8,8,6,2.0,33.0,0.25,3,4.0
3,5.0,3.0,2.0,5.0,8,8,6,3.0,48.0,0.0,3,3.0
2,3.0,4.0,2.0,6.0,8,8,6,2.0,66.0,0.0,3,3.0
1,5.0,3.0,2.0,6.0,8,8,6,1.0,46.0,0.0,3,1.0
3,5.0,4.0,2.0,9.0,8,8,6,3.0,27.0,0.25,3,4.0
1,3.0,5.0,2.0,5.0,8,8,6,1.0,68.0,0.0,3,2.0
1,3.0,4.0,2.0,7.0,8,8,6,1.0,59.0,0.0,3,1.0
2,3.0,5.0,2.0,9.0,8,8,6,2.0,70.0,0.0,3,2.0
2,5.0,3.0,2.0,1.0,8,8,6,0.0,74.0,0.0,3,2.0
1,3.0,3.0,2.0,5.0,8,8,6,0.0,74.0,0.0,3,1.0
0,3.0,3.0,2.0,4.0,8,8,6,1.0,71.0,0.0,3,2.0
2,3.0,3.0,2.0,10.0,8,8,6,2.0,56.0,0.0,3,2.0
3,5.0,3.0,2.0,6.0,8,8,6,2.0,52.0,0.0,3,4.0
2,5.0,1.0,2.0,5.0,8,8,6,1.0,60.0,0.0,3,5.0
2,3.0,6.0,2.0,6.0,8,8,6,2.0,41.0,0.2,3,5.0
2,3.0,3.0,2.0,10.0,8,8,6,1.0,50.0,0.2,3,5.0
2,1.0,4.0,2.0,9.0,8,8,6,0.0,85.0,0.0,3,2.0
1,1.0,5.0,2.0,6.0,8,8,6,0.0,69.0,0.0,3,1.0
3,5.0,5.0,2.0,8.0,8,8,6,2.0,67.0,0.0,3,5.0
1,5.0,2.0,2.0,10.0,8,8,6,1.0,70.0,0.0,3,1.0
1,5.0,3.0,2.0,6.0,8,8,6,1.0,29.0,0.0,3,1.0
1,5.0,3.0,2.0,6.0,8,8,6,0.0,53.0,0.0,3,2.0
2,3.0,4.0,2.0,7.0,8,8,6,0.0,70.0,0.0,3,2.0
1,3.0,4.0,2.0,6.0,8,8,6,1.0,66.0,0.0,3,4.0
2,5.0,3.0,2.0,6.0,8,8,6,0.0,82.0,0.0,3,2.0
1,5.0,2.0,2.0,6.0,8,8,6,0.0,59.0,0.0,3,1.0
1,5.0,6.0,2.0,6.0,8,8,6,1.0,49.0,0.0,3,4.0
2,3.0,3.0,2.0,9.0,6,8,6,2.0,58.0,0.0,3,2.0
2,1.0,4.0,2.0,10.0,6,8,6,2.0,44.0,0.3333333333333333,3,3.0
1,1.0,3.0,2.0,10.0,6,8,6,1.0,47.0,0.5,3,2.0
2,1.0,3.0,2.0,10.0,6,8,6,2.0,43.0,0.25,3,4.0
2,5.0,5.0,2.0,10.0,6,8,6,2.0,42.0,0.0,3,2.0
2,5.0,3.0,2.0,6.0,6,8,6,1.0,74.0,0.0,3,2.0
3,6.0,2.0,2.0,5.0,6,8,6,3.0,50.0,0.0,3,5.0
2,3.0,2.0,2.0,6.0,6,8,6,2.0,33.0,0.3333333333333333,3,3.0
1,4.0,7.0,2.0,5.0,6,8,6,1.0,45.0,0.0,3,4.0
2,6.0,1.0,2.0,1.0,6,8,6,1.0,70.0,0.0,3,2.0
1,1.0,3.0,2.0,10.0,6,8,6,1.0,58.0,0.0,3,2.0
1,5.0,4.0,2.0,6.0,6,8,6,1.0,71.0,0.0,3,3.0
1,4.0,5.0,2.0,6.0,6,8,6,1.0,77.0,0.0,3,0.5
3,4.0,5.0,2.0,5.0,6,8,6,2.0,62.0,0.0,3,1.5
2,2.0,5.0,2.0,6.0,6,8,6,1.0,55.0,0.0,3,2.0
2,5.0,6.0,2.0,4.0,7,8,6,2.0,73.0,0.0,3,4.0
3,5.0,4.0,2.0,8.0,7,8,6,3.0,67.0,0.2,3,5.0
1,5.0,2.0,2.0,1.0,7,8,6,1.0,84.0,0.0,3,2.0
1,6.0,2.0,2.0,4.0,6,8,6,2.0,79.0,0.0,3,2.0
1,6.0,3.0,2.0,1.0,6,8,6,1.0,81.0,0.0,3,1.0
2,6.0,1.0,2.0,6.0,6,8,6,2.0,34.0,0.3333333333333333,3,0.4285714285714285
2,6.0,3.0,2.0,3.0,6,8,6,2.0,81.0,0.0,3,2.0
1,4.0,4.0,2.0,5.0,6,8,6,1.0,53.0,0.0,3,1.0
1,6.0,2.0,2.0,4.0,6,8,6,1.0,34.0,0.0,3,2.0
1,6.0,1.0,2.0,1.0,6,8,6,1.0,80.0,0.0,3,1.0
2,6.0,5.0,2.0,3.0,6,8,6,2.0,71.0,0.0,3,2.0
2,4.0,4.0,2.0,6.0,6,8,6,2.0,49.0,0.0,3,4.0
2,6.0,2.0,2.0,3.0,6,8,6,2.0,70.0,0.0,3,2.0
1,6.0,3.0,2.0,5.0,6,8,6,1.0,82.0,0.0,3,1.0
2,4.0,4.0,2.0,6.0,6,8,6,3.0,65.0,0.0,3,3.0
1,6.0,2.0,2.0,6.0,6,8,6,1.0,68.0,0.0,3,1.0
2,4.0,5.0,2.0,3.0,6,8,6,2.0,83.0,0.0,3,2.0
2,4.0,4.0,2.0,1.0,6,8,6,2.0,67.0,0.0,3,3.0
2,3.0,3.0,2.0,10.0,6,8,6,2.0,52.0,0.0,3,2.0
1,6.0,2.0,2.0,4.0,6,8,6,2.0,72.0,0.0,3,3.0
2,3.0,3.0,2.0,3.0,6,8,6,2.0,53.0,0.6,3,5.0
2,4.0,6.0,2.0,3.0,6,8,6,1.0,66.0,0.0,3,3.0
2,6.0,1.0,2.0,4.0,6,8,6,2.0,69.0,0.0,3,2.0
2,6.0,2.0,2.0,3.0,6,8,6,1.0,64.0,0.0,3,2.0
1,6.0,3.0,2.0,3.0,6,8,6,2.0,60.0,0.0,3,2.0
1,6.0,2.0,2.0,1.0,6,8,6,1.0,76.0,0.0,3,1.0
2,6.0,2.0,2.0,3.0,6,8,6,2.0,71.0,0.0,3,0.25
1,6.0,3.0,2.0,3.0,6,8,6,1.0,59.0,0.0,3,1.0
2,6.0,3.0,2.0,3.0,6,8,6,3.0,73.0,0.0,3,3.0
1,6.0,3.0,2.0,4.0,6,8,6,1.0,63.0,0.0,3,2.0
2,6.0,5.0,2.0,3.0,6,8,6,2.0,66.0,0.0,3,0.5
2,6.0,3.0,2.0,3.0,6,8,6,2.0,71.0,0.0,3,0.5
1,6.0,3.0,2.0,4.0,6,8,6,1.0,76.0,0.0,3,0.25
2,3.0,2.0,2.0,8.0,6,8,6,2.0,35.0,0.3333333333333333,3,3.0
2,6.0,3.0,2.0,1.0,6,8,6,3.0,52.0,0.0,3,2.0
1,6.0,6.0,2.0,3.0,6,8,6,1.0,50.0,0.0,3,1.0
2,6.0,4.0,2.0,1.0,6,8,6,2.0,56.0,0.0,3,2.0
2,6.0,6.0,2.0,4.0,6,8,6,3.0,59.0,0.1666666666666666,3,6.0
2,6.0,6.0,2.0,3.0,6,8,6,3.0,39.0,0.0,3,3.0
3,6.0,6.0,2.0,3.0,6,8,6,3.0,52.0,0.0,3,4.0
1,3.0,6.0,2.0,10.0,5,8,6,1.0,43.0,0.5,3,2.0
3,5.0,4.0,2.0,3.0,5,8,6,3.0,80.0,0.0,3,4.0
1,5.0,5.0,2.0,10.0,5,8,6,1.0,47.0,0.0,3,1.0
2,4.0,6.0,2.0,8.0,5,8,6,2.0,52.0,0.3333333333333333,3,3.0
1,4.0,3.0,2.0,10.0,5,8,6,1.0,69.0,0.3333333333333333,3,3.0
2,4.0,4.0,2.0,6.0,5,8,6,2.0,30.0,0.3333333333333333,3,0.5
1,4.0,2.0,2.0,3.0,5,8,6,1.0,54.0,0.0,3,0.1428571428571428
1,4.0,4.0,2.0,3.0,5,8,6,1.0,84.0,0.0,3,1.0
1,4.0,4.0,2.0,8.0,5,8,6,1.0,71.0,0.0,3,2.0
2,4.0,4.0,2.0,10.0,5,8,6,2.0,42.0,0.3333333333333333,3,3.0
3,5.0,6.0,2.0,6.0,5,8,6,2.0,61.0,0.0,3,5.0
2,4.0,5.0,2.0,10.0,5,8,6,0.0,73.0,0.0,3,4.0
2,4.0,6.0,2.0,3.0,5,8,6,2.0,67.0,0.0,3,2.0
1,4.0,6.0,2.0,3.0,5,8,6,1.0,68.0,0.0,3,1.0
1,6.0,2.0,2.0,1.0,5,8,6,1.0,81.0,0.0,3,0.1666666666666666
2,6.0,6.0,2.0,3.0,5,8,6,2.0,63.0,0.0,3,2.0
2,6.0,6.0,2.0,4.0,5,8,6,2.0,52.0,0.5,3,4.0
3,6.0,5.0,2.0,5.0,5,8,6,2.0,47.0,0.0,3,6.0
2,4.0,4.0,2.0,5.0,5,8,6,3.0,50.0,0.2,3,5.0
2,4.0,6.0,2.0,4.0,5,8,6,2.0,41.0,0.4,3,5.0
1,4.0,7.0,2.0,4.0,5,8,6,2.0,57.0,0.0,3,2.0
1,6.0,1.0,2.0,4.0,5,8,6,1.0,54.0,0.0,3,1.0
2,4.0,5.0,2.0,3.0,5,8,6,2.0,45.0,0.0,3,3.0
1,4.0,4.0,2.0,5.0,5,8,6,2.0,69.0,0.0,3,2.0
2,4.0,6.0,2.0,6.0,5,8,6,3.0,53.0,0.0,3,4.0
1,4.0,6.0,2.0,3.0,5,8,6,1.0,79.0,0.0,3,1.0
1,4.0,4.0,2.0,3.0,5,8,6,2.0,46.0,0.3333333333333333,3,3.0
2,6.0,6.0,2.0,4.0,5,8,6,2.0,73.0,0.0,3,3.0
3,4.0,4.0,2.0,1.0,5,8,6,2.0,41.0,0.4,3,5.0
1,2.0,6.0,2.0,4.0,5,8,6,1.0,38.0,0.0,3,2.0
2,4.0,4.0,2.0,5.0,5,8,6,2.0,36.0,0.25,3,4.0
2,6.0,5.0,2.0,6.0,5,8,6,2.0,26.0,0.5,3,6.0
2,6.0,6.0,2.0,1.0,5,8,6,0.0,90.0,0.0,3,2.0
1,4.0,5.0,2.0,4.0,5,8,6,2.0,58.0,0.0,3,4.0
2,6.0,4.0,2.0,3.0,5,8,6,1.0,61.0,0.25,3,4.0
3,4.0,2.0,2.0,5.0,5,8,6,2.0,49.0,0.0,3,4.0
2,6.0,6.0,2.0,3.0,5,8,6,2.0,38.0,0.25,3,4.0
2,6.0,7.0,2.0,5.0,5,8,6,2.0,41.0,0.0,3,4.0
1,5.0,5.0,2.0,3.0,5,8,6,1.0,61.0,0.0,3,1.0
2,5.0,7.0,2.0,5.0,5,8,6,1.0,35.0,0.0,3,5.0
1,6.0,5.0,2.0,3.0,5,8,6,1.0,49.0,0.0,3,1.0
1,4.0,4.0,2.0,5.0,5,8,6,1.0,50.0,0.0,3,0.3333333333333333
1,4.0,6.0,2.0,5.0,5,8,6,2.0,60.0,0.0,3,2.0
2,6.0,5.0,2.0,1.0,5,8,6,3.0,64.0,0.0,3,3.0
2,6.0,5.0,2.0,6.0,5,8,6,2.0,43.0,0.25,3,4.0
2,4.0,6.0,2.0,3.0,5,8,6,3.0,56.0,0.2,3,5.0
1,5.0,2.0,2.0,10.0,7,8,6,0.0,33.0,0.5,3,2.0
3,5.0,2.0,2.0,9.0,7,8,6,2.0,56.0,0.0,3,3.0
2,5.0,3.0,2.0,3.0,7,8,6,1.0,64.0,0.0,3,1.0
3,3.0,6.0,2.0,3.0,7,8,6,2.0,54.0,0.0,3,4.0
2,5.0,2.0,2.0,5.0,7,8,6,2.0,69.0,0.0,3,1.0
2,3.0,5.0,2.0,5.0,7,8,6,1.0,57.0,0.4,3,5.0
3,2.0,5.0,2.0,10.0,7,8,6,2.0,47.0,0.2,3,5.0
3,3.0,3.0,2.0,8.0,7,8,6,3.0,53.0,0.0,3,3.0
2,5.0,5.0,2.0,3.0,7,8,6,1.0,60.0,0.0,3,4.0
1,3.0,2.0,2.0,4.0,7,8,6,0.0,70.0,0.0,3,2.0
1,6.0,2.0,2.0,3.0,5,8,6,0.0,84.0,0.0,3,1.0
1,6.0,5.0,2.0,6.0,5,8,6,1.0,46.0,0.5,3,2.0
1,6.0,3.0,2.0,8.0,5,8,6,1.0,26.0,0.5,3,2.0
2,5.0,5.0,2.0,1.0,5,8,6,2.0,85.0,0.0,3,3.0
1,6.0,1.0,2.0,6.0,5,8,6,1.0,36.0,0.0,3,1.0
1,5.0,4.0,2.0,6.0,5,8,6,1.0,59.0,0.2,3,5.0
1,5.0,3.0,2.0,6.0,5,8,6,2.0,64.0,0.0,3,2.0
3,6.0,4.0,2.0,4.0,5,8,6,2.0,64.0,0.25,3,4.0
3,5.0,6.0,2.0,6.0,5,8,6,2.0,41.0,0.4,3,5.0
2,6.0,3.0,2.0,3.0,5,8,6,1.0,55.0,0.0,3,0.25
3,3.0,4.0,2.0,10.0,7,8,6,3.0,52.0,0.0,3,5.0
2,3.0,4.0,2.0,8.0,7,8,6,2.0,61.0,0.0,3,2.0
1,3.0,3.0,2.0,4.0,7,8,6,1.0,56.0,0.0,3,6.0
1,5.0,4.0,2.0,4.0,5,8,6,1.0,61.0,0.0,3,1.0
1,5.0,2.0,2.0,5.0,5,8,6,1.0,45.0,0.5,3,2.0
2,5.0,2.0,2.0,3.0,5,8,6,2.0,55.0,0.25,3,4.0
1,6.0,1.0,2.0,1.0,5,8,6,1.0,79.0,0.0,3,0.1428571428571428
2,4.0,2.0,2.0,3.0,5,8,6,1.0,59.0,0.0,3,0.6666666666666666
1,6.0,2.0,2.0,3.0,5,8,6,0.0,71.0,0.0,3,0.3333333333333333
3,5.0,5.0,2.0,6.0,5,8,6,2.0,69.0,0.4,3,5.0
2,5.0,2.0,2.0,3.0,5,8,6,1.0,29.0,0.0,3,2.0
2,5.0,4.0,2.0,5.0,5,8,6,2.0,45.0,0.25,3,4.0
2,6.0,2.0,2.0,10.0,5,8,6,1.0,50.0,0.3333333333333333,3,0.4285714285714285
3,6.0,5.0,2.0,6.0,5,8,6,2.0,52.0,0.25,3,4.0
2,6.0,2.0,2.0,5.0,5,8,6,2.0,71.0,0.0,3,2.0
2,6.0,2.0,2.0,3.0,5,8,6,2.0,65.0,0.25,3,4.0
2,6.0,4.0,2.0,3.0,5,8,6,2.0,72.0,0.0,3,2.0
2,4.0,3.0,2.0,4.0,7,8,6,3.0,51.0,0.0,3,0.6
2,4.0,6.0,2.0,3.0,7,8,6,2.0,86.0,0.0,3,0.3333333333333333
2,5.0,5.0,2.0,4.0,7,8,6,3.0,50.0,0.1666666666666666,3,1.2
1,3.0,4.0,2.0,3.0,7,8,6,1.0,59.0,0.5,3,0.4
1,4.0,2.0,2.0,4.0,7,8,6,1.0,67.0,0.0,3,0.2
2,5.0,3.0,2.0,4.0,7,8,6,2.0,48.0,0.3333333333333333,3,0.6
1,5.0,1.0,2.0,3.0,7,8,6,2.0,40.0,0.5,3,0.8
1,5.0,2.0,2.0,6.0,7,8,6,1.0,41.0,0.5,3,1.0
3,5.0,3.0,2.0,6.0,7,8,6,2.0,68.0,0.0,3,3.0
1,6.0,1.0,2.0,1.0,7,8,6,0.0,98.0,0.0,3,0.1428571428571428
2,5.0,1.0,2.0,6.0,7,8,6,2.0,47.0,0.25,3,1.0
3,5.0,5.0,2.0,5.0,7,8,6,2.0,63.0,0.0,3,1.0
3,6.0,4.0,2.0,10.0,7,8,6,2.0,41.0,0.2,3,5.0
2,3.0,5.0,2.0,6.0,2,8,6,1.0,69.0,0.2857142857142857,3,7.0
1,5.0,5.0,2.0,8.0,2,8,6,1.0,49.0,0.0,3,1.0
2,5.0,7.0,2.0,4.0,2,8,6,1.0,71.0,0.0,3,3.0
1,5.0,3.0,2.0,8.0,2,8,6,1.0,57.0,0.0,3,1.0
2,3.0,3.0,2.0,10.0,2,8,6,2.0,51.0,0.5,3,4.0
2,5.0,3.0,2.0,9.0,2,8,6,1.0,45.0,0.0,3,2.0
3,5.0,4.0,2.0,6.0,2,8,6,2.0,61.0,0.0,3,3.0
3,5.0,4.0,2.0,4.0,2,8,6,3.0,49.0,0.25,3,4.0
2,5.0,3.0,2.0,8.0,2,8,6,2.0,60.0,0.0,3,3.0
2,5.0,5.0,2.0,5.0,2,8,6,1.0,48.0,0.2,3,5.0
1,3.0,6.0,2.0,7.0,2,8,6,0.0,61.0,0.0,3,2.0
2,3.0,5.0,2.0,10.0,2,8,6,2.0,53.0,0.0,3,4.0
1,3.0,2.0,2.0,10.0,2,8,6,0.0,65.0,0.0,3,1.0
2,5.0,3.0,2.0,6.0,2,8,6,2.0,62.0,0.0,3,3.0
3,5.0,6.0,2.0,5.0,2,8,6,1.0,82.0,0.25,3,4.0
1,5.0,3.0,2.0,6.0,2,8,6,1.0,64.0,0.0,3,1.0
3,3.0,4.0,2.0,6.0,2,8,6,1.0,62.0,0.0,3,3.0
3,3.0,4.0,2.0,10.0,2,8,6,2.0,84.0,0.0,3,3.0
2,2.0,6.0,2.0,8.0,2,8,6,2.0,35.0,0.5,3,4.0
1,5.0,3.0,2.0,6.0,2,8,6,1.0,63.0,0.0,3,2.0
1,1.0,3.0,2.0,4.0,2,8,6,1.0,65.0,0.0,3,2.0
2,5.0,5.0,2.0,10.0,2,8,6,2.0,31.0,0.0,3,7.0
1,3.0,3.0,2.0,9.0,2,8,6,1.0,52.0,0.0,3,2.0
1,5.0,4.0,2.0,5.0,2,8,6,1.0,53.0,0.0,3,1.0
3,3.0,3.0,2.0,6.0,2,8,6,3.0,63.0,0.0,3,3.0
1,3.0,3.0,2.0,6.0,2,8,6,1.0,43.0,0.5,3,4.0
2,3.0,4.0,2.0,8.0,2,8,6,2.0,58.0,0.0,3,2.0
1,5.0,2.0,2.0,3.0,2,8,6,0.0,97.0,0.0,3,1.0
2,5.0,3.0,2.0,8.0,2,8,6,2.0,43.0,0.5,3,4.0
3,5.0,4.0,2.0,8.0,2,8,6,3.0,42.0,0.2,3,5.0
2,3.0,4.0,2.0,3.0,2,8,6,1.0,46.0,0.0,3,4.0
3,3.0,4.0,2.0,10.0,2,8,6,3.0,59.0,0.0,3,5.0
2,5.0,3.0,2.0,6.0,2,8,6,2.0,41.0,0.25,3,4.0
3,3.0,7.0,2.0,9.0,2,8,6,3.0,36.0,0.25,3,8.0
3,3.0,6.0,2.0,8.0,2,8,6,2.0,41.0,0.1666666666666666,3,6.0
2,3.0,6.0,2.0,8.0,2,8,6,1.0,56.0,0.2,3,5.0
1,5.0,2.0,2.0,5.0,2,8,6,1.0,71.0,0.0,3,1.0
3,5.0,4.0,2.0,9.0,2,8,6,3.0,57.0,0.4,3,5.0
3,5.0,4.0,2.0,6.0,2,8,6,3.0,54.0,0.0,3,4.0
3,5.0,2.0,2.0,7.0,2,8,6,3.0,52.0,0.0,3,3.0
1,5.0,4.0,2.0,3.0,2,8,6,1.0,42.0,0.0,3,3.0
1,3.0,4.0,2.0,6.0,2,8,6,1.0,41.0,0.25,3,4.0
2,5.0,2.0,2.0,6.0,2,8,6,1.0,80.0,0.0,3,2.0
1,5.0,3.0,2.0,4.0,2,8,6,1.0,52.0,0.0,3,2.0
2,3.0,1.0,2.0,6.0,2,8,6,2.0,33.0,0.5,3,4.0
1,5.0,2.0,2.0,9.0,2,8,6,0.0,21.0,0.0,3,1.0
3,5.0,6.0,2.0,1.0,2,8,6,3.0,57.0,0.2,3,5.0
2,5.0,3.0,2.0,9.0,2,8,6,0.0,65.0,0.0,3,3.0
2,3.0,3.0,2.0,8.0,2,8,6,1.0,67.0,0.0,3,3.0
2,3.0,4.0,2.0,6.0,2,8,6,2.0,60.0,0.375,3,8.0
1,3.0,3.0,2.0,10.0,2,8,6,1.0,54.0,0.0,3,1.0
2,5.0,1.0,2.0,6.0,2,8,6,1.0,40.0,0.0,3,3.0
1,5.0,2.0,2.0,3.0,2,8,6,0.0,96.0,0.0,3,1.0
3,5.0,6.0,2.0,3.0,2,8,6,2.0,68.0,0.0,3,3.0
2,3.0,4.0,2.0,6.0,2,8,6,1.0,64.0,0.0,3,4.0
1,3.0,2.0,2.0,4.0,2,8,6,0.0,87.0,0.0,3,3.0
2,6.0,3.0,2.0,10.0,2,8,6,1.0,85.0,0.0,3,3.0
2,5.0,3.0,2.0,6.0,2,8,6,1.0,47.0,0.3333333333333333,3,0.75
3,5.0,3.0,2.0,6.0,2,8,6,3.0,68.0,0.0,3,3.0
1,5.0,2.0,2.0,4.0,2,8,6,1.0,62.0,0.4,3,5.0
1,3.0,3.0,2.0,3.0,2,8,6,1.0,58.0,0.0,3,1.0
3,5.0,3.0,2.0,5.0,2,8,6,3.0,76.0,0.0,3,3.0
2,3.0,3.0,2.0,6.0,2,8,6,2.0,40.0,0.4,3,5.0
1,5.0,2.0,2.0,4.0,2,8,6,1.0,66.0,0.3333333333333333,3,3.0
2,3.0,3.0,2.0,6.0,2,8,6,2.0,56.0,0.0,3,4.0
2,3.0,3.0,2.0,4.0,2,8,6,1.0,76.0,0.0,3,2.0
2,5.0,2.0,2.0,3.0,2,8,6,1.0,46.0,0.0,3,5.0
3,5.0,1.0,2.0,5.0,2,8,6,3.0,40.0,0.3333333333333333,3,6.0
1,5.0,2.0,2.0,3.0,2,8,6,0.0,68.0,0.0,3,1.0
1,5.0,4.0,2.0,5.0,2,8,6,1.0,56.0,0.0,3,3.0
2,5.0,2.0,2.0,3.0,2,8,6,2.0,70.0,0.0,3,2.0
2,5.0,4.0,2.0,3.0,2,8,6,2.0,40.0,0.0,3,3.0
2,5.0,5.0,2.0,4.0,2,8,6,2.0,67.0,0.0,3,2.0
3,5.0,4.0,2.0,5.0,2,8,6,3.0,53.0,0.2,3,5.0
2,5.0,2.0,2.0,5.0,5,8,6,0.0,77.0,0.0,3,2.0
2,3.0,4.0,2.0,9.0,5,8,6,2.0,39.0,0.25,3,4.0
2,5.0,2.0,2.0,7.0,5,8,6,2.0,60.0,0.0,3,3.0
2,5.0,6.0,2.0,8.0,5,8,6,1.0,83.0,0.0,3,2.0
3,3.0,4.0,2.0,10.0,5,8,6,3.0,67.0,0.2,3,5.0
2,5.0,3.0,2.0,6.0,5,8,6,0.0,58.0,0.0,3,2.0
3,6.0,2.0,2.0,6.0,5,8,6,2.0,50.0,0.25,3,2.0
3,5.0,4.0,2.0,3.0,5,8,6,2.0,59.0,0.0,3,3.0
1,5.0,4.0,2.0,8.0,5,8,6,2.0,79.0,0.0,3,2.0
2,6.0,5.0,2.0,7.0,5,8,6,2.0,58.0,0.25,3,4.0
2,5.0,7.0,2.0,5.0,5,8,6,2.0,64.0,0.0,3,2.0
2,5.0,4.0,2.0,10.0,5,8,6,1.0,66.0,0.25,3,4.0
3,3.0,6.0,2.0,10.0,5,8,6,3.0,72.0,0.2,3,5.0
3,5.0,6.0,2.0,4.0,5,8,6,3.0,59.0,0.0,3,3.0
1,6.0,3.0,2.0,6.0,5,8,6,3.0,70.0,0.0,3,3.0
1,6.0,1.0,2.0,4.0,5,8,6,1.0,74.0,0.0,3,0.1428571428571428
2,5.0,3.0,2.0,6.0,5,8,6,1.0,73.0,0.0,3,3.0
2,5.0,5.0,2.0,4.0,5,8,6,2.0,46.0,0.0,3,6.0
2,6.0,3.0,2.0,8.0,5,8,6,2.0,50.0,0.25,3,4.0
3,5.0,3.0,2.0,6.0,5,8,6,1.0,44.0,0.25,3,4.0
2,5.0,2.0,2.0,10.0,5,8,6,1.0,43.0,0.5,3,4.0
2,5.0,4.0,2.0,8.0,5,8,6,2.0,44.0,0.4,3,5.0
3,3.0,6.0,2.0,5.0,5,8,6,2.0,61.0,0.0,3,7.0
3,5.0,7.0,2.0,6.0,5,8,6,3.0,58.0,0.0,3,7.0
1,6.0,2.0,2.0,5.0,5,8,6,1.0,49.0,0.0,3,1.0
3,5.0,4.0,2.0,4.0,5,8,6,2.0,38.0,0.25,3,4.0
1,6.0,1.0,2.0,3.0,7,8,6,2.0,59.0,0.0,3,1.0
1,5.0,1.0,2.0,1.0,7,8,6,1.0,55.0,0.0,3,1.0
1,5.0,2.0,2.0,3.0,7,8,6,1.0,69.0,0.0,3,0.5
2,6.0,3.0,2.0,3.0,7,8,6,1.0,63.0,0.0,3,1.5
2,4.0,3.0,2.0,1.0,7,8,6,2.0,69.0,0.0,3,2.0
1,5.0,3.0,2.0,5.0,7,8,6,1.0,61.0,0.0,3,1.0
1,6.0,2.0,2.0,4.0,7,8,6,1.0,41.0,0.0,3,2.0
1,5.0,2.0,2.0,1.0,7,8,6,1.0,86.0,0.0,3,1.0
1,3.0,4.0,2.0,7.0,7,8,6,1.0,59.0,0.0,3,2.0
2,5.0,4.0,2.0,1.0,7,8,6,2.0,71.0,0.0,3,2.0
2,3.0,5.0,2.0,6.0,7,8,6,1.0,42.0,0.0,3,4.0
3,4.0,3.0,2.0,5.0,7,8,6,2.0,55.0,0.0,3,3.0
2,5.0,2.0,2.0,10.0,7,8,6,2.0,40.0,0.0,3,4.0
3,5.0,5.0,2.0,6.0,7,8,6,2.0,32.0,0.0,3,3.0
1,5.0,3.0,2.0,7.0,7,8,6,0.0,56.0,0.0,3,2.0
1,6.0,3.0,2.0,6.0,5,8,6,1.0,82.0,0.0,3,2.0
1,6.0,1.0,2.0,6.0,5,8,6,1.0,57.0,0.0,3,0.1428571428571428
2,5.0,2.0,2.0,3.0,5,8,6,2.0,72.0,0.0,3,2.0
2,6.0,2.0,2.0,3.0,5,8,6,2.0,85.0,0.0,3,2.0
2,5.0,2.0,2.0,5.0,5,8,6,2.0,40.0,0.0,3,5.0
2,6.0,2.0,2.0,5.0,5,8,6,1.0,31.0,0.4,3,5.0
2,5.0,2.0,2.0,6.0,5,8,6,2.0,41.0,0.25,3,4.0
3,3.0,5.0,2.0,8.0,5,8,6,3.0,59.0,0.0,3,3.0
1,6.0,1.0,2.0,5.0,5,8,6,1.0,63.0,0.0,3,1.0
3,5.0,3.0,2.0,6.0,5,8,6,3.0,42.0,0.0,3,5.0
2,6.0,1.0,2.0,4.0,5,8,6,2.0,66.0,0.0,3,2.0
2,4.0,5.0,2.0,6.0,5,8,6,3.0,60.0,0.25,3,4.0
2,5.0,5.0,2.0,8.0,7,8,6,2.0,30.0,0.2857142857142857,3,1.0
1,5.0,5.0,2.0,6.0,7,8,6,2.0,33.0,0.25,3,0.5714285714285714
3,6.0,4.0,2.0,3.0,7,8,6,3.0,57.0,0.0,3,0.7142857142857143
2,4.0,5.0,2.0,4.0,7,8,6,1.0,27.0,0.25,3,0.5714285714285714
3,4.0,6.0,2.0,4.0,7,8,6,3.0,36.0,0.1666666666666666,3,0.8571428571428571
1,6.0,2.0,2.0,3.0,7,8,6,1.0,54.0,0.0,3,1.0
2,4.0,4.0,2.0,3.0,7,8,6,1.0,41.0,0.0,3,2.0
2,6.0,1.0,2.0,4.0,7,8,6,2.0,32.0,0.3333333333333333,3,3.0
1,6.0,3.0,2.0,3.0,7,8,6,1.0,48.0,0.3333333333333333,3,3.0
2,4.0,3.0,2.0,6.0,7,8,6,3.0,38.0,0.0,3,4.0
3,4.0,3.0,2.0,3.0,7,8,6,3.0,49.0,0.2857142857142857,3,7.0
2,4.0,3.0,2.0,3.0,7,8,6,2.0,49.0,0.2,3,5.0
1,5.0,3.0,2.0,6.0,1,8,6,0.0,67.0,0.0,3,1.0
2,2.0,5.0,2.0,9.0,1,8,6,1.0,62.0,0.0,3,2.0
2,3.0,3.0,2.0,10.0,1,8,6,1.0,66.0,0.0,3,2.0
2,1.0,3.0,2.0,8.0,1,8,6,2.0,54.0,0.25,3,4.0
1,2.0,1.0,2.0,9.0,1,8,6,1.0,40.0,0.0,3,2.0
2,5.0,2.0,2.0,5.0,1,8,6,2.0,45.0,0.0,3,4.0
3,5.0,4.0,2.0,6.0,1,8,6,3.0,41.0,0.2,3,5.0
2,5.0,3.0,2.0,5.0,1,8,6,0.0,34.0,0.3333333333333333,3,0.75
3,6.0,2.0,2.0,5.0,1,8,6,1.0,45.0,0.0,3,1.0
2,5.0,5.0,2.0,6.0,1,8,6,2.0,38.0,0.25,3,1.0
2,5.0,2.0,2.0,8.0,1,8,6,1.0,59.0,0.0,3,2.0
2,2.0,5.0,2.0,4.0,1,8,6,1.0,81.0,0.0,3,2.0
3,5.0,4.0,2.0,3.0,1,8,6,1.0,79.0,0.25,3,4.0
1,1.0,4.0,2.0,8.0,1,8,6,1.0,48.0,0.5,3,2.0
2,5.0,3.0,2.0,4.0,1,8,6,2.0,47.0,0.0,3,3.0
1,5.0,2.0,2.0,7.0,1,8,6,1.0,51.0,0.0,3,1.0
3,6.0,1.0,2.0,6.0,1,8,6,3.0,45.0,0.25,3,4.0
1,3.0,4.0,2.0,4.0,1,8,6,1.0,68.0,0.0,3,3.0
2,5.0,7.0,2.0,4.0,1,8,6,2.0,58.0,0.0,3,5.0
3,5.0,3.0,2.0,5.0,1,8,6,2.0,49.0,0.25,3,4.0
2,2.0,3.0,2.0,8.0,1,8,6,1.0,64.0,0.0,3,2.0
3,5.0,6.0,2.0,6.0,1,8,6,2.0,59.0,0.0,3,5.0
1,6.0,2.0,2.0,1.0,1,8,6,1.0,61.0,0.0,3,1.0
2,6.0,5.0,2.0,3.0,1,8,6,2.0,61.0,0.0,3,2.0
3,6.0,6.0,2.0,6.0,1,8,6,1.0,34.0,0.2,3,5.0
3,2.0,6.0,2.0,5.0,1,8,6,2.0,55.0,0.0,3,4.0
3,5.0,4.0,2.0,8.0,1,8,6,2.0,54.0,0.0,3,3.0
1,5.0,1.0,2.0,4.0,1,8,6,1.0,69.0,0.0,3,1.0
3,2.0,5.0,2.0,6.0,1,8,6,3.0,49.0,0.0,3,3.0
1,5.0,1.0,2.0,3.0,1,8,6,1.0,48.0,0.0,3,0.3333333333333333
1,5.0,1.0,2.0,3.0,1,8,6,0.0,59.0,0.0,3,1.0
3,5.0,6.0,2.0,4.0,1,8,6,1.0,68.0,0.0,3,4.0
2,5.0,4.0,2.0,6.0,1,8,6,2.0,49.0,0.3333333333333333,3,3.0
1,5.0,4.0,2.0,6.0,1,8,6,1.0,63.0,0.0,3,2.0
2,6.0,6.0,2.0,8.0,4,8,6,2.0,49.0,0.0,3,5.0
2,5.0,3.0,2.0,6.0,4,8,6,2.0,37.0,0.5,3,4.0
1,6.0,2.0,2.0,4.0,4,8,6,1.0,50.0,0.0,3,1.0
3,6.0,5.0,2.0,3.0,4,8,6,2.0,76.0,0.0,3,3.0
2,6.0,3.0,2.0,3.0,4,8,6,3.0,56.0,0.0,3,3.0
2,6.0,4.0,2.0,3.0,4,8,6,2.0,41.0,0.2,3,5.0
3,6.0,4.0,2.0,3.0,4,8,6,2.0,64.0,0.0,3,3.0
1,6.0,6.0,2.0,4.0,4,8,6,1.0,63.0,0.0,3,0.1666666666666666
1,6.0,5.0,2.0,4.0,4,8,6,1.0,47.0,0.0,3,1.0
2,6.0,3.0,2.0,4.0,4,8,6,2.0,33.0,0.6,3,5.0
2,6.0,4.0,2.0,4.0,4,8,6,2.0,33.0,0.2,3,5.0
2,5.0,4.0,2.0,8.0,1,8,6,2.0,62.0,0.0,3,3.0
2,5.0,1.0,2.0,6.0,1,8,6,1.0,42.0,0.3333333333333333,3,3.0
1,5.0,1.0,2.0,8.0,1,8,6,1.0,49.0,0.0,3,1.0
2,5.0,4.0,2.0,4.0,1,8,6,2.0,68.0,0.0,3,3.0
3,3.0,4.0,2.0,4.0,1,8,6,2.0,78.0,0.0,3,3.0
2,3.0,5.0,2.0,4.0,1,8,6,2.0,51.0,0.0,3,3.0
1,5.0,2.0,2.0,1.0,1,8,6,1.0,59.0,0.0,3,0.1428571428571428
2,5.0,3.0,2.0,4.0,1,8,6,0.0,79.0,0.0,3,3.0
3,5.0,4.0,2.0,5.0,1,8,6,3.0,40.0,0.2,3,5.0
1,3.0,2.0,2.0,8.0,1,8,6,0.0,63.0,0.0,3,1.0
1,3.0,4.0,2.0,10.0,1,8,6,0.0,70.0,0.0,3,2.0
3,3.0,3.0,2.0,10.0,1,8,6,2.0,83.0,0.0,3,3.0
2,3.0,4.0,2.0,10.0,1,8,6,1.0,68.0,0.0,3,4.0
2,3.0,6.0,2.0,8.0,1,8,6,1.0,78.0,0.25,3,4.0
1,3.0,4.0,2.0,8.0,1,8,6,1.0,37.0,0.3333333333333333,3,3.0
3,5.0,3.0,2.0,3.0,1,8,6,1.0,80.0,0.0,3,3.0
2,5.0,2.0,2.0,3.0,1,8,6,1.0,72.0,0.0,3,2.0
1,5.0,3.0,2.0,1.0,1,8,6,0.0,88.0,0.0,3,1.0
3,5.0,2.0,2.0,6.0,1,8,6,3.0,78.0,0.0,3,3.0
2,3.0,3.0,2.0,5.0,1,8,6,2.0,46.0,0.0,3,3.0
3,3.0,6.0,2.0,8.0,1,8,6,3.0,77.0,0.0,3,6.0
2,1.0,5.0,2.0,10.0,1,8,6,2.0,66.0,0.0,3,2.0
2,3.0,4.0,2.0,8.0,1,8,6,0.0,88.0,0.0,3,3.0
2,5.0,3.0,2.0,5.0,1,8,6,1.0,36.0,0.5,3,6.0
2,5.0,3.0,2.0,6.0,1,8,6,2.0,39.0,0.0,3,3.0
1,6.0,2.0,2.0,3.0,1,8,6,1.0,65.0,0.0,3,1.0
1,5.0,3.0,2.0,6.0,1,8,6,1.0,57.0,0.0,3,2.0
2,5.0,3.0,2.0,4.0,1,8,6,1.0,51.0,0.0,3,3.0
2,6.0,3.0,2.0,5.0,1,8,6,1.0,44.0,0.2,3,5.0
2,6.0,3.0,2.0,1.0,1,8,6,0.0,73.0,0.0,3,2.0
2,6.0,3.0,2.0,1.0,1,8,6,2.0,57.0,0.0,3,2.0
1,6.0,4.0,2.0,5.0,1,8,6,1.0,66.0,0.0,3,1.0
1,6.0,3.0,2.0,3.0,1,8,6,1.0,70.0,0.0,3,2.0
1,5.0,2.0,2.0,9.0,1,8,6,1.0,54.0,0.0,3,1.0
1,5.0,4.0,2.0,6.0,1,8,6,1.0,61.0,0.0,3,1.0
1,5.0,2.0,2.0,3.0,1,8,6,1.0,55.0,0.0,3,7.0
2,5.0,5.0,2.0,5.0,1,8,6,1.0,60.0,0.2,3,5.0
2,5.0,5.0,2.0,6.0,1,8,6,1.0,55.0,0.0,3,2.0
1,5.0,3.0,2.0,1.0,1,8,6,0.0,58.0,0.0,3,1.0
2,3.0,3.0,2.0,8.0,1,8,6,1.0,40.0,0.4,3,5.0
2,5.0,4.0,2.0,4.0,1,8,6,2.0,54.0,0.0,3,7.0
3,5.0,3.0,2.0,5.0,1,8,6,3.0,53.0,0.0,3,5.0
3,6.0,5.0,2.0,5.0,1,8,6,1.0,45.0,0.2,3,1.0
1,6.0,1.0,2.0,4.0,1,8,6,1.0,77.0,0.0,3,1.0
1,6.0,3.0,2.0,4.0,1,8,6,1.0,46.0,0.0,3,1.0
1,5.0,2.0,2.0,6.0,1,8,6,1.0,80.0,0.0,3,2.0
2,6.0,3.0,2.0,4.0,1,8,6,1.0,80.0,0.0,3,0.5714285714285714
1,6.0,2.0,2.0,4.0,1,8,6,1.0,77.0,0.0,3,1.0
2,5.0,3.0,2.0,3.0,1,8,6,2.0,76.0,0.0,3,3.0
3,5.0,4.0,2.0,6.0,1,8,6,3.0,36.0,0.4,3,1.0
2,5.0,2.0,2.0,5.0,1,8,6,2.0,39.0,0.3333333333333333,3,0.6
2,5.0,3.0,2.0,6.0,1,8,6,3.0,48.0,0.0,3,0.5714285714285714
3,5.0,3.0,2.0,6.0,1,8,6,3.0,50.0,0.2,3,1.0
1,5.0,4.0,2.0,4.0,1,8,6,0.0,71.0,0.0,3,0.2
1,5.0,1.0,2.0,4.0,1,8,6,1.0,50.0,0.5,3,2.0
2,5.0,4.0,2.0,3.0,1,8,6,1.0,71.0,0.0,3,0.5
3,5.0,3.0,2.0,4.0,1,8,6,3.0,65.0,0.0,3,3.0
1,6.0,2.0,2.0,4.0,1,8,6,1.0,63.0,0.0,3,3.0
3,5.0,4.0,2.0,10.0,8,8,6,3.0,64.0,0.0,3,5.0
3,3.0,4.0,2.0,5.0,8,8,6,1.0,72.0,0.0,3,3.0
2,5.0,6.0,2.0,8.0,8,8,6,2.0,46.0,0.2,3,5.0
3,5.0,4.0,2.0,6.0,8,8,6,2.0,45.0,0.0,3,0.75
1,5.0,2.0,2.0,6.0,8,8,6,0.0,33.0,0.5,3,0.5
1,6.0,1.0,2.0,5.0,8,8,6,1.0,43.0,0.0,3,0.25
2,3.0,4.0,2.0,10.0,8,8,6,2.0,69.0,0.0,3,2.0
3,1.0,2.0,2.0,10.0,8,8,6,1.0,76.0,0.0,3,4.0
2,1.0,4.0,2.0,10.0,8,8,6,0.0,87.0,0.0,3,2.0
2,1.0,5.0,2.0,10.0,8,8,6,2.0,69.0,0.0,3,2.0
1,1.0,4.0,2.0,8.0,8,8,6,1.0,68.0,0.0,3,2.0
1,1.0,4.0,2.0,9.0,8,8,6,1.0,40.0,0.0,3,5.0
3,3.0,3.0,2.0,9.0,8,8,6,2.0,65.0,0.0,3,3.0
1,3.0,2.0,2.0,6.0,8,8,6,1.0,50.0,0.0,3,3.0
3,1.0,7.0,2.0,10.0,8,8,6,2.0,83.0,0.0,3,5.0
3,2.0,6.0,2.0,10.0,8,8,6,2.0,78.0,0.0,3,4.0
3,2.0,6.0,2.0,10.0,8,8,6,3.0,61.0,0.0,3,3.0
2,1.0,4.0,2.0,10.0,8,8,6,2.0,50.0,0.0,3,4.0
3,5.0,5.0,2.0,1.0,8,8,6,3.0,54.0,0.25,3,4.0
2,3.0,4.0,2.0,6.0,8,8,6,2.0,61.0,0.0,3,4.0
1,3.0,4.0,2.0,5.0,8,8,6,1.0,66.0,0.0,3,2.0
3,5.0,5.0,2.0,8.0,8,8,6,1.0,77.0,0.0,3,3.0
3,3.0,6.0,2.0,6.0,8,8,6,1.0,52.0,0.0,3,3.0
1,3.0,5.0,2.0,8.0,8,8,6,1.0,64.0,0.0,3,3.0
2,5.0,2.0,2.0,6.0,8,8,6,2.0,32.0,0.5,3,4.0
2,5.0,3.0,2.0,7.0,8,8,6,2.0,23.0,0.0,3,2.0
2,5.0,1.0,2.0,4.0,8,8,6,2.0,54.0,0.0,3,2.0
2,5.0,3.0,2.0,6.0,8,8,6,2.0,51.0,0.0,3,2.0
3,1.0,4.0,2.0,6.0,8,8,6,2.0,51.0,0.0,3,3.0
1,1.0,3.0,2.0,6.0,8,8,6,0.0,86.0,0.0,3,2.0
2,3.0,3.0,2.0,8.0,8,8,6,1.0,76.0,0.0,3,2.0
1,2.0,4.0,2.0,8.0,8,8,6,0.0,78.0,0.0,3,2.0
2,3.0,4.0,2.0,6.0,8,8,6,1.0,73.0,0.0,3,2.0
3,1.0,4.0,2.0,8.0,8,8,6,2.0,64.0,0.2,3,5.0
2,3.0,4.0,2.0,9.0,8,8,6,2.0,55.0,0.0,3,3.0
2,3.0,4.0,2.0,6.0,8,8,6,1.0,56.0,0.0,3,1.0
1,5.0,3.0,2.0,10.0,8,8,6,0.0,66.0,0.0,3,2.0
3,2.0,5.0,2.0,6.0,8,8,6,3.0,60.0,0.2,3,5.0
2,6.0,3.0,2.0,5.0,8,8,6,2.0,60.0,0.0,3,2.0
2,5.0,4.0,2.0,8.0,8,8,6,1.0,53.0,0.0,3,4.0
2,3.0,5.0,2.0,7.0,8,8,6,1.0,69.0,0.3333333333333333,3,3.0
3,2.0,2.0,2.0,10.0,8,8,6,1.0,67.0,0.0,3,3.0
3,5.0,5.0,2.0,8.0,8,8,6,3.0,54.0,0.0,3,3.0
1,2.0,3.0,2.0,10.0,8,8,6,0.0,91.0,0.0,3,2.0
2,3.0,5.0,2.0,10.0,8,8,6,2.0,47.0,0.4,3,5.0
2,2.0,5.0,2.0,10.0,8,8,6,1.0,78.0,0.2,3,5.0
3,3.0,5.0,2.0,4.0,8,8,6,3.0,69.0,0.0,3,6.0
1,3.0,2.0,2.0,4.0,8,8,6,0.0,73.0,0.0,3,1.0
1,2.0,3.0,2.0,10.0,8,8,6,0.0,69.0,0.0,3,1.0
2,5.0,4.0,2.0,6.0,8,8,6,1.0,65.0,0.0,3,2.0
2,3.0,7.0,2.0,6.0,8,8,6,1.0,61.0,0.0,3,3.0
2,5.0,5.0,2.0,10.0,8,8,6,2.0,63.0,0.0,3,2.0
2,3.0,3.0,2.0,10.0,8,8,6,2.0,70.0,0.0,3,3.0
1,5.0,3.0,2.0,10.0,8,8,6,1.0,57.0,0.0,3,1.0
3,3.0,3.0,2.0,8.0,8,8,6,2.0,68.0,0.0,3,3.0
1,2.0,4.0,2.0,8.0,8,8,6,1.0,71.0,0.0,3,2.0
1,5.0,2.0,2.0,6.0,8,8,6,1.0,51.0,0.25,3,4.0
2,1.0,4.0,2.0,10.0,8,8,6,0.0,88.0,0.0,3,3.0
1,3.0,3.0,2.0,10.0,8,8,6,0.0,67.0,0.0,3,2.0
2,3.0,4.0,2.0,4.0,8,8,6,0.0,87.0,0.0,3,2.0
3,1.0,4.0,2.0,10.0,8,8,6,3.0,60.0,0.25,3,4.0
1,5.0,3.0,2.0,6.0,8,8,6,1.0,42.0,0.0,3,0.5
1,5.0,3.0,2.0,6.0,8,8,6,1.0,55.0,0.0,3,2.0
1,1.0,2.0,2.0,8.0,8,8,6,0.0,92.0,0.0,3,3.0
1,2.0,5.0,2.0,10.0,8,8,6,0.0,70.0,0.0,3,1.0
1,3.0,3.0,2.0,4.0,8,8,6,1.0,95.0,0.0,3,2.0
3,5.0,4.0,2.0,6.0,8,8,6,3.0,56.0,0.0,3,3.0
2,3.0,4.0,2.0,4.0,8,8,6,2.0,73.0,0.0,3,6.0
1,3.0,3.0,2.0,8.0,8,8,6,1.0,39.0,0.0,3,1.0
2,3.0,2.0,2.0,7.0,8,8,6,2.0,47.0,0.0,3,0.75
1,5.0,1.0,2.0,3.0,8,8,6,1.0,72.0,0.0,3,0.25
1,5.0,3.0,2.0,1.0,8,8,6,0.0,80.0,0.0,3,4.0
3,1.0,5.0,2.0,5.0,8,8,6,3.0,56.0,0.0,3,4.0
1,3.0,4.0,2.0,5.0,8,8,6,1.0,60.0,0.0,3,1.0
2,3.0,3.0,2.0,8.0,8,8,6,1.0,73.0,0.0,3,2.0
2,3.0,3.0,2.0,6.0,8,8,6,2.0,58.0,0.0,3,2.0
2,5.0,2.0,2.0,6.0,8,8,6,2.0,43.0,0.0,3,1.6666666666666667
2,5.0,4.0,2.0,4.0,8,8,6,2.0,43.0,0.25,3,1.3333333333333333
2,5.0,2.0,2.0,6.0,8,8,6,2.0,38.0,0.0,3,0.6666666666666666
2,5.0,4.0,2.0,6.0,8,8,6,2.0,43.0,0.2,3,1.6666666666666667
2,1.0,2.0,2.0,6.0,8,8,6,2.0,56.0,0.3333333333333333,3,3.0
3,3.0,5.0,2.0,6.0,8,8,6,3.0,64.0,0.25,3,4.0
1,3.0,4.0,2.0,4.0,8,8,6,0.0,78.0,0.0,3,2.0
1,5.0,1.0,2.0,6.0,8,8,6,1.0,61.0,0.0,3,0.5
3,5.0,3.0,2.0,5.0,8,8,6,3.0,59.0,0.0,3,4.0
1,3.0,1.0,2.0,6.0,8,8,6,1.0,53.0,0.0,3,1.0
2,3.0,3.0,2.0,6.0,8,8,6,1.0,62.0,0.0,3,2.0
1,5.0,2.0,2.0,6.0,8,8,6,1.0,55.0,0.0,3,1.0
3,5.0,4.0,2.0,8.0,2,8,6,3.0,52.0,0.0,3,3.0
2,5.0,3.0,2.0,6.0,2,8,6,0.0,60.0,0.0,3,2.0
1,6.0,2.0,2.0,5.0,2,8,6,0.0,67.0,0.0,3,2.0
2,3.0,4.0,2.0,10.0,2,8,6,2.0,38.0,0.2,3,1.25
1,5.0,3.0,2.0,6.0,2,8,6,1.0,60.0,0.0,3,3.0
2,5.0,5.0,2.0,5.0,2,8,6,1.0,67.0,0.0,3,4.0
1,3.0,5.0,2.0,5.0,2,8,6,1.0,65.0,0.0,3,1.0
2,5.0,3.0,2.0,6.0,2,8,6,3.0,59.0,0.0,3,4.0
2,5.0,3.0,2.0,3.0,2,8,6,2.0,80.0,0.0,3,2.0
2,5.0,3.0,2.0,6.0,2,8,6,2.0,40.0,0.25,3,4.0
2,5.0,2.0,2.0,6.0,2,8,6,2.0,44.0,0.25,3,0.5714285714285714
1,5.0,2.0,2.0,8.0,2,8,6,0.0,35.0,0.5,3,2.0
3,6.0,2.0,2.0,3.0,2,8,6,3.0,48.0,0.0,3,0.75
1,6.0,3.0,2.0,8.0,2,8,6,1.0,29.0,0.5,3,1.0
2,5.0,3.0,2.0,9.0,2,8,6,2.0,37.0,0.5,3,1.0
2,3.0,4.0,2.0,6.0,2,8,6,2.0,64.0,0.0,3,2.0
2,3.0,4.0,2.0,6.0,2,8,6,3.0,52.0,0.0,3,4.0
2,3.0,4.0,2.0,8.0,2,8,6,2.0,48.0,0.25,3,4.0
2,3.0,5.0,2.0,6.0,2,8,6,1.0,65.0,0.0,3,4.0
2,3.0,3.0,2.0,4.0,2,8,6,2.0,80.0,0.0,3,2.0
2,5.0,4.0,2.0,4.0,2,8,6,2.0,41.0,0.3333333333333333,3,3.0
1,5.0,3.0,2.0,3.0,2,8,6,0.0,53.0,0.0,3,3.0
2,5.0,4.0,2.0,6.0,2,8,6,2.0,60.0,0.0,3,4.0
2,5.0,4.0,2.0,6.0,2,8,6,0.0,92.0,0.0,3,8.0
1,5.0,3.0,2.0,6.0,2,8,6,1.0,65.0,0.0,3,2.0
1,5.0,3.0,2.0,9.0,2,8,6,0.0,76.0,0.0,3,6.0
1,3.0,4.0,2.0,10.0,2,8,6,0.0,77.0,0.0,3,1.0
3,5.0,3.0,2.0,3.0,2,8,6,2.0,91.0,0.0,3,5.0
1,5.0,5.0,2.0,3.0,2,8,6,0.0,79.0,0.0,3,2.0
1,3.0,2.0,2.0,6.0,2,8,6,1.0,65.0,0.0,3,2.0
3,6.0,5.0,2.0,1.0,2,8,6,3.0,61.0,0.0,3,3.0
2,5.0,3.0,2.0,3.0,2,8,6,2.0,55.0,0.0,3,3.0
1,3.0,4.0,2.0,5.0,2,8,6,1.0,32.0,0.4,3,5.0
2,5.0,3.0,2.0,6.0,2,8,6,2.0,64.0,0.0,3,2.0
1,4.0,1.0,2.0,5.0,2,8,6,1.0,27.0,0.5,3,2.0
2,5.0,3.0,2.0,4.0,2,8,6,2.0,39.0,0.5,3,6.0
1,6.0,2.0,2.0,4.0,2,8,6,1.0,76.0,0.0,3,1.0
1,5.0,1.0,2.0,3.0,2,8,6,1.0,74.0,0.0,3,1.0
1,6.0,2.0,2.0,3.0,2,8,6,1.0,43.0,0.0,3,0.1428571428571428
3,6.0,2.0,2.0,3.0,2,8,6,3.0,66.0,0.0,3,3.0
1,6.0,2.0,2.0,3.0,5,8,6,1.0,86.0,0.0,3,0.3333333333333333
1,4.0,2.0,2.0,6.0,5,8,6,1.0,54.0,0.0,3,0.3333333333333333
2,6.0,4.0,2.0,10.0,5,8,6,2.0,79.0,0.0,3,3.0
1,4.0,1.0,2.0,6.0,5,8,6,1.0,60.0,0.0,3,0.3333333333333333
2,5.0,3.0,2.0,4.0,5,8,6,1.0,68.0,0.0,3,0.6666666666666666
2,6.0,2.0,2.0,9.0,5,8,6,2.0,38.0,0.4,3,0.8333333333333334
2,5.0,1.0,2.0,4.0,5,8,6,1.0,78.0,0.0,3,0.3333333333333333
1,6.0,3.0,2.0,6.0,5,8,6,2.0,66.0,0.0,3,2.0
1,5.0,3.0,2.0,4.0,5,8,6,0.0,82.0,0.0,3,1.0
3,5.0,7.0,2.0,6.0,5,8,6,1.0,82.0,0.0,3,4.0
2,6.0,2.0,2.0,4.0,5,8,6,1.0,74.0,0.0,3,2.0
2,5.0,3.0,2.0,5.0,5,8,6,2.0,60.0,0.0,3,3.0
2,6.0,2.0,2.0,3.0,5,8,6,2.0,71.0,0.0,3,2.0
1,6.0,3.0,2.0,4.0,5,8,6,0.0,75.0,0.0,3,2.0
1,6.0,2.0,2.0,3.0,5,8,6,0.0,77.0,0.0,3,1.0
2,5.0,4.0,2.0,4.0,7,8,6,0.0,82.0,0.25,3,4.0
1,5.0,1.0,2.0,4.0,7,8,6,0.0,68.0,0.0,3,1.0
2,3.0,4.0,2.0,6.0,7,8,6,1.0,69.0,0.0,3,3.0
3,5.0,7.0,2.0,8.0,7,8,6,3.0,54.0,0.1666666666666666,3,6.0
2,5.0,4.0,2.0,6.0,7,8,6,1.0,52.0,0.0,3,2.0
3,3.0,5.0,2.0,10.0,7,8,6,3.0,52.0,0.4285714285714285,3,7.0
1,4.0,2.0,2.0,7.0,7,8,6,1.0,30.0,0.5,3,4.0
2,5.0,4.0,2.0,4.0,7,8,6,2.0,61.0,0.2,3,5.0
3,5.0,3.0,2.0,5.0,7,8,6,2.0,54.0,0.25,3,4.0
2,3.0,4.0,2.0,7.0,7,8,6,2.0,47.0,0.4,3,5.0
3,3.0,4.0,2.0,9.0,7,8,6,3.0,41.0,0.25,3,4.0
1,5.0,2.0,2.0,6.0,7,8,6,1.0,56.0,0.0,3,1.0
3,5.0,3.0,2.0,6.0,7,8,6,3.0,58.0,0.0,3,3.0
3,5.0,5.0,2.0,6.0,7,8,6,3.0,43.0,0.25,3,4.0
2,5.0,5.0,2.0,3.0,7,8,6,0.0,87.0,0.0,3,3.0
2,3.0,5.0,2.0,5.0,7,8,6,1.0,66.0,0.25,3,4.0
2,5.0,2.0,2.0,10.0,7,8,6,2.0,42.0,0.0,3,2.0
2,6.0,4.0,2.0,7.0,7,8,6,1.0,50.0,0.25,3,4.0
3,6.0,2.0,2.0,4.0,7,8,6,3.0,70.0,0.0,3,1.5
3,6.0,3.0,2.0,6.0,7,8,6,2.0,41.0,0.0,3,1.0
2,6.0,1.0,2.0,4.0,7,8,6,0.0,36.0,0.25,3,1.0
2,6.0,2.0,2.0,5.0,7,8,6,1.0,40.0,0.0,3,0.75
3,3.0,4.0,2.0,5.0,7,8,6,2.0,59.0,0.4,3,1.0
2,5.0,3.0,2.0,6.0,7,8,6,1.0,81.0,0.0,3,0.4
3,5.0,3.0,2.0,4.0,7,8,6,2.0,58.0,0.25,3,0.8
2,3.0,3.0,2.0,6.0,7,8,6,2.0,37.0,0.5,3,0.8
2,6.0,4.0,2.0,5.0,7,8,6,0.0,67.0,0.4,3,5.0
3,4.0,3.0,2.0,6.0,7,8,6,2.0,49.0,0.0,3,3.0
2,4.0,4.0,2.0,5.0,7,8,6,1.0,54.0,0.2,3,5.0
2,4.0,4.0,2.0,6.0,7,8,6,1.0,53.0,0.3333333333333333,3,3.0
2,6.0,3.0,2.0,8.0,7,8,6,1.0,44.0,0.5,3,4.0
1,5.0,3.0,2.0,5.0,7,8,6,2.0,54.0,0.3333333333333333,3,3.0
1,3.0,4.0,2.0,8.0,7,8,6,1.0,52.0,0.0,3,4.0
2,5.0,3.0,2.0,5.0,7,8,6,2.0,42.0,0.2,3,5.0
3,5.0,4.0,2.0,8.0,7,8,6,2.0,42.0,0.4,3,5.0
2,6.0,2.0,2.0,1.0,7,8,6,1.0,62.0,0.0,3,0.4285714285714285
3,5.0,5.0,2.0,4.0,7,8,6,1.0,60.0,0.2,3,1.6666666666666667
2,4.0,1.0,2.0,5.0,7,8,6,1.0,53.0,0.5,3,1.3333333333333333
1,4.0,1.0,2.0,6.0,7,8,6,2.0,24.0,0.5,3,1.3333333333333333
1,5.0,4.0,2.0,3.0,7,8,6,1.0,49.0,0.0,3,0.25
3,5.0,5.0,2.0,3.0,7,8,6,3.0,57.0,0.2,3,1.0
3,5.0,4.0,2.0,3.0,7,8,6,2.0,59.0,0.5,3,1.6
2,5.0,2.0,2.0,5.0,7,8,6,0.0,68.0,0.0,3,0.4
3,5.0,4.0,2.0,5.0,7,8,6,1.0,61.0,0.4,3,2.0
1,4.0,2.0,2.0,3.0,7,8,6,1.0,74.0,0.0,3,1.0
1,4.0,2.0,2.0,4.0,7,8,6,2.0,45.0,0.25,3,4.0
1,4.0,2.0,2.0,4.0,7,8,6,1.0,34.0,0.6,3,0.625
2,6.0,1.0,2.0,4.0,7,8,6,2.0,53.0,0.3846153846153846,3,1.625
2,6.0,2.0,2.0,6.0,7,8,6,2.0,48.0,0.25,3,4.0
2,5.0,3.0,2.0,6.0,7,8,6,1.0,47.0,0.2857142857142857,3,1.4
2,6.0,4.0,2.0,6.0,7,8,6,2.0,29.0,0.5,3,0.8
3,6.0,3.0,2.0,6.0,7,8,6,3.0,44.0,0.25,3,0.5714285714285714
3,5.0,3.0,2.0,6.0,7,8,6,2.0,45.0,0.2,3,5.0
2,5.0,2.0,2.0,5.0,7,8,6,2.0,56.0,0.0,3,2.0
3,5.0,3.0,2.0,5.0,7,8,6,3.0,66.0,0.0,3,3.0
1,6.0,2.0,2.0,5.0,7,8,6,1.0,66.0,0.0,3,1.0
3,2.0,4.0,2.0,8.0,7,8,6,3.0,47.0,0.0,3,3.0
1,5.0,2.0,2.0,5.0,7,8,6,1.0,60.0,0.0,3,1.0
2,2.0,6.0,2.0,10.0,7,8,6,2.0,42.0,0.25,3,4.0
2,5.0,6.0,2.0,6.0,7,8,6,2.0,45.0,0.2,3,5.0
1,5.0,1.0,2.0,10.0,7,8,6,1.0,48.0,0.0,3,1.0
2,2.0,4.0,2.0,6.0,7,8,6,2.0,42.0,0.3333333333333333,3,3.0
2,2.0,3.0,2.0,10.0,7,8,6,1.0,79.0,0.0,3,2.0
1,2.0,4.0,2.0,5.0,7,8,6,1.0,52.0,0.0,3,3.0
2,5.0,2.0,2.0,7.0,7,8,6,2.0,43.0,0.0,3,3.0
1,4.0,1.0,2.0,1.0,7,8,6,0.0,77.0,0.0,3,1.0
2,5.0,4.0,2.0,3.0,7,8,6,1.0,54.0,0.0,3,2.0
1,5.0,1.0,2.0,5.0,7,8,6,1.0,45.0,0.0,3,1.0
2,2.0,4.0,2.0,10.0,7,8,6,2.0,72.0,0.0,3,4.0
2,5.0,2.0,2.0,6.0,7,8,6,2.0,47.0,0.0,3,0.7142857142857143
1,2.0,4.0,2.0,10.0,7,8,6,1.0,41.0,0.5,3,0.5714285714285714
1,5.0,5.0,2.0,10.0,7,8,6,1.0,38.0,0.5,3,4.0
2,5.0,3.0,2.0,6.0,7,8,6,1.0,34.0,0.25,3,0.8
2,5.0,3.0,2.0,6.0,7,8,6,3.0,49.0,0.0,3,0.6
1,1.0,4.0,2.0,10.0,3,8,6,1.0,42.0,0.3333333333333333,3,3.0
1,2.0,2.0,2.0,1.0,3,8,6,0.0,84.0,0.0,3,1.0
1,5.0,3.0,2.0,3.0,3,8,6,0.0,74.0,0.0,3,1.0
1,5.0,2.0,2.0,4.0,3,8,6,0.0,75.0,0.0,3,1.0
2,5.0,1.0,2.0,6.0,3,8,6,2.0,33.0,0.5,3,4.0
3,2.0,7.0,2.0,8.0,3,8,6,1.0,44.0,0.0,3,4.0
1,2.0,5.0,2.0,4.0,3,8,6,0.0,83.0,0.0,3,1.0
1,2.0,5.0,2.0,6.0,3,8,6,0.0,88.0,0.0,3,1.0
3,2.0,5.0,2.0,6.0,3,8,6,3.0,53.0,0.0,3,5.0
2,5.0,5.0,2.0,6.0,3,8,6,2.0,53.0,0.0,3,4.0
2,5.0,3.0,2.0,6.0,3,8,6,1.0,75.0,0.0,3,2.0
1,2.0,5.0,2.0,6.0,3,8,6,1.0,52.0,0.0,3,3.0
2,5.0,4.0,2.0,6.0,3,8,6,2.0,56.0,0.0,3,3.0
2,5.0,6.0,2.0,5.0,3,8,6,2.0,63.0,0.0,3,3.0
3,2.0,6.0,2.0,10.0,3,8,6,2.0,66.0,0.1666666666666666,3,6.0
2,5.0,5.0,2.0,6.0,3,8,6,1.0,59.0,0.0,3,5.0
1,5.0,3.0,2.0,7.0,3,8,6,1.0,33.0,0.0,3,2.0
2,2.0,4.0,2.0,10.0,3,8,6,1.0,38.0,0.0,3,3.0
2,5.0,5.0,2.0,5.0,3,8,6,2.0,56.0,0.25,3,4.0
2,5.0,2.0,2.0,4.0,6,8,6,1.0,67.0,0.0,3,2.0
2,6.0,3.0,2.0,6.0,6,8,6,2.0,57.0,0.0,3,3.0
1,3.0,1.0,2.0,4.0,6,8,6,1.0,74.0,0.0,3,1.0
1,5.0,1.0,2.0,4.0,6,8,6,1.0,76.0,0.0,3,1.0
1,6.0,1.0,2.0,3.0,6,8,6,2.0,55.0,0.3333333333333333,3,3.0
1,6.0,1.0,2.0,4.0,6,8,6,2.0,67.0,0.0,3,2.0
1,6.0,1.0,2.0,3.0,6,8,6,1.0,75.0,0.0,3,1.0
1,5.0,3.0,2.0,5.0,6,8,6,1.0,72.0,0.0,3,1.0
1,5.0,3.0,2.0,4.0,6,8,6,1.0,71.0,0.0,3,1.0
1,5.0,3.0,2.0,8.0,6,8,6,1.0,88.0,0.0,3,1.0
1,6.0,1.0,2.0,5.0,6,8,6,1.0,73.0,0.0,3,1.0
2,4.0,4.0,2.0,1.0,5,8,6,2.0,82.0,0.0,3,3.0
3,5.0,4.0,2.0,7.0,7,8,6,1.0,39.0,0.2,3,1.0
1,6.0,2.0,2.0,6.0,7,8,6,1.0,48.0,0.3333333333333333,3,0.6
2,5.0,1.0,2.0,5.0,7,8,6,1.0,30.0,0.3333333333333333,3,0.6
3,5.0,5.0,2.0,6.0,7,8,6,3.0,51.0,0.4,3,5.0
3,5.0,4.0,2.0,3.0,7,8,6,1.0,61.0,0.0,3,4.0
2,4.0,1.0,2.0,3.0,7,8,6,0.0,92.0,0.0,3,2.0
1,3.0,2.0,2.0,1.0,7,8,6,0.0,76.0,0.0,3,1.0
1,4.0,2.0,2.0,1.0,7,8,6,0.0,72.0,0.0,3,0.5
1,3.0,2.0,2.0,6.0,7,8,6,1.0,51.0,0.0,3,0.4
3,5.0,3.0,2.0,8.0,7,8,6,2.0,39.0,0.25,3,0.8
2,6.0,1.0,2.0,6.0,5,8,6,2.0,24.0,0.5,3,0.6666666666666666
2,6.0,2.0,2.0,1.0,5,8,6,1.0,60.0,0.0,3,4.0
1,4.0,3.0,2.0,4.0,5,8,6,1.0,77.0,0.0,3,1.0
2,4.0,3.0,2.0,6.0,5,8,6,2.0,37.0,0.25,3,4.0
2,4.0,2.0,2.0,8.0,5,8,6,1.0,39.0,0.5,3,0.5714285714285714
3,4.0,3.0,2.0,1.0,5,8,6,1.0,59.0,0.0,3,3.0
1,4.0,2.0,2.0,1.0,5,8,6,1.0,34.0,0.0,3,0.3333333333333333
2,6.0,2.0,2.0,3.0,5,8,6,1.0,78.0,0.0,3,2.0
2,6.0,2.0,2.0,4.0,5,8,6,2.0,72.0,0.0,3,4.0
2,6.0,3.0,2.0,4.0,5,8,6,1.0,45.0,0.4,3,0.8333333333333334
2,3.0,4.0,2.0,10.0,1,8,6,2.0,66.0,0.0,3,2.0
3,3.0,4.0,2.0,8.0,1,8,6,3.0,55.0,0.2857142857142857,3,7.0
1,3.0,3.0,2.0,8.0,1,8,6,1.0,59.0,0.0,3,1.0
2,3.0,3.0,2.0,9.0,1,8,6,1.0,39.0,0.0,3,3.0
2,5.0,3.0,2.0,10.0,1,8,6,2.0,37.0,0.5,3,4.0
3,3.0,3.0,2.0,7.0,1,8,6,3.0,48.0,0.2,3,5.0
3,3.0,3.0,2.0,5.0,1,8,6,3.0,61.0,0.25,3,4.0
1,3.0,4.0,2.0,10.0,1,8,6,1.0,50.0,0.0,3,2.0
2,6.0,3.0,2.0,6.0,1,8,6,1.0,64.0,0.0,3,2.0
3,3.0,4.0,2.0,8.0,1,8,6,3.0,54.0,0.0,3,4.0
1,3.0,3.0,2.0,5.0,1,8,6,0.0,44.0,0.0,3,3.0
1,5.0,4.0,2.0,4.0,1,8,6,0.0,62.0,0.0,3,2.0
3,6.0,3.0,2.0,3.0,1,8,6,1.0,87.0,0.0,3,4.0
1,5.0,2.0,2.0,6.0,1,8,6,1.0,25.0,0.5,3,0.5
2,6.0,2.0,2.0,6.0,1,8,6,2.0,57.0,0.0,3,0.5
1,5.0,2.0,2.0,9.0,1,8,6,1.0,30.0,0.5,3,2.0
2,5.0,1.0,2.0,8.0,1,8,6,2.0,35.0,0.0,3,0.5
2,6.0,1.0,2.0,8.0,1,8,6,1.0,33.0,0.25,3,1.0
2,5.0,6.0,2.0,3.0,1,8,6,1.0,76.0,0.0,3,2.0
2,5.0,3.0,2.0,3.0,1,8,6,0.0,77.0,0.0,3,2.0
2,5.0,6.0,2.0,1.0,1,8,6,0.0,80.0,0.0,3,2.0
2,5.0,4.0,2.0,4.0,1,8,6,1.0,62.0,0.25,3,4.0
2,5.0,3.0,2.0,6.0,1,8,6,1.0,19.0,0.0,3,2.0
2,5.0,4.0,2.0,8.0,1,8,6,2.0,59.0,0.0,3,2.0
3,5.0,4.0,2.0,4.0,1,8,6,3.0,66.0,0.2,3,5.0
3,5.0,3.0,2.0,5.0,1,8,6,3.0,44.0,0.0,3,3.0
1,3.0,1.0,2.0,10.0,1,8,6,1.0,62.0,0.0,3,1.0
3,3.0,3.0,2.0,4.0,1,8,6,1.0,92.0,0.25,3,4.0
1,5.0,2.0,2.0,6.0,1,8,6,1.0,27.0,0.5,3,0.5
2,6.0,2.0,2.0,3.0,1,8,6,2.0,70.0,0.0,3,0.5
2,6.0,2.0,2.0,6.0,1,8,6,1.0,31.0,0.3333333333333333,3,0.4285714285714285
2,3.0,3.0,2.0,8.0,1,8,6,1.0,42.0,0.0,3,2.0
3,5.0,4.0,2.0,6.0,1,8,6,2.0,59.0,0.2857142857142857,3,7.0
1,5.0,6.0,2.0,1.0,1,8,6,1.0,70.0,0.0,3,2.0
3,5.0,4.0,2.0,6.0,1,8,6,3.0,59.0,0.2,3,5.0
2,5.0,4.0,2.0,5.0,1,8,6,1.0,82.0,0.0,3,2.0
3,5.0,4.0,2.0,5.0,1,8,6,1.0,66.0,0.2857142857142857,3,7.0
2,5.0,3.0,2.0,10.0,1,8,6,1.0,47.0,0.0,3,2.0
2,3.0,4.0,2.0,8.0,1,8,6,2.0,44.0,0.0,3,3.0
2,5.0,5.0,2.0,4.0,1,8,6,1.0,59.0,0.0,3,3.0
1,5.0,2.0,2.0,4.0,1,8,6,0.0,73.0,0.0,3,1.0
3,3.0,4.0,2.0,10.0,1,8,6,1.0,80.0,0.0,3,3.0
2,5.0,3.0,2.0,6.0,1,8,6,0.0,63.0,0.0,3,4.0
3,5.0,6.0,2.0,6.0,1,8,6,2.0,53.0,0.1428571428571428,3,7.0
2,5.0,3.0,2.0,6.0,1,8,6,1.0,65.0,0.0,3,3.0
1,6.0,2.0,2.0,6.0,1,8,6,1.0,44.0,0.0,3,0.2
1,6.0,4.0,2.0,4.0,1,8,6,1.0,49.0,0.3333333333333333,3,1.0
1,3.0,3.0,2.0,4.0,1,8,6,1.0,55.0,0.0,3,3.0
2,5.0,4.0,2.0,8.0,1,8,6,2.0,56.0,0.0,3,3.0
3,5.0,3.0,2.0,8.0,1,8,6,2.0,46.0,0.0,3,4.0
3,5.0,5.0,2.0,6.0,1,8,6,3.0,40.0,0.375,3,8.0
2,6.0,3.0,2.0,4.0,1,8,6,2.0,62.0,0.0,3,4.0
2,5.0,3.0,2.0,6.0,1,8,6,2.0,29.0,0.3333333333333333,3,6.0
1,6.0,4.0,2.0,3.0,1,8,6,1.0,67.0,0.0,3,2.0
2,6.0,2.0,2.0,4.0,1,8,6,2.0,28.0,0.2,3,5.0
1,3.0,4.0,2.0,6.0,1,8,6,2.0,33.0,0.25,3,4.0
3,5.0,4.0,2.0,6.0,1,8,6,3.0,53.0,0.0,3,4.0
2,6.0,1.0,2.0,6.0,1,8,6,2.0,31.0,0.4,3,5.0
2,5.0,5.0,2.0,5.0,1,8,6,2.0,34.0,0.25,3,4.0
1,6.0,5.0,2.0,1.0,1,8,6,1.0,72.0,0.0,3,2.0
1,3.0,4.0,2.0,4.0,1,8,6,0.0,44.0,0.25,3,1.3333333333333333
1,6.0,3.0,2.0,3.0,1,8,6,1.0,57.0,0.0,3,0.6666666666666666
3,6.0,4.0,2.0,4.0,1,8,6,3.0,48.0,0.1666666666666666,3,2.0
2,6.0,4.0,2.0,3.0,1,8,6,2.0,55.0,0.0,3,2.0
3,6.0,5.0,2.0,3.0,1,8,6,2.0,74.0,0.0,3,1.0
1,6.0,3.0,2.0,6.0,1,8,6,1.0,48.0,0.0,3,1.0
3,5.0,4.0,2.0,3.0,1,8,6,0.0,79.0,0.0,3,3.0
2,5.0,4.0,2.0,6.0,1,8,6,3.0,56.0,0.4,3,5.0
2,6.0,2.0,2.0,3.0,1,8,6,1.0,47.0,0.0,3,2.0
1,5.0,2.0,2.0,5.0,1,8,6,1.0,52.0,0.0,3,1.0
1,6.0,3.0,2.0,4.0,1,8,6,1.0,62.0,0.0,3,1.0
3,5.0,3.0,2.0,4.0,1,8,6,3.0,62.0,0.2,3,5.0
2,5.0,3.0,2.0,8.0,6,8,6,1.0,49.0,0.0,3,0.2857142857142857
1,5.0,1.0,2.0,1.0,6,8,6,0.0,79.0,0.0,3,0.1428571428571428
3,6.0,3.0,2.0,5.0,6,8,6,3.0,45.0,0.0,3,1.0
2,5.0,2.0,2.0,6.0,6,8,6,1.0,35.0,0.6,3,1.0
1,5.0,3.0,2.0,5.0,6,8,6,1.0,68.0,0.0,3,0.4
1,6.0,1.0,2.0,4.0,6,8,6,1.0,42.0,0.5,3,0.4
1,5.0,1.0,2.0,4.0,6,8,6,1.0,63.0,0.0,3,0.5
2,5.0,1.0,2.0,3.0,6,8,6,1.0,70.0,0.0,3,2.0
2,5.0,3.0,2.0,8.0,6,8,6,2.0,50.0,0.25,3,0.8
3,5.0,4.0,2.0,6.0,6,8,6,1.0,73.0,0.0,3,1.0
2,6.0,2.0,2.0,3.0,6,8,6,2.0,65.0,0.0,3,0.4
2,5.0,2.0,2.0,6.0,6,8,6,2.0,37.0,0.25,3,0.8
2,1.0,5.0,2.0,6.0,6,8,6,2.0,51.0,0.0,3,4.0
1,5.0,6.0,2.0,8.0,6,8,6,0.0,82.0,0.0,3,2.0
1,4.0,3.0,2.0,3.0,6,8,6,1.0,50.0,0.5,3,0.5
2,4.0,2.0,2.0,3.0,6,8,6,1.0,50.0,0.0,3,0.5714285714285714
2,6.0,2.0,2.0,3.0,6,8,6,1.0,77.0,0.0,3,0.4
2,6.0,2.0,2.0,4.0,6,8,6,1.0,80.0,0.0,3,0.4
1,5.0,3.0,2.0,4.0,6,8,6,1.0,75.0,0.0,3,0.1428571428571428
2,5.0,1.0,2.0,3.0,6,8,6,2.0,76.0,0.0,3,0.4
1,5.0,1.0,2.0,3.0,6,8,6,1.0,75.0,0.0,3,0.2
1,6.0,1.0,2.0,3.0,6,8,6,1.0,80.0,0.0,3,0.2
1,6.0,2.0,2.0,1.0,6,8,6,0.0,76.0,0.0,3,0.2
2,6.0,4.0,2.0,4.0,6,8,6,1.0,39.0,0.4,3,1.0
1,5.0,2.0,2.0,7.0,6,8,6,1.0,47.0,0.5,3,0.4
2,5.0,2.0,2.0,4.0,6,8,6,1.0,66.0,0.3333333333333333,3,0.6
1,6.0,5.0,2.0,4.0,6,8,6,1.0,69.0,0.1428571428571428,3,1.4
1,6.0,3.0,2.0,4.0,6,8,6,1.0,55.0,0.0,3,1.0
1,5.0,3.0,2.0,3.0,6,8,6,1.0,69.0,0.0,3,0.1666666666666666
1,6.0,2.0,2.0,1.0,6,8,6,1.0,76.0,0.0,3,0.2
2,5.0,5.0,2.0,3.0,7,8,6,3.0,58.0,0.25,3,4.0
2,5.0,3.0,2.0,4.0,7,8,6,2.0,45.0,0.0,3,2.0
1,5.0,2.0,2.0,6.0,7,8,6,1.0,34.0,0.5,3,4.0
3,3.0,5.0,2.0,10.0,7,8,6,2.0,59.0,0.0,3,3.0
2,3.0,5.0,2.0,5.0,7,8,6,1.0,86.0,0.0,3,3.0
3,5.0,5.0,2.0,8.0,7,8,6,3.0,70.0,0.0,3,3.0
2,5.0,2.0,2.0,5.0,7,8,6,2.0,69.0,0.0,3,3.0
2,5.0,5.0,2.0,10.0,7,8,6,2.0,47.0,0.25,3,4.0
3,5.0,2.0,2.0,6.0,7,8,6,2.0,66.0,0.0,3,3.0
1,5.0,2.0,2.0,1.0,7,8,6,1.0,55.0,0.0,3,1.0
3,5.0,3.0,2.0,4.0,7,8,6,3.0,43.0,0.2,3,5.0
3,5.0,3.0,2.0,3.0,7,8,6,3.0,46.0,0.0,3,4.0
2,5.0,2.0,2.0,1.0,7,8,6,2.0,82.0,0.0,3,2.0
2,6.0,2.0,2.0,4.0,7,8,6,2.0,70.0,0.0,3,3.0
3,6.0,3.0,2.0,4.0,7,8,6,3.0,67.0,0.0,3,3.0
1,5.0,6.0,2.0,4.0,7,8,6,2.0,32.0,0.0,3,2.0
2,6.0,5.0,2.0,4.0,7,8,6,1.0,45.0,0.5,3,6.0
2,5.0,3.0,2.0,5.0,7,8,6,1.0,40.0,0.3333333333333333,3,3.0
2,3.0,2.0,2.0,4.0,7,8,6,2.0,37.0,0.25,3,4.0
2,5.0,2.0,2.0,9.0,7,8,6,2.0,32.0,0.5,3,4.0
2,3.0,5.0,2.0,8.0,7,8,6,1.0,33.0,0.5,3,4.0
2,6.0,5.0,2.0,4.0,7,8,6,3.0,46.0,0.1428571428571428,3,1.0
2,6.0,3.0,2.0,5.0,7,8,6,3.0,43.0,0.25,3,0.6666666666666666
2,6.0,2.0,2.0,3.0,7,8,6,3.0,80.0,0.0,3,0.6666666666666666
1,5.0,2.0,2.0,1.0,7,8,6,1.0,56.0,0.0,3,1.0
3,6.0,2.0,2.0,4.0,7,8,6,3.0,54.0,0.0,3,5.0
2,6.0,2.0,2.0,4.0,7,8,6,2.0,40.0,0.0,3,4.0
2,6.0,3.0,2.0,5.0,7,8,6,2.0,46.0,0.25,3,4.0
2,6.0,3.0,2.0,3.0,7,8,6,2.0,26.0,0.3333333333333333,3,3.0
3,5.0,5.0,2.0,10.0,7,8,6,2.0,48.0,0.0,3,4.0
1,5.0,5.0,2.0,8.0,7,8,6,0.0,74.0,0.0,3,1.0
2,5.0,3.0,2.0,3.0,7,8,6,2.0,50.0,0.3333333333333333,3,3.0
1,3.0,2.0,2.0,6.0,7,8,6,2.0,58.0,0.0,3,2.0
2,3.0,3.0,2.0,10.0,7,8,6,1.0,66.0,0.3333333333333333,3,3.0
1,5.0,6.0,2.0,9.0,7,8,6,1.0,42.0,0.25,3,4.0
1,5.0,4.0,2.0,3.0,7,8,6,3.0,61.0,0.0,3,3.0
2,2.0,4.0,2.0,8.0,7,8,6,1.0,60.0,0.0,3,2.0
3,5.0,3.0,2.0,9.0,7,8,6,2.0,28.0,0.0,3,5.0
2,6.0,3.0,2.0,6.0,7,8,6,1.0,67.0,0.0,3,2.0
2,5.0,4.0,2.0,5.0,7,8,6,2.0,72.0,0.0,3,2.0
1,5.0,6.0,2.0,3.0,7,8,6,1.0,51.0,0.0,3,2.0
1,5.0,3.0,2.0,6.0,7,8,6,2.0,33.0,0.5,3,4.0
2,6.0,2.0,2.0,5.0,7,8,6,2.0,38.0,0.0,3,2.0
2,5.0,6.0,2.0,5.0,7,8,6,2.0,54.0,0.0,3,3.0
3,6.0,1.0,2.0,4.0,7,8,6,3.0,70.0,0.0,3,4.0
2,5.0,3.0,2.0,4.0,7,8,6,2.0,53.0,0.0,3,2.0
1,3.0,4.0,2.0,5.0,7,8,6,1.0,52.0,0.0,3,4.0
2,3.0,3.0,2.0,6.0,7,8,6,3.0,54.0,0.25,3,4.0
2,5.0,2.0,2.0,8.0,7,8,6,2.0,36.0,0.0,3,3.0
2,5.0,3.0,2.0,6.0,7,8,6,1.0,35.0,0.0,3,3.0
2,6.0,3.0,2.0,6.0,7,8,6,2.0,39.0,0.3333333333333333,3,3.0
2,6.0,2.0,2.0,4.0,7,8,6,2.0,39.0,0.0,3,0.375
3,6.0,5.0,2.0,3.0,7,8,6,3.0,41.0,0.4,3,5.0
2,5.0,2.0,2.0,4.0,7,8,6,1.0,43.0,0.3333333333333333,3,1.0
1,6.0,3.0,2.0,5.0,7,8,6,1.0,35.0,0.0,3,0.25
3,6.0,3.0,2.0,7.0,7,8,6,3.0,25.0,0.3333333333333333,3,6.0
1,6.0,2.0,2.0,4.0,7,8,6,2.0,68.0,0.0,3,2.0
1,5.0,2.0,2.0,4.0,7,8,6,2.0,45.0,0.0,3,3.0
1,5.0,4.0,2.0,1.0,7,8,6,1.0,56.0,0.0,3,3.0
1,5.0,3.0,2.0,3.0,7,8,6,2.0,52.0,0.0,3,1.0
2,6.0,3.0,2.0,1.0,7,8,6,1.0,75.0,0.0,3,0.6
3,5.0,2.0,2.0,6.0,3,8,6,2.0,52.0,0.0,3,5.0
2,5.0,3.0,2.0,5.0,3,8,6,2.0,52.0,0.0,3,2.0
3,5.0,5.0,2.0,3.0,3,8,6,2.0,76.0,0.0,3,4.0
2,5.0,5.0,2.0,6.0,3,8,6,2.0,47.0,0.0,3,4.0
1,5.0,4.0,2.0,6.0,3,8,6,1.0,49.0,0.0,3,4.0
2,5.0,1.0,2.0,6.0,3,8,6,2.0,58.0,0.0,3,2.0
2,5.0,3.0,2.0,6.0,3,8,6,1.0,49.0,0.2,3,5.0
2,5.0,3.0,2.0,5.0,3,8,6,1.0,43.0,0.1428571428571428,3,7.0
2,5.0,4.0,2.0,6.0,3,8,6,2.0,51.0,0.0,3,2.0
3,5.0,2.0,2.0,5.0,3,8,6,3.0,39.0,0.25,3,4.0
2,3.0,6.0,2.0,10.0,3,8,6,2.0,43.0,0.25,3,4.0
1,5.0,4.0,2.0,6.0,3,8,6,2.0,28.0,0.5,3,4.0
2,5.0,2.0,2.0,7.0,3,8,6,2.0,74.0,0.0,3,2.0
2,1.0,6.0,2.0,10.0,3,8,6,2.0,68.0,0.0,3,2.0
1,3.0,6.0,2.0,10.0,3,8,6,1.0,50.0,0.0,3,4.0
3,5.0,2.0,2.0,5.0,3,8,6,2.0,58.0,0.0,3,3.0
3,3.0,3.0,2.0,6.0,3,8,6,3.0,52.0,0.0,3,3.0
2,5.0,3.0,2.0,3.0,3,8,6,2.0,80.0,0.0,3,2.0
1,3.0,5.0,2.0,6.0,3,8,6,0.0,58.0,0.0,3,1.0
2,3.0,4.0,2.0,5.0,3,8,6,2.0,68.0,0.0,3,2.0
2,5.0,3.0,2.0,6.0,3,8,6,2.0,41.0,0.0,3,3.0
1,5.0,3.0,2.0,6.0,3,8,6,1.0,60.0,0.0,3,2.0
2,2.0,5.0,2.0,6.0,3,8,6,0.0,80.0,0.0,3,2.0
2,5.0,2.0,2.0,3.0,3,8,6,1.0,84.0,0.0,3,3.0
1,1.0,4.0,2.0,8.0,3,8,6,0.0,74.0,0.0,3,1.5
1,5.0,3.0,2.0,4.0,3,8,6,1.0,56.0,0.0,3,1.0
1,5.0,4.0,2.0,6.0,3,8,6,0.0,45.0,0.2,3,5.0
1,5.0,1.0,2.0,5.0,3,8,6,1.0,45.0,0.5,3,2.0
1,3.0,4.0,2.0,10.0,3,8,6,1.0,44.0,0.0,3,2.0
1,5.0,1.0,2.0,3.0,3,8,6,0.0,80.0,0.0,3,4.0
2,3.0,5.0,2.0,6.0,3,8,6,1.0,77.0,0.0,3,2.0
2,5.0,4.0,2.0,4.0,3,8,6,1.0,72.0,0.0,3,4.0
1,5.0,3.0,2.0,5.0,3,8,6,1.0,72.0,0.0,3,1.0
1,6.0,2.0,2.0,3.0,3,8,6,1.0,40.0,0.0,3,0.1428571428571428
1,5.0,2.0,2.0,3.0,3,8,6,1.0,70.0,0.0,3,0.1428571428571428
2,6.0,1.0,2.0,6.0,3,8,6,2.0,51.0,0.5,3,4.0
1,5.0,5.0,2.0,6.0,3,8,6,2.0,56.0,0.0,3,0.4285714285714285
2,5.0,5.0,2.0,4.0,3,8,6,2.0,89.0,0.0,3,0.75
1,5.0,3.0,2.0,6.0,6,8,6,2.0,61.0,0.0,3,3.0
1,5.0,3.0,2.0,6.0,6,8,6,0.0,36.0,0.5,3,2.0
3,5.0,3.0,2.0,10.0,6,8,6,3.0,58.0,0.0,3,4.0
1,5.0,4.0,2.0,4.0,6,8,6,1.0,52.0,0.0,3,1.0
2,5.0,3.0,2.0,6.0,6,8,6,2.0,41.0,0.25,3,4.0
1,5.0,4.0,2.0,3.0,1,8,6,1.0,62.0,0.0,3,0.1428571428571428
2,5.0,3.0,2.0,3.0,1,8,6,2.0,64.0,0.0,3,2.0
2,2.0,4.0,2.0,8.0,1,8,6,2.0,58.0,0.0,3,3.0
2,2.0,3.0,2.0,6.0,1,8,6,2.0,51.0,0.25,3,4.0
3,2.0,4.0,2.0,4.0,1,8,6,3.0,65.0,0.2,3,5.0
3,5.0,4.0,2.0,8.0,1,8,6,3.0,61.0,0.4285714285714285,3,7.0
3,3.0,3.0,2.0,8.0,1,8,6,1.0,68.0,0.0,3,3.0
1,3.0,6.0,2.0,8.0,1,8,6,0.0,71.0,0.0,3,2.0
3,5.0,3.0,2.0,6.0,1,8,6,1.0,61.0,0.0,3,3.0
3,5.0,4.0,2.0,4.0,1,8,6,2.0,88.0,0.0,3,3.0
2,3.0,4.0,2.0,8.0,1,8,6,1.0,71.0,0.0,3,3.0
3,3.0,5.0,2.0,4.0,1,8,6,3.0,66.0,0.0,3,5.0
2,3.0,4.0,2.0,5.0,1,8,6,1.0,72.0,0.0,3,3.0
1,5.0,4.0,2.0,10.0,1,8,6,1.0,68.0,0.0,3,2.0
1,5.0,6.0,2.0,5.0,1,8,6,1.0,80.0,0.0,3,8.0
1,5.0,3.0,2.0,7.0,1,8,6,1.0,49.0,0.0,3,2.0
2,2.0,4.0,2.0,6.0,1,8,6,2.0,47.0,0.0,3,4.0
1,2.0,4.0,2.0,8.0,1,8,6,1.0,63.0,0.0,3,4.0
2,6.0,3.0,2.0,5.0,1,8,6,1.0,44.0,0.4,3,5.0
1,6.0,3.0,2.0,6.0,1,8,6,1.0,35.0,0.0,3,3.0
3,5.0,3.0,2.0,3.0,1,8,6,2.0,55.0,0.25,3,0.5714285714285714
1,5.0,5.0,2.0,3.0,1,8,6,0.0,76.0,0.0,3,1.0
3,5.0,4.0,2.0,3.0,1,8,6,2.0,58.0,0.0,3,3.0
2,5.0,3.0,2.0,6.0,1,8,6,0.0,46.0,0.3333333333333333,3,3.0
2,5.0,4.0,2.0,6.0,1,8,6,2.0,57.0,0.3333333333333333,3,6.0
1,6.0,1.0,2.0,6.0,1,8,6,1.0,40.0,0.0,3,1.0
3,5.0,3.0,2.0,3.0,1,8,6,0.0,65.0,0.0,3,6.0
3,5.0,4.0,2.0,8.0,1,8,6,2.0,57.0,0.25,3,4.0
3,5.0,4.0,2.0,6.0,1,8,6,3.0,47.0,0.0,3,4.0
1,5.0,4.0,2.0,5.0,1,8,6,1.0,32.0,0.5,3,4.0
2,5.0,4.0,2.0,10.0,1,8,6,2.0,35.0,0.5,3,4.0
2,6.0,4.0,2.0,6.0,1,8,6,2.0,50.0,0.0,3,2.0
3,5.0,5.0,2.0,4.0,1,8,6,3.0,68.0,0.0,3,4.0
2,6.0,4.0,2.0,3.0,1,8,6,2.0,77.0,0.0,3,2.0
1,6.0,5.0,2.0,3.0,1,8,6,1.0,81.0,0.0,3,1.0
2,5.0,5.0,2.0,6.0,1,8,6,2.0,48.0,0.2,3,5.0
1,4.0,4.0,2.0,5.0,7,8,6,0.0,68.0,0.0,3,1.0
3,5.0,4.0,2.0,5.0,7,8,6,3.0,62.0,0.0,3,4.0
2,3.0,3.0,2.0,8.0,7,8,6,1.0,72.0,0.0,3,2.0
2,3.0,2.0,2.0,10.0,7,8,6,1.0,60.0,0.0,3,2.0
2,5.0,4.0,2.0,6.0,7,8,6,1.0,62.0,0.0,3,2.0
2,5.0,5.0,2.0,8.0,7,8,6,2.0,38.0,0.5,3,6.0
2,5.0,3.0,2.0,4.0,7,8,6,2.0,49.0,0.0,3,0.2857142857142857
2,3.0,2.0,2.0,9.0,7,8,6,2.0,37.0,0.3333333333333333,3,3.0
2,5.0,2.0,2.0,6.0,7,8,6,2.0,34.0,0.3333333333333333,3,0.4285714285714285
2,5.0,3.0,2.0,5.0,7,8,6,2.0,69.0,0.0,3,0.2857142857142857
2,5.0,3.0,2.0,6.0,7,8,6,2.0,56.0,0.0,3,0.5714285714285714
1,3.0,4.0,2.0,10.0,7,8,6,1.0,61.0,0.0,3,0.2857142857142857
2,5.0,3.0,2.0,7.0,7,8,6,1.0,31.0,0.25,3,4.0
1,3.0,4.0,2.0,6.0,7,8,6,1.0,71.0,0.0,3,1.0
3,3.0,3.0,2.0,9.0,7,8,6,2.0,56.0,0.0,3,0.6
1,5.0,1.0,2.0,6.0,7,8,6,2.0,75.0,0.0,3,0.4
2,5.0,4.0,2.0,6.0,7,8,6,3.0,44.0,0.0,3,0.4285714285714285
2,5.0,5.0,2.0,4.0,7,8,6,1.0,58.0,0.25,3,0.8
1,5.0,2.0,2.0,8.0,7,8,6,0.0,23.0,0.0,3,0.2857142857142857
2,5.0,3.0,2.0,8.0,7,8,6,2.0,58.0,0.3333333333333333,3,3.0
1,5.0,4.0,2.0,8.0,7,8,6,2.0,56.0,0.0,3,3.0
2,6.0,7.0,2.0,4.0,7,8,6,3.0,52.0,0.125,3,8.0
2,5.0,4.0,2.0,4.0,7,8,6,2.0,65.0,0.0,3,2.0
2,2.0,4.0,2.0,10.0,7,8,6,3.0,50.0,0.0,3,4.0
1,5.0,3.0,2.0,6.0,7,8,6,2.0,58.0,0.0,3,3.0
1,5.0,2.0,2.0,6.0,7,8,6,1.0,69.0,0.0,3,1.0
3,5.0,5.0,2.0,10.0,7,8,6,3.0,65.0,0.0,3,3.0
3,5.0,2.0,2.0,5.0,7,8,6,3.0,66.0,0.25,3,4.0
2,5.0,4.0,2.0,6.0,7,8,6,1.0,44.0,0.0,3,3.0
2,5.0,3.0,2.0,6.0,7,8,6,2.0,34.0,0.25,3,4.0
2,4.0,1.0,2.0,1.0,7,8,6,2.0,48.0,0.0,3,2.0
1,6.0,1.0,2.0,8.0,7,8,6,1.0,33.0,0.0,3,2.0
2,5.0,3.0,2.0,6.0,7,8,6,2.0,35.0,0.5,3,4.0
2,5.0,4.0,2.0,4.0,7,8,6,1.0,74.0,0.0,3,3.0
2,5.0,3.0,2.0,6.0,7,8,6,3.0,45.0,0.25,3,4.0
1,4.0,4.0,2.0,9.0,7,8,6,1.0,74.0,0.0,3,1.0
1,5.0,1.0,2.0,4.0,7,8,6,0.0,67.0,0.0,3,1.0
1,5.0,4.0,2.0,10.0,7,8,6,1.0,58.0,0.0,3,1.0
1,6.0,1.0,2.0,3.0,7,8,6,1.0,38.0,0.5555555555555556,3,1.125
2,4.0,1.0,2.0,5.0,7,8,6,1.0,38.0,0.375,3,1.0
1,4.0,1.0,2.0,7.0,7,8,6,1.0,23.0,0.5,3,0.25
2,6.0,1.0,2.0,3.0,7,8,6,1.0,50.0,0.3333333333333333,3,0.375
1,4.0,1.0,2.0,1.0,7,8,6,0.0,71.0,0.0,3,0.125
1,6.0,1.0,2.0,9.0,7,8,6,1.0,37.0,0.0,3,0.375
1,4.0,1.0,2.0,3.0,7,8,6,1.0,64.0,0.0,3,0.125
2,6.0,2.0,2.0,5.0,7,8,6,2.0,50.0,0.0,3,3.0
2,5.0,6.0,2.0,3.0,7,8,6,2.0,51.0,0.0,3,4.0
2,5.0,4.0,2.0,5.0,7,8,6,1.0,29.0,0.0,3,3.0
1,6.0,3.0,2.0,4.0,7,8,6,1.0,69.0,0.0,3,1.0
3,6.0,2.0,2.0,5.0,7,8,6,3.0,42.0,0.0,3,4.0
1,4.0,3.0,2.0,3.0,7,8,6,1.0,68.0,0.0,3,2.0
1,4.0,2.0,2.0,4.0,7,8,6,2.0,40.0,0.25,3,0.5
1,4.0,3.0,2.0,6.0,7,8,6,2.0,54.0,0.0,3,0.375
2,4.0,3.0,2.0,5.0,7,8,6,2.0,62.0,0.0,3,0.25
2,4.0,2.0,2.0,5.0,7,8,6,0.0,65.0,0.0,3,0.5
1,4.0,3.0,2.0,4.0,7,8,6,1.0,43.0,0.0,3,0.125
2,5.0,3.0,2.0,5.0,3,8,6,2.0,44.0,0.25,3,4.0
2,5.0,1.0,2.0,6.0,3,8,6,2.0,41.0,0.3333333333333333,3,3.0
1,2.0,2.0,2.0,6.0,3,8,6,1.0,38.0,0.3333333333333333,3,3.0
3,6.0,2.0,2.0,3.0,3,8,6,3.0,71.0,0.1428571428571428,3,7.0
1,5.0,3.0,2.0,6.0,3,8,6,1.0,31.0,0.5,3,4.0
1,2.0,3.0,2.0,10.0,3,8,6,1.0,55.0,0.0,3,1.0
1,5.0,3.0,2.0,6.0,1,8,6,1.0,65.0,0.0,3,2.0
3,5.0,3.0,2.0,5.0,1,8,6,3.0,58.0,0.2,3,5.0
3,2.0,4.0,2.0,4.0,1,8,6,1.0,71.0,0.0,3,3.0
3,2.0,3.0,2.0,10.0,1,8,6,2.0,69.0,0.25,3,4.0
2,3.0,5.0,2.0,4.0,1,8,6,0.0,82.0,0.0,3,2.0
1,4.0,2.0,2.0,5.0,7,8,6,1.0,64.0,0.0,3,0.125
2,4.0,3.0,2.0,4.0,7,8,6,2.0,64.0,0.0,3,0.375
3,4.0,4.0,2.0,5.0,7,8,6,1.0,64.0,0.0,3,0.625
2,4.0,2.0,2.0,4.0,7,8,6,0.0,65.0,0.25,3,0.5714285714285714
1,5.0,3.0,2.0,5.0,2,8,6,0.0,59.0,0.0,3,2.0
2,5.0,3.0,2.0,3.0,2,8,6,0.0,74.0,0.0,3,2.0
3,5.0,4.0,2.0,5.0,2,8,6,3.0,59.0,0.0,3,3.0
1,5.0,4.0,2.0,6.0,2,8,6,0.0,61.0,0.0,3,2.0
1,3.0,3.0,2.0,6.0,2,8,6,0.0,44.0,0.0,3,1.0
1,6.0,6.0,2.0,3.0,5,8,6,1.0,49.0,0.0,3,0.1666666666666666
2,6.0,7.0,2.0,6.0,5,8,6,2.0,40.0,0.2,3,5.0
1,6.0,4.0,2.0,1.0,5,8,6,1.0,75.0,0.0,3,0.1428571428571428
1,5.0,5.0,2.0,10.0,5,8,6,1.0,36.0,0.3333333333333333,3,3.0
2,6.0,7.0,2.0,6.0,5,8,6,1.0,29.0,0.25,3,4.0
2,5.0,3.0,2.0,6.0,8,8,6,2.0,35.0,0.25,3,1.0
3,5.0,4.0,2.0,4.0,8,8,6,1.0,40.0,0.0,3,0.75
3,5.0,3.0,2.0,9.0,8,8,6,2.0,66.0,0.2,3,1.25
1,5.0,3.0,2.0,3.0,8,8,6,2.0,41.0,0.25,3,1.0
1,5.0,2.0,2.0,7.0,8,8,6,1.0,27.0,0.25,3,1.0
2,4.0,2.0,2.0,3.0,7,8,6,2.0,57.0,0.1666666666666666,3,6.0
3,4.0,1.0,2.0,3.0,7,8,6,3.0,70.0,0.5,3,6.0
1,6.0,1.0,2.0,6.0,7,8,6,1.0,59.0,0.0,3,4.0
2,4.0,3.0,2.0,6.0,7,8,6,2.0,36.0,0.3333333333333333,3,6.0
2,5.0,3.0,2.0,8.0,2,8,6,2.0,51.0,0.3333333333333333,3,3.0
1,5.0,3.0,2.0,6.0,2,8,6,1.0,49.0,0.0,3,2.0
1,3.0,5.0,2.0,4.0,2,8,6,1.0,66.0,0.0,3,2.0
1,5.0,3.0,2.0,1.0,2,8,6,0.0,70.0,0.0,3,1.0
1,5.0,4.0,2.0,8.0,2,8,6,1.0,38.0,0.0,3,1.0
3,5.0,4.0,2.0,3.0,2,8,6,2.0,45.0,0.25,3,0.8
1,5.0,3.0,2.0,6.0,2,8,6,1.0,70.0,0.0,3,0.4
3,2.0,5.0,2.0,10.0,8,8,6,1.0,70.0,0.25,3,4.0
1,3.0,3.0,2.0,6.0,8,8,6,0.0,85.0,0.0,3,2.0
2,6.0,2.0,2.0,8.0,6,8,6,2.0,70.0,0.0,3,0.4
2,6.0,2.0,2.0,6.0,6,8,6,1.0,59.0,0.0,3,0.4
1,6.0,2.0,2.0,4.0,6,8,6,1.0,67.0,0.0,3,0.2
1,6.0,2.0,2.0,6.0,6,8,6,1.0,59.0,0.0,3,0.2
1,6.0,2.0,2.0,6.0,6,8,6,2.0,63.0,0.0,3,0.4
3,6.0,3.0,2.0,4.0,6,8,6,3.0,70.0,0.0,3,0.6
1,5.0,1.0,2.0,6.0,6,8,6,1.0,43.0,0.25,3,0.8
2,5.0,4.0,2.0,5.0,2,8,6,2.0,55.0,0.0,3,4.0
2,6.0,2.0,2.0,4.0,7,8,6,3.0,64.0,0.4,3,0.625
1,6.0,2.0,2.0,3.0,7,8,6,3.0,64.0,0.0,3,3.0
3,6.0,2.0,2.0,4.0,7,8,6,3.0,55.0,0.0,3,0.5
2,6.0,1.0,2.0,5.0,7,8,6,2.0,34.0,0.6,3,0.625
1,6.0,2.0,2.0,6.0,6,8,6,1.0,54.0,0.0,3,0.1666666666666666
1,6.0,3.0,2.0,1.0,6,8,6,0.0,86.0,0.0,3,0.1666666666666666
1,6.0,1.0,2.0,3.0,6,8,6,1.0,83.0,0.0,3,0.1428571428571428
2,6.0,2.0,2.0,1.0,6,8,6,1.0,66.0,0.0,3,0.4
1,6.0,1.0,2.0,1.0,6,8,6,1.0,82.0,0.0,3,0.1428571428571428
1,6.0,2.0,2.0,6.0,6,8,6,2.0,55.0,0.0,3,0.6
2,5.0,3.0,2.0,3.0,6,8,6,2.0,49.0,0.0,3,0.6
2,6.0,3.0,2.0,10.0,4,8,6,2.0,53.0,0.3333333333333333,3,3.0
2,5.0,4.0,2.0,7.0,4,8,6,2.0,56.0,0.0,3,2.0
2,3.0,5.0,2.0,10.0,4,8,6,2.0,62.0,0.0,3,2.0
2,5.0,5.0,2.0,6.0,4,8,6,2.0,70.0,0.0,3,3.0
1,5.0,4.0,2.0,8.0,7,8,6,2.0,35.0,0.3333333333333333,3,3.0
1,5.0,3.0,2.0,3.0,7,8,6,1.0,76.0,0.0,3,1.0
1,5.0,2.0,2.0,1.0,7,8,6,1.0,76.0,0.0,3,3.0
2,5.0,7.0,2.0,8.0,7,8,6,2.0,52.0,0.0,3,4.0
2,5.0,2.0,2.0,3.0,7,8,6,1.0,41.0,0.25,3,4.0
3,5.0,6.0,2.0,3.0,7,8,6,2.0,62.0,0.0,3,3.0
3,5.0,5.0,2.0,5.0,7,8,6,3.0,56.0,0.2,3,5.0
2,3.0,3.0,2.0,9.0,7,8,6,2.0,35.0,0.5,3,4.0
2,5.0,3.0,2.0,3.0,7,8,6,1.0,69.0,0.0,3,2.0
1,3.0,3.0,2.0,4.0,7,8,6,2.0,65.0,0.0,3,2.0
1,5.0,5.0,2.0,6.0,7,8,6,1.0,70.0,0.0,3,2.0
2,2.0,3.0,2.0,10.0,7,8,6,2.0,69.0,0.0,3,3.0
2,6.0,3.0,2.0,4.0,4,8,6,2.0,35.0,0.0,3,2.0
1,6.0,2.0,2.0,3.0,4,8,6,1.0,70.0,0.0,3,1.0
2,4.0,4.0,2.0,6.0,4,8,6,3.0,58.0,0.0,3,3.0
2,6.0,1.0,2.0,4.0,4,8,6,2.0,70.0,0.0,3,2.0
3,5.0,2.0,2.0,5.0,4,8,6,2.0,34.0,0.4,3,5.0
2,6.0,2.0,2.0,5.0,4,8,6,2.0,48.0,0.0,3,3.0
2,6.0,7.0,2.0,3.0,4,8,6,2.0,58.0,0.4,3,5.0
3,6.0,3.0,2.0,6.0,4,8,6,3.0,44.0,0.0,3,3.0
3,6.0,3.0,2.0,3.0,4,8,6,3.0,91.0,0.0,3,3.0
2,5.0,4.0,2.0,3.0,4,8,6,2.0,54.0,0.0,3,2.0
3,6.0,4.0,2.0,3.0,4,8,6,2.0,48.0,0.0,3,3.0
1,6.0,2.0,2.0,3.0,4,8,6,1.0,83.0,0.0,3,1.0
3,5.0,6.0,2.0,3.0,4,8,6,3.0,87.0,0.0,3,4.0
2,6.0,1.0,2.0,4.0,4,8,6,1.0,79.0,0.0,3,2.0
1,6.0,1.0,2.0,4.0,4,8,6,0.0,85.0,0.0,3,1.0
1,5.0,4.0,2.0,4.0,4,8,6,1.0,70.0,0.0,3,1.0
2,6.0,4.0,2.0,4.0,4,8,6,3.0,76.0,0.0,3,3.0
1,6.0,3.0,2.0,4.0,4,8,6,1.0,46.0,0.5,3,2.0
2,6.0,5.0,2.0,3.0,4,8,6,2.0,56.0,0.0,3,3.0
1,5.0,3.0,2.0,5.0,4,8,6,1.0,57.0,0.0,3,1.0
2,6.0,3.0,2.0,4.0,4,8,6,2.0,57.0,0.0,3,2.0
3,6.0,3.0,2.0,4.0,4,8,6,3.0,72.0,0.0,3,3.0
2,6.0,5.0,2.0,4.0,4,8,6,2.0,62.0,0.0,3,4.0
1,5.0,2.0,2.0,5.0,4,8,6,2.0,45.0,0.0,3,3.0
3,5.0,4.0,2.0,3.0,4,8,6,3.0,81.0,0.0,3,4.0
2,4.0,3.0,2.0,4.0,4,8,6,2.0,43.0,0.2,3,5.0
3,6.0,6.0,2.0,3.0,4,8,6,3.0,58.0,0.0,3,5.0
2,5.0,2.0,2.0,6.0,7,8,6,2.0,26.0,0.6,3,5.0
2,5.0,4.0,2.0,6.0,7,8,6,2.0,23.0,0.3333333333333333,3,3.0
1,6.0,3.0,2.0,6.0,7,8,6,2.0,27.0,0.5,3,4.0
2,6.0,1.0,2.0,5.0,7,8,6,3.0,45.0,0.2,3,5.0
2,5.0,3.0,2.0,8.0,7,8,6,2.0,33.0,0.3333333333333333,3,3.0
2,5.0,5.0,2.0,6.0,7,8,6,2.0,65.0,0.0,3,2.0
2,3.0,4.0,2.0,4.0,7,8,6,2.0,59.0,0.0,3,2.0
1,5.0,2.0,2.0,4.0,7,8,6,1.0,58.0,0.0,3,1.0
1,6.0,3.0,2.0,10.0,7,8,6,1.0,70.0,0.0,3,1.0
3,5.0,6.0,2.0,3.0,7,8,6,3.0,87.0,0.0,3,5.0
2,6.0,1.0,2.0,5.0,7,8,6,2.0,46.0,0.5,3,4.0
2,6.0,2.0,2.0,6.0,7,8,6,2.0,36.0,0.5,3,4.0
2,4.0,3.0,2.0,5.0,7,8,6,1.0,35.0,0.3333333333333333,3,3.0
1,4.0,1.0,2.0,4.0,7,8,6,2.0,70.0,0.0,3,2.0
2,6.0,2.0,2.0,6.0,7,8,6,2.0,48.0,0.5,3,0.5714285714285714
2,4.0,3.0,2.0,6.0,7,8,6,2.0,22.0,0.0,3,0.25
2,6.0,1.0,2.0,6.0,7,8,6,2.0,19.0,0.5,3,0.5
2,6.0,2.0,2.0,6.0,7,8,6,2.0,34.0,0.25,3,4.0
2,6.0,5.0,2.0,4.0,7,8,6,3.0,51.0,0.0,3,3.0
1,4.0,3.0,2.0,3.0,7,8,6,1.0,43.0,0.0,3,1.0
2,6.0,2.0,2.0,5.0,7,8,6,2.0,31.0,0.3333333333333333,3,3.0
1,6.0,2.0,2.0,3.0,7,8,6,1.0,50.0,0.0,3,2.0
2,3.0,5.0,2.0,6.0,2,8,6,1.0,67.0,0.0,3,2.0
1,5.0,4.0,2.0,5.0,2,8,6,1.0,68.0,0.0,3,3.0
2,3.0,5.0,2.0,4.0,2,8,6,1.0,75.0,0.25,3,4.0
2,3.0,3.0,2.0,4.0,2,8,6,2.0,63.0,0.0,3,2.0
1,5.0,5.0,2.0,4.0,2,8,6,1.0,69.0,0.0,3,2.0
1,3.0,5.0,2.0,7.0,2,8,6,1.0,26.0,0.0,3,1.0
3,5.0,6.0,2.0,5.0,2,8,6,3.0,61.0,0.0,3,4.0
1,5.0,3.0,2.0,6.0,2,8,6,1.0,43.0,0.3333333333333333,3,3.0
2,3.0,6.0,2.0,9.0,2,8,6,1.0,70.0,0.0,3,2.0
1,5.0,2.0,2.0,6.0,2,8,6,0.0,73.0,0.0,3,1.0
2,5.0,6.0,2.0,10.0,2,8,6,2.0,45.0,0.0,3,5.0
3,3.0,4.0,2.0,6.0,2,8,6,2.0,66.0,0.0,3,3.0
2,5.0,3.0,2.0,10.0,2,8,6,2.0,31.0,0.0,3,0.75
2,5.0,2.0,2.0,10.0,2,8,6,2.0,39.0,0.0,3,0.5
2,3.0,4.0,2.0,6.0,2,8,6,1.0,60.0,0.0,3,3.0
3,5.0,5.0,2.0,6.0,2,8,6,2.0,45.0,0.3333333333333333,3,6.0
1,5.0,2.0,2.0,4.0,2,8,6,1.0,68.0,0.0,3,1.0
2,5.0,4.0,2.0,8.0,2,8,6,1.0,60.0,0.0,3,2.0
1,5.0,2.0,2.0,6.0,2,8,6,0.0,72.0,0.0,3,1.0
1,5.0,3.0,2.0,7.0,2,8,6,0.0,54.0,0.0,3,4.0
2,6.0,5.0,2.0,6.0,2,8,6,1.0,31.0,0.4,3,5.0
2,3.0,5.0,2.0,6.0,2,8,6,1.0,44.0,0.0,3,2.0
1,6.0,2.0,2.0,4.0,5,8,6,1.0,66.0,0.0,3,0.375
1,6.0,1.0,2.0,4.0,5,8,6,1.0,59.0,0.0,3,0.125
3,6.0,3.0,2.0,4.0,5,8,6,2.0,44.0,0.3333333333333333,3,6.0
2,5.0,2.0,2.0,8.0,5,8,6,2.0,47.0,0.0,3,4.0
2,5.0,2.0,2.0,8.0,5,8,6,2.0,48.0,0.0,3,3.0
2,5.0,4.0,2.0,4.0,5,8,6,1.0,62.0,0.0,3,2.0
2,3.0,4.0,2.0,6.0,5,8,6,1.0,39.0,0.25,3,4.0
3,5.0,3.0,2.0,4.0,5,8,6,3.0,59.0,0.2,3,5.0
1,5.0,3.0,2.0,7.0,5,8,6,1.0,53.0,0.0,3,1.0
1,5.0,5.0,2.0,4.0,5,8,6,1.0,74.0,0.0,3,2.0
1,6.0,7.0,2.0,3.0,5,8,6,1.0,88.0,0.0,3,1.0
2,6.0,4.0,2.0,5.0,5,8,6,2.0,57.0,0.0,3,2.0
2,6.0,4.0,2.0,5.0,5,8,6,1.0,42.0,0.3333333333333333,3,3.0
2,6.0,6.0,2.0,3.0,5,8,6,1.0,61.0,0.0,3,3.0
1,6.0,1.0,2.0,1.0,2,8,6,0.0,77.0,0.0,3,0.1428571428571428
2,6.0,5.0,2.0,4.0,2,8,6,1.0,45.0,0.0,3,5.0
1,5.0,3.0,2.0,1.0,2,8,6,0.0,72.0,0.0,3,2.0
2,6.0,6.0,2.0,5.0,2,8,6,2.0,57.0,0.0,3,3.0
2,5.0,6.0,2.0,6.0,2,8,6,1.0,35.0,0.25,3,4.0
2,6.0,4.0,2.0,1.0,2,8,6,1.0,55.0,0.0,3,0.375
2,6.0,4.0,2.0,3.0,2,8,6,1.0,33.0,0.6,3,5.0
1,5.0,2.0,2.0,6.0,5,8,6,1.0,68.0,0.0,3,1.0
1,3.0,6.0,2.0,10.0,5,8,6,1.0,24.0,0.0,3,2.0
3,5.0,2.0,2.0,6.0,5,8,6,2.0,38.0,0.4,3,5.0
1,5.0,3.0,2.0,3.0,5,8,6,1.0,50.0,0.0,3,2.0
1,5.0,3.0,2.0,8.0,5,8,6,2.0,75.0,0.0,3,2.0
1,5.0,3.0,2.0,4.0,5,8,6,2.0,71.0,0.0,3,2.0
2,6.0,4.0,2.0,8.0,5,8,6,2.0,45.0,0.25,3,4.0
2,6.0,4.0,2.0,6.0,5,8,6,2.0,36.0,0.25,3,4.0
3,6.0,3.0,2.0,6.0,5,8,6,3.0,47.0,0.3333333333333333,3,6.0
2,5.0,6.0,2.0,10.0,5,8,6,1.0,73.0,0.0,3,2.0
2,6.0,6.0,2.0,7.0,5,8,6,1.0,76.0,0.0,3,3.0
1,5.0,1.0,2.0,4.0,6,8,6,1.0,59.0,0.0,3,1.0
3,4.0,6.0,2.0,4.0,6,8,6,1.0,78.0,0.25,3,4.0
1,5.0,4.0,2.0,6.0,6,8,6,0.0,53.0,0.0,3,1.0
2,6.0,4.0,2.0,6.0,6,8,6,2.0,46.0,0.0,3,2.0
2,5.0,4.0,2.0,10.0,6,8,6,1.0,41.0,0.0,3,5.0
2,2.0,3.0,2.0,7.0,6,8,6,2.0,73.0,0.0,3,2.0
3,4.0,3.0,2.0,3.0,6,8,6,2.0,59.0,0.0,3,3.0
2,6.0,1.0,2.0,6.0,6,8,6,1.0,71.0,0.0,3,2.0
2,5.0,3.0,2.0,3.0,6,8,6,2.0,75.0,0.0,3,2.0
2,5.0,5.0,2.0,6.0,6,8,6,2.0,38.0,0.0,3,3.0
2,5.0,3.0,2.0,9.0,6,8,6,0.0,45.0,0.5,3,4.0
2,2.0,4.0,2.0,10.0,6,8,6,2.0,43.0,0.25,3,4.0
3,6.0,4.0,2.0,1.0,6,8,6,1.0,65.0,0.0,3,4.0
1,6.0,2.0,2.0,1.0,6,8,6,1.0,61.0,0.0,3,1.0
2,4.0,3.0,2.0,4.0,6,8,6,2.0,79.0,0.0,3,2.0
3,6.0,5.0,2.0,3.0,6,8,6,3.0,56.0,0.0,3,3.0
1,6.0,4.0,2.0,5.0,6,8,6,2.0,65.0,0.0,3,2.0
2,6.0,4.0,2.0,3.0,6,8,6,3.0,38.0,0.25,3,4.0
2,4.0,7.0,2.0,4.0,6,8,6,2.0,59.0,0.0,3,2.0
3,4.0,6.0,2.0,10.0,6,8,6,3.0,73.0,0.0,3,3.0
3,5.0,4.0,2.0,3.0,6,8,6,2.0,49.0,0.0,3,3.0
2,4.0,4.0,2.0,3.0,6,8,6,1.0,88.0,0.0,3,3.0
1,5.0,3.0,2.0,1.0,6,8,6,1.0,84.0,0.0,3,1.0
3,4.0,3.0,2.0,6.0,6,8,6,2.0,63.0,0.0,3,3.0
2,6.0,3.0,2.0,5.0,6,8,6,2.0,63.0,0.0,3,2.0
3,6.0,4.0,2.0,4.0,6,8,6,3.0,53.0,0.0,3,3.0
3,6.0,4.0,2.0,3.0,6,8,6,3.0,73.0,0.0,3,3.0
2,6.0,6.0,2.0,1.0,6,8,6,2.0,61.0,0.0,3,2.0
2,6.0,3.0,2.0,3.0,6,8,6,2.0,80.0,0.0,3,2.0
2,6.0,5.0,2.0,1.0,6,8,6,2.0,56.0,0.0,3,2.0
3,6.0,4.0,2.0,3.0,6,8,6,3.0,51.0,0.0,3,4.0
2,6.0,6.0,2.0,5.0,6,8,6,2.0,65.0,0.0,3,3.0
1,6.0,4.0,2.0,4.0,6,8,6,2.0,56.0,0.0,3,2.0
3,6.0,6.0,2.0,4.0,6,8,6,2.0,69.0,0.0,3,6.0
2,6.0,3.0,2.0,4.0,6,8,6,3.0,64.0,0.0,3,3.0
3,6.0,3.0,2.0,5.0,6,8,6,3.0,38.0,0.0,3,4.0
2,6.0,3.0,2.0,3.0,6,8,6,2.0,53.0,0.0,3,6.0
1,6.0,2.0,2.0,3.0,6,8,6,1.0,61.0,0.0,3,0.3333333333333333
1,6.0,3.0,2.0,4.0,6,8,6,1.0,63.0,0.0,3,1.0
3,5.0,5.0,2.0,5.0,6,8,6,3.0,67.0,0.0,3,4.0
3,3.0,4.0,2.0,10.0,6,8,6,2.0,57.0,0.0,3,3.0
1,5.0,3.0,2.0,8.0,6,8,6,1.0,58.0,0.0,3,2.0
2,2.0,6.0,2.0,10.0,6,8,6,0.0,80.0,0.0,3,2.0
3,3.0,4.0,2.0,7.0,6,8,6,2.0,60.0,0.0,3,4.0
2,5.0,6.0,2.0,6.0,6,8,6,1.0,74.0,0.0,3,2.0
1,2.0,3.0,2.0,10.0,6,8,6,1.0,38.0,0.0,3,1.0
2,2.0,2.0,2.0,6.0,6,8,6,1.0,54.0,0.2,3,5.0
2,5.0,2.0,2.0,5.0,6,8,6,2.0,41.0,0.0,3,1.0
1,6.0,1.0,2.0,4.0,6,8,6,1.0,59.0,0.0,3,0.25
1,5.0,1.0,2.0,6.0,6,8,6,1.0,33.0,0.3333333333333333,3,0.75
1,5.0,4.0,2.0,6.0,6,8,6,1.0,55.0,0.0,3,0.6666666666666666
2,3.0,7.0,2.0,9.0,6,8,6,2.0,53.0,0.0,3,2.0
1,3.0,2.0,2.0,4.0,6,8,6,0.0,75.0,0.0,3,1.0
1,2.0,6.0,2.0,6.0,6,8,6,1.0,51.0,0.0,3,5.0
1,5.0,2.0,2.0,4.0,6,8,6,1.0,71.0,0.0,3,0.5
2,3.0,4.0,2.0,10.0,6,8,6,2.0,44.0,0.6,3,5.0
3,5.0,2.0,2.0,5.0,6,8,6,3.0,44.0,0.25,3,1.3333333333333333
2,5.0,4.0,2.0,10.0,6,8,6,1.0,33.0,0.0,3,1.0
1,3.0,3.0,2.0,6.0,6,8,6,1.0,42.0,0.0,3,0.6666666666666666
1,5.0,3.0,2.0,8.0,6,8,6,1.0,31.0,0.3333333333333333,3,2.0
1,5.0,1.0,2.0,8.0,6,8,6,1.0,42.0,0.3333333333333333,3,1.0
2,3.0,4.0,2.0,10.0,3,8,6,2.0,52.0,0.0,3,4.0
3,5.0,5.0,2.0,1.0,3,8,6,2.0,82.0,0.0,3,3.0
3,5.0,6.0,2.0,9.0,3,8,6,2.0,48.0,0.2,3,5.0
2,3.0,3.0,2.0,6.0,3,8,6,2.0,59.0,0.0,3,2.0
1,5.0,2.0,2.0,4.0,3,8,6,1.0,84.0,0.0,3,0.5
2,6.0,1.0,2.0,3.0,3,8,6,1.0,71.0,0.0,3,0.5
1,3.0,5.0,2.0,6.0,3,8,6,0.0,75.0,0.0,3,2.0
1,3.0,1.0,2.0,10.0,3,8,6,1.0,54.0,0.0,3,1.0
1,4.0,4.0,2.0,10.0,3,8,6,1.0,70.0,0.0,3,0.125
1,5.0,1.0,2.0,3.0,3,8,6,1.0,61.0,0.0,3,2.0
2,5.0,5.0,2.0,6.0,6,8,6,2.0,45.0,0.0,3,6.0
1,5.0,3.0,2.0,6.0,6,8,6,2.0,40.0,0.0,3,3.0
2,5.0,2.0,2.0,8.0,6,8,6,1.0,29.0,0.6,3,5.0
1,5.0,4.0,2.0,4.0,6,8,6,1.0,57.0,0.0,3,3.0
1,4.0,1.0,2.0,3.0,6,8,6,1.0,72.0,0.0,3,0.1666666666666666
3,4.0,2.0,2.0,6.0,6,8,6,1.0,49.0,0.0,3,0.5
1,4.0,2.0,2.0,6.0,6,8,6,1.0,49.0,0.0,3,0.1666666666666666
1,4.0,2.0,2.0,1.0,6,8,6,0.0,71.0,0.0,3,0.1666666666666666
1,5.0,1.0,2.0,6.0,6,8,6,2.0,66.0,0.0,3,0.3333333333333333
1,6.0,1.0,2.0,5.0,6,8,6,1.0,70.0,0.0,3,0.3333333333333333
3,5.0,6.0,2.0,3.0,5,8,6,3.0,79.0,0.0,3,3.0
1,3.0,3.0,2.0,8.0,5,8,6,0.0,73.0,0.0,3,1.0
3,3.0,3.0,2.0,10.0,5,8,6,2.0,34.0,0.0,3,4.0
3,3.0,4.0,2.0,10.0,5,8,6,0.0,28.0,0.0,3,3.0
2,3.0,4.0,2.0,10.0,5,8,6,2.0,46.0,0.5,3,4.0
2,5.0,2.0,2.0,10.0,5,8,6,2.0,43.0,0.25,3,2.0
1,5.0,2.0,2.0,1.0,5,8,6,1.0,78.0,0.0,3,1.0
2,5.0,3.0,2.0,6.0,5,8,6,1.0,54.0,0.1666666666666666,3,6.0
1,5.0,2.0,2.0,4.0,5,8,6,1.0,50.0,0.25,3,4.0
1,5.0,4.0,2.0,1.0,5,8,6,0.0,92.0,0.0,3,1.0
3,3.0,1.0,2.0,3.0,5,8,6,2.0,60.0,0.25,3,4.0
3,5.0,4.0,2.0,4.0,5,8,6,3.0,48.0,0.2857142857142857,3,3.5
1,5.0,7.0,2.0,10.0,5,8,6,1.0,58.0,0.0,3,1.0
1,5.0,2.0,2.0,3.0,5,8,6,0.0,57.0,0.0,3,1.0
1,5.0,4.0,2.0,6.0,5,8,6,1.0,54.0,0.0,3,2.0
3,5.0,4.0,2.0,8.0,5,8,6,1.0,51.0,0.0,3,4.0
2,6.0,6.0,2.0,10.0,5,8,6,2.0,68.0,0.0,3,2.0
1,6.0,2.0,2.0,8.0,5,8,6,0.0,68.0,0.0,3,2.0
2,5.0,3.0,2.0,10.0,5,8,6,2.0,45.0,0.25,3,4.0
1,6.0,2.0,2.0,3.0,5,8,6,0.0,86.0,0.0,3,0.5
2,6.0,4.0,2.0,6.0,5,8,6,2.0,57.0,0.0,3,1.0
1,5.0,2.0,2.0,1.0,5,8,6,0.0,74.0,0.0,3,1.0
1,5.0,4.0,2.0,10.0,5,8,6,1.0,57.0,0.3333333333333333,3,3.0
2,6.0,3.0,2.0,3.0,5,8,6,2.0,69.0,0.0,3,2.0
1,6.0,1.0,2.0,1.0,5,8,6,0.0,94.0,0.0,3,2.0
2,6.0,2.0,2.0,5.0,5,8,6,1.0,70.0,0.0,3,2.0
1,6.0,2.0,2.0,3.0,5,8,6,1.0,67.0,0.0,3,2.0
2,6.0,2.0,2.0,6.0,5,8,6,1.0,37.0,0.0,3,4.0
1,6.0,5.0,2.0,10.0,5,8,6,1.0,40.0,0.0,3,1.0
2,6.0,4.0,2.0,3.0,5,8,6,1.0,83.0,0.0,3,2.0
3,6.0,2.0,2.0,5.0,5,8,6,2.0,57.0,0.0,3,3.0
2,6.0,2.0,2.0,3.0,5,8,6,1.0,68.0,0.0,3,2.0
1,5.0,2.0,2.0,1.0,5,8,6,1.0,77.0,0.0,3,1.0
1,6.0,2.0,2.0,1.0,5,8,6,0.0,83.0,0.0,3,2.0
1,6.0,4.0,2.0,3.0,5,8,6,1.0,50.0,0.0,3,1.0
1,5.0,1.0,2.0,6.0,5,8,6,1.0,43.0,0.5,3,2.0
1,6.0,3.0,2.0,3.0,5,8,6,2.0,49.0,0.0,3,0.2857142857142857
1,5.0,2.0,2.0,6.0,5,8,6,1.0,70.0,0.0,3,1.0
1,6.0,2.0,2.0,1.0,5,8,6,0.0,78.0,0.0,3,1.0
1,6.0,3.0,2.0,3.0,5,8,6,1.0,54.0,0.0,3,1.0
1,6.0,5.0,2.0,4.0,5,8,6,1.0,85.0,0.0,3,3.0
1,6.0,2.0,2.0,3.0,5,8,6,2.0,74.0,0.0,3,4.0
1,6.0,3.0,2.0,5.0,5,8,6,2.0,75.0,0.0,3,2.0
2,6.0,2.0,2.0,5.0,5,8,6,2.0,47.0,0.0,3,2.0
3,6.0,5.0,2.0,3.0,5,8,6,3.0,57.0,0.0,3,3.0
1,6.0,4.0,2.0,5.0,5,8,6,2.0,34.0,0.0,3,2.0
1,6.0,3.0,2.0,1.0,5,8,6,1.0,63.0,0.0,3,1.0
3,3.0,4.0,2.0,10.0,4,8,6,1.0,49.0,0.0,3,5.0
1,3.0,5.0,2.0,8.0,4,8,6,1.0,31.0,0.5,3,4.0
2,3.0,3.0,2.0,10.0,4,8,6,2.0,64.0,0.0,3,3.0
3,5.0,2.0,2.0,6.0,4,8,6,1.0,34.0,0.4,3,5.0
3,5.0,1.0,2.0,1.0,4,8,6,2.0,52.0,0.0,3,3.0
2,6.0,5.0,2.0,5.0,4,8,6,2.0,66.0,0.0,3,3.0
2,3.0,3.0,2.0,8.0,4,8,6,1.0,54.0,0.0,3,3.0
2,5.0,2.0,2.0,6.0,4,8,6,1.0,60.0,0.3333333333333333,3,3.0
2,5.0,2.0,2.0,3.0,4,8,6,1.0,91.0,0.0,3,4.0
1,5.0,2.0,2.0,8.0,4,8,6,1.0,64.0,0.0,3,5.0
1,6.0,2.0,2.0,3.0,4,8,6,1.0,53.0,0.0,3,2.0
1,5.0,3.0,2.0,4.0,4,8,6,1.0,53.0,0.0,3,2.0
3,6.0,6.0,2.0,10.0,4,8,6,2.0,61.0,0.2,3,5.0
1,5.0,5.0,2.0,6.0,7,8,6,0.0,59.0,0.0,3,1.0
2,5.0,4.0,2.0,4.0,7,8,6,2.0,74.0,0.0,3,2.0
1,5.0,2.0,2.0,4.0,4,8,6,1.0,72.0,0.0,3,1.0
1,5.0,7.0,2.0,8.0,4,8,6,1.0,56.0,0.0,3,2.0
1,2.0,2.0,2.0,3.0,4,8,6,1.0,76.0,0.0,3,2.0
1,6.0,1.0,2.0,4.0,4,8,6,1.0,62.0,0.0,3,0.1666666666666666
1,6.0,1.0,2.0,3.0,4,8,6,1.0,67.0,0.0,3,1.0
1,6.0,1.0,2.0,1.0,4,8,6,1.0,90.0,0.0,3,1.0
2,5.0,5.0,2.0,3.0,4,8,6,3.0,51.0,0.0,3,3.0
2,6.0,2.0,2.0,1.0,4,8,6,2.0,66.0,0.0,3,2.0
3,5.0,3.0,2.0,6.0,4,8,6,1.0,38.0,0.25,3,4.0
3,5.0,2.0,2.0,3.0,4,8,6,3.0,36.0,0.0,3,0.5714285714285714
2,6.0,2.0,2.0,3.0,4,8,6,1.0,82.0,0.0,3,2.0
2,5.0,3.0,2.0,3.0,4,8,6,1.0,43.0,0.0,3,2.0
2,5.0,5.0,2.0,5.0,4,8,6,2.0,38.0,0.0,3,0.4285714285714285
2,4.0,5.0,2.0,3.0,4,8,6,2.0,52.0,0.2,3,5.0
1,6.0,1.0,2.0,1.0,4,8,6,1.0,81.0,0.0,3,1.0
2,3.0,4.0,2.0,3.0,4,8,6,2.0,68.0,0.0,3,2.0
2,5.0,2.0,2.0,5.0,4,8,6,3.0,46.0,0.3333333333333333,3,6.0
1,6.0,1.0,2.0,1.0,4,8,6,1.0,51.0,0.0,3,1.0
2,6.0,2.0,2.0,5.0,4,8,6,3.0,31.0,0.3333333333333333,3,6.0
1,6.0,1.0,2.0,1.0,4,8,6,1.0,76.0,0.0,3,0.1428571428571428
2,6.0,3.0,2.0,6.0,4,8,6,2.0,53.0,0.0,3,2.0
2,5.0,6.0,2.0,4.0,4,8,6,2.0,85.0,0.0,3,3.0
3,3.0,3.0,2.0,3.0,4,8,6,3.0,71.0,0.0,3,0.8333333333333334
2,6.0,2.0,2.0,4.0,4,8,6,2.0,44.0,0.3333333333333333,3,0.375
1,6.0,2.0,2.0,1.0,4,8,6,2.0,59.0,0.0,3,0.3333333333333333
1,4.0,4.0,2.0,3.0,7,8,6,1.0,54.0,0.0,3,1.0
1,6.0,4.0,2.0,4.0,7,8,6,2.0,72.0,0.0,3,2.0
2,5.0,5.0,2.0,4.0,7,8,6,3.0,55.0,0.0,3,3.0
1,5.0,2.0,2.0,1.0,7,8,6,0.0,85.0,0.0,3,2.0
1,5.0,3.0,2.0,9.0,8,8,6,1.0,44.0,0.0,3,4.0
2,5.0,4.0,2.0,10.0,8,8,6,2.0,36.0,0.0,3,4.0
2,5.0,3.0,2.0,4.0,8,8,6,2.0,63.0,0.0,3,3.0
1,3.0,3.0,2.0,6.0,8,8,6,1.0,66.0,0.0,3,1.0
1,3.0,3.0,2.0,6.0,8,8,6,1.0,55.0,0.5,3,2.0
3,3.0,4.0,2.0,10.0,8,8,6,1.0,41.0,0.25,3,4.0
2,3.0,3.0,2.0,8.0,8,8,6,2.0,64.0,0.0,3,2.0
3,3.0,4.0,2.0,7.0,8,8,6,2.0,68.0,0.25,3,4.0
3,2.0,4.0,2.0,6.0,8,8,6,1.0,78.0,0.0,3,3.0
2,3.0,4.0,2.0,6.0,8,8,6,1.0,68.0,0.0,3,2.0
1,5.0,4.0,2.0,10.0,8,8,6,1.0,52.0,0.0,3,3.0
3,1.0,4.0,2.0,10.0,8,8,6,2.0,70.0,0.0,3,4.0
3,5.0,1.0,2.0,10.0,8,8,6,2.0,68.0,0.0,3,3.0
1,3.0,3.0,2.0,10.0,8,8,6,1.0,42.0,0.0,3,2.0
1,3.0,3.0,2.0,10.0,8,8,6,1.0,48.0,0.5,3,2.0
2,1.0,5.0,2.0,8.0,8,8,6,1.0,50.0,0.0,3,3.0
2,5.0,3.0,2.0,3.0,8,8,6,2.0,57.0,0.0,3,2.0
3,3.0,6.0,2.0,4.0,8,8,6,2.0,72.0,0.0,3,3.0
2,5.0,4.0,2.0,8.0,8,8,6,2.0,74.0,0.25,3,4.0
2,5.0,6.0,2.0,6.0,8,8,6,2.0,65.0,0.0,3,2.0
2,5.0,4.0,2.0,6.0,8,8,6,1.0,53.0,0.0,3,2.0
2,3.0,2.0,2.0,5.0,8,8,6,0.0,78.0,0.0,3,2.0
2,5.0,2.0,2.0,6.0,8,8,6,0.0,72.0,0.0,3,2.0
2,5.0,3.0,2.0,7.0,8,8,6,2.0,33.0,0.5,3,6.0
3,3.0,3.0,2.0,4.0,8,8,6,1.0,81.0,0.0,3,3.0
3,5.0,4.0,2.0,5.0,8,8,6,1.0,82.0,0.25,3,4.0
1,5.0,2.0,2.0,6.0,8,8,6,1.0,49.0,0.0,3,4.0
3,3.0,3.0,2.0,6.0,8,8,6,1.0,69.0,0.2,3,5.0
2,3.0,6.0,2.0,9.0,8,8,6,2.0,69.0,0.25,3,4.0
1,3.0,3.0,2.0,7.0,8,8,6,1.0,42.0,0.0,3,1.0
1,5.0,2.0,2.0,10.0,8,8,6,1.0,65.0,0.0,3,1.0
1,5.0,3.0,2.0,8.0,8,8,6,1.0,62.0,0.0,3,2.0
3,3.0,2.0,2.0,6.0,8,8,6,3.0,69.0,0.2,3,5.0
2,5.0,5.0,2.0,8.0,8,8,6,2.0,79.0,0.3333333333333333,3,3.0
3,2.0,4.0,2.0,10.0,6,8,6,3.0,68.0,0.0,3,4.0
3,5.0,3.0,2.0,3.0,6,8,6,2.0,41.0,0.4,3,2.5
1,5.0,3.0,2.0,4.0,6,8,6,0.0,70.0,0.2,3,5.0
1,5.0,4.0,2.0,8.0,6,8,6,1.0,32.0,0.5,3,6.0
2,2.0,6.0,2.0,6.0,6,8,6,3.0,57.0,0.0,3,3.0
2,6.0,2.0,2.0,6.0,6,8,6,2.0,59.0,0.3333333333333333,3,3.0
1,5.0,4.0,2.0,6.0,6,8,6,1.0,52.0,0.0,3,4.0
3,4.0,6.0,2.0,10.0,6,8,6,3.0,65.0,0.0,3,4.0
2,5.0,4.0,2.0,8.0,6,8,6,2.0,39.0,0.25,3,4.0
2,5.0,7.0,2.0,6.0,6,8,6,3.0,60.0,0.0,3,4.0
2,3.0,5.0,2.0,3.0,6,8,6,2.0,63.0,0.0,3,2.0
1,5.0,2.0,2.0,4.0,6,8,6,1.0,59.0,0.5,3,2.0
1,5.0,1.0,2.0,8.0,6,8,6,0.0,78.0,0.0,3,2.0
1,5.0,1.0,2.0,1.0,7,8,6,0.0,66.0,0.0,3,0.5
2,5.0,5.0,2.0,10.0,7,8,6,3.0,54.0,0.25,3,4.0
1,5.0,1.0,2.0,6.0,7,8,6,2.0,55.0,0.0,3,2.0
1,5.0,2.0,2.0,4.0,7,8,6,1.0,81.0,0.0,3,2.0
3,5.0,4.0,2.0,8.0,7,8,6,1.0,41.0,0.2,3,5.0
1,5.0,5.0,2.0,3.0,6,8,6,1.0,88.0,0.0,3,2.0
2,6.0,4.0,2.0,3.0,6,8,6,2.0,73.0,0.0,3,2.0
2,4.0,5.0,2.0,5.0,6,8,6,2.0,68.0,0.0,3,2.0
1,6.0,4.0,2.0,3.0,6,8,6,1.0,74.0,0.0,3,1.0
2,4.0,2.0,2.0,3.0,6,8,6,2.0,71.0,0.0,3,2.0
2,6.0,3.0,2.0,3.0,6,8,6,2.0,76.0,0.3333333333333333,3,3.0
1,6.0,6.0,2.0,3.0,6,8,6,2.0,50.0,0.0,3,2.0
2,6.0,4.0,2.0,4.0,6,8,6,2.0,70.0,0.0,3,3.0
2,6.0,3.0,2.0,6.0,6,8,6,2.0,30.0,0.5,3,4.0
2,4.0,7.0,2.0,9.0,6,8,6,2.0,43.0,0.0,3,4.0
1,6.0,2.0,2.0,3.0,6,8,6,1.0,57.0,0.0,3,1.0
2,6.0,3.0,2.0,6.0,6,8,6,2.0,55.0,0.0,3,2.0
3,6.0,5.0,2.0,4.0,6,8,6,3.0,54.0,0.0,3,5.0
1,5.0,2.0,2.0,1.0,6,8,6,1.0,79.0,0.0,3,2.0
2,6.0,3.0,2.0,4.0,6,8,6,2.0,77.0,0.0,3,2.0
1,6.0,3.0,2.0,1.0,6,8,6,1.0,67.0,0.0,3,1.0
2,4.0,3.0,2.0,6.0,7,8,6,2.0,49.0,0.3333333333333333,3,3.0
2,4.0,4.0,2.0,3.0,7,8,6,2.0,51.0,0.3333333333333333,3,3.0
2,6.0,2.0,2.0,4.0,7,8,6,2.0,57.0,0.0,3,2.0
1,6.0,2.0,2.0,5.0,7,8,6,1.0,52.0,0.0,3,1.0
3,4.0,3.0,2.0,5.0,7,8,6,2.0,56.0,0.0,3,3.0
2,6.0,4.0,2.0,3.0,7,8,6,2.0,81.0,0.0,3,3.0
3,6.0,5.0,2.0,3.0,7,8,6,3.0,56.0,0.2,3,5.0
2,4.0,4.0,2.0,5.0,7,8,6,2.0,62.0,0.0,3,2.0
1,6.0,2.0,2.0,5.0,7,8,6,1.0,28.0,0.0,3,3.0
3,6.0,5.0,2.0,5.0,7,8,6,3.0,40.0,0.1666666666666666,3,6.0
2,6.0,3.0,2.0,5.0,7,8,6,2.0,27.0,0.4,3,5.0
2,6.0,3.0,2.0,6.0,7,8,6,3.0,31.0,0.0,3,4.0
1,6.0,3.0,2.0,4.0,7,8,6,3.0,52.0,0.0,3,3.0
1,6.0,4.0,2.0,6.0,7,8,6,1.0,59.0,0.0,3,2.0
2,6.0,3.0,2.0,4.0,7,8,6,3.0,59.0,0.2,3,5.0
2,6.0,3.0,2.0,3.0,7,8,6,2.0,49.0,0.25,3,4.0
3,6.0,3.0,2.0,4.0,7,8,6,3.0,49.0,0.25,3,4.0
3,6.0,3.0,2.0,6.0,7,8,6,2.0,37.0,0.4,3,5.0
1,6.0,3.0,2.0,5.0,7,8,6,2.0,75.0,0.0,3,3.0
2,5.0,1.0,2.0,5.0,7,8,6,2.0,22.0,0.5,3,4.0
2,1.0,7.0,2.0,7.0,5,8,6,2.0,64.0,0.0,3,2.0
1,5.0,4.0,2.0,6.0,5,8,6,1.0,67.0,0.0,3,1.0
2,3.0,3.0,2.0,9.0,5,8,6,2.0,77.0,0.0,3,1.5
2,5.0,2.0,2.0,5.0,5,8,6,1.0,87.0,0.0,3,2.0
1,5.0,1.0,2.0,9.0,5,8,6,1.0,46.0,0.0,3,1.0
2,4.0,5.0,2.0,4.0,5,8,6,3.0,60.0,0.0,3,4.0
2,4.0,4.0,2.0,3.0,5,8,6,3.0,56.0,0.0,3,4.0
1,6.0,1.0,2.0,6.0,5,8,6,1.0,33.0,0.3333333333333333,3,3.0
2,6.0,5.0,2.0,4.0,5,8,6,2.0,45.0,0.3333333333333333,3,6.0
1,6.0,4.0,2.0,6.0,5,8,6,1.0,41.0,0.5,3,4.0
1,4.0,3.0,2.0,1.0,5,8,6,1.0,57.0,0.0,3,1.0
2,4.0,4.0,2.0,6.0,5,8,6,2.0,68.0,0.0,3,2.0
1,4.0,2.0,2.0,3.0,5,8,6,2.0,55.0,0.3333333333333333,3,3.0
2,4.0,3.0,2.0,3.0,5,8,6,2.0,57.0,0.6,3,5.0
3,6.0,6.0,2.0,4.0,5,8,6,3.0,58.0,0.0,3,3.0
2,4.0,4.0,2.0,4.0,5,8,6,2.0,61.0,0.0,3,2.0
1,6.0,1.0,2.0,1.0,5,8,6,1.0,72.0,0.0,3,0.1666666666666666
2,6.0,3.0,2.0,3.0,5,8,6,2.0,56.0,0.0,3,2.0
2,5.0,4.0,2.0,3.0,5,8,6,2.0,43.0,0.4,3,5.0
2,6.0,3.0,2.0,3.0,5,8,6,2.0,71.0,0.2,3,5.0
1,1.0,4.0,2.0,3.0,5,8,6,1.0,59.0,0.0,3,2.0
1,6.0,4.0,2.0,1.0,5,8,6,1.0,74.0,0.0,3,1.0
1,4.0,3.0,2.0,3.0,5,8,6,0.0,79.0,0.0,3,1.0
2,4.0,7.0,2.0,5.0,5,8,6,2.0,50.0,0.0,3,2.0
1,5.0,2.0,2.0,5.0,5,8,6,0.0,81.0,0.0,3,1.0
1,4.0,3.0,2.0,9.0,5,8,6,1.0,78.0,0.0,3,1.0
1,6.0,2.0,2.0,1.0,5,8,6,1.0,67.0,0.0,3,1.0
2,4.0,4.0,2.0,6.0,5,8,6,2.0,64.0,0.0,3,2.0
1,6.0,1.0,2.0,1.0,5,8,6,0.0,86.0,0.0,3,1.0
1,6.0,1.0,2.0,1.0,5,8,6,0.0,75.0,0.25,3,4.0
3,4.0,6.0,2.0,3.0,5,8,6,2.0,57.0,0.0,3,3.0
1,6.0,4.0,2.0,4.0,5,8,6,1.0,67.0,0.0,3,1.0
1,6.0,4.0,2.0,3.0,5,8,6,2.0,71.0,0.0,3,3.0
1,6.0,4.0,2.0,4.0,5,8,6,1.0,75.0,0.0,3,1.0
2,3.0,3.0,2.0,3.0,5,8,6,2.0,69.0,0.0,3,3.0
1,5.0,3.0,2.0,7.0,5,8,6,1.0,49.0,0.0,3,1.0
1,6.0,4.0,2.0,4.0,5,8,6,1.0,59.0,0.0,3,2.0
2,5.0,3.0,2.0,6.0,5,8,6,2.0,38.0,0.2,3,5.0
2,6.0,4.0,2.0,3.0,5,8,6,2.0,60.0,0.25,3,4.0
2,4.0,4.0,2.0,6.0,5,8,6,2.0,60.0,0.0,3,3.0
3,5.0,4.0,2.0,6.0,7,8,6,3.0,53.0,0.0,3,3.0
2,2.0,4.0,2.0,4.0,7,8,6,1.0,56.0,0.0,3,2.0
3,5.0,2.0,2.0,3.0,7,8,6,3.0,33.0,0.5,3,3.0
2,6.0,4.0,2.0,5.0,7,8,6,1.0,69.0,0.0,3,2.0
2,6.0,1.0,2.0,5.0,7,8,6,2.0,52.0,0.0,3,3.0
1,5.0,3.0,2.0,3.0,7,8,6,2.0,71.0,0.0,3,2.0
1,5.0,1.0,2.0,3.0,7,8,6,1.0,68.0,0.0,3,1.0
1,5.0,1.0,2.0,4.0,7,8,6,0.0,72.0,0.0,3,0.5
2,6.0,3.0,2.0,3.0,7,8,6,1.0,59.0,0.0,3,1.0
1,3.0,2.0,2.0,6.0,5,8,6,2.0,51.0,0.0,3,2.0
1,4.0,2.0,2.0,3.0,7,8,6,1.0,61.0,0.6,3,2.5
2,5.0,2.0,2.0,8.0,7,8,6,2.0,51.0,0.0,3,4.0
2,3.0,3.0,2.0,5.0,7,8,6,1.0,56.0,0.0,3,3.0
2,5.0,4.0,2.0,3.0,7,8,6,2.0,58.0,0.0,3,2.0
2,6.0,2.0,2.0,3.0,7,8,6,2.0,55.0,0.5,3,4.0
3,5.0,4.0,2.0,6.0,7,8,6,3.0,51.0,0.2,3,5.0
2,5.0,3.0,2.0,6.0,7,8,6,1.0,56.0,0.0,3,2.0
3,5.0,3.0,2.0,6.0,7,8,6,0.0,59.0,0.1666666666666666,3,6.0
3,5.0,1.0,2.0,6.0,7,8,6,3.0,55.0,0.25,3,0.5714285714285714
2,6.0,2.0,2.0,3.0,5,8,6,2.0,79.0,0.0,3,2.0
1,6.0,1.0,2.0,1.0,5,8,6,1.0,79.0,0.0,3,1.0
3,6.0,2.0,2.0,3.0,5,8,6,2.0,51.0,0.0,3,4.0
1,4.0,5.0,2.0,8.0,5,8,6,1.0,50.0,0.0,3,2.0
3,6.0,6.0,2.0,6.0,5,8,6,3.0,45.0,0.2857142857142857,3,7.0
2,6.0,2.0,2.0,6.0,5,8,6,2.0,45.0,0.0,3,2.0
2,6.0,5.0,2.0,8.0,5,8,6,2.0,68.0,0.0,3,2.0
2,6.0,2.0,2.0,6.0,5,8,6,1.0,46.0,0.0,3,2.0
1,6.0,2.0,2.0,1.0,5,8,6,1.0,61.0,0.0,3,0.125
2,6.0,1.0,2.0,3.0,5,8,6,2.0,30.0,0.5,3,0.5
1,6.0,1.0,2.0,1.0,5,8,6,3.0,86.0,0.0,3,0.5
2,6.0,4.0,2.0,3.0,5,8,6,1.0,77.0,0.0,3,0.3333333333333333
2,6.0,2.0,2.0,1.0,5,8,6,2.0,85.0,0.0,3,2.0
1,6.0,2.0,2.0,3.0,5,8,6,1.0,61.0,0.0,3,0.6666666666666666
1,6.0,2.0,2.0,4.0,5,8,6,1.0,50.0,0.0,3,1.0
1,6.0,2.0,2.0,6.0,5,8,6,1.0,66.0,0.0,3,0.8333333333333334
1,6.0,3.0,2.0,4.0,5,8,6,2.0,64.0,0.0,3,0.6666666666666666
1,6.0,4.0,2.0,1.0,5,8,6,1.0,80.0,0.0,3,2.0
1,6.0,2.0,2.0,1.0,5,8,6,1.0,68.0,0.0,3,1.0
2,6.0,4.0,2.0,1.0,5,8,6,2.0,77.0,0.0,3,3.0
2,6.0,4.0,2.0,3.0,5,8,6,2.0,77.0,0.0,3,2.0
1,6.0,2.0,2.0,3.0,7,8,6,1.0,70.0,0.0,3,1.0
1,5.0,2.0,2.0,6.0,7,8,6,2.0,36.0,0.25,3,4.0
1,6.0,1.0,2.0,3.0,7,8,6,1.0,56.0,0.0,3,2.0
1,6.0,3.0,2.0,8.0,7,8,6,1.0,75.0,0.0,3,1.0
1,5.0,4.0,2.0,3.0,7,8,6,1.0,77.0,0.0,3,1.0
2,5.0,4.0,2.0,10.0,2,8,6,2.0,51.0,0.0,3,4.0
1,5.0,3.0,2.0,7.0,2,8,6,1.0,49.0,0.0,3,4.0
1,5.0,3.0,2.0,6.0,2,8,6,1.0,63.0,0.0,3,3.0
2,5.0,3.0,2.0,6.0,2,8,6,2.0,62.0,0.0,3,2.0
1,3.0,6.0,2.0,10.0,2,8,6,0.0,60.0,0.0,3,2.0
2,5.0,5.0,2.0,8.0,2,8,6,2.0,46.0,0.4,3,5.0
3,3.0,4.0,2.0,8.0,2,8,6,2.0,71.0,0.0,3,3.0
2,3.0,5.0,2.0,7.0,2,8,6,2.0,53.0,0.0,3,4.0
3,5.0,4.0,2.0,4.0,2,8,6,2.0,83.0,0.0,3,4.0
2,5.0,2.0,2.0,10.0,2,8,6,2.0,45.0,0.0,3,3.0
2,5.0,4.0,2.0,10.0,2,8,6,2.0,59.0,0.0,3,2.0
3,5.0,3.0,2.0,4.0,2,8,6,1.0,74.0,0.0,3,3.0
2,5.0,4.0,2.0,6.0,2,8,6,2.0,42.0,0.25,3,4.0
3,5.0,2.0,2.0,3.0,2,8,6,3.0,72.0,0.0,3,3.0
3,3.0,2.0,2.0,10.0,2,8,6,0.0,77.0,0.0,3,4.0
2,3.0,6.0,2.0,7.0,2,8,6,1.0,57.0,0.0,3,3.0
1,1.0,3.0,2.0,7.0,2,8,6,1.0,56.0,0.0,3,1.0
2,3.0,4.0,2.0,10.0,2,8,6,2.0,61.0,0.0,3,5.0
3,2.0,6.0,2.0,8.0,2,8,6,2.0,60.0,0.25,3,4.0
1,5.0,4.0,2.0,6.0,2,8,6,0.0,42.0,0.5,3,0.5
1,3.0,2.0,2.0,6.0,2,8,6,1.0,35.0,0.3333333333333333,3,0.4285714285714285
3,5.0,5.0,2.0,8.0,2,8,6,1.0,44.0,0.0,3,4.0
3,5.0,3.0,2.0,6.0,2,8,6,3.0,62.0,0.2,3,5.0
2,5.0,3.0,2.0,5.0,2,8,6,2.0,51.0,0.1666666666666666,3,6.0
3,5.0,4.0,2.0,4.0,2,8,6,2.0,39.0,0.3333333333333333,3,6.0
3,5.0,4.0,2.0,10.0,2,8,6,1.0,79.0,0.0,3,3.0
1,6.0,1.0,2.0,5.0,2,8,6,1.0,63.0,0.0,3,1.0
1,5.0,1.0,2.0,6.0,2,8,6,0.0,55.0,0.0,3,1.0
2,5.0,3.0,2.0,4.0,2,8,6,1.0,85.0,0.0,3,2.0
2,5.0,3.0,2.0,6.0,2,8,6,1.0,54.0,0.0,3,2.0
2,3.0,4.0,2.0,6.0,2,8,6,1.0,69.0,0.4,3,5.0
1,6.0,1.0,2.0,9.0,2,8,6,1.0,65.0,0.0,3,1.0
2,5.0,3.0,2.0,8.0,2,8,6,2.0,55.0,0.0,3,2.0
1,3.0,3.0,2.0,6.0,2,8,6,1.0,48.0,0.0,3,4.0
2,5.0,4.0,2.0,6.0,2,8,6,0.0,61.0,0.0,3,2.0
2,5.0,5.0,2.0,6.0,2,8,6,2.0,50.0,0.4,3,5.0
1,5.0,3.0,2.0,7.0,2,8,6,1.0,34.0,0.25,3,4.0
2,5.0,3.0,2.0,6.0,2,8,6,2.0,32.0,0.25,3,4.0
3,5.0,6.0,2.0,6.0,2,8,6,3.0,59.0,0.3333333333333333,3,6.0
2,3.0,3.0,2.0,6.0,2,8,6,1.0,32.0,0.25,3,4.0
1,5.0,2.0,2.0,3.0,2,8,6,1.0,60.0,0.0,3,1.0
1,5.0,3.0,2.0,5.0,2,8,6,1.0,60.0,0.0,3,5.0
3,5.0,5.0,2.0,6.0,2,8,6,2.0,70.0,0.1666666666666666,3,6.0
1,5.0,4.0,2.0,5.0,2,8,6,1.0,58.0,0.0,3,1.0
2,3.0,5.0,2.0,8.0,2,8,6,2.0,72.0,0.0,3,2.0
1,3.0,4.0,2.0,9.0,2,8,6,0.0,63.0,0.0,3,1.0
2,5.0,3.0,2.0,5.0,2,8,6,2.0,58.0,0.0,3,3.0
2,3.0,4.0,2.0,3.0,2,8,6,2.0,74.0,0.0,3,6.0
2,6.0,3.0,2.0,6.0,2,8,6,1.0,50.0,0.0,3,2.0
2,5.0,3.0,2.0,5.0,2,8,6,2.0,41.0,0.25,3,1.0
3,5.0,1.0,2.0,5.0,2,8,6,2.0,51.0,0.0,3,0.375
2,5.0,2.0,2.0,3.0,2,8,6,1.0,58.0,0.0,3,0.75
1,5.0,2.0,2.0,6.0,2,8,6,2.0,43.0,0.3333333333333333,3,0.375
1,5.0,2.0,2.0,6.0,2,8,6,1.0,46.0,0.0,3,0.125
2,5.0,3.0,2.0,6.0,2,8,6,2.0,59.0,0.0,3,0.75
2,5.0,4.0,2.0,4.0,2,8,6,2.0,80.0,0.0,3,2.0
2,3.0,5.0,2.0,6.0,2,8,6,2.0,36.0,0.0,3,4.0
3,5.0,5.0,2.0,4.0,2,8,6,3.0,89.0,0.0,3,4.0
3,5.0,2.0,2.0,5.0,2,8,6,1.0,47.0,0.2,3,5.0
2,5.0,1.0,2.0,7.0,2,8,6,1.0,32.0,0.5,3,4.0
3,5.0,3.0,2.0,6.0,2,8,6,3.0,52.0,0.25,3,4.0
2,6.0,1.0,2.0,1.0,2,8,6,1.0,65.0,0.0,3,3.0
3,5.0,4.0,2.0,8.0,5,8,6,2.0,37.0,0.25,3,4.0
2,6.0,3.0,2.0,4.0,5,8,6,1.0,71.0,0.0,3,2.5
3,1.0,4.0,2.0,10.0,5,8,6,2.0,72.0,0.0,3,3.0
2,3.0,3.0,2.0,10.0,5,8,6,2.0,65.0,0.0,3,2.0
1,3.0,2.0,2.0,6.0,5,8,6,0.0,58.0,0.0,3,2.0
3,5.0,4.0,2.0,9.0,5,8,6,3.0,57.0,0.0,3,3.0
3,5.0,3.0,2.0,9.0,5,8,6,2.0,60.0,0.0,3,4.0
2,2.0,6.0,2.0,8.0,5,8,6,2.0,46.0,0.2,3,5.0
2,5.0,4.0,2.0,6.0,5,8,6,2.0,59.0,0.0,3,2.0
1,5.0,1.0,2.0,4.0,5,8,6,0.0,80.0,0.0,3,0.5
1,4.0,2.0,2.0,6.0,5,8,6,1.0,43.0,0.5,3,2.0
1,3.0,6.0,2.0,6.0,5,8,6,0.0,71.0,0.0,3,2.0
1,4.0,1.0,2.0,6.0,5,8,6,1.0,54.0,0.0,3,1.0
2,5.0,3.0,2.0,3.0,5,8,6,2.0,55.0,0.0,3,1.0
3,5.0,1.0,2.0,6.0,5,8,6,2.0,69.0,0.0,3,3.0
2,6.0,2.0,2.0,6.0,5,8,6,2.0,66.0,0.0,3,2.0
1,5.0,1.0,2.0,5.0,5,8,6,1.0,79.0,0.0,3,3.0
2,5.0,6.0,2.0,7.0,5,8,6,1.0,43.0,0.25,3,4.0
2,5.0,3.0,2.0,5.0,5,8,6,2.0,59.0,0.0,3,2.0
1,5.0,3.0,2.0,7.0,5,8,6,1.0,55.0,0.0,3,2.0
3,5.0,2.0,2.0,3.0,5,8,6,3.0,78.0,0.2,3,5.0
3,5.0,5.0,2.0,6.0,5,8,6,2.0,76.0,0.0,3,3.0
2,5.0,1.0,2.0,8.0,5,8,6,2.0,55.0,0.25,3,4.0
1,4.0,4.0,2.0,8.0,5,8,6,1.0,51.0,0.0,3,1.0
2,5.0,1.0,2.0,6.0,5,8,6,2.0,32.0,0.5,3,4.0
2,5.0,4.0,2.0,4.0,5,8,6,1.0,72.0,0.0,3,2.0
1,4.0,6.0,2.0,3.0,7,8,6,1.0,40.0,0.0,3,2.0
2,6.0,2.0,2.0,4.0,7,8,6,1.0,75.0,0.0,3,0.3333333333333333
2,4.0,3.0,2.0,6.0,7,8,6,1.0,30.0,0.4,3,5.0
3,5.0,3.0,2.0,6.0,7,8,6,3.0,47.0,0.0,3,4.0
3,6.0,2.0,2.0,3.0,7,8,6,2.0,56.0,0.0,3,4.0
1,6.0,3.0,2.0,6.0,7,8,6,3.0,54.0,0.0,3,3.0
2,5.0,3.0,2.0,6.0,7,8,6,3.0,51.0,0.0,3,3.0
2,6.0,2.0,2.0,1.0,7,8,6,2.0,73.0,0.0,3,2.0
1,5.0,2.0,2.0,5.0,7,8,6,2.0,36.0,0.5,3,4.0
3,5.0,3.0,2.0,3.0,7,8,6,3.0,64.0,0.0,3,3.0
2,5.0,3.0,2.0,3.0,7,8,6,2.0,62.0,0.0,3,2.0
2,4.0,2.0,2.0,4.0,7,8,6,1.0,80.0,0.0,3,2.0
2,5.0,5.0,2.0,6.0,1,8,6,2.0,40.0,0.25,3,1.0
1,5.0,4.0,2.0,8.0,1,8,6,1.0,33.0,0.0,3,0.5
2,5.0,5.0,2.0,3.0,1,8,6,0.0,83.0,0.0,3,0.75
2,5.0,6.0,2.0,3.0,1,8,6,2.0,29.0,0.5,3,1.5
2,5.0,7.0,2.0,4.0,1,8,6,2.0,32.0,0.5,3,1.0
2,5.0,3.0,2.0,9.0,1,8,6,1.0,61.0,0.0,3,3.0
3,3.0,4.0,2.0,8.0,1,8,6,2.0,62.0,0.0,3,3.0
2,1.0,5.0,2.0,10.0,1,8,6,0.0,73.0,0.0,3,2.0
2,5.0,4.0,2.0,6.0,1,8,6,2.0,35.0,0.3333333333333333,3,3.0
2,5.0,3.0,2.0,10.0,1,8,6,2.0,56.0,0.0,3,2.0
3,5.0,4.0,2.0,6.0,1,8,6,2.0,27.0,0.25,3,4.0
2,5.0,3.0,2.0,6.0,1,8,6,2.0,40.0,0.5,3,4.0
3,2.0,4.0,2.0,6.0,1,8,6,2.0,84.0,0.0,3,5.0
3,3.0,5.0,2.0,6.0,1,8,6,2.0,71.0,0.0,3,4.0
2,5.0,3.0,2.0,6.0,1,8,6,2.0,52.0,0.0,3,3.0
3,1.0,4.0,2.0,5.0,1,8,6,1.0,66.0,0.0,3,3.0
3,5.0,7.0,2.0,5.0,1,8,6,3.0,69.0,0.0,3,4.0
2,3.0,5.0,2.0,6.0,1,8,6,2.0,68.0,0.0,3,2.0
1,5.0,4.0,2.0,5.0,1,8,6,1.0,81.0,0.0,3,1.0
2,5.0,7.0,2.0,3.0,1,8,6,1.0,67.0,0.0,3,2.0
1,5.0,3.0,2.0,10.0,1,8,6,1.0,51.0,0.0,3,2.0
3,5.0,4.0,2.0,7.0,1,8,6,3.0,72.0,0.0,3,3.0
1,2.0,1.0,2.0,10.0,1,8,6,1.0,70.0,0.0,3,3.0
1,5.0,2.0,2.0,8.0,1,8,6,1.0,48.0,0.0,3,1.0
3,5.0,4.0,2.0,3.0,1,8,6,2.0,82.0,0.0,3,3.0
3,5.0,4.0,2.0,3.0,1,8,6,3.0,58.0,0.0,3,4.0
2,5.0,6.0,2.0,4.0,1,8,6,2.0,71.0,0.0,3,3.0
1,5.0,3.0,2.0,5.0,1,8,6,0.0,59.0,0.0,3,2.0
2,2.0,5.0,2.0,6.0,1,8,6,0.0,71.0,0.0,3,3.0
3,5.0,6.0,2.0,1.0,1,8,6,3.0,56.0,0.25,3,4.0
2,5.0,3.0,2.0,5.0,1,8,6,1.0,64.0,0.0,3,2.0
2,5.0,7.0,2.0,4.0,1,8,6,2.0,44.0,0.1666666666666666,3,6.0
1,5.0,3.0,2.0,5.0,1,8,6,1.0,51.0,0.3333333333333333,3,3.0
2,5.0,6.0,2.0,6.0,1,8,6,1.0,45.0,0.4,3,5.0
2,5.0,3.0,2.0,5.0,1,8,6,0.0,35.0,0.25,3,4.0
2,5.0,3.0,2.0,6.0,1,8,6,1.0,43.0,0.25,3,4.0
2,6.0,3.0,2.0,4.0,1,8,6,1.0,36.0,0.5,3,4.0
3,5.0,3.0,2.0,7.0,4,8,6,1.0,67.0,0.0,3,3.0
3,5.0,4.0,2.0,8.0,4,8,6,1.0,51.0,0.0,3,4.0
2,1.0,2.0,2.0,4.0,4,8,6,1.0,59.0,0.0,3,2.0
1,6.0,5.0,2.0,5.0,4,8,6,2.0,32.0,0.3333333333333333,3,3.0
3,5.0,4.0,2.0,3.0,4,8,6,3.0,52.0,0.4,3,5.0
3,5.0,5.0,2.0,6.0,4,8,6,3.0,40.0,0.0,3,4.0
2,5.0,6.0,2.0,4.0,4,8,6,2.0,52.0,0.0,3,3.0
2,5.0,6.0,2.0,3.0,4,8,6,1.0,41.0,0.4,3,5.0
3,5.0,6.0,2.0,4.0,4,8,6,3.0,45.0,0.25,3,4.0
3,6.0,4.0,2.0,3.0,4,8,6,2.0,34.0,0.5,3,6.0
3,6.0,4.0,2.0,1.0,4,8,6,3.0,44.0,0.1666666666666666,3,6.0
2,5.0,7.0,2.0,3.0,4,8,6,1.0,72.0,0.0,3,2.0
3,6.0,3.0,2.0,6.0,4,8,6,3.0,41.0,0.25,3,4.0
3,6.0,3.0,2.0,4.0,4,8,6,3.0,47.0,0.2,3,5.0
1,6.0,1.0,2.0,1.0,4,8,6,0.0,88.0,0.0,3,2.0
1,6.0,3.0,2.0,10.0,1,8,6,1.0,43.0,0.0,3,1.0
2,2.0,4.0,2.0,4.0,1,8,6,0.0,91.0,0.0,3,3.0
2,2.0,4.0,2.0,6.0,1,8,6,1.0,44.0,0.3333333333333333,3,3.0
2,5.0,1.0,2.0,1.0,1,8,6,0.0,85.0,0.0,3,3.0
2,5.0,5.0,2.0,6.0,1,8,6,0.0,77.0,0.0,3,3.0
1,3.0,5.0,2.0,5.0,1,8,6,0.0,62.0,0.0,3,2.0
1,5.0,3.0,2.0,6.0,1,8,6,1.0,61.0,0.0,3,2.0
1,1.0,4.0,2.0,10.0,1,8,6,1.0,45.0,0.4,3,5.0
3,3.0,4.0,2.0,8.0,1,8,6,2.0,78.0,0.0,3,4.0
3,3.0,3.0,2.0,6.0,1,8,6,3.0,48.0,0.1666666666666666,3,6.0
3,3.0,3.0,2.0,9.0,1,8,6,2.0,55.0,0.0,3,3.0
2,3.0,4.0,2.0,8.0,1,8,6,0.0,74.0,0.25,3,4.0
1,3.0,3.0,2.0,8.0,1,8,6,1.0,37.0,0.4,3,5.0
2,5.0,3.0,2.0,5.0,1,8,6,2.0,44.0,0.2,3,5.0
2,3.0,4.0,2.0,3.0,1,8,6,1.0,72.0,0.0,3,2.0
1,3.0,4.0,2.0,3.0,1,8,6,0.0,78.0,0.0,3,3.0
1,3.0,5.0,2.0,10.0,1,8,6,1.0,54.0,0.0,3,3.0
3,1.0,5.0,2.0,6.0,1,8,6,0.0,70.0,0.0,3,4.0
3,3.0,7.0,2.0,8.0,1,8,6,2.0,75.0,0.0,3,4.0
2,3.0,4.0,2.0,4.0,1,8,6,1.0,64.0,0.0,3,3.0
2,5.0,4.0,2.0,7.0,1,8,6,2.0,56.0,0.0,3,2.0
2,5.0,3.0,2.0,1.0,1,8,6,2.0,72.0,0.0,3,2.0
3,5.0,4.0,2.0,5.0,1,8,6,1.0,65.0,0.0,3,4.0
2,5.0,4.0,2.0,3.0,1,8,6,2.0,53.0,0.0,3,3.0
2,5.0,3.0,2.0,1.0,1,8,6,1.0,67.0,0.0,3,2.0
1,5.0,5.0,2.0,8.0,1,8,6,0.0,80.0,0.0,3,1.0
1,5.0,2.0,2.0,1.0,1,8,6,0.0,80.0,0.0,3,1.0
1,3.0,3.0,2.0,3.0,1,8,6,0.0,78.0,0.0,3,1.0
1,3.0,3.0,2.0,5.0,1,8,6,0.0,62.0,0.0,3,2.0
1,5.0,1.0,2.0,6.0,1,8,6,1.0,32.0,0.3333333333333333,3,3.0
2,5.0,3.0,2.0,5.0,1,8,6,1.0,42.0,0.5,3,1.3333333333333333
3,5.0,4.0,2.0,8.0,1,8,6,3.0,42.0,0.1666666666666666,3,6.0
1,3.0,3.0,2.0,6.0,1,8,6,0.0,46.0,0.3333333333333333,3,6.0
2,3.0,5.0,2.0,10.0,1,8,6,2.0,36.0,0.4,3,5.0
1,3.0,3.0,2.0,6.0,1,8,6,1.0,67.0,0.0,3,2.0
2,3.0,3.0,2.0,9.0,1,8,6,2.0,34.0,0.25,3,4.0
2,3.0,3.0,2.0,10.0,1,8,6,2.0,37.0,0.3333333333333333,3,3.0
3,5.0,4.0,2.0,10.0,1,8,6,2.0,73.0,0.2,3,5.0
3,5.0,5.0,2.0,7.0,1,8,6,2.0,50.0,0.0,3,6.0
1,5.0,2.0,2.0,1.0,1,8,6,0.0,77.0,0.0,3,2.0
1,1.0,1.0,2.0,3.0,1,8,6,0.0,78.0,0.0,3,1.0
3,5.0,5.0,2.0,3.0,1,8,6,2.0,84.0,0.0,3,3.0
2,3.0,4.0,2.0,10.0,1,8,6,1.0,69.0,0.0,3,4.0
2,6.0,2.0,2.0,6.0,1,8,6,2.0,58.0,0.0,3,4.0
2,5.0,3.0,2.0,4.0,1,8,6,2.0,63.0,0.0,3,2.0
3,6.0,1.0,2.0,6.0,1,8,6,3.0,35.0,0.25,3,4.0
2,6.0,4.0,2.0,3.0,1,8,6,2.0,66.0,0.25,3,4.0
3,6.0,5.0,2.0,5.0,1,8,6,3.0,41.0,0.2857142857142857,3,7.0
1,5.0,2.0,2.0,6.0,1,8,6,1.0,46.0,0.2,3,1.25
2,6.0,3.0,2.0,4.0,1,8,6,2.0,75.0,0.0,3,0.5
1,6.0,4.0,2.0,8.0,1,8,6,2.0,47.0,0.4,3,0.7142857142857143
1,6.0,2.0,2.0,6.0,1,8,6,1.0,45.0,0.0,3,0.25
1,5.0,3.0,2.0,4.0,1,8,6,2.0,62.0,0.0,3,0.8
2,5.0,1.0,2.0,6.0,1,8,6,2.0,35.0,0.25,3,0.8
2,6.0,1.0,2.0,1.0,4,8,6,1.0,63.0,0.0,3,0.3333333333333333
2,6.0,1.0,2.0,4.0,4,8,6,1.0,98.0,0.0,3,0.3333333333333333
2,6.0,2.0,2.0,6.0,4,8,6,2.0,28.0,0.3333333333333333,3,0.5
2,6.0,1.0,2.0,6.0,4,8,6,2.0,49.0,0.25,3,0.6666666666666666
3,5.0,3.0,2.0,10.0,4,8,6,2.0,57.0,0.0,3,0.5
2,6.0,2.0,2.0,1.0,4,8,6,2.0,73.0,0.3333333333333333,3,0.5
1,5.0,4.0,2.0,6.0,8,8,6,0.0,89.0,0.0,3,1.0
1,2.0,4.0,2.0,10.0,8,8,6,1.0,70.0,0.0,3,2.0
2,2.0,4.0,2.0,10.0,8,8,6,1.0,51.0,0.0,3,2.0
1,5.0,3.0,2.0,6.0,8,8,6,1.0,66.0,0.0,3,1.0
1,3.0,4.0,2.0,6.0,8,8,6,1.0,37.0,0.0,3,3.0
2,3.0,3.0,2.0,6.0,8,8,6,1.0,57.0,0.0,3,2.0
2,1.0,3.0,2.0,6.0,8,8,6,2.0,45.0,0.0,3,3.0
2,5.0,3.0,2.0,6.0,8,8,6,1.0,32.0,0.0,3,0.5
1,6.0,2.0,2.0,5.0,8,8,6,0.0,41.0,0.0,3,0.25
2,1.0,4.0,2.0,10.0,8,8,6,1.0,69.0,0.0,3,3.0
1,3.0,5.0,2.0,6.0,8,8,6,1.0,63.0,0.0,3,2.0
2,5.0,6.0,2.0,6.0,8,8,6,2.0,55.0,0.0,3,2.0
2,3.0,5.0,2.0,9.0,8,8,6,2.0,57.0,0.0,3,2.0
3,5.0,3.0,2.0,6.0,8,8,6,2.0,46.0,0.2,3,1.25
3,5.0,4.0,2.0,3.0,8,8,6,3.0,59.0,0.25,3,1.0
1,5.0,4.0,2.0,6.0,8,8,6,1.0,39.0,0.0,3,0.25
2,1.0,4.0,2.0,10.0,8,8,6,2.0,43.0,0.25,3,4.0
3,3.0,3.0,2.0,6.0,8,8,6,2.0,58.0,0.0,3,3.0
2,3.0,6.0,2.0,8.0,8,8,6,1.0,54.0,0.0,3,5.0
2,5.0,3.0,2.0,9.0,8,8,6,0.0,54.0,0.0,3,3.0
1,5.0,4.0,2.0,6.0,8,8,6,1.0,44.0,0.0,3,0.75
3,3.0,3.0,2.0,10.0,8,8,6,3.0,33.0,0.0,3,3.0
1,3.0,2.0,2.0,10.0,8,8,6,1.0,48.0,0.0,3,1.0
2,1.0,5.0,2.0,10.0,8,8,6,2.0,69.0,0.0,3,3.0
1,1.0,3.0,2.0,5.0,8,8,6,0.0,85.0,0.0,3,2.0
1,5.0,5.0,2.0,6.0,8,8,6,0.0,96.0,0.0,3,2.0
2,3.0,4.0,2.0,8.0,8,8,6,0.0,87.0,0.0,3,2.0
1,1.0,5.0,2.0,7.0,8,8,6,1.0,50.0,0.0,3,1.0
3,3.0,7.0,2.0,10.0,8,8,6,1.0,53.0,0.0,3,4.0
1,2.0,3.0,2.0,10.0,8,8,6,1.0,66.0,0.0,3,1.0
2,1.0,4.0,2.0,10.0,8,8,6,1.0,35.0,0.0,3,2.0
1,5.0,3.0,2.0,6.0,8,8,6,0.0,59.0,0.0,3,2.0
1,5.0,5.0,2.0,4.0,8,8,6,1.0,61.0,0.0,3,2.0
2,1.0,5.0,2.0,10.0,8,8,6,2.0,49.0,0.3333333333333333,3,3.0
1,1.0,3.0,2.0,7.0,8,8,6,0.0,80.0,0.0,3,1.0
1,1.0,4.0,2.0,10.0,8,8,6,0.0,81.0,0.0,3,3.0
2,2.0,5.0,2.0,7.0,8,8,6,2.0,64.0,0.0,3,2.0
1,3.0,3.0,2.0,6.0,8,8,6,0.0,57.0,0.0,3,2.0
1,5.0,5.0,2.0,9.0,8,8,6,0.0,68.0,0.0,3,1.0
3,3.0,3.0,2.0,5.0,8,8,6,1.0,69.0,0.25,3,4.0
1,3.0,4.0,2.0,10.0,8,8,6,1.0,65.0,0.0,3,2.0
2,3.0,4.0,2.0,6.0,8,8,6,1.0,83.0,0.0,3,3.0
2,2.0,4.0,2.0,8.0,8,8,6,0.0,74.0,0.0,3,3.0
3,3.0,4.0,2.0,9.0,8,8,6,1.0,44.0,0.0,3,3.0
1,3.0,4.0,2.0,9.0,8,8,6,0.0,63.0,0.0,3,2.0
3,3.0,6.0,2.0,10.0,8,8,6,3.0,43.0,0.0,3,5.0
2,5.0,3.0,2.0,6.0,8,8,6,1.0,65.0,0.0,3,2.0
1,5.0,1.0,2.0,5.0,8,8,6,1.0,59.0,0.0,3,1.0
2,5.0,5.0,2.0,6.0,8,8,6,1.0,88.0,0.0,3,3.0
1,3.0,5.0,2.0,10.0,8,8,6,1.0,49.0,0.3333333333333333,3,3.0
2,3.0,3.0,2.0,6.0,8,8,6,1.0,69.0,0.0,3,2.0
3,3.0,3.0,2.0,9.0,8,8,6,3.0,67.0,0.0,3,3.0
2,1.0,2.0,2.0,6.0,8,8,6,1.0,64.0,0.2,3,5.0
1,5.0,5.0,2.0,6.0,8,8,6,3.0,64.0,0.0,3,5.0
2,5.0,1.0,2.0,6.0,8,8,6,1.0,60.0,0.0,3,2.0
1,5.0,4.0,2.0,3.0,8,8,6,0.0,65.0,0.0,3,1.0
2,3.0,3.0,2.0,7.0,8,8,6,2.0,53.0,0.0,3,2.0
2,5.0,3.0,2.0,4.0,8,8,6,1.0,72.0,0.0,3,2.0
1,5.0,1.0,2.0,6.0,8,8,6,1.0,70.0,0.0,3,2.0
1,3.0,2.0,2.0,6.0,8,8,6,0.0,67.0,0.0,3,1.0
3,1.0,4.0,2.0,10.0,8,8,6,3.0,68.0,0.0,3,5.0
1,1.0,3.0,2.0,6.0,8,8,6,1.0,64.0,0.0,3,2.0
3,3.0,1.0,2.0,6.0,8,8,6,3.0,48.0,0.0,3,3.0
3,5.0,1.0,2.0,6.0,8,8,6,3.0,43.0,0.1666666666666666,3,6.0
2,5.0,4.0,2.0,3.0,8,8,6,1.0,53.0,0.25,3,4.0
2,5.0,3.0,2.0,4.0,8,8,6,2.0,48.0,0.0,3,4.0
2,1.0,4.0,2.0,6.0,8,8,6,2.0,68.0,0.0,3,4.0
1,3.0,3.0,2.0,4.0,8,8,6,0.0,74.0,0.0,3,2.0
2,3.0,4.0,2.0,8.0,8,8,6,2.0,42.0,0.0,3,4.0
2,3.0,3.0,2.0,6.0,8,8,6,2.0,43.0,0.25,3,4.0
2,5.0,1.0,2.0,3.0,8,8,6,2.0,56.0,0.0,3,4.0
2,6.0,3.0,2.0,6.0,8,8,6,2.0,55.0,0.0,3,4.0
1,4.0,2.0,2.0,8.0,8,8,6,1.0,65.0,0.0,3,2.0
2,3.0,5.0,2.0,10.0,8,8,6,1.0,81.0,0.0,3,3.0
2,2.0,5.0,2.0,6.0,8,8,6,2.0,63.0,0.0,3,3.0
3,5.0,3.0,2.0,8.0,8,8,6,2.0,43.0,0.0,3,3.0
1,3.0,3.0,2.0,4.0,8,8,6,1.0,66.0,0.0,3,1.0
3,3.0,4.0,2.0,6.0,8,8,6,3.0,62.0,0.0,3,3.0
1,3.0,4.0,2.0,4.0,8,8,6,0.0,71.0,0.0,3,2.0
1,3.0,3.0,2.0,10.0,8,8,6,1.0,39.0,0.0,3,1.0
1,1.0,4.0,2.0,10.0,8,8,6,0.0,33.0,0.0,3,1.0
1,1.0,5.0,2.0,8.0,8,8,6,1.0,66.0,0.0,3,3.0
2,3.0,3.0,2.0,6.0,8,8,6,0.0,76.0,0.0,3,2.0
2,5.0,2.0,2.0,4.0,8,8,6,1.0,73.0,0.0,3,3.0
2,3.0,3.0,2.0,8.0,8,8,6,2.0,54.0,0.0,3,2.0
1,3.0,1.0,2.0,4.0,8,8,6,1.0,73.0,0.0,3,1.0
1,5.0,4.0,2.0,5.0,8,8,6,1.0,42.0,0.0,3,1.0
3,5.0,2.0,2.0,9.0,8,8,6,2.0,66.0,0.0,3,3.0
2,3.0,4.0,2.0,8.0,8,8,6,2.0,38.0,0.25,3,4.0
1,2.0,3.0,2.0,10.0,2,8,6,1.0,48.0,0.0,3,1.0
2,2.0,3.0,2.0,6.0,2,8,6,1.0,64.0,0.0,3,2.0
1,3.0,3.0,2.0,6.0,2,8,6,1.0,61.0,0.0,3,1.0
2,3.0,4.0,2.0,4.0,2,8,6,0.0,75.0,0.0,3,2.0
1,5.0,2.0,2.0,6.0,2,8,6,0.0,79.0,0.0,3,1.0
1,5.0,2.0,2.0,5.0,2,8,6,1.0,52.0,0.0,3,1.0
2,3.0,4.0,2.0,10.0,2,8,6,2.0,55.0,0.2,3,5.0
3,3.0,3.0,2.0,6.0,2,8,6,3.0,74.0,0.0,3,3.0
2,3.0,4.0,2.0,6.0,2,8,6,2.0,65.0,0.0,3,2.0
1,3.0,3.0,2.0,5.0,2,8,6,1.0,62.0,0.0,3,0.2
3,3.0,4.0,2.0,10.0,2,8,6,2.0,62.0,0.25,3,4.0
3,5.0,4.0,2.0,9.0,2,8,6,1.0,72.0,0.0,3,4.0
3,5.0,4.0,2.0,6.0,2,8,6,3.0,50.0,0.0,3,0.8
1,5.0,3.0,2.0,4.0,2,8,6,1.0,53.0,0.0,3,1.0
2,5.0,3.0,2.0,3.0,2,8,6,1.0,58.0,0.0,3,2.0
1,5.0,5.0,2.0,9.0,2,8,6,1.0,27.0,0.0,3,3.0
3,3.0,4.0,2.0,4.0,2,8,6,3.0,59.0,0.0,3,4.0
1,5.0,5.0,2.0,6.0,2,8,6,0.0,79.0,0.0,3,1.0
3,6.0,5.0,2.0,5.0,2,8,6,3.0,61.0,0.2,3,5.0
1,5.0,1.0,2.0,7.0,2,8,6,1.0,43.0,0.0,3,1.0
1,3.0,5.0,2.0,7.0,2,8,6,0.0,80.0,0.0,3,1.0
2,5.0,4.0,2.0,6.0,2,8,6,1.0,61.0,0.0,3,3.0
1,2.0,3.0,2.0,3.0,2,8,6,0.0,86.0,0.0,3,1.0
2,2.0,3.0,2.0,5.0,2,8,6,3.0,62.0,0.25,3,4.0
1,5.0,7.0,2.0,3.0,2,8,6,0.0,59.0,0.3333333333333333,3,3.0
2,5.0,4.0,2.0,3.0,2,8,6,2.0,85.0,0.25,3,0.5
1,6.0,2.0,2.0,1.0,2,8,6,0.0,85.0,0.0,3,1.0
1,6.0,3.0,2.0,1.0,2,8,6,2.0,54.0,0.0,3,2.0
1,5.0,2.0,2.0,10.0,2,8,6,0.0,80.0,0.0,3,1.0
1,6.0,3.0,2.0,4.0,2,8,6,1.0,83.0,0.0,3,0.125
1,4.0,4.0,2.0,5.0,7,8,6,0.0,41.0,0.4,3,0.7142857142857143
3,6.0,2.0,2.0,10.0,7,8,6,1.0,33.0,0.4285714285714285,3,1.0
1,4.0,5.0,2.0,10.0,7,8,6,1.0,46.0,0.0,3,2.0
1,5.0,3.0,2.0,3.0,7,8,6,0.0,72.0,0.0,3,2.0
1,5.0,2.0,2.0,8.0,7,8,6,1.0,54.0,0.0,3,2.0
2,5.0,4.0,2.0,5.0,7,8,6,2.0,65.0,0.0,3,2.0
2,5.0,4.0,2.0,5.0,7,8,6,2.0,46.0,0.0,3,4.0
3,5.0,3.0,2.0,3.0,7,8,6,2.0,71.0,0.0,3,3.0
1,5.0,1.0,2.0,7.0,7,8,6,1.0,59.0,0.0,3,1.0
2,5.0,3.0,2.0,8.0,7,8,6,2.0,35.0,0.2,3,5.0
2,6.0,1.0,2.0,7.0,7,8,6,2.0,38.0,0.3333333333333333,3,6.0
3,4.0,2.0,2.0,8.0,7,8,6,3.0,52.0,0.2,3,5.0
1,5.0,4.0,2.0,6.0,7,8,6,0.0,56.0,0.0,3,1.0
3,4.0,4.0,2.0,4.0,7,8,6,2.0,52.0,0.0,3,3.0
1,5.0,6.0,2.0,5.0,7,8,6,1.0,52.0,0.0,3,2.0
1,3.0,3.0,2.0,8.0,7,8,6,1.0,63.0,0.0,3,1.0
1,5.0,2.0,2.0,3.0,7,8,6,1.0,81.0,0.25,3,4.0
2,3.0,3.0,2.0,10.0,7,8,6,2.0,33.0,0.3333333333333333,3,3.0
2,4.0,4.0,2.0,4.0,7,8,6,2.0,46.0,0.4,3,5.0
3,4.0,4.0,2.0,7.0,7,8,6,3.0,43.0,0.0,3,1.25
1,5.0,2.0,2.0,6.0,7,8,6,1.0,54.0,0.0,3,0.25
1,6.0,1.0,2.0,5.0,7,8,6,1.0,29.0,0.5,3,4.0
2,5.0,2.0,2.0,6.0,7,8,6,2.0,30.0,0.3333333333333333,3,3.0
2,3.0,7.0,2.0,6.0,7,8,6,1.0,67.0,0.0,3,4.0
2,4.0,3.0,2.0,7.0,7,8,6,0.0,45.0,0.0,3,0.8
2,3.0,4.0,2.0,9.0,7,8,6,2.0,71.0,0.0,3,4.0
2,3.0,4.0,2.0,6.0,7,8,6,1.0,83.0,0.0,3,2.0
1,5.0,3.0,2.0,6.0,7,8,6,0.0,63.0,0.0,3,1.0
3,4.0,2.0,2.0,7.0,7,8,6,2.0,34.0,0.25,3,4.0
3,5.0,3.0,2.0,6.0,7,8,6,1.0,56.0,0.2857142857142857,3,1.75
2,5.0,4.0,2.0,5.0,7,8,6,0.0,78.0,0.0,3,2.0
1,5.0,4.0,2.0,8.0,7,8,6,1.0,72.0,0.0,3,2.0
1,3.0,2.0,2.0,4.0,7,8,6,1.0,60.0,0.0,3,2.0
2,6.0,3.0,2.0,5.0,7,8,6,2.0,50.0,0.6,3,5.0
2,4.0,7.0,2.0,4.0,7,8,6,2.0,32.0,0.6,3,0.625
2,4.0,3.0,2.0,3.0,7,8,6,0.0,67.0,0.0,3,0.375
3,5.0,3.0,2.0,3.0,7,8,6,3.0,48.0,0.4285714285714285,3,0.875
1,4.0,4.0,2.0,6.0,7,8,6,0.0,43.0,0.25,3,0.5
1,4.0,4.0,2.0,3.0,7,8,6,0.0,70.0,0.0,3,0.375
2,4.0,2.0,2.0,5.0,7,8,6,1.0,46.0,0.3333333333333333,3,0.375
2,4.0,4.0,2.0,3.0,7,8,6,1.0,88.0,0.0,3,0.2857142857142857
1,4.0,3.0,2.0,5.0,7,8,6,3.0,62.0,0.0,3,0.5714285714285714
3,4.0,3.0,2.0,4.0,7,8,6,2.0,77.0,0.0,3,0.4285714285714285
1,4.0,3.0,2.0,5.0,7,8,6,2.0,37.0,0.5714285714285714,3,0.875
1,4.0,2.0,2.0,5.0,7,8,6,2.0,29.0,0.5,3,0.6666666666666666
2,4.0,3.0,2.0,5.0,7,8,6,2.0,47.0,0.5,3,1.6
3,4.0,4.0,2.0,10.0,7,8,6,2.0,43.0,0.3333333333333333,3,0.75
2,4.0,2.0,2.0,7.0,7,8,6,2.0,27.0,0.5,3,0.6666666666666666
2,5.0,2.0,2.0,5.0,7,8,6,0.0,68.0,0.0,3,0.2857142857142857
1,5.0,1.0,2.0,8.0,7,8,6,1.0,45.0,0.6,3,0.625
2,5.0,5.0,2.0,5.0,7,8,6,0.0,39.0,0.4,3,1.0
2,4.0,3.0,2.0,4.0,7,8,6,3.0,36.0,0.25,3,0.5
2,4.0,3.0,2.0,5.0,7,8,6,1.0,76.0,0.0,3,0.25
1,6.0,4.0,2.0,1.0,7,8,6,0.0,75.0,0.0,3,1.3333333333333333
0,4.0,1.0,2.0,4.0,7,8,6,0.0,24.0,0.5,3,0.5
1,2.0,3.0,2.0,5.0,7,8,6,1.0,39.0,0.2,3,5.0
1,5.0,2.0,2.0,4.0,7,8,6,1.0,50.0,0.0,3,1.0
2,5.0,1.0,2.0,6.0,7,8,6,2.0,22.0,0.3333333333333333,3,0.4285714285714285
2,5.0,2.0,2.0,6.0,7,8,6,2.0,49.0,0.4,3,5.0
1,5.0,4.0,2.0,10.0,7,8,6,1.0,67.0,0.0,3,1.0
1,5.0,3.0,2.0,6.0,7,8,6,1.0,42.0,0.0,3,1.0
2,5.0,3.0,2.0,9.0,7,8,6,2.0,36.0,0.4,3,5.0
3,2.0,3.0,2.0,4.0,7,8,6,1.0,83.0,0.0,3,3.0
1,5.0,1.0,2.0,5.0,7,8,6,1.0,53.0,0.0,3,4.0
2,5.0,3.0,2.0,8.0,7,8,6,2.0,59.0,0.0,3,3.0
2,5.0,1.0,2.0,5.0,7,8,6,0.0,37.0,0.0,3,2.0
1,2.0,1.0,2.0,7.0,7,8,6,0.0,59.0,0.0,3,1.0
2,5.0,2.0,2.0,5.0,7,8,6,1.0,38.0,0.4,3,5.0
1,5.0,4.0,2.0,3.0,7,8,6,2.0,51.0,0.0,3,2.0
2,5.0,3.0,2.0,5.0,7,8,6,2.0,65.0,0.0,3,2.0
1,5.0,1.0,2.0,4.0,7,8,6,0.0,45.0,0.0,3,5.0
2,5.0,1.0,2.0,6.0,7,8,6,2.0,34.0,0.3333333333333333,3,3.0
2,5.0,3.0,2.0,4.0,7,8,6,2.0,46.0,0.0,3,2.0
1,5.0,4.0,2.0,6.0,7,8,6,1.0,24.0,0.5,3,4.0
2,5.0,4.0,2.0,3.0,7,8,6,2.0,64.0,0.0,3,2.0
3,5.0,5.0,2.0,8.0,7,8,6,3.0,45.0,0.1666666666666666,3,6.0
2,1.0,3.0,2.0,6.0,7,8,6,2.0,40.0,0.3333333333333333,3,0.5
2,6.0,2.0,2.0,5.0,7,8,6,2.0,29.0,0.25,3,0.6666666666666666
1,4.0,1.0,2.0,3.0,7,8,6,1.0,58.0,0.0,3,0.125
1,6.0,1.0,2.0,5.0,7,8,6,1.0,75.0,0.0,3,0.1428571428571428
1,3.0,3.0,2.0,6.0,3,8,6,1.0,69.0,0.0,3,1.0
3,2.0,4.0,2.0,6.0,3,8,6,2.0,88.0,0.0,3,3.0
2,6.0,1.0,2.0,3.0,3,8,6,0.0,83.0,0.0,3,2.0
3,3.0,5.0,2.0,10.0,3,8,6,2.0,64.0,0.0,3,3.0
1,6.0,4.0,2.0,6.0,3,8,6,1.0,53.0,0.0,3,1.0
2,5.0,2.0,2.0,1.0,3,8,6,1.0,78.0,0.0,3,3.0
2,5.0,4.0,2.0,7.0,3,8,6,2.0,43.0,0.0,3,4.0
2,2.0,7.0,2.0,7.0,3,8,6,1.0,63.0,0.0,3,2.0
2,5.0,4.0,2.0,5.0,3,8,6,2.0,63.0,0.0,3,2.0
1,5.0,1.0,2.0,3.0,3,8,6,0.0,93.0,0.0,3,1.0
3,5.0,6.0,2.0,9.0,3,8,6,3.0,49.0,0.2,3,5.0
1,5.0,2.0,2.0,3.0,3,8,6,1.0,62.0,0.0,3,1.0
2,2.0,3.0,2.0,9.0,3,8,6,2.0,27.0,0.0,3,5.0
1,5.0,4.0,2.0,3.0,3,8,6,1.0,52.0,0.0,3,3.0
1,5.0,3.0,2.0,5.0,3,8,6,0.0,76.0,0.0,3,1.0
3,5.0,4.0,2.0,3.0,3,8,6,2.0,64.0,0.0,3,3.0
2,3.0,4.0,2.0,6.0,3,8,6,2.0,43.0,0.25,3,4.0
1,3.0,6.0,2.0,5.0,3,8,6,2.0,58.0,0.0,3,4.0
2,3.0,6.0,2.0,7.0,3,8,6,0.0,44.0,0.0,3,2.0
1,5.0,7.0,2.0,8.0,3,8,6,1.0,64.0,0.0,3,1.0
2,3.0,4.0,2.0,10.0,3,8,6,1.0,66.0,0.0,3,2.0
2,2.0,6.0,2.0,8.0,3,8,6,1.0,72.0,0.0,3,4.0
1,5.0,3.0,2.0,6.0,3,8,6,0.0,54.0,0.0,3,1.0
1,3.0,5.0,2.0,8.0,3,8,6,0.0,70.0,0.0,3,1.0
2,5.0,4.0,2.0,10.0,3,8,6,1.0,82.0,0.0,3,2.0
2,5.0,4.0,2.0,8.0,3,8,6,2.0,43.0,0.3333333333333333,3,0.75
1,5.0,2.0,2.0,4.0,3,8,6,1.0,71.0,0.0,3,0.1666666666666666
2,6.0,2.0,2.0,6.0,3,8,6,2.0,73.0,0.0,3,0.3333333333333333
1,5.0,1.0,2.0,4.0,6,8,6,1.0,63.0,0.0,3,1.0
2,5.0,3.0,2.0,5.0,6,8,6,2.0,56.0,0.3333333333333333,3,3.0
2,5.0,3.0,2.0,6.0,6,8,6,2.0,47.0,0.0,3,2.0
2,5.0,3.0,2.0,3.0,6,8,6,2.0,73.0,0.0,3,2.0
2,6.0,2.0,2.0,8.0,6,8,6,2.0,73.0,0.0,3,2.0
2,5.0,1.0,2.0,6.0,6,8,6,2.0,64.0,0.0,3,2.0
1,5.0,2.0,2.0,6.0,6,8,6,2.0,66.0,0.0,3,2.0
3,4.0,3.0,2.0,3.0,5,8,6,3.0,47.0,0.0,3,0.5714285714285714
2,4.0,6.0,2.0,5.0,5,8,6,1.0,48.0,0.0,3,3.0
1,4.0,4.0,2.0,7.0,5,8,6,1.0,34.0,0.3333333333333333,3,1.5
3,4.0,4.0,2.0,6.0,5,8,6,1.0,61.0,0.0,3,1.5
2,5.0,2.0,2.0,5.0,5,8,6,1.0,49.0,0.0,3,2.0
3,4.0,4.0,2.0,6.0,5,8,6,2.0,38.0,0.2,3,5.0
3,5.0,6.0,2.0,8.0,5,8,6,1.0,48.0,0.25,3,4.0
2,4.0,4.0,2.0,9.0,5,8,6,1.0,39.0,0.0,3,3.0
2,4.0,5.0,2.0,8.0,5,8,6,1.0,37.0,0.5,3,4.0
3,3.0,7.0,2.0,6.0,5,8,6,0.0,59.0,0.0,3,3.0
2,4.0,3.0,2.0,1.0,5,8,6,1.0,79.0,0.0,3,2.0
3,5.0,3.0,2.0,4.0,5,8,6,2.0,61.0,0.25,3,4.0
2,4.0,2.0,2.0,6.0,5,8,6,2.0,61.0,0.0,3,3.0
1,5.0,3.0,2.0,5.0,7,8,6,1.0,64.0,0.25,3,4.0
2,4.0,2.0,2.0,6.0,7,8,6,0.0,88.0,0.0,3,1.0
1,5.0,2.0,2.0,7.0,7,8,6,0.0,61.0,0.0,3,1.0
2,5.0,3.0,2.0,4.0,7,8,6,1.0,75.0,0.0,3,2.0
1,4.0,4.0,2.0,6.0,7,8,6,1.0,65.0,0.0,3,1.0
2,6.0,5.0,2.0,3.0,5,8,6,1.0,30.0,0.25,3,4.0
1,6.0,3.0,2.0,4.0,5,8,6,1.0,73.0,0.0,3,3.0
2,4.0,2.0,2.0,3.0,5,8,6,1.0,82.0,0.0,3,2.0
2,4.0,2.0,2.0,4.0,5,8,6,1.0,60.0,0.0,3,2.0
2,6.0,3.0,2.0,4.0,5,8,6,2.0,68.0,0.3333333333333333,3,3.0
2,4.0,3.0,2.0,9.0,5,8,6,2.0,61.0,0.0,3,2.0
2,6.0,3.0,2.0,5.0,5,8,6,1.0,66.0,0.0,3,2.0
1,6.0,4.0,2.0,3.0,5,8,6,1.0,75.0,0.0,3,1.0
2,6.0,1.0,2.0,7.0,5,8,6,1.0,79.0,0.0,3,2.0
2,4.0,2.0,2.0,6.0,5,8,6,1.0,42.0,0.3333333333333333,3,3.0
2,5.0,4.0,2.0,6.0,5,8,6,0.0,77.0,0.1666666666666666,3,6.0
1,4.0,6.0,2.0,6.0,5,8,6,0.0,64.0,0.0,3,2.0
2,5.0,2.0,2.0,6.0,5,8,6,2.0,55.0,0.3333333333333333,3,3.0
2,5.0,3.0,2.0,3.0,5,8,6,0.0,42.0,0.4,3,5.0
1,3.0,4.0,2.0,9.0,7,8,6,0.0,67.0,0.0,3,1.0
1,5.0,3.0,2.0,6.0,7,8,6,1.0,38.0,0.0,3,1.0
3,4.0,6.0,2.0,1.0,7,8,6,2.0,74.0,0.0,3,0.8333333333333334
2,3.0,3.0,2.0,5.0,7,8,6,1.0,36.0,0.25,3,4.0
3,5.0,4.0,2.0,6.0,1,8,6,3.0,54.0,0.0,3,4.0
2,3.0,4.0,2.0,10.0,1,8,6,2.0,29.0,0.3333333333333333,3,3.0
3,3.0,4.0,2.0,9.0,1,8,6,2.0,51.0,0.0,3,3.0
2,3.0,5.0,2.0,8.0,1,8,6,0.0,36.0,0.25,3,4.0
2,3.0,4.0,2.0,8.0,1,8,6,1.0,69.0,0.0,3,3.0
2,5.0,4.0,2.0,6.0,1,8,6,1.0,78.0,0.0,3,2.0
3,5.0,5.0,2.0,4.0,1,8,6,1.0,82.0,0.0,3,4.0
2,3.0,4.0,2.0,8.0,1,8,6,2.0,48.0,0.0,3,3.0
1,2.0,3.0,2.0,10.0,1,8,6,0.0,42.0,0.0,3,2.0
1,3.0,6.0,2.0,10.0,1,8,6,1.0,46.0,0.3333333333333333,3,6.0
2,6.0,4.0,2.0,6.0,1,8,6,1.0,59.0,0.0,3,2.0
3,3.0,6.0,2.0,10.0,1,8,6,2.0,49.0,0.2,3,5.0
3,6.0,1.0,2.0,1.0,1,8,6,3.0,50.0,0.2857142857142857,3,7.0
3,6.0,4.0,2.0,4.0,1,8,6,2.0,64.0,0.0,3,3.0
3,6.0,2.0,2.0,1.0,1,8,6,0.0,83.0,0.0,3,3.0
3,5.0,4.0,2.0,6.0,1,8,6,2.0,65.0,0.0,3,3.0
2,6.0,3.0,2.0,1.0,1,8,6,2.0,83.0,0.0,3,2.0
3,6.0,3.0,2.0,4.0,1,8,6,2.0,64.0,0.0,3,3.0
1,6.0,2.0,2.0,3.0,1,8,6,1.0,82.0,0.0,3,2.0
2,5.0,2.0,2.0,6.0,1,8,6,1.0,41.0,0.0,3,3.0
2,5.0,3.0,2.0,4.0,1,8,6,1.0,44.0,0.25,3,4.0
3,5.0,5.0,2.0,6.0,1,8,6,2.0,59.0,0.0,3,5.0
2,5.0,4.0,2.0,3.0,1,8,6,0.0,83.0,0.3333333333333333,3,3.0
2,5.0,5.0,2.0,7.0,1,8,6,2.0,44.0,0.2,3,5.0
2,2.0,3.0,2.0,6.0,1,8,6,1.0,34.0,0.3333333333333333,3,3.0
1,5.0,6.0,2.0,3.0,1,8,6,2.0,64.0,0.0,3,3.0
2,5.0,3.0,2.0,6.0,1,8,6,2.0,65.0,0.0,3,3.0
3,5.0,4.0,2.0,8.0,1,8,6,3.0,41.0,0.2857142857142857,3,7.0
2,5.0,4.0,2.0,5.0,1,8,6,2.0,47.0,0.25,3,4.0
3,3.0,4.0,2.0,5.0,1,8,6,2.0,55.0,0.0,3,4.0
1,5.0,3.0,2.0,1.0,1,8,6,0.0,86.0,0.0,3,2.0
2,5.0,4.0,2.0,6.0,1,8,6,2.0,59.0,0.0,3,2.0
1,5.0,2.0,2.0,3.0,1,8,6,0.0,76.0,0.0,3,2.0
3,2.0,3.0,2.0,6.0,1,8,6,2.0,47.0,0.0,3,4.0
3,5.0,4.0,2.0,6.0,1,8,6,2.0,76.0,0.0,3,3.0
2,6.0,3.0,2.0,6.0,1,8,6,1.0,37.0,0.5,3,0.75
2,6.0,4.0,2.0,1.0,1,8,6,1.0,57.0,0.0,3,0.25
1,5.0,4.0,2.0,3.0,1,8,6,1.0,55.0,0.0,3,0.125
3,5.0,3.0,2.0,5.0,1,8,6,1.0,30.0,0.2,3,1.6666666666666667
2,6.0,3.0,2.0,4.0,1,8,6,2.0,38.0,0.0,3,1.3333333333333333
1,6.0,3.0,2.0,4.0,1,8,6,1.0,53.0,0.0,3,0.3333333333333333
2,6.0,5.0,2.0,3.0,1,8,6,2.0,74.0,0.0,3,2.0
1,6.0,3.0,2.0,4.0,1,8,6,2.0,66.0,0.0,3,3.0
2,6.0,3.0,2.0,4.0,1,8,6,2.0,60.0,0.0,3,3.0
2,6.0,4.0,2.0,3.0,1,8,6,2.0,72.0,0.0,3,2.0
3,6.0,4.0,2.0,6.0,1,8,6,3.0,44.0,0.0,3,3.0
2,5.0,3.0,2.0,6.0,1,8,6,2.0,31.0,0.4,3,5.0
1,5.0,2.0,2.0,3.0,1,8,6,1.0,68.0,0.0,3,1.0
2,6.0,1.0,2.0,3.0,1,8,6,0.0,82.0,0.0,3,2.0
2,3.0,2.0,2.0,4.0,1,8,6,2.0,50.0,0.25,3,8.0
2,5.0,2.0,2.0,3.0,1,8,6,1.0,77.0,0.0,3,2.0
3,5.0,1.0,2.0,3.0,1,8,6,3.0,49.0,0.125,3,8.0
2,6.0,4.0,2.0,4.0,4,8,6,2.0,29.0,0.3333333333333333,3,6.0
3,5.0,3.0,2.0,6.0,6,8,6,3.0,64.0,0.0,3,3.0
3,2.0,4.0,2.0,6.0,6,8,6,1.0,53.0,0.0,3,6.0
1,1.0,4.0,2.0,6.0,6,8,6,2.0,39.0,0.5,3,4.0
1,6.0,3.0,2.0,4.0,6,8,6,1.0,59.0,0.0,3,0.6666666666666666
1,5.0,3.0,2.0,1.0,6,8,6,2.0,51.0,0.2,3,1.0
1,5.0,3.0,2.0,8.0,6,8,6,1.0,29.0,0.5,3,0.8
1,6.0,4.0,2.0,6.0,6,8,6,3.0,47.0,0.0,3,0.8
2,5.0,5.0,2.0,8.0,6,8,6,2.0,58.0,0.0,3,4.0
3,5.0,4.0,2.0,6.0,6,8,6,3.0,38.0,0.25,3,4.0
1,5.0,2.0,2.0,6.0,6,8,6,2.0,38.0,0.25,3,2.0
2,5.0,4.0,2.0,3.0,6,8,6,1.0,57.0,0.0,3,3.0
2,4.0,4.0,2.0,5.0,6,8,6,2.0,33.0,0.0,3,4.0
1,6.0,3.0,2.0,4.0,6,8,6,0.0,47.0,0.0,3,1.0
1,6.0,3.0,2.0,7.0,6,8,6,1.0,62.0,0.0,3,3.0
1,4.0,3.0,2.0,10.0,6,8,6,1.0,48.0,0.0,3,0.1428571428571428
1,4.0,2.0,2.0,10.0,6,8,6,1.0,44.0,0.0,3,0.1428571428571428
1,5.0,3.0,2.0,6.0,6,8,6,1.0,70.0,0.0,3,1.0
2,2.0,4.0,2.0,6.0,6,8,6,2.0,45.0,0.6,3,5.0
1,6.0,2.0,2.0,4.0,6,8,6,0.0,72.0,0.0,3,0.3333333333333333
2,5.0,2.0,2.0,5.0,6,8,6,2.0,35.0,0.0,3,3.0
1,5.0,2.0,2.0,6.0,6,8,6,1.0,19.0,0.0,3,1.0
2,5.0,2.0,2.0,5.0,6,8,6,2.0,48.0,0.0,3,4.0
1,6.0,1.0,2.0,3.0,6,8,6,0.0,69.0,0.0,3,0.5
2,5.0,5.0,2.0,6.0,6,8,6,2.0,41.0,0.0,3,4.0
1,5.0,3.0,2.0,4.0,6,8,6,0.0,66.0,0.0,3,1.0
2,6.0,3.0,2.0,1.0,6,8,6,1.0,86.0,0.0,3,2.0
2,5.0,2.0,2.0,1.0,6,8,6,1.0,77.0,0.0,3,2.0
2,6.0,4.0,2.0,4.0,6,8,6,2.0,70.0,0.0,3,2.0
2,6.0,1.0,2.0,4.0,6,8,6,1.0,70.0,0.0,3,2.0
1,6.0,2.0,2.0,6.0,6,8,6,0.0,76.0,0.0,3,1.0
2,6.0,2.0,2.0,3.0,6,8,6,0.0,78.0,0.0,3,2.0
3,6.0,1.0,2.0,4.0,6,8,6,3.0,65.0,0.0,3,4.0
2,6.0,2.0,2.0,3.0,6,8,6,1.0,50.0,0.0,3,5.0
2,4.0,5.0,2.0,10.0,6,8,6,1.0,51.0,0.5,3,4.0
2,4.0,3.0,2.0,8.0,6,8,6,2.0,51.0,0.0,3,3.0
2,6.0,3.0,2.0,6.0,6,8,6,2.0,60.0,0.0,3,2.0
1,4.0,3.0,2.0,3.0,6,8,6,0.0,68.0,0.0,3,1.0
2,5.0,6.0,2.0,10.0,6,8,6,3.0,57.0,0.0,3,6.0
2,4.0,6.0,2.0,5.0,6,8,6,1.0,52.0,0.0,3,3.0
1,5.0,1.0,2.0,6.0,6,8,6,1.0,47.0,0.0,3,1.0
1,6.0,4.0,2.0,5.0,6,8,6,2.0,64.0,0.0,3,2.0
1,4.0,2.0,2.0,3.0,6,8,6,0.0,75.0,0.0,3,1.0
1,5.0,1.0,2.0,3.0,6,8,6,1.0,71.0,0.0,3,1.0
2,6.0,2.0,2.0,3.0,6,8,6,1.0,84.0,0.0,3,2.0
1,5.0,6.0,2.0,5.0,6,8,6,0.0,72.0,0.0,3,1.0
2,6.0,6.0,2.0,5.0,6,8,6,2.0,63.0,0.0,3,2.0
2,5.0,6.0,2.0,5.0,6,8,6,2.0,68.0,0.0,3,2.0
2,6.0,3.0,2.0,3.0,6,8,6,1.0,86.0,0.0,3,2.0
1,6.0,3.0,2.0,3.0,6,8,6,1.0,75.0,0.0,3,1.0
1,6.0,3.0,2.0,1.0,6,8,6,1.0,73.0,0.0,3,1.0
1,6.0,2.0,2.0,1.0,6,8,6,1.0,81.0,0.0,3,3.0
1,5.0,3.0,2.0,3.0,6,8,6,1.0,54.0,0.0,3,5.0
1,6.0,3.0,2.0,3.0,6,8,6,0.0,83.0,0.0,3,2.0
2,5.0,1.0,2.0,3.0,6,8,6,0.0,69.0,0.0,3,2.0
2,5.0,2.0,2.0,6.0,7,8,6,2.0,46.0,0.25,3,4.0
3,5.0,6.0,2.0,8.0,7,8,6,2.0,56.0,0.0,3,4.0
2,5.0,4.0,2.0,10.0,7,8,6,2.0,41.0,0.6,3,5.0
3,5.0,4.0,2.0,4.0,7,8,6,3.0,42.0,0.2,3,5.0
3,5.0,3.0,2.0,3.0,7,8,6,3.0,57.0,0.0,3,3.0
1,5.0,3.0,2.0,6.0,7,8,6,1.0,64.0,0.0,3,1.0
1,6.0,2.0,2.0,6.0,7,8,6,2.0,47.0,0.0,3,7.0
1,5.0,1.0,2.0,3.0,7,8,6,0.0,79.0,0.0,3,0.5
1,5.0,3.0,2.0,6.0,7,8,6,1.0,51.0,0.3333333333333333,3,3.0
1,6.0,2.0,2.0,4.0,7,8,6,0.0,87.0,0.0,3,1.0
3,6.0,5.0,2.0,4.0,7,8,6,2.0,36.0,0.25,3,4.0
2,5.0,5.0,2.0,4.0,7,8,6,2.0,46.0,0.25,3,4.0
2,5.0,4.0,2.0,6.0,7,8,6,2.0,50.0,0.25,3,4.0
1,5.0,3.0,2.0,3.0,7,8,6,1.0,90.0,0.0,3,1.0
3,5.0,3.0,2.0,4.0,7,8,6,3.0,36.0,0.25,3,4.0
2,5.0,3.0,2.0,3.0,7,8,6,2.0,56.0,0.25,3,4.0
1,6.0,2.0,2.0,3.0,7,8,6,1.0,52.0,0.0,3,1.0
2,5.0,3.0,2.0,8.0,7,8,6,2.0,43.0,0.25,3,4.0
1,4.0,2.0,2.0,3.0,7,8,6,1.0,35.0,0.0,3,1.0
2,6.0,4.0,2.0,4.0,7,8,6,2.0,52.0,0.0,3,3.0
1,4.0,2.0,2.0,5.0,7,8,6,1.0,62.0,0.0,3,0.1428571428571428
2,4.0,2.0,2.0,3.0,7,8,6,2.0,49.0,0.2857142857142857,3,7.0
3,5.0,6.0,2.0,7.0,7,8,6,2.0,53.0,0.0,3,3.0
1,5.0,5.0,2.0,5.0,7,8,6,1.0,58.0,0.0,3,1.0
2,3.0,4.0,2.0,10.0,7,8,6,2.0,58.0,0.0,3,2.0
2,3.0,4.0,2.0,7.0,7,8,6,2.0,58.0,0.0,3,3.0
2,5.0,2.0,2.0,5.0,7,8,6,2.0,63.0,0.0,3,4.0
3,3.0,3.0,2.0,8.0,7,8,6,3.0,66.0,0.25,3,4.0
2,5.0,2.0,2.0,5.0,7,8,6,1.0,70.0,0.25,3,4.0
2,6.0,5.0,2.0,1.0,7,8,6,2.0,50.0,0.4,3,5.0
1,5.0,1.0,2.0,7.0,7,8,6,1.0,31.0,0.3333333333333333,3,3.0
1,5.0,3.0,2.0,3.0,7,8,6,2.0,66.0,0.0,3,1.2
2,5.0,4.0,2.0,10.0,7,8,6,2.0,55.0,0.0,3,0.4285714285714285
2,6.0,1.0,2.0,5.0,7,8,6,2.0,63.0,0.0,3,2.0
3,5.0,2.0,2.0,5.0,7,8,6,3.0,44.0,0.3333333333333333,3,6.0
2,5.0,2.0,2.0,3.0,7,8,6,3.0,70.0,0.0,3,0.4285714285714285
2,6.0,2.0,2.0,3.0,7,8,6,1.0,74.0,0.0,3,0.5
3,5.0,3.0,2.0,4.0,7,8,6,3.0,50.0,0.25,3,4.0
2,5.0,3.0,2.0,4.0,7,8,6,2.0,51.0,0.3333333333333333,3,3.0
1,5.0,2.0,2.0,4.0,7,8,6,0.0,83.0,0.0,3,1.0
3,5.0,4.0,2.0,6.0,7,8,6,1.0,48.0,0.0,3,3.0
2,5.0,4.0,2.0,5.0,7,8,6,2.0,47.0,0.0,3,3.0
2,3.0,3.0,2.0,5.0,7,8,6,1.0,71.0,0.0,3,2.0
1,6.0,1.0,2.0,5.0,7,8,6,1.0,42.0,0.0,3,0.2857142857142857
3,6.0,3.0,2.0,4.0,7,8,6,3.0,38.0,0.2,3,5.0
1,6.0,4.0,2.0,1.0,7,8,6,2.0,51.0,0.3333333333333333,3,3.0
2,6.0,4.0,2.0,4.0,7,8,6,2.0,48.0,0.0,3,2.0
2,6.0,4.0,2.0,3.0,7,8,6,2.0,63.0,0.0,3,2.0
2,6.0,1.0,2.0,4.0,7,8,6,2.0,57.0,0.1428571428571428,3,7.0
2,5.0,3.0,2.0,4.0,7,8,6,2.0,41.0,0.5,3,0.5714285714285714
2,6.0,2.0,2.0,3.0,7,8,6,2.0,63.0,0.0,3,1.1428571428571428
1,3.0,3.0,2.0,6.0,3,8,6,1.0,36.0,0.3333333333333333,3,3.0
2,5.0,3.0,2.0,6.0,3,8,6,2.0,54.0,0.0,3,4.0
1,5.0,2.0,2.0,6.0,3,8,6,0.0,37.0,0.5,3,0.6666666666666666
1,5.0,2.0,2.0,6.0,3,8,6,1.0,33.0,0.3333333333333333,3,1.0
2,5.0,3.0,2.0,4.0,3,8,6,2.0,44.0,0.2,3,1.6666666666666667
3,5.0,5.0,2.0,7.0,3,8,6,1.0,59.0,0.0,3,1.0
2,5.0,3.0,2.0,8.0,3,8,6,2.0,26.0,0.0,3,2.0
1,5.0,2.0,2.0,6.0,3,8,6,1.0,38.0,0.4,3,5.0
1,5.0,1.0,2.0,6.0,3,8,6,1.0,71.0,0.0,3,2.0
2,1.0,6.0,2.0,10.0,3,8,6,1.0,77.0,0.0,3,4.0
3,5.0,4.0,2.0,6.0,3,8,6,2.0,62.0,0.0,3,5.0
2,2.0,3.0,2.0,6.0,3,8,6,1.0,62.0,0.0,3,2.0
3,1.0,6.0,2.0,8.0,3,8,6,2.0,74.0,0.0,3,4.0
3,3.0,3.0,2.0,8.0,3,8,6,2.0,52.0,0.0,3,0.5714285714285714
2,3.0,4.0,2.0,10.0,3,8,6,2.0,34.0,0.0,3,2.0
1,5.0,1.0,2.0,3.0,3,8,6,1.0,36.0,0.3333333333333333,3,3.0
2,5.0,3.0,2.0,4.0,3,8,6,0.0,62.0,0.0,3,6.0
3,5.0,5.0,2.0,8.0,3,8,6,3.0,51.0,0.0,3,6.0
3,5.0,4.0,2.0,5.0,3,8,6,2.0,56.0,0.0,3,4.0
2,5.0,3.0,2.0,3.0,3,8,6,2.0,60.0,0.0,3,3.0
3,5.0,2.0,2.0,8.0,3,8,6,3.0,61.0,0.0,3,3.0
1,5.0,1.0,2.0,6.0,3,8,6,1.0,58.0,0.0,3,0.25
2,5.0,3.0,2.0,6.0,3,8,6,2.0,44.0,0.0,3,0.5
2,5.0,2.0,2.0,10.0,3,8,6,2.0,60.0,0.0,3,0.5
3,3.0,6.0,2.0,8.0,3,8,6,1.0,61.0,0.0,3,3.0
1,3.0,4.0,2.0,10.0,3,8,6,1.0,29.0,0.0,3,3.0
2,3.0,4.0,2.0,8.0,3,8,6,2.0,42.0,0.25,3,4.0
1,5.0,4.0,2.0,1.0,3,8,6,0.0,76.0,0.0,3,2.0
1,5.0,4.0,2.0,7.0,3,8,6,0.0,24.0,0.5,3,2.0
3,5.0,5.0,2.0,6.0,3,8,6,3.0,67.0,0.0,3,4.0
1,5.0,2.0,2.0,4.0,3,8,6,0.0,78.0,0.0,3,1.0
2,5.0,3.0,2.0,4.0,3,8,6,1.0,78.0,0.0,3,2.0
3,5.0,4.0,2.0,8.0,3,8,6,3.0,45.0,0.1666666666666666,3,6.0
2,5.0,4.0,2.0,8.0,3,8,6,2.0,55.0,0.0,3,2.0
1,5.0,2.0,2.0,3.0,3,8,6,1.0,74.0,0.0,3,1.0
2,5.0,2.0,2.0,6.0,3,8,6,1.0,44.0,0.0,3,0.2857142857142857
1,5.0,3.0,2.0,4.0,3,8,6,0.0,59.0,0.0,3,0.2857142857142857
1,3.0,4.0,2.0,7.0,3,8,6,1.0,28.0,0.5,3,0.2857142857142857
3,5.0,2.0,2.0,5.0,3,8,6,3.0,41.0,0.0,3,3.0
1,6.0,1.0,2.0,3.0,3,8,6,1.0,69.0,0.0,3,1.0
1,5.0,2.0,2.0,6.0,3,8,6,1.0,39.0,0.25,3,4.0
1,5.0,1.0,2.0,6.0,3,8,6,1.0,41.0,0.3333333333333333,3,3.0
3,5.0,6.0,2.0,3.0,6,8,6,3.0,71.0,0.0,3,3.0
1,6.0,6.0,2.0,3.0,6,8,6,2.0,70.0,0.0,3,2.0
2,6.0,1.0,2.0,3.0,6,8,6,3.0,50.0,0.0,3,4.0
2,5.0,5.0,2.0,4.0,6,8,6,2.0,63.0,0.2,3,5.0
1,5.0,3.0,2.0,3.0,1,8,6,1.0,59.0,0.0,3,1.0
1,3.0,2.0,2.0,3.0,1,8,6,0.0,71.0,0.0,3,1.0
1,5.0,3.0,2.0,4.0,1,8,6,0.0,69.0,0.0,3,1.0
3,2.0,4.0,2.0,10.0,1,8,6,2.0,57.0,0.2,3,5.0
2,5.0,4.0,2.0,6.0,1,8,6,1.0,57.0,0.0,3,3.0
1,6.0,2.0,2.0,1.0,1,8,6,0.0,84.0,0.0,3,0.1428571428571428
1,6.0,4.0,2.0,4.0,1,8,6,1.0,59.0,0.0,3,2.0
2,5.0,4.0,2.0,6.0,1,8,6,1.0,52.0,0.25,3,4.0
2,5.0,2.0,2.0,3.0,1,8,6,1.0,47.0,0.3333333333333333,3,3.0
2,6.0,1.0,2.0,5.0,1,8,6,2.0,28.0,0.3333333333333333,3,3.0
2,5.0,2.0,2.0,5.0,1,8,6,1.0,68.0,0.0,3,2.0
1,6.0,1.0,2.0,6.0,1,8,6,1.0,66.0,0.0,3,1.0
1,5.0,3.0,2.0,3.0,1,8,6,0.0,93.0,0.0,3,1.0
2,6.0,3.0,2.0,5.0,1,8,6,2.0,39.0,0.2,3,5.0
1,5.0,3.0,2.0,3.0,1,8,6,1.0,66.0,0.0,3,2.0
1,5.0,5.0,2.0,8.0,1,8,6,1.0,53.0,0.2,3,5.0
2,5.0,6.0,2.0,6.0,1,8,6,3.0,38.0,0.25,3,4.0
3,6.0,4.0,2.0,8.0,1,8,6,2.0,39.0,0.0,3,5.0
2,5.0,3.0,2.0,4.0,1,8,6,1.0,69.0,0.25,3,4.0
3,5.0,3.0,2.0,3.0,1,8,6,3.0,56.0,0.0,3,5.0
1,5.0,5.0,2.0,8.0,1,8,6,1.0,49.0,0.0,3,2.0
2,5.0,3.0,2.0,8.0,1,8,6,2.0,31.0,0.3333333333333333,3,3.0
2,5.0,4.0,2.0,4.0,1,8,6,2.0,53.0,0.2,3,5.0
1,6.0,3.0,2.0,4.0,1,8,6,1.0,60.0,0.0,3,2.0
2,5.0,5.0,2.0,4.0,1,8,6,2.0,55.0,0.3333333333333333,3,3.0
1,5.0,2.0,2.0,4.0,7,8,6,1.0,54.0,0.0,3,0.2857142857142857
1,5.0,4.0,2.0,6.0,7,8,6,1.0,23.0,0.0,3,0.1428571428571428
3,5.0,5.0,2.0,5.0,7,8,6,2.0,41.0,0.1666666666666666,3,6.0
3,3.0,4.0,2.0,8.0,7,8,6,2.0,47.0,0.2,3,5.0
2,5.0,4.0,2.0,6.0,7,8,6,2.0,54.0,0.4,3,5.0
2,4.0,2.0,2.0,5.0,7,8,6,2.0,66.0,0.0,3,2.0
2,5.0,4.0,2.0,6.0,7,8,6,1.0,66.0,0.0,3,2.0
3,3.0,5.0,2.0,6.0,7,8,6,3.0,58.0,0.0,3,3.0
3,5.0,5.0,2.0,10.0,7,8,6,3.0,64.0,0.0,3,4.0
3,5.0,4.0,2.0,4.0,7,8,6,3.0,70.0,0.0,3,3.0
2,5.0,2.0,2.0,8.0,7,8,6,2.0,32.0,0.3333333333333333,3,0.4285714285714285
1,3.0,1.0,2.0,4.0,7,8,6,1.0,66.0,0.0,3,0.2
3,6.0,1.0,2.0,5.0,7,8,6,3.0,40.0,0.2,3,0.7142857142857143
2,5.0,5.0,2.0,5.0,7,8,6,1.0,40.0,0.2,3,1.0
1,6.0,2.0,2.0,4.0,7,8,6,1.0,65.0,0.0,3,0.1428571428571428
3,4.0,5.0,2.0,6.0,7,8,6,3.0,48.0,0.0,3,3.0
2,5.0,2.0,2.0,8.0,7,8,6,2.0,44.0,0.0,3,0.2857142857142857
2,5.0,4.0,2.0,10.0,7,8,6,2.0,41.0,0.4,3,5.0
2,5.0,3.0,2.0,5.0,7,8,6,0.0,73.0,0.0,3,2.0
1,5.0,3.0,2.0,5.0,7,8,6,1.0,56.0,0.0,3,2.0
2,3.0,5.0,2.0,8.0,7,8,6,3.0,63.0,0.2,3,1.0
1,3.0,4.0,2.0,8.0,7,8,6,1.0,62.0,0.0,3,1.0
2,5.0,5.0,2.0,9.0,7,8,6,2.0,22.0,0.0,3,4.0
1,3.0,2.0,2.0,7.0,7,8,6,1.0,56.0,0.0,3,1.0
2,5.0,2.0,2.0,1.0,7,8,6,3.0,59.0,0.0,3,5.0
2,5.0,2.0,2.0,6.0,7,8,6,1.0,51.0,0.0,3,5.0
3,5.0,6.0,2.0,4.0,7,8,6,3.0,57.0,0.0,3,5.0
1,5.0,4.0,2.0,4.0,7,8,6,1.0,48.0,0.0,3,1.0
2,5.0,3.0,2.0,6.0,7,8,6,2.0,38.0,0.4,3,5.0
1,5.0,2.0,2.0,3.0,7,8,6,1.0,60.0,0.0,3,1.0
1,5.0,4.0,2.0,6.0,7,8,6,1.0,58.0,0.0,3,1.0
3,5.0,3.0,2.0,6.0,7,8,6,2.0,57.0,0.0,3,4.0
2,6.0,5.0,2.0,5.0,7,8,6,1.0,69.0,0.0,3,2.0
2,5.0,4.0,2.0,4.0,7,8,6,2.0,61.0,0.3333333333333333,3,3.0
1,5.0,3.0,2.0,4.0,7,8,6,1.0,63.0,0.0,3,3.0
3,3.0,3.0,2.0,4.0,7,8,6,3.0,62.0,0.3333333333333333,3,6.0
2,5.0,4.0,2.0,3.0,7,8,6,2.0,58.0,0.3333333333333333,3,3.0
2,4.0,1.0,2.0,3.0,7,8,6,1.0,43.0,0.0,3,0.5
2,4.0,1.0,2.0,3.0,7,8,6,1.0,30.0,0.5714285714285714,3,0.875
1,4.0,1.0,2.0,1.0,7,8,6,1.0,28.0,0.0,3,0.25
2,3.0,5.0,2.0,5.0,8,8,6,1.0,77.0,0.0,3,2.0
2,3.0,3.0,2.0,10.0,8,8,6,2.0,74.0,0.0,3,2.0
1,5.0,3.0,2.0,7.0,3,8,6,1.0,44.0,0.0,3,1.0
1,5.0,3.0,2.0,6.0,3,8,6,2.0,32.0,0.3333333333333333,3,3.0
2,5.0,4.0,2.0,5.0,3,8,6,2.0,68.0,0.0,3,2.0
1,5.0,3.0,2.0,3.0,3,8,6,0.0,62.0,0.0,3,0.3333333333333333
1,5.0,3.0,2.0,4.0,3,8,6,1.0,50.0,0.0,3,3.0
2,2.0,6.0,2.0,6.0,3,8,6,2.0,55.0,0.3333333333333333,3,3.0
3,5.0,3.0,2.0,4.0,3,8,6,3.0,50.0,0.0,3,4.0
3,5.0,3.0,2.0,6.0,3,8,6,2.0,45.0,0.0,3,4.0
1,5.0,2.0,2.0,3.0,3,8,6,1.0,45.0,0.25,3,4.0
2,5.0,4.0,2.0,6.0,2,8,6,1.0,41.0,0.0,3,2.0
2,3.0,3.0,2.0,6.0,2,8,6,1.0,46.0,0.3333333333333333,3,6.0
2,4.0,4.0,2.0,4.0,4,8,6,1.0,66.0,0.0,3,5.0
3,6.0,3.0,2.0,4.0,5,8,6,3.0,57.0,0.0,3,3.0
1,5.0,3.0,2.0,6.0,5,8,6,1.0,63.0,0.0,3,1.0
3,5.0,3.0,2.0,6.0,5,8,6,3.0,61.0,0.0,3,0.6666666666666666
2,6.0,2.0,2.0,4.0,5,8,6,2.0,78.0,0.0,3,2.0
3,6.0,5.0,2.0,3.0,7,8,6,3.0,29.0,0.0,3,0.5714285714285714
2,3.0,5.0,2.0,6.0,7,8,6,2.0,59.0,0.6,3,1.0
1,5.0,2.0,2.0,5.0,7,8,6,2.0,37.0,0.0,3,0.4
2,5.0,3.0,2.0,6.0,7,8,6,2.0,44.0,0.0,3,0.2857142857142857
2,5.0,3.0,2.0,2.0,7,8,6,1.0,78.0,0.0,3,0.4
2,3.0,5.0,2.0,8.0,2,8,6,2.0,54.0,0.0,3,2.0
3,5.0,3.0,2.0,3.0,2,8,6,1.0,52.0,0.0,3,5.0
2,5.0,4.0,2.0,6.0,2,8,6,2.0,54.0,0.0,3,3.0
1,5.0,2.0,2.0,5.0,7,8,6,3.0,29.0,0.4,3,5.0
1,6.0,2.0,2.0,6.0,7,8,6,2.0,32.0,0.25,3,4.0
2,6.0,1.0,2.0,3.0,7,8,6,3.0,40.0,0.375,3,8.0
2,6.0,2.0,2.0,4.0,7,8,6,2.0,33.0,0.5,3,0.5
1,6.0,1.0,2.0,5.0,7,8,6,2.0,56.0,0.0,3,3.0
1,6.0,2.0,2.0,6.0,7,8,6,2.0,29.0,0.3333333333333333,3,0.4285714285714285
3,5.0,3.0,2.0,6.0,7,8,6,3.0,40.0,0.3333333333333333,3,6.0
1,5.0,3.0,2.0,5.0,7,8,6,2.0,40.0,0.2,3,5.0
1,6.0,2.0,2.0,8.0,7,8,6,1.0,59.0,0.0,3,2.0
2,6.0,4.0,2.0,3.0,6,8,6,2.0,80.0,0.0,3,2.0
1,4.0,2.0,2.0,4.0,6,8,6,1.0,67.0,0.0,3,1.0
2,5.0,4.0,2.0,8.0,6,8,6,3.0,43.0,0.2,3,5.0
1,6.0,1.0,2.0,4.0,6,8,6,1.0,80.0,0.0,3,0.1666666666666666
2,5.0,4.0,2.0,6.0,2,8,6,1.0,75.0,0.0,3,0.5
1,5.0,2.0,2.0,6.0,2,8,6,1.0,57.0,0.0,3,0.25
1,5.0,5.0,2.0,8.0,2,8,6,0.0,79.0,0.0,3,0.5
2,5.0,3.0,2.0,3.0,6,8,6,2.0,53.0,0.5,3,4.0
1,5.0,1.0,2.0,5.0,6,8,6,0.0,65.0,0.0,3,0.1428571428571428
2,5.0,1.0,2.0,3.0,1,8,6,2.0,57.0,0.0,3,0.4285714285714285
1,6.0,4.0,2.0,1.0,5,8,6,1.0,84.0,0.0,3,2.0
3,6.0,6.0,2.0,3.0,5,8,6,1.0,90.0,0.0,3,3.0
2,5.0,4.0,2.0,3.0,5,8,6,1.0,62.0,0.0,3,2.0
2,6.0,2.0,2.0,4.0,5,8,6,2.0,64.0,0.0,3,2.0
1,5.0,4.0,2.0,4.0,7,8,6,2.0,82.0,0.0,3,0.4
1,5.0,4.0,2.0,8.0,7,8,6,2.0,50.0,0.2,3,0.7142857142857143
1,5.0,2.0,2.0,4.0,2,8,6,1.0,52.0,0.0,3,2.0
2,5.0,3.0,2.0,4.0,2,8,6,2.0,50.0,0.3333333333333333,3,3.0
1,3.0,5.0,2.0,6.0,2,8,6,2.0,76.0,0.0,3,3.0
2,5.0,4.0,2.0,6.0,2,8,6,2.0,64.0,0.0,3,3.0
3,5.0,3.0,2.0,6.0,2,8,6,3.0,44.0,0.4,3,5.0
2,6.0,3.0,2.0,10.0,5,8,6,2.0,36.0,0.0,3,2.0
3,5.0,3.0,2.0,6.0,5,8,6,3.0,62.0,0.0,3,4.0
3,6.0,3.0,2.0,6.0,5,8,6,3.0,65.0,0.2,3,5.0
1,6.0,3.0,2.0,6.0,5,8,6,2.0,67.0,0.0,3,2.0
2,5.0,4.0,2.0,6.0,5,8,6,1.0,76.0,0.0,3,3.0
2,6.0,2.0,2.0,4.0,5,8,6,2.0,76.0,0.0,3,2.0
2,5.0,3.0,2.0,6.0,5,8,6,1.0,34.0,0.4,3,5.0
2,6.0,1.0,2.0,1.0,1,8,6,1.0,78.0,0.0,3,2.0
2,6.0,2.0,2.0,3.0,1,8,6,3.0,41.0,0.4,3,5.0
2,4.0,2.0,2.0,6.0,1,8,6,2.0,34.0,0.3333333333333333,3,0.375
1,5.0,1.0,2.0,8.0,2,8,6,1.0,47.0,0.0,3,0.25
2,5.0,1.0,2.0,8.0,2,8,6,0.0,29.0,0.3333333333333333,3,0.75
2,4.0,6.0,2.0,8.0,5,8,6,2.0,49.0,0.0,3,3.0
1,6.0,6.0,2.0,8.0,5,8,6,1.0,70.0,0.0,3,1.0
1,6.0,1.0,2.0,6.0,5,8,6,1.0,65.0,0.0,3,1.0
2,6.0,3.0,2.0,3.0,6,8,6,3.0,53.0,0.0,3,4.0
2,6.0,2.0,2.0,6.0,6,8,6,2.0,46.0,0.3333333333333333,3,3.0
2,6.0,4.0,2.0,3.0,6,8,6,2.0,53.0,0.0,3,2.0
1,5.0,3.0,2.0,6.0,3,8,6,1.0,23.0,0.5,3,2.0
1,5.0,1.0,2.0,3.0,3,8,6,1.0,59.0,0.0,3,1.0
1,4.0,3.0,2.0,4.0,7,8,6,1.0,70.0,0.0,3,0.125
2,4.0,1.0,2.0,6.0,7,8,6,2.0,61.0,0.0,3,0.375
3,4.0,1.0,2.0,6.0,7,8,6,3.0,52.0,0.0,3,4.0
2,4.0,2.0,2.0,6.0,7,8,6,2.0,40.0,0.3333333333333333,3,3.0
1,4.0,1.0,2.0,3.0,7,8,6,1.0,53.0,0.0,3,0.1428571428571428
2,5.0,4.0,2.0,6.0,2,8,6,2.0,37.0,0.0,3,1.0
2,5.0,2.0,2.0,6.0,2,8,6,1.0,44.0,0.25,3,1.0
2,5.0,2.0,2.0,4.0,3,8,6,2.0,34.0,0.4,3,5.0
3,5.0,4.0,2.0,3.0,3,8,6,3.0,56.0,0.0,3,2.0
2,5.0,2.0,2.0,3.0,3,8,6,1.0,52.0,0.1666666666666666,3,6.0
1,5.0,2.0,2.0,3.0,3,8,6,1.0,61.0,0.2857142857142857,3,7.0
2,5.0,2.0,2.0,1.0,3,8,6,1.0,60.0,0.0,3,2.0
1,5.0,3.0,2.0,1.0,4,8,6,0.0,90.0,0.0,3,1.0
3,5.0,5.0,2.0,4.0,4,8,6,3.0,80.0,0.0,3,3.0
2,5.0,2.0,2.0,7.0,4,8,6,1.0,42.0,0.25,3,4.0
1,5.0,4.0,2.0,4.0,4,8,6,0.0,79.0,0.0,3,1.0
2,5.0,2.0,2.0,3.0,7,8,6,1.0,70.0,0.0,3,2.0
1,6.0,3.0,2.0,3.0,7,8,6,2.0,62.0,0.0,3,2.0
2,5.0,7.0,2.0,8.0,7,8,6,2.0,76.0,0.0,3,2.0
1,6.0,3.0,2.0,5.0,7,8,6,1.0,63.0,0.0,3,2.0
1,5.0,5.0,2.0,6.0,7,8,6,1.0,43.0,0.0,3,1.0
2,5.0,6.0,2.0,8.0,7,8,6,2.0,61.0,0.0,3,3.0
2,5.0,2.0,2.0,4.0,7,8,6,2.0,53.0,0.0,3,3.0
2,5.0,5.0,2.0,3.0,4,8,6,2.0,75.0,0.0,3,5.0
2,5.0,5.0,2.0,9.0,4,8,6,2.0,57.0,0.0,3,2.0
2,5.0,5.0,2.0,3.0,4,8,6,2.0,54.0,0.0,3,6.0
1,6.0,3.0,2.0,4.0,4,8,6,3.0,46.0,0.1666666666666666,3,6.0
1,6.0,2.0,2.0,4.0,7,8,6,2.0,34.0,0.3333333333333333,3,3.0
2,6.0,1.0,2.0,6.0,7,8,6,2.0,45.0,0.0,3,2.0
2,6.0,3.0,2.0,7.0,7,8,6,3.0,46.0,0.2857142857142857,3,7.0
1,6.0,1.0,2.0,1.0,7,8,6,1.0,48.0,0.25,3,4.0
2,6.0,1.0,2.0,7.0,7,8,6,2.0,32.0,0.3333333333333333,3,3.0
1,4.0,1.0,2.0,3.0,7,8,6,0.0,84.0,0.0,3,1.0
2,5.0,5.0,2.0,4.0,7,8,6,3.0,50.0,0.0,3,4.0
2,4.0,3.0,2.0,6.0,7,8,6,2.0,60.0,0.0,3,2.0
2,4.0,3.0,2.0,4.0,7,8,6,0.0,87.0,0.0,3,2.0
2,5.0,4.0,2.0,5.0,7,8,6,2.0,56.0,0.0,3,2.0
2,5.0,5.0,2.0,4.0,7,8,6,2.0,76.0,0.125,3,8.0
1,5.0,5.0,2.0,4.0,7,8,6,0.0,89.0,0.0,3,1.0
1,5.0,3.0,2.0,4.0,7,8,6,2.0,43.0,0.25,3,4.0
2,5.0,4.0,2.0,6.0,7,8,6,2.0,55.0,0.0,3,3.0
3,5.0,5.0,2.0,5.0,7,8,6,2.0,45.0,0.2,3,5.0
1,6.0,1.0,2.0,5.0,7,8,6,1.0,60.0,0.0,3,1.0
1,6.0,1.0,2.0,6.0,7,8,6,3.0,44.0,0.2,3,5.0
2,6.0,1.0,2.0,4.0,7,8,6,3.0,51.0,0.0,3,4.0
1,6.0,2.0,2.0,1.0,7,8,6,1.0,60.0,0.0,3,1.0
1,6.0,2.0,2.0,6.0,7,8,6,1.0,43.0,0.0,3,1.0
1,6.0,1.0,2.0,5.0,7,8,6,1.0,69.0,0.0,3,1.0
2,6.0,3.0,2.0,5.0,7,8,6,2.0,55.0,0.0,3,4.0
1,6.0,3.0,2.0,4.0,7,8,6,1.0,59.0,0.0,3,1.0
1,4.0,7.0,2.0,3.0,7,8,6,0.0,79.0,0.0,3,1.0
1,5.0,3.0,2.0,5.0,7,8,6,1.0,63.0,0.0,3,1.0
2,6.0,4.0,2.0,3.0,7,8,6,2.0,66.0,0.0,3,2.0
1,4.0,1.0,2.0,4.0,7,8,6,2.0,55.0,0.0,3,2.0
3,6.0,3.0,2.0,4.0,7,8,6,3.0,49.0,0.0,3,0.5
3,5.0,1.0,2.0,4.0,7,8,6,2.0,69.0,0.0,3,0.5
1,5.0,2.0,2.0,4.0,7,8,6,2.0,61.0,0.0,3,2.0
3,4.0,1.0,2.0,5.0,7,8,6,3.0,31.0,0.4,3,5.0
2,6.0,1.0,2.0,4.0,7,8,6,1.0,65.0,0.0,3,2.0
1,6.0,2.0,2.0,3.0,7,8,6,1.0,45.0,0.0,3,2.0
1,6.0,2.0,2.0,4.0,7,8,6,1.0,55.0,0.5,3,2.0
3,3.0,3.0,2.0,5.0,2,8,6,1.0,51.0,0.1666666666666666,3,6.0
1,3.0,3.0,2.0,4.0,2,8,6,1.0,62.0,0.0,3,1.0
2,3.0,5.0,2.0,8.0,2,8,6,2.0,59.0,0.3333333333333333,3,3.0
3,3.0,3.0,2.0,4.0,2,8,6,1.0,79.0,0.0,3,3.0
2,5.0,4.0,2.0,8.0,2,8,6,2.0,74.0,0.25,3,4.0
1,3.0,4.0,2.0,4.0,2,8,6,0.0,81.0,0.0,3,2.0
2,2.0,5.0,2.0,6.0,2,8,6,1.0,49.0,0.2,3,5.0
3,5.0,4.0,2.0,6.0,2,8,6,2.0,47.0,0.0,3,3.0
1,5.0,2.0,2.0,4.0,2,8,6,1.0,60.0,0.0,3,1.0
2,5.0,4.0,2.0,10.0,2,8,6,1.0,36.0,0.0,3,2.0
2,5.0,5.0,2.0,9.0,2,8,6,2.0,45.0,0.3333333333333333,3,6.0
3,3.0,5.0,2.0,4.0,2,8,6,2.0,54.0,0.0,3,5.0
3,3.0,5.0,2.0,6.0,2,8,6,2.0,60.0,0.0,3,5.0
1,5.0,3.0,2.0,6.0,2,8,6,0.0,34.0,0.5,3,0.5
1,5.0,5.0,2.0,5.0,2,8,6,0.0,86.0,0.0,3,2.0
2,5.0,5.0,2.0,6.0,2,8,6,2.0,55.0,0.0,3,2.0
1,5.0,4.0,2.0,4.0,2,8,6,1.0,65.0,0.0,3,3.0
1,4.0,3.0,2.0,1.0,2,8,6,0.0,80.0,0.0,3,2.0
2,6.0,3.0,2.0,6.0,2,8,6,2.0,46.0,0.0,3,2.0
2,5.0,2.0,2.0,9.0,2,8,6,1.0,53.0,0.0,3,0.25
2,5.0,3.0,2.0,7.0,5,8,6,2.0,57.0,0.0,3,2.0
3,3.0,7.0,2.0,5.0,5,8,6,1.0,46.0,0.0,3,4.0
3,5.0,3.0,2.0,7.0,5,8,6,2.0,45.0,0.0,3,3.0
1,6.0,2.0,2.0,1.0,5,8,6,1.0,71.0,0.0,3,1.0
3,6.0,2.0,2.0,6.0,5,8,6,3.0,38.0,0.4,3,5.0
2,5.0,5.0,2.0,4.0,5,8,6,2.0,60.0,0.0,3,3.0
3,3.0,5.0,2.0,5.0,5,8,6,2.0,41.0,0.4,3,5.0
1,5.0,1.0,2.0,9.0,5,8,6,1.0,30.0,0.3333333333333333,3,3.0
2,5.0,4.0,2.0,10.0,5,8,6,2.0,59.0,0.0,3,3.0
1,6.0,6.0,2.0,3.0,5,8,6,1.0,76.0,0.0,3,1.0
2,6.0,5.0,2.0,3.0,5,8,6,1.0,69.0,0.0,3,2.0
1,6.0,6.0,2.0,1.0,5,8,6,1.0,72.0,0.0,3,1.0
2,6.0,5.0,2.0,3.0,5,8,6,1.0,64.0,0.0,3,2.0
2,6.0,4.0,2.0,3.0,5,8,6,1.0,77.0,0.0,3,2.0
2,6.0,5.0,2.0,3.0,5,8,6,1.0,81.0,0.0,3,2.0
2,6.0,2.0,2.0,3.0,5,8,6,1.0,90.0,0.0,3,2.0
2,6.0,2.0,2.0,4.0,5,8,6,2.0,72.0,0.0,3,2.0
3,5.0,5.0,2.0,6.0,5,8,6,1.0,38.0,0.2,3,5.0
1,6.0,4.0,2.0,5.0,5,8,6,0.0,64.0,0.0,3,1.0
2,5.0,4.0,2.0,6.0,5,8,6,2.0,49.0,0.0,3,4.0
3,5.0,4.0,2.0,6.0,5,8,6,2.0,54.0,0.0,3,4.0
2,5.0,5.0,2.0,6.0,5,8,6,0.0,44.0,0.0,3,3.0
3,5.0,6.0,2.0,3.0,5,8,6,2.0,76.0,0.0,3,4.0
2,6.0,4.0,2.0,3.0,5,8,6,2.0,59.0,0.0,3,3.0
3,5.0,3.0,2.0,6.0,5,8,6,2.0,36.0,0.25,3,4.0
1,6.0,3.0,2.0,4.0,5,8,6,1.0,78.0,0.0,3,1.0
2,5.0,3.0,2.0,4.0,5,8,6,2.0,45.0,0.2,3,0.8333333333333334
2,6.0,1.0,2.0,5.0,5,8,6,1.0,23.0,0.3333333333333333,3,3.0
2,5.0,1.0,2.0,3.0,5,8,6,1.0,34.0,0.0,3,2.0
1,6.0,2.0,2.0,4.0,5,8,6,1.0,62.0,0.0,3,3.0
1,6.0,6.0,2.0,4.0,5,8,6,1.0,64.0,0.0,3,2.0
1,6.0,3.0,2.0,5.0,5,8,6,1.0,48.0,0.0,3,1.0
2,6.0,3.0,2.0,3.0,5,8,6,1.0,79.0,0.0,3,2.0
1,6.0,3.0,2.0,6.0,5,8,6,1.0,30.0,0.0,3,1.0
2,6.0,2.0,2.0,3.0,5,8,6,1.0,80.0,0.0,3,3.0
2,5.0,2.0,2.0,1.0,6,8,6,0.0,70.0,0.0,3,2.0
2,6.0,2.0,2.0,8.0,6,8,6,1.0,43.0,0.0,3,3.0
3,2.0,5.0,2.0,8.0,6,8,6,2.0,65.0,0.0,3,3.0
2,5.0,7.0,2.0,8.0,6,8,6,1.0,58.0,0.1666666666666666,3,6.0
1,5.0,1.0,2.0,3.0,6,8,6,1.0,45.0,0.0,3,1.0
2,3.0,6.0,2.0,6.0,6,8,6,1.0,75.0,0.0,3,2.0
1,4.0,1.0,2.0,1.0,6,8,6,0.0,82.0,0.0,3,0.5
2,6.0,6.0,2.0,3.0,6,8,6,2.0,45.0,0.0,3,4.0
2,5.0,5.0,2.0,5.0,6,8,6,2.0,48.0,0.0,3,3.0
1,6.0,1.0,2.0,1.0,6,8,6,2.0,74.0,0.0,3,3.0
3,4.0,4.0,2.0,3.0,6,8,6,2.0,49.0,0.0,3,3.0
1,6.0,2.0,2.0,1.0,6,8,6,0.0,80.0,0.25,3,2.0
2,5.0,4.0,2.0,5.0,6,8,6,1.0,70.0,0.0,3,2.0
2,5.0,5.0,2.0,6.0,6,8,6,2.0,65.0,0.0,3,2.0
1,4.0,4.0,2.0,6.0,6,8,6,1.0,57.0,0.0,3,1.0
2,4.0,5.0,2.0,4.0,6,8,6,3.0,73.0,0.0,3,3.0
1,6.0,5.0,2.0,8.0,6,8,6,3.0,48.0,0.3333333333333333,3,6.0
1,6.0,2.0,2.0,3.0,6,8,6,1.0,46.0,0.0,3,1.0
2,6.0,7.0,2.0,4.0,6,8,6,2.0,48.0,0.3333333333333333,3,3.0
1,6.0,2.0,2.0,1.0,6,8,6,0.0,68.0,0.0,3,1.0
1,4.0,4.0,2.0,4.0,6,8,6,1.0,54.0,0.0,3,3.0
2,6.0,5.0,2.0,3.0,6,8,6,3.0,49.0,0.2,3,5.0
1,6.0,3.0,2.0,4.0,6,8,6,1.0,71.0,0.0,3,1.0
1,6.0,4.0,2.0,4.0,6,8,6,0.0,60.0,0.0,3,1.0
1,6.0,3.0,2.0,4.0,6,8,6,2.0,53.0,0.0,3,3.0
1,5.0,4.0,2.0,6.0,6,8,6,2.0,69.0,0.0,3,2.0
2,5.0,5.0,2.0,4.0,6,8,6,2.0,75.0,0.0,3,2.0
2,6.0,1.0,2.0,5.0,6,8,6,3.0,40.0,0.0,3,3.0
2,6.0,7.0,2.0,5.0,6,8,6,2.0,64.0,0.0,3,2.0
3,5.0,5.0,2.0,6.0,6,8,6,3.0,43.0,0.3333333333333333,3,6.0
2,6.0,2.0,2.0,5.0,6,8,6,3.0,60.0,0.25,3,4.0
2,4.0,4.0,2.0,6.0,6,8,6,2.0,61.0,0.0,3,2.0
2,6.0,2.0,2.0,1.0,6,8,6,2.0,76.0,0.0,3,2.0
1,6.0,4.0,2.0,3.0,6,8,6,1.0,80.0,0.0,3,1.0
3,4.0,5.0,2.0,4.0,6,8,6,3.0,59.0,0.0,3,4.0
2,5.0,6.0,2.0,6.0,6,8,6,2.0,70.0,0.0,3,4.0
2,6.0,4.0,2.0,3.0,6,8,6,3.0,60.0,0.0,3,5.0
2,6.0,4.0,2.0,4.0,6,8,6,2.0,55.0,0.0,3,3.0
2,6.0,6.0,2.0,4.0,6,8,6,2.0,59.0,0.0,3,6.0
3,5.0,7.0,2.0,3.0,6,8,6,3.0,56.0,0.0,3,3.0
1,6.0,2.0,2.0,6.0,6,8,6,2.0,33.0,0.5,3,4.0
3,6.0,3.0,2.0,3.0,6,8,6,3.0,62.0,0.0,3,3.0
1,4.0,3.0,2.0,1.0,6,8,6,1.0,63.0,0.0,3,1.0
3,1.0,7.0,2.0,9.0,6,8,6,3.0,72.0,0.25,3,4.0
2,5.0,5.0,2.0,3.0,6,8,6,2.0,58.0,0.0,3,2.0
2,5.0,3.0,2.0,5.0,6,8,6,2.0,57.0,0.0,3,3.0
1,5.0,5.0,2.0,3.0,6,8,6,1.0,71.0,0.0,3,4.0
3,3.0,4.0,2.0,9.0,6,8,6,1.0,52.0,0.0,3,3.0
3,3.0,6.0,2.0,6.0,6,8,6,2.0,66.0,0.1666666666666666,3,6.0
1,5.0,3.0,2.0,7.0,6,8,6,1.0,62.0,0.0,3,2.0
3,3.0,7.0,2.0,10.0,6,8,6,2.0,56.0,0.0,3,5.0
1,5.0,4.0,2.0,9.0,6,8,6,0.0,89.0,0.0,3,1.0
2,5.0,2.0,2.0,1.0,6,8,6,2.0,48.0,0.0,3,5.0
1,5.0,2.0,2.0,1.0,6,8,6,0.0,69.0,0.0,3,1.0
2,5.0,3.0,2.0,5.0,6,8,6,2.0,46.0,0.3333333333333333,3,6.0
2,2.0,4.0,2.0,6.0,6,8,6,2.0,61.0,0.0,3,2.0
1,5.0,3.0,2.0,10.0,6,8,6,1.0,54.0,0.0,3,2.0
3,5.0,3.0,2.0,8.0,6,8,6,2.0,33.0,0.25,3,4.0
1,5.0,3.0,2.0,9.0,6,8,6,1.0,26.0,0.3333333333333333,3,0.75
2,5.0,4.0,2.0,5.0,6,8,6,1.0,62.0,0.25,3,1.0
2,3.0,6.0,2.0,6.0,6,8,6,2.0,40.0,0.25,3,1.0
2,5.0,3.0,2.0,10.0,6,8,6,2.0,52.0,0.25,3,1.0
2,5.0,3.0,2.0,3.0,6,8,6,0.0,73.0,0.0,3,0.4
1,5.0,2.0,2.0,5.0,6,8,6,1.0,60.0,0.0,3,0.5
2,5.0,4.0,2.0,6.0,6,8,6,2.0,38.0,0.25,3,1.0
3,3.0,6.0,2.0,10.0,6,8,6,3.0,72.0,0.0,3,3.0
2,3.0,5.0,2.0,10.0,6,8,6,2.0,64.0,0.0,3,3.0
2,3.0,3.0,2.0,10.0,6,8,6,1.0,68.0,0.0,3,3.0
3,3.0,5.0,2.0,8.0,6,8,6,3.0,54.0,0.0,3,3.0
2,3.0,5.0,2.0,10.0,6,8,6,0.0,73.0,0.0,3,2.0
3,2.0,6.0,2.0,6.0,6,8,6,3.0,53.0,0.0,3,5.0
3,2.0,5.0,2.0,6.0,6,8,6,3.0,65.0,0.4,3,5.0
1,5.0,3.0,2.0,8.0,6,8,6,0.0,81.0,0.0,3,1.0
1,5.0,3.0,2.0,6.0,6,8,6,1.0,47.0,0.0,3,3.0
2,2.0,5.0,2.0,9.0,6,8,6,2.0,64.0,0.0,3,3.0
2,5.0,3.0,2.0,4.0,6,8,6,2.0,70.0,0.0,3,1.0
1,2.0,4.0,2.0,3.0,6,8,6,0.0,62.0,0.0,3,1.0
3,5.0,4.0,2.0,4.0,6,8,6,2.0,60.0,0.2,3,5.0
1,5.0,2.0,2.0,3.0,6,8,6,0.0,70.0,0.0,3,1.0
3,5.0,2.0,2.0,5.0,3,8,6,2.0,60.0,0.0,3,4.0
1,6.0,3.0,2.0,3.0,3,8,6,2.0,78.0,0.0,3,2.0
1,3.0,6.0,2.0,6.0,3,8,6,1.0,60.0,0.0,3,1.0
3,5.0,5.0,2.0,5.0,3,8,6,3.0,42.0,0.0,3,1.25
2,2.0,6.0,2.0,6.0,3,8,6,2.0,40.0,0.25,3,4.0
2,5.0,4.0,2.0,6.0,3,8,6,2.0,35.0,0.5,3,1.0
2,5.0,1.0,2.0,4.0,3,8,6,2.0,24.0,0.3333333333333333,3,0.75
2,5.0,2.0,2.0,3.0,3,8,6,2.0,75.0,0.0,3,2.0
1,6.0,1.0,2.0,5.0,3,8,6,1.0,65.0,0.0,3,2.0
2,6.0,2.0,2.0,4.0,6,8,6,1.0,61.0,0.0,3,3.0
1,3.0,7.0,2.0,4.0,6,8,6,0.0,70.0,0.0,3,2.0
2,5.0,2.0,2.0,6.0,6,8,6,2.0,30.0,0.25,3,4.0
1,5.0,1.0,2.0,8.0,6,8,6,1.0,33.0,0.0,3,0.3333333333333333
1,5.0,5.0,2.0,10.0,3,8,6,1.0,63.0,0.0,3,0.25
2,5.0,4.0,2.0,6.0,3,8,6,1.0,80.0,0.0,3,0.5
2,3.0,1.0,2.0,6.0,3,8,6,2.0,69.0,0.3333333333333333,3,0.4285714285714285
1,6.0,2.0,2.0,8.0,6,8,6,1.0,60.0,0.0,3,3.0
1,6.0,2.0,2.0,5.0,6,8,6,2.0,52.0,0.0,3,4.0
1,6.0,2.0,2.0,3.0,6,8,6,3.0,59.0,0.0,3,4.0
2,5.0,3.0,2.0,5.0,5,8,6,1.0,74.0,0.0,3,3.0
1,5.0,4.0,2.0,6.0,5,8,6,1.0,50.0,0.0,3,3.0
2,6.0,1.0,2.0,7.0,5,8,6,1.0,47.0,0.0,3,1.0
2,5.0,4.0,2.0,6.0,5,8,6,2.0,52.0,0.0,3,5.0
2,3.0,3.0,2.0,3.0,5,8,6,1.0,82.0,0.0,3,3.0
2,3.0,7.0,2.0,10.0,5,8,6,3.0,51.0,0.1666666666666666,3,6.0
3,5.0,3.0,2.0,3.0,5,8,6,3.0,62.0,0.0,3,4.0
2,5.0,4.0,2.0,10.0,5,8,6,1.0,57.0,0.0,3,3.0
2,5.0,4.0,2.0,5.0,5,8,6,2.0,47.0,0.0,3,3.0
2,6.0,3.0,2.0,5.0,5,8,6,3.0,50.0,0.0,3,3.0
2,5.0,5.0,2.0,3.0,5,8,6,1.0,81.0,0.0,3,2.0
3,5.0,4.0,2.0,1.0,5,8,6,1.0,71.0,0.0,3,3.0
2,5.0,4.0,2.0,6.0,5,8,6,1.0,48.0,0.3333333333333333,3,3.0
3,5.0,7.0,2.0,8.0,5,8,6,3.0,65.0,0.0,3,3.0
1,6.0,2.0,2.0,4.0,5,8,6,1.0,69.0,0.0,3,0.5
1,5.0,1.0,2.0,3.0,5,8,6,0.0,75.0,0.0,3,1.0
2,6.0,3.0,2.0,4.0,5,8,6,2.0,63.0,0.0,3,1.0
1,5.0,3.0,2.0,6.0,5,8,6,2.0,55.0,0.0,3,2.0
2,6.0,3.0,2.0,3.0,5,8,6,2.0,36.0,0.0,3,2.0
2,5.0,5.0,2.0,3.0,5,8,6,2.0,49.0,0.0,3,3.0
2,6.0,4.0,2.0,1.0,5,8,6,1.0,77.0,0.0,3,2.0
2,6.0,4.0,2.0,4.0,5,8,6,2.0,66.0,0.0,3,2.0
2,6.0,3.0,2.0,3.0,5,8,6,1.0,84.0,0.0,3,2.0
2,5.0,5.0,2.0,4.0,5,8,6,2.0,84.0,0.1666666666666666,3,6.0
2,6.0,5.0,2.0,4.0,5,8,6,2.0,39.0,0.25,3,4.0
2,6.0,3.0,2.0,5.0,5,8,6,2.0,39.0,0.2,3,5.0
2,6.0,3.0,2.0,6.0,5,8,6,2.0,33.0,0.5,3,0.5714285714285714
1,6.0,2.0,2.0,4.0,5,8,6,2.0,54.0,0.0,3,2.0
1,6.0,2.0,2.0,7.0,5,8,6,2.0,28.0,0.3333333333333333,3,3.0
1,6.0,7.0,2.0,3.0,5,8,6,1.0,59.0,0.0,3,1.0
1,6.0,4.0,2.0,5.0,5,8,6,2.0,45.0,0.3333333333333333,3,3.0
1,4.0,2.0,2.0,3.0,5,8,6,2.0,76.0,0.0,3,2.0
1,5.0,4.0,2.0,3.0,5,8,6,2.0,76.0,0.0,3,2.0
2,6.0,3.0,2.0,6.0,5,8,6,2.0,40.0,0.0,3,3.0
2,5.0,4.0,2.0,3.0,5,8,6,1.0,34.0,0.5,3,4.0
2,5.0,3.0,2.0,5.0,5,8,6,2.0,32.0,0.5,3,4.0
3,6.0,2.0,2.0,6.0,5,8,6,2.0,44.0,0.25,3,4.0
3,6.0,1.0,2.0,4.0,5,8,6,3.0,48.0,0.25,3,4.0
1,6.0,2.0,2.0,6.0,5,8,6,1.0,51.0,0.0,3,1.0
1,6.0,2.0,2.0,3.0,5,8,6,2.0,61.0,0.0,3,2.0
2,6.0,4.0,2.0,3.0,5,8,6,2.0,67.0,0.0,3,2.0
2,6.0,4.0,2.0,3.0,5,8,6,2.0,82.0,0.0,3,2.0
2,6.0,1.0,2.0,8.0,5,8,6,2.0,71.0,0.0,3,2.0
1,6.0,1.0,2.0,3.0,5,8,6,1.0,51.0,0.0,3,1.0
2,6.0,2.0,2.0,6.0,5,8,6,2.0,51.0,0.0,3,0.4285714285714285
3,6.0,3.0,2.0,4.0,5,8,6,3.0,40.0,0.2,3,5.0
3,6.0,4.0,2.0,4.0,5,8,6,3.0,31.0,0.0,3,3.0
1,5.0,2.0,2.0,4.0,5,8,6,1.0,68.0,0.0,3,1.0
2,6.0,2.0,2.0,6.0,5,8,6,2.0,44.0,0.5,3,4.0
1,6.0,3.0,2.0,6.0,5,8,6,1.0,63.0,0.0,3,1.0
1,5.0,2.0,2.0,6.0,5,8,6,1.0,60.0,0.0,3,1.0
1,5.0,3.0,2.0,6.0,5,8,6,1.0,56.0,0.0,3,2.0
1,5.0,2.0,2.0,6.0,5,8,6,0.0,83.0,0.0,3,2.0
1,4.0,1.0,2.0,3.0,5,8,6,1.0,76.0,0.0,3,1.0
2,6.0,3.0,2.0,10.0,4,8,6,1.0,45.0,0.0,3,2.0
2,3.0,6.0,2.0,8.0,4,8,6,2.0,57.0,0.0,3,3.0
2,3.0,5.0,2.0,10.0,4,8,6,1.0,59.0,0.0,3,3.0
2,2.0,4.0,2.0,10.0,4,8,6,2.0,42.0,0.25,3,4.0
1,5.0,3.0,2.0,3.0,4,8,6,0.0,78.0,0.0,3,1.0
2,5.0,2.0,2.0,6.0,4,8,6,1.0,68.0,0.3333333333333333,3,3.0
3,5.0,2.0,2.0,10.0,4,8,6,2.0,50.0,0.0,3,3.0
2,5.0,1.0,2.0,4.0,4,8,6,2.0,35.0,0.0,3,2.0
2,5.0,5.0,2.0,7.0,4,8,6,1.0,65.0,0.0,3,2.0
2,5.0,3.0,2.0,4.0,4,8,6,1.0,60.0,0.0,3,3.0
1,6.0,1.0,2.0,3.0,4,8,6,1.0,85.0,0.0,3,1.0
2,6.0,4.0,2.0,1.0,4,8,6,2.0,83.0,0.0,3,2.0
2,6.0,2.0,2.0,3.0,4,8,6,2.0,54.0,0.0,3,2.0
2,6.0,3.0,2.0,3.0,4,8,6,0.0,52.0,0.0,3,3.0
2,6.0,2.0,2.0,1.0,4,8,6,1.0,54.0,0.0,3,2.0
1,6.0,1.0,2.0,3.0,4,8,6,1.0,35.0,0.0,3,1.0
1,6.0,4.0,2.0,3.0,4,8,6,1.0,55.0,0.0,3,1.0
3,6.0,6.0,2.0,4.0,4,8,6,1.0,44.0,0.25,3,4.0
2,4.0,4.0,2.0,3.0,4,8,6,2.0,69.0,0.3333333333333333,3,3.0
1,4.0,2.0,2.0,1.0,4,8,6,1.0,83.0,0.0,3,1.0
3,6.0,6.0,2.0,5.0,4,8,6,2.0,37.0,0.25,3,4.0
2,5.0,3.0,2.0,4.0,4,8,6,2.0,69.0,0.0,3,2.0
1,6.0,3.0,2.0,4.0,4,8,6,2.0,60.0,0.0,3,2.0
1,6.0,2.0,2.0,4.0,4,8,6,1.0,58.0,0.0,3,3.0
3,5.0,6.0,2.0,5.0,4,8,6,3.0,64.0,0.0,3,6.0
2,6.0,3.0,2.0,1.0,4,8,6,2.0,54.0,0.0,3,5.0
2,5.0,4.0,2.0,6.0,4,8,6,2.0,55.0,0.0,3,6.0
1,6.0,1.0,2.0,1.0,4,8,6,1.0,82.0,0.0,3,2.0
1,2.0,3.0,2.0,4.0,4,8,6,1.0,44.0,0.0,3,3.0
1,6.0,1.0,2.0,3.0,4,8,6,1.0,46.0,0.0,3,1.0
1,6.0,1.0,2.0,1.0,4,8,6,1.0,74.0,0.0,3,1.0
2,6.0,2.0,2.0,4.0,4,8,6,2.0,60.0,0.0,3,2.0
3,6.0,2.0,2.0,4.0,4,8,6,3.0,47.0,0.2,3,5.0
1,5.0,2.0,2.0,1.0,4,8,6,1.0,82.0,0.0,3,1.0
1,6.0,2.0,2.0,3.0,4,8,6,1.0,69.0,0.0,3,0.125
2,6.0,2.0,2.0,4.0,4,8,6,2.0,60.0,0.0,3,0.8333333333333334
1,6.0,2.0,2.0,4.0,4,8,6,3.0,70.0,0.0,3,0.5
1,6.0,2.0,2.0,6.0,4,8,6,1.0,54.0,0.0,3,0.1666666666666666
1,6.0,3.0,2.0,3.0,4,8,6,1.0,57.0,0.1666666666666666,3,1.0
2,6.0,3.0,2.0,4.0,4,8,6,2.0,45.0,0.3333333333333333,3,3.0
2,6.0,1.0,2.0,5.0,4,8,6,3.0,38.0,0.2,3,0.8333333333333334
2,4.0,2.0,2.0,3.0,7,8,6,2.0,43.0,0.3333333333333333,3,3.0
1,6.0,1.0,2.0,4.0,7,8,6,0.0,75.0,0.0,3,0.125
2,6.0,2.0,2.0,6.0,7,8,6,2.0,43.0,0.2,3,5.0
3,6.0,3.0,2.0,6.0,7,8,6,1.0,45.0,0.5,3,6.0
2,6.0,2.0,2.0,4.0,7,8,6,2.0,69.0,0.0,3,0.3333333333333333
1,5.0,3.0,2.0,4.0,7,8,6,1.0,41.0,0.0,3,1.0
2,5.0,2.0,2.0,3.0,7,8,6,1.0,63.0,0.0,3,3.0
3,5.0,2.0,2.0,6.0,7,8,6,3.0,56.0,0.25,3,4.0
3,5.0,3.0,2.0,3.0,7,8,6,3.0,48.0,0.0,3,4.0
2,6.0,4.0,2.0,1.0,7,8,6,1.0,82.0,0.0,3,3.0
1,6.0,1.0,2.0,1.0,7,8,6,1.0,76.0,0.0,3,2.0
2,6.0,1.0,2.0,3.0,7,8,6,2.0,29.0,0.5,3,4.0
2,6.0,2.0,2.0,4.0,7,8,6,3.0,55.0,0.0,3,5.0
2,3.0,5.0,2.0,10.0,8,8,6,2.0,61.0,0.0,3,4.0
2,3.0,4.0,2.0,4.0,8,8,6,1.0,69.0,0.0,3,2.0
2,3.0,4.0,2.0,5.0,8,8,6,0.0,70.0,0.0,3,2.0
3,3.0,5.0,2.0,4.0,8,8,6,2.0,69.0,0.0,3,3.0
2,5.0,2.0,2.0,6.0,8,8,6,1.0,53.0,0.0,3,1.0
3,5.0,6.0,2.0,6.0,8,8,6,2.0,44.0,0.0,3,4.0
1,5.0,2.0,2.0,5.0,8,8,6,0.0,73.0,0.0,3,1.0
2,5.0,3.0,2.0,6.0,8,8,6,0.0,70.0,0.0,3,2.0
2,5.0,5.0,2.0,4.0,8,8,6,2.0,57.0,0.0,3,4.0
1,5.0,4.0,2.0,3.0,8,8,6,0.0,42.0,0.25,3,4.0
1,2.0,3.0,2.0,10.0,8,8,6,0.0,45.0,0.0,3,3.0
3,3.0,4.0,2.0,6.0,8,8,6,3.0,56.0,0.0,3,5.0
1,3.0,4.0,2.0,5.0,8,8,6,0.0,91.0,0.0,3,1.0
1,5.0,3.0,2.0,6.0,8,8,6,0.0,75.0,0.0,3,1.0
1,5.0,3.0,2.0,6.0,8,8,6,0.0,42.0,0.25,3,4.0
2,3.0,7.0,2.0,8.0,8,8,6,1.0,73.0,0.0,3,4.0
3,5.0,3.0,2.0,7.0,8,8,6,3.0,40.0,0.2,3,5.0
2,3.0,5.0,2.0,8.0,8,8,6,2.0,38.0,0.0,3,3.0
3,5.0,4.0,2.0,7.0,8,8,6,3.0,58.0,0.0,3,3.0
1,2.0,3.0,2.0,6.0,8,8,6,0.0,32.0,0.0,3,2.0
1,2.0,3.0,2.0,5.0,8,8,6,0.0,68.0,0.0,3,1.0
2,2.0,3.0,2.0,7.0,8,8,6,1.0,48.0,0.0,3,2.0
1,5.0,3.0,2.0,8.0,8,8,6,1.0,49.0,0.25,3,4.0
3,5.0,5.0,2.0,3.0,8,8,6,2.0,57.0,0.0,3,4.0
3,5.0,3.0,2.0,6.0,8,8,6,1.0,46.0,0.0,3,4.0
1,6.0,3.0,2.0,4.0,8,8,6,1.0,40.0,0.0,3,1.0
2,5.0,3.0,2.0,6.0,8,8,6,2.0,52.0,0.3333333333333333,3,3.0
1,3.0,4.0,2.0,8.0,8,8,6,2.0,64.0,0.2,3,5.0
2,1.0,5.0,2.0,10.0,8,8,6,2.0,57.0,0.0,3,2.0
1,3.0,4.0,2.0,10.0,8,8,6,1.0,50.0,0.0,3,4.0
1,2.0,4.0,2.0,6.0,8,8,6,1.0,46.0,0.5,3,4.0
1,5.0,2.0,2.0,5.0,8,8,6,1.0,75.0,0.0,3,0.1428571428571428
2,3.0,3.0,2.0,6.0,8,8,6,1.0,77.0,0.0,3,2.0
2,3.0,4.0,2.0,10.0,8,8,6,2.0,48.0,0.5,3,4.0
2,3.0,2.0,2.0,6.0,8,8,6,0.0,75.0,0.0,3,2.0
2,3.0,2.0,2.0,6.0,8,8,6,2.0,77.0,0.0,3,2.0
3,5.0,5.0,2.0,8.0,8,8,6,3.0,68.0,0.0,3,4.0
3,5.0,6.0,2.0,6.0,8,8,6,0.0,62.0,0.0,3,6.0
2,5.0,3.0,2.0,6.0,8,8,6,1.0,61.0,0.0,3,8.0
2,3.0,4.0,2.0,5.0,8,8,6,2.0,24.0,0.0,3,2.0
1,5.0,3.0,2.0,4.0,8,8,6,1.0,61.0,0.0,3,2.0
2,2.0,3.0,2.0,5.0,8,8,6,2.0,66.0,0.0,3,3.0
1,2.0,7.0,2.0,6.0,8,8,6,1.0,54.0,0.0,3,5.0
1,3.0,3.0,2.0,8.0,8,8,6,0.0,84.0,0.0,3,4.0
2,3.0,4.0,2.0,10.0,6,8,6,2.0,63.0,0.0,3,2.0
2,3.0,5.0,2.0,9.0,6,8,6,0.0,91.0,0.0,3,2.0
2,3.0,4.0,2.0,10.0,6,8,6,2.0,68.0,0.0,3,2.0
1,5.0,5.0,2.0,8.0,6,8,6,1.0,51.0,0.0,3,4.0
1,5.0,1.0,2.0,5.0,6,8,6,1.0,59.0,0.0,3,0.5
3,5.0,3.0,2.0,6.0,6,8,6,2.0,65.0,0.0,3,3.0
1,4.0,5.0,2.0,6.0,6,8,6,1.0,77.0,0.0,3,1.0
1,1.0,4.0,2.0,6.0,6,8,6,1.0,77.0,0.0,3,2.0
3,4.0,4.0,2.0,6.0,6,8,6,3.0,65.0,0.3333333333333333,3,6.0
2,6.0,1.0,2.0,7.0,6,8,6,3.0,52.0,0.0,3,1.5
3,4.0,2.0,2.0,6.0,6,8,6,2.0,38.0,0.25,3,8.0
3,4.0,5.0,2.0,6.0,6,8,6,3.0,56.0,0.0,3,2.0
1,4.0,5.0,2.0,5.0,6,8,6,2.0,73.0,0.0,3,3.0
1,6.0,2.0,2.0,6.0,6,8,6,1.0,62.0,0.0,3,1.0
3,3.0,6.0,2.0,6.0,6,8,6,3.0,57.0,0.0,3,3.0
1,4.0,5.0,2.0,5.0,6,8,6,1.0,62.0,0.0,3,1.0
3,1.0,5.0,2.0,10.0,6,8,6,3.0,66.0,0.25,3,4.0
1,5.0,3.0,2.0,10.0,6,8,6,1.0,27.0,0.0,3,2.0
2,4.0,2.0,2.0,6.0,6,8,6,2.0,66.0,0.0,3,2.0
1,4.0,2.0,2.0,6.0,6,8,6,1.0,76.0,0.0,3,2.0
1,4.0,2.0,2.0,4.0,6,8,6,1.0,76.0,0.0,3,1.0
1,5.0,2.0,2.0,6.0,6,8,6,1.0,33.0,0.4,3,5.0
1,5.0,5.0,2.0,3.0,6,8,6,2.0,48.0,0.3333333333333333,3,3.0
2,5.0,3.0,2.0,6.0,6,8,6,2.0,36.0,0.25,3,4.0
2,5.0,4.0,2.0,3.0,6,8,6,0.0,83.0,0.0,3,2.0
1,3.0,5.0,2.0,6.0,7,8,6,1.0,53.0,0.0,3,6.0
1,2.0,3.0,2.0,5.0,7,8,6,1.0,40.0,0.2,3,5.0
2,3.0,2.0,2.0,4.0,7,8,6,3.0,63.0,0.2,3,5.0
1,5.0,3.0,2.0,5.0,7,8,6,1.0,39.0,0.0,3,3.0
3,4.0,3.0,2.0,5.0,6,8,6,3.0,62.0,0.1666666666666666,3,6.0
2,4.0,5.0,2.0,4.0,6,8,6,2.0,66.0,0.0,3,2.0
2,4.0,5.0,2.0,3.0,6,8,6,2.0,64.0,0.0,3,2.0
3,4.0,5.0,2.0,6.0,6,8,6,3.0,60.0,0.0,3,3.0
2,6.0,2.0,2.0,1.0,6,8,6,2.0,68.0,0.0,3,2.0
2,4.0,4.0,2.0,4.0,6,8,6,2.0,62.0,0.0,3,2.0
2,4.0,5.0,2.0,5.0,6,8,6,2.0,40.0,0.6,3,5.0
2,4.0,3.0,2.0,3.0,6,8,6,2.0,44.0,0.2,3,5.0
1,4.0,5.0,2.0,3.0,6,8,6,1.0,73.0,0.0,3,1.0
2,6.0,6.0,2.0,4.0,6,8,6,1.0,70.0,0.0,3,2.0
2,4.0,5.0,2.0,4.0,6,8,6,2.0,57.0,0.0,3,4.0
2,4.0,4.0,2.0,4.0,6,8,6,2.0,56.0,0.0,3,2.0
2,4.0,3.0,2.0,1.0,6,8,6,2.0,43.0,0.3333333333333333,3,3.0
1,6.0,2.0,2.0,3.0,6,8,6,1.0,42.0,0.0,3,1.0
2,4.0,4.0,2.0,4.0,6,8,6,2.0,50.0,0.0,3,3.0
1,6.0,1.0,2.0,3.0,6,8,6,1.0,72.0,0.0,3,1.0
1,4.0,2.0,2.0,3.0,6,8,6,1.0,70.0,0.0,3,1.0
1,4.0,5.0,2.0,5.0,6,8,6,3.0,37.0,0.2,3,5.0
1,4.0,5.0,2.0,5.0,6,8,6,2.0,59.0,0.0,3,2.0
1,4.0,3.0,2.0,3.0,6,8,6,1.0,68.0,0.0,3,1.0
1,6.0,1.0,2.0,3.0,6,8,6,1.0,76.0,0.0,3,0.1428571428571428
1,4.0,2.0,2.0,3.0,6,8,6,0.0,88.0,0.0,3,1.0
1,4.0,5.0,2.0,8.0,6,8,6,2.0,48.0,0.0,3,2.0
2,6.0,3.0,2.0,3.0,7,8,6,2.0,70.0,0.0,3,2.0
1,4.0,3.0,2.0,1.0,7,8,6,0.0,90.0,0.0,3,1.0
2,6.0,3.0,2.0,5.0,7,8,6,2.0,45.0,0.0,3,4.0
1,6.0,1.0,2.0,4.0,7,8,6,1.0,35.0,0.0,3,1.0
3,3.0,1.0,2.0,3.0,7,8,6,3.0,49.0,0.0,3,3.0
3,4.0,3.0,2.0,5.0,7,8,6,3.0,41.0,0.4,3,5.0
2,4.0,2.0,2.0,4.0,7,8,6,3.0,43.0,0.25,3,4.0
2,6.0,5.0,2.0,1.0,7,8,6,2.0,60.0,0.0,3,4.0
2,6.0,3.0,2.0,5.0,7,8,6,1.0,47.0,0.0,3,5.0
1,4.0,4.0,2.0,8.0,7,8,6,2.0,61.0,0.0,3,3.0
1,6.0,4.0,2.0,3.0,7,8,6,1.0,69.0,0.0,3,4.0
3,6.0,3.0,2.0,5.0,7,8,6,2.0,48.0,0.0,3,8.0
1,6.0,4.0,2.0,3.0,7,8,6,1.0,64.0,0.0,3,2.0
1,3.0,4.0,2.0,10.0,5,8,6,1.0,46.0,0.0,3,1.0
2,5.0,5.0,2.0,6.0,5,8,6,3.0,51.0,0.0,3,5.0
3,4.0,5.0,2.0,3.0,5,8,6,1.0,86.0,0.0,3,4.0
3,4.0,4.0,2.0,10.0,5,8,6,3.0,65.0,0.4,3,5.0
3,2.0,4.0,2.0,10.0,5,8,6,2.0,86.0,0.0,3,4.0
3,4.0,4.0,2.0,3.0,5,8,6,3.0,54.0,0.0,3,6.0
2,5.0,3.0,2.0,8.0,5,8,6,2.0,38.0,0.5,3,4.0
1,4.0,2.0,2.0,3.0,5,8,6,1.0,62.0,0.0,3,1.0
2,5.0,3.0,2.0,5.0,5,8,6,2.0,59.0,0.0,3,1.0
1,6.0,2.0,2.0,3.0,5,8,6,0.0,88.0,0.0,3,1.0
1,4.0,6.0,2.0,3.0,5,8,6,1.0,53.0,0.1428571428571428,3,7.0
1,4.0,4.0,2.0,4.0,5,8,6,1.0,57.0,0.0,3,4.0
1,4.0,7.0,2.0,3.0,5,8,6,1.0,69.0,0.0,3,3.0
2,6.0,4.0,2.0,4.0,5,8,6,3.0,60.0,0.0,3,3.0
1,4.0,6.0,2.0,4.0,5,8,6,2.0,63.0,0.25,3,4.0
2,4.0,4.0,2.0,3.0,5,8,6,2.0,67.0,0.0,3,2.0
2,4.0,2.0,2.0,4.0,5,8,6,1.0,52.0,0.0,3,2.0
1,6.0,4.0,2.0,1.0,5,8,6,0.0,88.0,0.0,3,1.0
1,6.0,4.0,2.0,1.0,5,8,6,1.0,75.0,0.0,3,1.0
3,4.0,4.0,2.0,4.0,5,8,6,2.0,65.0,0.0,3,4.0
2,3.0,6.0,2.0,6.0,5,8,6,2.0,44.0,0.25,3,4.0
2,4.0,5.0,2.0,4.0,5,8,6,2.0,60.0,0.0,3,3.0
1,4.0,4.0,2.0,5.0,5,8,6,1.0,55.0,0.0,3,1.0
1,6.0,2.0,2.0,5.0,5,8,6,1.0,61.0,0.0,3,2.0
1,4.0,2.0,2.0,8.0,5,8,6,1.0,80.0,0.0,3,1.0
2,6.0,4.0,2.0,1.0,5,8,6,1.0,72.0,0.0,3,2.0
1,4.0,4.0,2.0,3.0,5,8,6,3.0,49.0,0.0,3,3.0
1,4.0,4.0,2.0,4.0,5,8,6,1.0,58.0,0.0,3,2.0
2,6.0,6.0,2.0,3.0,5,8,6,3.0,63.0,0.0,3,3.0
2,6.0,4.0,2.0,4.0,5,8,6,2.0,53.0,0.0,3,3.0
3,6.0,4.0,2.0,3.0,5,8,6,3.0,57.0,0.0,3,6.0
1,6.0,1.0,2.0,6.0,5,8,6,1.0,27.0,0.0,3,1.0
2,6.0,1.0,2.0,6.0,5,8,6,2.0,27.0,0.5,3,4.0
1,4.0,2.0,2.0,6.0,5,8,6,3.0,40.0,0.5,3,6.0
2,6.0,4.0,2.0,5.0,5,8,6,3.0,63.0,0.0,3,3.0
3,6.0,6.0,2.0,5.0,5,8,6,3.0,33.0,0.0,3,6.0
1,5.0,3.0,2.0,6.0,5,8,6,1.0,37.0,0.25,3,4.0
1,4.0,3.0,2.0,3.0,5,8,6,0.0,72.0,0.0,3,1.0
1,6.0,3.0,2.0,4.0,5,8,6,1.0,60.0,0.0,3,2.0
1,6.0,3.0,2.0,4.0,5,8,6,1.0,65.0,0.0,3,1.0
2,6.0,3.0,2.0,1.0,5,8,6,2.0,55.0,0.0,3,2.0
1,4.0,6.0,2.0,3.0,5,8,6,2.0,57.0,0.0,3,2.0
1,6.0,2.0,2.0,3.0,5,8,6,1.0,62.0,0.0,3,0.125
1,5.0,4.0,2.0,1.0,7,8,6,1.0,53.0,0.0,3,2.0
1,5.0,2.0,2.0,4.0,7,8,6,1.0,71.0,0.0,3,1.0
2,2.0,4.0,2.0,8.0,7,8,6,2.0,44.0,0.0,3,4.0
1,5.0,4.0,2.0,6.0,7,8,6,0.0,66.0,0.0,3,1.0
2,2.0,3.0,2.0,9.0,7,8,6,1.0,65.0,0.0,3,2.0
2,5.0,7.0,2.0,5.0,7,8,6,2.0,53.0,0.0,3,2.0
2,5.0,4.0,2.0,9.0,7,8,6,2.0,72.0,0.0,3,4.0
3,5.0,2.0,2.0,7.0,7,8,6,2.0,56.0,0.0,3,2.0
2,4.0,5.0,2.0,10.0,5,8,6,1.0,65.0,0.0,3,2.0
1,6.0,5.0,2.0,3.0,5,8,6,0.0,90.0,0.0,3,0.5
2,5.0,2.0,2.0,3.0,7,8,6,2.0,60.0,0.0,3,2.0
2,4.0,4.0,2.0,3.0,7,8,6,2.0,49.0,0.25,3,4.0
1,5.0,5.0,2.0,3.0,7,8,6,1.0,59.0,0.2,3,5.0
3,2.0,6.0,2.0,7.0,7,8,6,1.0,53.0,0.0,3,4.0
2,5.0,2.0,2.0,6.0,7,8,6,2.0,40.0,0.1666666666666666,3,6.0
3,3.0,4.0,2.0,7.0,7,8,6,2.0,68.0,0.0,3,3.0
2,5.0,5.0,2.0,6.0,7,8,6,1.0,60.0,0.0,3,4.0
3,5.0,1.0,2.0,6.0,7,8,6,2.0,55.0,0.2,3,5.0
3,5.0,4.0,2.0,4.0,7,8,6,3.0,51.0,0.1666666666666666,3,6.0
1,5.0,4.0,2.0,8.0,5,8,6,1.0,73.0,0.0,3,1.0
1,6.0,1.0,2.0,1.0,5,8,6,0.0,78.0,0.0,3,0.1666666666666666
1,6.0,1.0,2.0,3.0,5,8,6,1.0,75.0,0.0,3,0.1666666666666666
2,6.0,5.0,2.0,4.0,5,8,6,2.0,82.0,0.0,3,2.0
1,6.0,3.0,2.0,7.0,5,8,6,1.0,45.0,0.0,3,2.0
1,5.0,5.0,2.0,4.0,5,8,6,2.0,69.0,0.0,3,3.0
2,6.0,4.0,2.0,3.0,5,8,6,2.0,73.0,0.0,3,2.0
2,6.0,5.0,2.0,3.0,5,8,6,2.0,48.0,0.3333333333333333,3,3.0
2,6.0,4.0,2.0,3.0,5,8,6,2.0,53.0,0.0,3,2.0
3,5.0,5.0,2.0,4.0,5,8,6,2.0,67.0,0.0,3,4.0
2,6.0,1.0,2.0,4.0,5,8,6,2.0,64.0,0.0,3,2.0
1,6.0,1.0,2.0,7.0,5,8,6,1.0,35.0,0.0,3,0.4285714285714285
1,5.0,4.0,2.0,3.0,5,8,6,2.0,59.0,0.0,3,2.0
1,6.0,1.0,2.0,4.0,5,8,6,1.0,45.0,0.5,3,2.0
2,6.0,2.0,2.0,3.0,5,8,6,2.0,67.0,0.0,3,0.25
2,6.0,5.0,2.0,3.0,5,8,6,2.0,35.0,0.25,3,4.0
2,6.0,4.0,2.0,4.0,5,8,6,3.0,57.0,0.0,3,0.375
1,6.0,2.0,2.0,1.0,5,8,6,1.0,85.0,0.0,3,0.125
1,6.0,4.0,2.0,4.0,5,8,6,2.0,42.0,0.3333333333333333,3,0.5
2,6.0,2.0,2.0,6.0,5,8,6,2.0,27.0,0.3333333333333333,3,3.0
1,6.0,5.0,2.0,3.0,5,8,6,1.0,45.0,0.0,3,6.0
1,6.0,4.0,2.0,1.0,5,8,6,1.0,71.0,0.0,3,1.0
2,6.0,4.0,2.0,5.0,7,8,6,3.0,53.0,0.0,3,3.0
2,6.0,2.0,2.0,3.0,7,8,6,2.0,64.0,0.0,3,0.3333333333333333
1,4.0,3.0,2.0,6.0,7,8,6,1.0,36.0,0.5,3,0.3333333333333333
2,6.0,1.0,2.0,5.0,7,8,6,1.0,33.0,0.6,3,5.0
1,5.0,2.0,2.0,8.0,7,8,6,3.0,41.0,0.2,3,5.0
2,5.0,7.0,2.0,3.0,7,8,6,2.0,55.0,0.1428571428571428,3,7.0
2,5.0,1.0,2.0,1.0,7,8,6,2.0,82.0,0.0,3,0.2857142857142857
1,5.0,4.0,2.0,6.0,2,8,6,1.0,51.0,0.0,3,5.0
1,5.0,4.0,2.0,10.0,2,8,6,0.0,78.0,0.0,3,2.0
1,5.0,4.0,2.0,6.0,2,8,6,1.0,51.0,0.0,3,3.0
1,3.0,5.0,2.0,10.0,2,8,6,1.0,62.0,0.0,3,1.0
2,5.0,5.0,2.0,10.0,2,8,6,2.0,57.0,0.0,3,3.0
2,3.0,3.0,2.0,3.0,2,8,6,1.0,66.0,0.0,3,3.0
3,5.0,3.0,2.0,7.0,2,8,6,2.0,58.0,0.0,3,3.0
2,5.0,4.0,2.0,4.0,2,8,6,2.0,75.0,0.0,3,2.0
1,5.0,4.0,2.0,10.0,2,8,6,1.0,54.0,0.0,3,3.0
1,3.0,5.0,2.0,4.0,2,8,6,0.0,79.0,0.0,3,1.0
3,3.0,4.0,2.0,9.0,2,8,6,0.0,83.0,0.0,3,3.0
2,5.0,3.0,2.0,4.0,2,8,6,0.0,82.0,0.0,3,2.0
1,3.0,6.0,2.0,8.0,2,8,6,1.0,65.0,0.0,3,1.0
2,3.0,4.0,2.0,10.0,2,8,6,0.0,76.0,0.0,3,2.0
3,3.0,2.0,2.0,8.0,2,8,6,2.0,56.0,0.2,3,5.0
1,5.0,6.0,2.0,7.0,2,8,6,1.0,39.0,0.3333333333333333,3,3.0
1,3.0,3.0,2.0,8.0,2,8,6,1.0,43.0,0.3333333333333333,3,3.0
2,3.0,6.0,2.0,6.0,2,8,6,2.0,55.0,0.2,3,5.0
2,5.0,3.0,2.0,7.0,2,8,6,2.0,55.0,0.0,3,4.0
3,5.0,4.0,2.0,3.0,2,8,6,3.0,61.0,0.0,3,4.0
1,6.0,2.0,2.0,4.0,2,8,6,0.0,65.0,0.0,3,1.0
1,6.0,5.0,2.0,6.0,2,8,6,1.0,52.0,0.0,3,3.0
3,3.0,4.0,2.0,6.0,2,8,6,2.0,35.0,0.25,3,4.0
2,3.0,3.0,2.0,10.0,2,8,6,1.0,68.0,0.0,3,3.0
2,3.0,6.0,2.0,10.0,2,8,6,2.0,46.0,0.4,3,5.0
1,5.0,3.0,2.0,6.0,2,8,6,0.0,20.0,0.0,3,0.25
2,5.0,5.0,2.0,5.0,2,8,6,2.0,36.0,0.25,3,4.0
1,3.0,3.0,2.0,7.0,2,8,6,1.0,66.0,0.0,3,3.0
2,2.0,5.0,2.0,10.0,2,8,6,2.0,60.0,0.0,3,2.0
2,5.0,3.0,2.0,6.0,2,8,6,2.0,41.0,0.3333333333333333,3,3.0
1,5.0,4.0,2.0,10.0,2,8,6,1.0,56.0,0.0,3,1.0
2,5.0,3.0,2.0,8.0,2,8,6,2.0,52.0,0.0,3,2.0
2,5.0,2.0,2.0,8.0,2,8,6,2.0,48.0,0.0,3,3.0
2,6.0,3.0,2.0,6.0,2,8,6,2.0,73.0,0.25,3,4.0
2,5.0,3.0,2.0,6.0,2,8,6,2.0,50.0,0.25,3,4.0
1,5.0,3.0,2.0,6.0,2,8,6,0.0,51.0,0.5,3,2.0
3,5.0,3.0,2.0,3.0,2,8,6,2.0,66.0,0.2,3,1.0
3,5.0,6.0,2.0,6.0,2,8,6,3.0,66.0,0.1428571428571428,3,1.4
1,5.0,2.0,2.0,6.0,2,8,6,1.0,59.0,0.0,3,0.2
2,5.0,3.0,2.0,6.0,2,8,6,1.0,62.0,0.0,3,0.6
2,5.0,3.0,2.0,6.0,2,8,6,2.0,43.0,0.25,3,0.8
2,5.0,3.0,2.0,6.0,2,8,6,1.0,61.0,0.0,3,0.4
3,5.0,4.0,2.0,5.0,2,8,6,3.0,59.0,0.3333333333333333,3,6.0
2,5.0,2.0,2.0,4.0,2,8,6,2.0,42.0,0.0,3,2.0
2,3.0,4.0,2.0,4.0,2,8,6,2.0,70.0,0.0,3,2.0
2,5.0,4.0,2.0,6.0,2,8,6,2.0,50.0,0.25,3,4.0
2,5.0,3.0,2.0,5.0,2,8,6,2.0,43.0,0.25,3,4.0
2,5.0,3.0,2.0,6.0,2,8,6,2.0,55.0,0.0,3,2.0
1,5.0,2.0,2.0,6.0,2,8,6,1.0,56.0,0.0,3,1.0
1,5.0,2.0,2.0,5.0,2,8,6,1.0,35.0,0.3333333333333333,3,3.0
1,5.0,3.0,2.0,5.0,2,8,6,1.0,69.0,0.0,3,1.0
1,5.0,2.0,2.0,9.0,2,8,6,1.0,53.0,0.0,3,2.0
2,4.0,2.0,2.0,3.0,2,8,6,2.0,55.0,0.0,3,2.0
1,5.0,3.0,2.0,6.0,2,8,6,0.0,77.0,0.0,3,2.0
2,5.0,2.0,2.0,6.0,2,8,6,2.0,71.0,0.0,3,3.0
2,3.0,4.0,2.0,5.0,2,8,6,2.0,73.0,0.0,3,3.0
2,3.0,1.0,2.0,8.0,2,8,6,2.0,44.0,0.1666666666666666,3,6.0
2,3.0,5.0,2.0,8.0,2,8,6,0.0,73.0,0.3333333333333333,3,3.0
2,3.0,3.0,2.0,6.0,2,8,6,2.0,80.0,0.0,3,3.0
2,3.0,5.0,2.0,7.0,2,8,6,0.0,70.0,0.0,3,3.0
2,5.0,2.0,2.0,6.0,2,8,6,2.0,59.0,0.0,3,2.0
3,5.0,6.0,2.0,6.0,2,8,6,3.0,50.0,0.0,3,3.0
2,5.0,2.0,2.0,6.0,2,8,6,2.0,54.0,0.0,3,2.0
1,5.0,2.0,2.0,6.0,2,8,6,1.0,63.0,0.0,3,1.0
2,5.0,3.0,2.0,4.0,2,8,6,2.0,60.0,0.0,3,3.0
1,5.0,4.0,2.0,4.0,2,8,6,1.0,69.0,0.0,3,2.0
2,5.0,2.0,2.0,6.0,2,8,6,2.0,36.0,0.3333333333333333,3,3.0
2,6.0,1.0,2.0,5.0,2,8,6,2.0,47.0,0.0,3,0.4
1,6.0,1.0,2.0,5.0,2,8,6,1.0,41.0,0.0,3,0.2
1,6.0,1.0,2.0,4.0,2,8,6,1.0,49.0,0.0,3,0.1428571428571428
1,5.0,3.0,2.0,4.0,2,8,6,1.0,46.0,0.0,3,0.2
1,3.0,3.0,2.0,5.0,5,8,6,0.0,63.0,0.0,3,1.0
2,3.0,3.0,2.0,7.0,5,8,6,1.0,36.0,0.3333333333333333,3,3.0
2,3.0,4.0,2.0,4.0,5,8,6,1.0,67.0,0.3333333333333333,3,3.0
2,3.0,6.0,2.0,6.0,5,8,6,0.0,70.0,0.0,3,2.0
2,5.0,3.0,2.0,5.0,5,8,6,1.0,60.0,0.0,3,2.0
2,3.0,5.0,2.0,8.0,5,8,6,1.0,55.0,0.0,3,2.0
2,5.0,3.0,2.0,6.0,5,8,6,1.0,44.0,0.2,3,5.0
1,5.0,2.0,2.0,10.0,5,8,6,1.0,55.0,0.0,3,1.0
2,3.0,2.0,2.0,10.0,5,8,6,1.0,39.0,0.0,3,2.0
1,3.0,6.0,2.0,10.0,5,8,6,1.0,60.0,0.0,3,1.0
2,4.0,3.0,2.0,5.0,5,8,6,0.0,64.0,0.0,3,1.0
2,4.0,4.0,2.0,6.0,5,8,6,1.0,57.0,0.0,3,2.0
3,4.0,4.0,2.0,6.0,5,8,6,2.0,49.0,0.4,3,5.0
1,4.0,2.0,2.0,5.0,5,8,6,1.0,50.0,0.0,3,1.0
2,4.0,4.0,2.0,6.0,5,8,6,2.0,34.0,0.4,3,5.0
2,4.0,3.0,2.0,3.0,5,8,6,3.0,57.0,0.0,3,3.0
3,6.0,4.0,2.0,10.0,5,8,6,1.0,59.0,0.0,3,3.0
1,2.0,3.0,2.0,6.0,5,8,6,1.0,44.0,0.3333333333333333,3,3.0
3,5.0,3.0,2.0,6.0,5,8,6,2.0,36.0,0.4,3,5.0
3,5.0,5.0,2.0,6.0,5,8,6,2.0,58.0,0.25,3,4.0
3,5.0,5.0,2.0,5.0,5,8,6,3.0,46.0,0.4,3,5.0
2,4.0,3.0,2.0,5.0,5,8,6,2.0,56.0,0.25,3,4.0
1,4.0,3.0,2.0,3.0,5,8,6,0.0,78.0,0.0,3,0.5
2,5.0,2.0,2.0,10.0,5,8,6,0.0,77.0,0.0,3,1.0
2,3.0,5.0,2.0,8.0,5,8,6,0.0,61.0,0.0,3,2.0
3,4.0,3.0,2.0,3.0,5,8,6,2.0,85.0,0.0,3,3.0
1,3.0,1.0,2.0,8.0,7,8,6,1.0,45.0,0.5,3,1.0
2,5.0,3.0,2.0,4.0,7,8,6,0.0,83.0,0.0,3,2.0
2,5.0,2.0,2.0,10.0,7,8,6,3.0,52.0,0.0,3,4.0
3,5.0,4.0,2.0,6.0,7,8,6,3.0,50.0,0.0,3,4.0
2,5.0,2.0,2.0,6.0,7,8,6,2.0,61.0,0.0,3,2.0
1,5.0,1.0,2.0,7.0,7,8,6,1.0,27.0,0.0,3,3.0
1,5.0,3.0,2.0,6.0,7,8,6,1.0,46.0,0.0,3,1.0
3,6.0,4.0,2.0,6.0,7,8,6,3.0,53.0,0.0,3,3.0
1,4.0,3.0,2.0,3.0,5,8,6,1.0,69.0,0.0,3,1.0
2,4.0,3.0,2.0,6.0,5,8,6,1.0,59.0,0.0,3,2.0
2,3.0,6.0,2.0,5.0,5,8,6,3.0,53.0,0.0,3,3.0
3,5.0,7.0,2.0,10.0,5,8,6,2.0,49.0,0.2,3,5.0
2,5.0,1.0,2.0,3.0,5,8,6,1.0,51.0,0.0,3,3.0
3,5.0,6.0,2.0,3.0,5,8,6,3.0,76.0,0.0,3,3.0
2,3.0,4.0,2.0,6.0,5,8,6,2.0,39.0,0.25,3,2.0
1,6.0,1.0,2.0,4.0,5,8,6,0.0,80.0,0.0,3,1.0
2,5.0,3.0,2.0,4.0,5,8,6,2.0,74.0,0.0,3,2.0
2,3.0,6.0,2.0,6.0,5,8,6,2.0,53.0,0.0,3,3.0
3,5.0,6.0,2.0,6.0,5,8,6,3.0,54.0,0.0,3,2.5
3,4.0,5.0,2.0,1.0,7,8,6,3.0,66.0,0.0,3,3.0
1,4.0,2.0,2.0,7.0,7,8,6,3.0,33.0,0.4285714285714285,3,7.0
2,4.0,3.0,2.0,4.0,7,8,6,2.0,40.0,0.25,3,4.0
2,6.0,2.0,2.0,3.0,7,8,6,1.0,76.0,0.0,3,2.0
2,6.0,4.0,2.0,3.0,7,8,6,2.0,74.0,0.0,3,2.0
2,5.0,4.0,2.0,4.0,7,8,6,2.0,53.0,0.0,3,2.0
1,4.0,2.0,2.0,6.0,7,8,6,1.0,51.0,0.5,3,0.3333333333333333
2,4.0,3.0,2.0,6.0,7,8,6,2.0,41.0,0.3333333333333333,3,1.0
3,6.0,3.0,2.0,4.0,1,8,6,1.0,56.0,0.0,3,4.0
2,5.0,4.0,2.0,10.0,1,8,6,0.0,35.0,0.25,3,4.0
2,5.0,5.0,2.0,4.0,1,8,6,1.0,31.0,0.0,3,2.0
3,5.0,5.0,2.0,6.0,1,8,6,2.0,46.0,0.25,3,4.0
1,5.0,2.0,2.0,5.0,1,8,6,0.0,84.0,0.0,3,2.0
1,5.0,2.0,2.0,6.0,1,8,6,1.0,36.0,0.0,3,3.0
1,5.0,3.0,2.0,4.0,1,8,6,1.0,42.0,0.4,3,5.0
2,3.0,6.0,2.0,6.0,1,8,6,2.0,43.0,0.5,3,4.0
1,3.0,4.0,2.0,6.0,1,8,6,1.0,44.0,0.3333333333333333,3,3.0
1,3.0,5.0,2.0,10.0,1,8,6,0.0,79.0,0.0,3,2.0
2,2.0,4.0,2.0,10.0,1,8,6,0.0,70.0,0.0,3,2.0
2,1.0,4.0,2.0,10.0,1,8,6,0.0,81.0,0.0,3,2.0
2,1.0,5.0,2.0,10.0,1,8,6,2.0,50.0,0.25,3,4.0
1,3.0,7.0,2.0,6.0,1,8,6,1.0,58.0,0.0,3,3.0
2,5.0,5.0,2.0,4.0,1,8,6,2.0,66.0,0.25,3,4.0
3,5.0,4.0,2.0,6.0,1,8,6,3.0,50.0,0.0,3,4.0
3,5.0,3.0,2.0,5.0,1,8,6,1.0,75.0,0.0,3,3.0
2,5.0,2.0,2.0,1.0,1,8,6,2.0,80.0,0.0,3,2.0
3,6.0,3.0,2.0,4.0,1,8,6,2.0,27.0,0.25,3,4.0
2,2.0,2.0,2.0,8.0,1,8,6,0.0,77.0,0.0,3,2.0
1,5.0,4.0,2.0,6.0,1,8,6,1.0,74.0,0.0,3,2.0
1,5.0,3.0,2.0,7.0,1,8,6,0.0,75.0,0.0,3,1.0
1,2.0,3.0,2.0,3.0,1,8,6,0.0,66.0,0.0,3,1.0
2,3.0,5.0,2.0,6.0,1,8,6,2.0,67.0,0.25,3,4.0
3,1.0,4.0,2.0,10.0,1,8,6,2.0,39.0,0.25,3,4.0
1,1.0,6.0,2.0,6.0,1,8,6,1.0,67.0,0.0,3,1.0
1,6.0,2.0,2.0,6.0,1,8,6,1.0,49.0,0.3333333333333333,3,3.0
1,5.0,2.0,2.0,6.0,1,8,6,1.0,42.0,0.0,3,1.0
3,6.0,5.0,2.0,4.0,1,8,6,1.0,78.0,0.0,3,3.0
2,5.0,4.0,2.0,3.0,1,8,6,2.0,62.0,0.0,3,2.0
3,3.0,6.0,2.0,3.0,1,8,6,1.0,73.0,0.0,3,3.0
3,3.0,4.0,2.0,8.0,1,8,6,3.0,26.0,0.0,3,3.0
2,5.0,3.0,2.0,4.0,1,8,6,2.0,48.0,0.3333333333333333,3,6.0
1,5.0,3.0,2.0,3.0,1,8,6,1.0,83.0,0.0,3,1.0
2,5.0,4.0,2.0,6.0,1,8,6,1.0,49.0,0.0,3,0.2857142857142857
2,5.0,4.0,2.0,4.0,1,8,6,0.0,66.0,0.0,3,2.0
1,6.0,2.0,2.0,6.0,1,8,6,1.0,74.0,0.0,3,2.0
2,3.0,4.0,2.0,9.0,1,8,6,1.0,65.0,0.2,3,5.0
3,2.0,6.0,2.0,6.0,1,8,6,2.0,49.0,0.1666666666666666,3,6.0
1,2.0,3.0,2.0,8.0,1,8,6,1.0,69.0,0.0,3,1.0
2,5.0,1.0,2.0,5.0,4,8,6,0.0,72.0,0.0,3,2.0
2,5.0,3.0,2.0,6.0,4,8,6,1.0,37.0,0.5,3,4.0
2,5.0,5.0,2.0,5.0,4,8,6,2.0,42.0,0.3333333333333333,3,6.0
2,5.0,5.0,2.0,10.0,4,8,6,2.0,46.0,0.0,3,4.0
1,5.0,2.0,2.0,6.0,1,8,6,1.0,50.0,0.0,3,1.0
1,3.0,1.0,2.0,3.0,1,8,6,1.0,54.0,0.0,3,1.0
2,5.0,4.0,2.0,5.0,1,8,6,2.0,48.0,0.0,3,3.0
3,5.0,4.0,2.0,6.0,1,8,6,3.0,41.0,0.0,3,0.6
3,5.0,5.0,2.0,4.0,1,8,6,3.0,72.0,0.0,3,0.6
2,5.0,5.0,2.0,4.0,1,8,6,1.0,77.0,0.25,3,0.8
1,5.0,1.0,2.0,8.0,1,8,6,1.0,52.0,0.0,3,0.1428571428571428
1,6.0,4.0,2.0,3.0,1,8,6,1.0,68.0,0.0,3,0.2
3,6.0,1.0,2.0,3.0,4,8,6,2.0,52.0,0.1666666666666666,3,6.0
3,6.0,7.0,2.0,4.0,4,8,6,2.0,71.0,0.0,3,3.0
2,6.0,1.0,2.0,4.0,4,8,6,1.0,50.0,0.0,3,3.0
2,6.0,2.0,2.0,3.0,4,8,6,1.0,43.0,0.0,3,0.5
1,6.0,4.0,2.0,3.0,4,8,6,2.0,75.0,0.0,3,3.0
2,6.0,6.0,2.0,6.0,4,8,6,2.0,48.0,0.0,3,2.0
1,6.0,5.0,2.0,6.0,4,8,6,2.0,30.0,0.5,3,4.0
2,6.0,4.0,2.0,4.0,4,8,6,2.0,40.0,0.2,3,5.0
3,6.0,6.0,2.0,4.0,4,8,6,1.0,42.0,0.0,3,4.0
2,6.0,3.0,2.0,4.0,4,8,6,2.0,57.0,0.0,3,3.0
2,6.0,3.0,2.0,5.0,4,8,6,1.0,60.0,0.0,3,0.3333333333333333
2,6.0,3.0,2.0,6.0,4,8,6,2.0,65.0,0.0,3,0.3333333333333333
1,1.0,5.0,2.0,10.0,1,8,6,1.0,45.0,0.0,3,2.0
2,3.0,4.0,2.0,10.0,1,8,6,2.0,47.0,0.3333333333333333,3,3.0
1,3.0,4.0,2.0,9.0,1,8,6,1.0,37.0,0.0,3,2.0
2,3.0,4.0,2.0,8.0,1,8,6,2.0,44.0,0.25,3,4.0
1,5.0,3.0,2.0,6.0,1,8,6,0.0,89.0,0.0,3,1.0
2,5.0,3.0,2.0,6.0,1,8,6,2.0,43.0,0.25,3,0.5714285714285714
1,3.0,3.0,2.0,8.0,1,8,6,0.0,87.0,0.0,3,1.0
1,3.0,3.0,2.0,8.0,1,8,6,0.0,79.0,0.0,3,1.0
2,3.0,4.0,2.0,8.0,1,8,6,1.0,72.0,0.0,3,2.0
2,3.0,2.0,2.0,9.0,1,8,6,2.0,55.0,0.0,3,2.0
1,3.0,4.0,2.0,6.0,1,8,6,0.0,83.0,0.0,3,1.0
1,5.0,4.0,2.0,6.0,1,8,6,1.0,79.0,0.0,3,1.0
2,5.0,3.0,2.0,6.0,1,8,6,1.0,47.0,0.0,3,2.0
3,3.0,7.0,2.0,10.0,1,8,6,2.0,65.0,0.0,3,3.0
1,5.0,5.0,2.0,6.0,1,8,6,1.0,74.0,0.0,3,2.0
2,3.0,3.0,2.0,8.0,1,8,6,2.0,44.0,0.5,3,4.0
3,3.0,5.0,2.0,6.0,1,8,6,2.0,62.0,0.2,3,5.0
2,5.0,2.0,2.0,8.0,1,8,6,1.0,70.0,0.0,3,2.0
3,5.0,3.0,2.0,5.0,1,8,6,1.0,91.0,0.0,3,3.0
2,1.0,5.0,2.0,6.0,1,8,6,2.0,78.0,0.0,3,2.0
2,5.0,3.0,2.0,1.0,1,8,6,2.0,71.0,0.0,3,4.0
1,5.0,2.0,2.0,6.0,1,8,6,0.0,62.0,0.0,3,4.0
1,3.0,3.0,2.0,4.0,1,8,6,0.0,93.0,0.0,3,2.0
1,3.0,6.0,2.0,8.0,1,8,6,0.0,78.0,0.0,3,1.0
1,6.0,2.0,2.0,3.0,1,8,6,1.0,37.0,0.5,3,2.0
1,5.0,1.0,2.0,3.0,1,8,6,0.0,50.0,0.0,3,1.0
2,5.0,3.0,2.0,3.0,1,8,6,2.0,65.0,0.0,3,2.0
3,3.0,7.0,2.0,3.0,1,8,6,3.0,63.0,0.0,3,5.0
2,5.0,4.0,2.0,5.0,1,8,6,2.0,57.0,0.0,3,2.0
2,3.0,2.0,2.0,10.0,1,8,6,2.0,44.0,0.3333333333333333,3,3.0
2,5.0,3.0,2.0,6.0,1,8,6,2.0,45.0,0.5,3,4.0
3,2.0,4.0,2.0,6.0,1,8,6,1.0,64.0,0.0,3,3.0
2,5.0,3.0,2.0,6.0,1,8,6,2.0,43.0,0.5,3,0.5714285714285714
2,5.0,3.0,2.0,4.0,1,8,6,2.0,59.0,0.0,3,2.0
3,3.0,4.0,2.0,10.0,1,8,6,3.0,68.0,0.0,3,3.0
2,3.0,5.0,2.0,10.0,1,8,6,1.0,45.0,0.0,3,2.0
2,5.0,3.0,2.0,4.0,1,8,6,0.0,89.0,0.0,3,2.0
2,5.0,5.0,2.0,1.0,1,8,6,3.0,82.0,0.0,3,5.0
3,6.0,4.0,2.0,3.0,1,8,6,2.0,81.0,0.0,3,5.0
1,5.0,4.0,2.0,3.0,1,8,6,1.0,73.0,0.0,3,1.0
1,6.0,4.0,2.0,5.0,1,8,6,1.0,74.0,0.0,3,1.0
2,5.0,4.0,2.0,1.0,1,8,6,0.0,93.0,0.0,3,3.0
3,1.0,4.0,2.0,4.0,1,8,6,1.0,44.0,0.2,3,5.0
2,3.0,4.0,2.0,8.0,1,8,6,1.0,50.0,0.0,3,4.0
2,5.0,4.0,2.0,3.0,1,8,6,2.0,60.0,0.3333333333333333,3,6.0
1,5.0,1.0,2.0,6.0,1,8,6,1.0,66.0,0.0,3,1.0
2,5.0,4.0,2.0,1.0,1,8,6,2.0,66.0,0.0,3,4.0
2,5.0,4.0,2.0,4.0,1,8,6,2.0,60.0,0.0,3,4.0
3,6.0,5.0,2.0,6.0,1,8,6,3.0,66.0,0.25,3,8.0
3,5.0,4.0,2.0,6.0,1,8,6,1.0,35.0,0.25,3,4.0
2,5.0,2.0,2.0,6.0,1,8,6,2.0,30.0,0.5,3,4.0
1,6.0,1.0,2.0,4.0,1,8,6,1.0,65.0,0.0,3,0.1428571428571428
1,6.0,2.0,2.0,1.0,1,8,6,1.0,64.0,0.0,3,1.0
1,6.0,4.0,2.0,4.0,1,8,6,2.0,52.0,0.0,3,3.0
2,6.0,3.0,2.0,3.0,1,8,6,2.0,29.0,0.0,3,2.0
3,6.0,3.0,2.0,7.0,1,8,6,3.0,44.0,0.2,3,5.0
2,5.0,5.0,2.0,5.0,1,8,6,2.0,33.0,0.3333333333333333,3,6.0
2,5.0,2.0,2.0,6.0,1,8,6,2.0,75.0,0.0,3,4.0
1,5.0,5.0,2.0,6.0,1,8,6,1.0,78.0,0.0,3,1.0
2,5.0,2.0,2.0,6.0,1,8,6,2.0,37.0,0.6,3,5.0
2,6.0,5.0,2.0,6.0,1,8,6,2.0,29.0,0.4,3,5.0
2,5.0,3.0,2.0,4.0,1,8,6,2.0,69.0,0.0,3,2.0
2,5.0,2.0,2.0,3.0,1,8,6,2.0,81.0,0.3333333333333333,3,3.0
2,1.0,3.0,2.0,10.0,8,8,6,1.0,51.0,0.0,3,4.0
1,1.0,5.0,2.0,10.0,8,8,6,1.0,55.0,0.0,3,3.0
2,2.0,4.0,2.0,10.0,8,8,6,1.0,55.0,0.0,3,3.0
3,2.0,4.0,2.0,8.0,8,8,6,2.0,66.0,0.0,3,4.0
2,2.0,3.0,2.0,6.0,8,8,6,2.0,55.0,0.0,3,4.0
2,1.0,5.0,2.0,9.0,8,8,6,1.0,72.0,0.0,3,3.0
1,3.0,5.0,2.0,10.0,8,8,6,0.0,78.0,0.0,3,1.0
1,5.0,6.0,2.0,10.0,8,8,6,1.0,83.0,0.0,3,2.0
2,3.0,3.0,2.0,10.0,8,8,6,1.0,70.0,0.0,3,2.0
2,3.0,4.0,2.0,6.0,8,8,6,2.0,76.0,0.0,3,6.0
0,2.0,2.0,2.0,9.0,8,8,6,0.0,66.0,0.0,3,2.0
1,5.0,4.0,2.0,10.0,8,8,6,1.0,68.0,0.0,3,2.0
2,5.0,4.0,2.0,4.0,8,8,6,2.0,72.0,0.0,3,0.4285714285714285
3,5.0,5.0,2.0,8.0,8,8,6,2.0,47.0,0.2,3,0.7142857142857143
2,3.0,3.0,2.0,6.0,8,8,6,2.0,67.0,0.0,3,3.0
1,1.0,2.0,2.0,6.0,8,8,6,0.0,82.0,0.0,3,1.0
3,5.0,3.0,2.0,6.0,8,8,6,3.0,68.0,0.0,3,4.0
1,5.0,5.0,2.0,10.0,8,8,6,1.0,57.0,0.0,3,2.0
2,1.0,5.0,2.0,8.0,8,8,6,1.0,73.0,0.0,3,3.0
3,5.0,5.0,2.0,5.0,8,8,6,1.0,59.0,0.0,3,3.0
1,3.0,4.0,2.0,10.0,8,8,6,0.0,63.0,0.0,3,1.0
1,2.0,3.0,2.0,8.0,8,8,6,1.0,67.0,0.0,3,2.0
1,2.0,6.0,2.0,6.0,8,8,6,0.0,92.0,0.5,3,8.0
1,3.0,2.0,2.0,6.0,8,8,6,0.0,86.0,0.0,3,2.0
1,3.0,4.0,2.0,8.0,8,8,6,1.0,51.0,0.0,3,4.0
1,3.0,3.0,2.0,8.0,8,8,6,0.0,80.0,0.0,3,1.0
1,3.0,5.0,2.0,6.0,8,8,6,0.0,96.0,0.0,3,1.0
2,3.0,3.0,2.0,9.0,8,8,6,1.0,58.0,0.0,3,2.0
2,1.0,4.0,2.0,10.0,8,8,6,2.0,60.0,0.0,3,2.0
3,1.0,4.0,2.0,6.0,8,8,6,2.0,73.0,0.0,3,5.0
1,1.0,5.0,2.0,6.0,8,8,6,0.0,74.0,0.0,3,3.0
2,2.0,4.0,2.0,10.0,8,8,6,2.0,60.0,0.0,3,2.0
2,1.0,4.0,2.0,10.0,8,8,6,0.0,73.0,0.0,3,2.0
1,3.0,6.0,2.0,6.0,8,8,6,2.0,44.0,0.2,3,5.0
2,2.0,3.0,2.0,10.0,8,8,6,1.0,72.0,0.0,3,3.0
3,3.0,3.0,2.0,9.0,8,8,6,2.0,58.0,0.0,3,3.0
2,3.0,4.0,2.0,9.0,8,8,6,2.0,37.0,0.0,3,2.0
3,3.0,4.0,2.0,10.0,8,8,6,1.0,88.0,0.0,3,5.0
1,5.0,2.0,2.0,5.0,8,8,6,0.0,83.0,0.0,3,2.0
1,5.0,2.0,2.0,5.0,8,8,6,0.0,77.0,0.0,3,1.0
2,5.0,3.0,2.0,4.0,8,8,6,2.0,62.0,0.0,3,2.0
2,2.0,3.0,2.0,3.0,8,8,6,2.0,38.0,0.25,3,4.0
2,5.0,3.0,2.0,6.0,8,8,6,2.0,48.0,0.25,3,4.0
1,1.0,2.0,2.0,6.0,8,8,6,0.0,64.0,0.0,3,1.0
3,5.0,2.0,2.0,6.0,8,8,6,2.0,51.0,0.0,3,1.0
2,5.0,4.0,2.0,9.0,8,8,6,0.0,26.0,0.0,3,1.3333333333333333
3,3.0,3.0,2.0,7.0,8,8,6,3.0,48.0,0.0,3,1.6666666666666667
2,3.0,4.0,2.0,8.0,8,8,6,2.0,50.0,0.0,3,4.0
2,3.0,2.0,2.0,3.0,8,8,6,0.0,81.0,0.0,3,2.0
2,2.0,4.0,2.0,6.0,8,8,6,2.0,56.0,0.0,3,3.0
3,5.0,2.0,2.0,4.0,8,8,6,2.0,45.0,0.25,3,4.0
2,5.0,4.0,2.0,6.0,8,8,6,2.0,42.0,0.25,3,4.0
2,5.0,3.0,2.0,6.0,8,8,6,3.0,46.0,0.2,3,5.0
3,5.0,2.0,2.0,3.0,8,8,6,3.0,47.0,0.0,3,1.25
3,5.0,3.0,2.0,8.0,8,8,6,2.0,47.0,0.0,3,4.0
2,5.0,4.0,2.0,5.0,8,8,6,3.0,43.0,0.3333333333333333,3,6.0
0,1.0,2.0,2.0,1.0,8,8,6,0.0,78.0,0.0,3,1.0
2,3.0,3.0,2.0,3.0,8,8,6,2.0,64.0,0.0,3,2.0
2,3.0,4.0,2.0,4.0,8,8,6,0.0,70.0,0.0,3,2.0
3,3.0,5.0,2.0,8.0,8,8,6,1.0,74.0,0.0,3,3.0
1,3.0,3.0,2.0,8.0,8,8,6,1.0,52.0,0.0,3,2.0
2,3.0,2.0,2.0,10.0,8,8,6,0.0,78.0,0.0,3,2.0
1,3.0,3.0,2.0,3.0,8,8,6,0.0,83.0,0.0,3,1.0
3,3.0,4.0,2.0,6.0,8,8,6,3.0,59.0,0.0,3,4.0
1,3.0,7.0,2.0,10.0,8,8,6,0.0,80.0,0.0,3,2.0
1,1.0,4.0,2.0,10.0,8,8,6,1.0,59.0,0.0,3,1.0
2,5.0,3.0,2.0,6.0,8,8,6,2.0,56.0,0.0,3,3.0
2,3.0,4.0,2.0,6.0,8,8,6,2.0,57.0,0.0,3,4.0
2,5.0,3.0,2.0,4.0,8,8,6,2.0,61.0,0.0,3,5.0
1,3.0,4.0,2.0,5.0,8,8,6,1.0,52.0,0.0,3,3.0
1,5.0,3.0,2.0,6.0,8,8,6,0.0,71.0,0.0,3,1.0
2,5.0,3.0,2.0,5.0,8,8,6,2.0,70.0,0.0,3,2.0
1,5.0,2.0,2.0,9.0,8,8,6,1.0,40.0,0.0,3,1.0
3,5.0,4.0,2.0,6.0,8,8,6,3.0,54.0,0.0,3,3.0
3,5.0,6.0,2.0,5.0,8,8,6,3.0,46.0,0.0,3,4.0
3,3.0,5.0,2.0,6.0,8,8,6,3.0,50.0,0.0,3,3.0
2,1.0,4.0,2.0,10.0,8,8,6,1.0,78.0,0.0,3,2.0
2,3.0,4.0,2.0,6.0,8,8,6,2.0,75.0,0.0,3,3.0
2,1.0,2.0,2.0,9.0,8,8,6,1.0,21.0,0.0,3,6.0
3,1.0,4.0,2.0,3.0,8,8,6,3.0,79.0,0.0,3,4.0
1,5.0,2.0,2.0,8.0,8,8,6,1.0,67.0,0.0,3,1.0
3,3.0,3.0,2.0,10.0,8,8,6,2.0,60.0,0.0,3,3.0
2,3.0,6.0,2.0,10.0,8,8,6,0.0,71.0,0.0,3,2.0
1,2.0,4.0,2.0,10.0,8,8,6,1.0,57.0,0.0,3,1.0
2,1.0,7.0,2.0,9.0,8,8,6,0.0,73.0,0.0,3,2.0
2,3.0,3.0,2.0,6.0,8,8,6,0.0,90.0,0.0,3,2.0
2,5.0,1.0,2.0,6.0,8,8,6,2.0,53.0,0.25,3,4.0
2,3.0,5.0,2.0,6.0,8,8,6,1.0,63.0,0.0,3,2.0
1,3.0,6.0,2.0,6.0,8,8,6,1.0,60.0,0.3333333333333333,3,3.0
3,5.0,3.0,2.0,3.0,8,8,6,2.0,86.0,0.0,3,3.0
3,5.0,2.0,2.0,6.0,8,8,6,3.0,53.0,0.0,3,4.0
1,3.0,2.0,2.0,10.0,8,8,6,1.0,58.0,0.0,3,1.0
3,4.0,3.0,2.0,10.0,8,8,6,1.0,70.0,0.0,3,4.0
2,3.0,3.0,2.0,9.0,8,8,6,2.0,61.0,0.0,3,3.0
1,5.0,1.0,2.0,6.0,8,8,6,1.0,59.0,0.0,3,1.0
3,3.0,3.0,2.0,10.0,8,8,6,1.0,83.0,0.0,3,3.0
3,5.0,1.0,2.0,10.0,8,8,6,0.0,76.0,0.0,3,4.0
1,5.0,1.0,2.0,6.0,8,8,6,1.0,56.0,0.0,3,1.0
2,5.0,2.0,2.0,6.0,8,8,6,2.0,50.0,0.25,3,1.0
2,5.0,3.0,2.0,4.0,8,8,6,1.0,79.0,0.25,3,4.0
2,2.0,7.0,2.0,9.0,8,8,6,0.0,63.0,0.0,3,4.0
2,5.0,3.0,2.0,8.0,8,8,6,2.0,59.0,0.0,3,2.0
1,3.0,2.0,2.0,3.0,8,8,6,0.0,80.0,0.0,3,2.0
2,5.0,3.0,2.0,10.0,8,8,6,2.0,45.0,0.3333333333333333,3,3.0
1,5.0,2.0,2.0,5.0,8,8,6,0.0,78.0,0.0,3,1.0
1,4.0,2.0,2.0,10.0,8,8,6,1.0,74.0,0.0,3,4.0
3,3.0,4.0,2.0,6.0,8,8,6,3.0,66.0,0.0,3,4.0
2,5.0,4.0,2.0,10.0,8,8,6,2.0,57.0,0.0,3,4.0
3,2.0,2.0,2.0,10.0,8,8,6,3.0,59.0,0.0,3,4.0
1,5.0,1.0,2.0,6.0,2,8,6,1.0,73.0,0.0,3,1.0
2,5.0,5.0,2.0,6.0,2,8,6,2.0,52.0,0.0,3,4.0
2,5.0,6.0,2.0,6.0,2,8,6,2.0,64.0,0.2,3,5.0
1,6.0,4.0,2.0,7.0,2,8,6,1.0,68.0,0.0,3,2.0
3,3.0,6.0,2.0,6.0,2,8,6,1.0,39.0,0.25,3,4.0
2,5.0,5.0,2.0,1.0,2,8,6,0.0,57.0,0.2,3,5.0
1,5.0,4.0,2.0,1.0,2,8,6,1.0,93.0,0.0,3,2.0
2,5.0,3.0,2.0,6.0,2,8,6,1.0,39.0,0.25,3,4.0
2,3.0,6.0,2.0,10.0,2,8,6,1.0,41.0,0.5,3,4.0
1,3.0,4.0,2.0,6.0,2,8,6,1.0,49.0,0.0,3,2.0
1,5.0,4.0,2.0,10.0,2,8,6,1.0,74.0,0.0,3,1.0
1,5.0,3.0,2.0,5.0,2,8,6,1.0,49.0,0.0,3,1.0
3,3.0,3.0,2.0,6.0,2,8,6,3.0,65.0,0.0,3,3.0
1,3.0,3.0,2.0,6.0,2,8,6,0.0,60.0,0.0,3,1.0
3,6.0,1.0,2.0,3.0,2,8,6,3.0,49.0,0.3333333333333333,3,1.5
2,3.0,5.0,2.0,3.0,2,8,6,1.0,61.0,0.0,3,2.0
1,5.0,4.0,2.0,8.0,2,8,6,1.0,59.0,0.0,3,2.0
2,5.0,2.0,2.0,5.0,2,8,6,1.0,59.0,0.0,3,2.0
1,5.0,1.0,2.0,10.0,2,8,6,1.0,25.0,0.0,3,0.5
3,5.0,4.0,2.0,6.0,2,8,6,2.0,58.0,0.1666666666666666,3,6.0
1,5.0,5.0,2.0,3.0,2,8,6,1.0,80.0,0.0,3,1.0
3,5.0,4.0,2.0,5.0,2,8,6,1.0,51.0,0.25,3,4.0
3,5.0,4.0,2.0,6.0,2,8,6,3.0,47.0,0.0,3,6.0
1,5.0,5.0,2.0,5.0,2,8,6,1.0,78.0,0.0,3,3.0
3,5.0,7.0,2.0,4.0,2,8,6,3.0,67.0,0.25,3,2.0
2,3.0,4.0,2.0,8.0,2,8,6,2.0,47.0,0.0,3,4.0
2,5.0,3.0,2.0,5.0,2,8,6,1.0,55.0,0.25,3,4.0
3,3.0,3.0,2.0,6.0,2,8,6,3.0,39.0,0.0,3,4.0
1,3.0,3.0,2.0,10.0,2,8,6,1.0,57.0,0.0,3,3.0
1,5.0,4.0,2.0,3.0,2,8,6,1.0,83.0,0.0,3,2.0
3,3.0,5.0,2.0,6.0,2,8,6,2.0,66.0,0.25,3,4.0
2,5.0,2.0,2.0,9.0,2,8,6,2.0,44.0,0.1666666666666666,3,6.0
1,5.0,3.0,2.0,6.0,2,8,6,1.0,51.0,0.0,3,4.0
3,5.0,3.0,2.0,1.0,2,8,6,1.0,83.0,0.0,3,3.0
1,5.0,1.0,2.0,1.0,2,8,6,0.0,80.0,0.0,3,1.0
3,6.0,3.0,2.0,4.0,2,8,6,3.0,52.0,0.0,3,3.0
2,6.0,3.0,2.0,6.0,2,8,6,1.0,47.0,0.5,3,0.5
1,6.0,2.0,2.0,3.0,2,8,6,0.0,90.0,0.0,3,0.125
1,5.0,2.0,2.0,6.0,2,8,6,1.0,64.0,0.0,3,1.0
1,5.0,1.0,2.0,6.0,2,8,6,1.0,29.0,0.0,3,2.0
2,5.0,3.0,2.0,5.0,2,8,6,2.0,17.0,0.0,3,5.0
2,5.0,3.0,2.0,1.0,2,8,6,1.0,51.0,0.0,3,3.0
3,3.0,3.0,2.0,5.0,2,8,6,1.0,79.0,0.2,3,5.0
2,6.0,4.0,2.0,3.0,5,8,6,2.0,81.0,0.0,3,2.0
1,6.0,2.0,2.0,5.0,5,8,6,1.0,66.0,0.0,3,0.3333333333333333
2,6.0,2.0,2.0,4.0,5,8,6,2.0,80.0,0.0,3,0.25
2,6.0,5.0,2.0,4.0,5,8,6,2.0,66.0,0.0,3,0.5714285714285714
2,5.0,3.0,2.0,6.0,7,8,6,2.0,54.0,0.0,3,3.0
2,5.0,3.0,2.0,10.0,7,8,6,2.0,45.0,0.25,3,4.0
2,5.0,5.0,2.0,5.0,7,8,6,1.0,79.0,0.0,3,4.0
2,3.0,4.0,2.0,7.0,7,8,6,2.0,51.0,0.25,3,4.0
2,5.0,4.0,2.0,10.0,7,8,6,0.0,64.0,0.0,3,3.0
2,5.0,3.0,2.0,10.0,7,8,6,1.0,57.0,0.0,3,3.0
2,5.0,5.0,2.0,6.0,7,8,6,1.0,69.0,0.0,3,3.0
1,5.0,3.0,2.0,7.0,7,8,6,0.0,79.0,0.0,3,3.0
2,5.0,5.0,2.0,5.0,7,8,6,2.0,50.0,0.0,3,4.0
1,5.0,4.0,2.0,9.0,7,8,6,1.0,33.0,0.5,3,4.0
3,5.0,6.0,2.0,6.0,7,8,6,3.0,55.0,0.0,3,4.0
2,3.0,5.0,2.0,8.0,7,8,6,1.0,55.0,0.0,3,5.0
1,3.0,3.0,2.0,6.0,7,8,6,0.0,78.0,0.0,3,2.0
3,5.0,4.0,2.0,8.0,7,8,6,2.0,45.0,0.4285714285714285,3,7.0
3,3.0,7.0,2.0,9.0,7,8,6,2.0,36.0,0.1666666666666666,3,6.0
1,5.0,5.0,2.0,6.0,7,8,6,0.0,83.0,0.0,3,1.0
3,4.0,4.0,2.0,4.0,7,8,6,2.0,65.0,0.25,3,1.3333333333333333
3,3.0,4.0,2.0,6.0,7,8,6,1.0,36.0,0.3333333333333333,3,2.0
1,5.0,2.0,2.0,6.0,7,8,6,0.0,50.0,0.5,3,2.0
2,5.0,3.0,2.0,6.0,7,8,6,2.0,37.0,0.5,3,4.0
1,5.0,3.0,2.0,8.0,7,8,6,1.0,36.0,0.0,3,2.0
2,6.0,4.0,2.0,5.0,7,8,6,2.0,49.0,0.0,3,3.0
3,6.0,2.0,2.0,3.0,7,8,6,2.0,57.0,0.0,3,3.0
2,5.0,2.0,2.0,8.0,7,8,6,2.0,61.0,0.0,3,2.0
1,6.0,2.0,2.0,4.0,7,8,6,0.0,70.0,0.0,3,0.2
1,6.0,5.0,2.0,4.0,7,8,6,1.0,67.0,0.0,3,0.1428571428571428
2,6.0,3.0,2.0,4.0,7,8,6,1.0,51.0,0.2,3,5.0
2,5.0,4.0,2.0,6.0,7,8,6,1.0,30.0,0.5,3,8.0
1,4.0,2.0,2.0,1.0,7,8,6,1.0,64.0,0.0,3,0.6
2,5.0,3.0,2.0,3.0,7,8,6,2.0,47.0,0.3333333333333333,3,3.0
2,4.0,3.0,2.0,8.0,7,8,6,2.0,34.0,0.2,3,1.0
2,4.0,1.0,2.0,4.0,7,8,6,2.0,37.0,0.5,3,0.75
1,4.0,2.0,2.0,4.0,7,8,6,2.0,59.0,0.2,3,0.625
2,4.0,4.0,2.0,3.0,7,8,6,1.0,87.0,0.0,3,0.5
1,6.0,2.0,2.0,3.0,7,8,6,0.0,71.0,0.0,3,0.2
2,4.0,4.0,2.0,6.0,7,8,6,1.0,49.0,0.375,3,1.1428571428571428
2,4.0,7.0,2.0,4.0,7,8,6,1.0,70.0,0.4285714285714285,3,1.0
1,4.0,2.0,2.0,3.0,7,8,6,1.0,62.0,0.0,3,0.2857142857142857
3,4.0,5.0,2.0,6.0,7,8,6,1.0,42.0,0.0,3,0.7142857142857143
2,3.0,4.0,2.0,10.0,7,8,6,2.0,33.0,0.25,3,4.0
3,2.0,4.0,2.0,8.0,7,8,6,3.0,70.0,0.0,3,4.0
1,5.0,1.0,2.0,3.0,7,8,6,0.0,85.0,0.0,3,0.5
1,2.0,2.0,2.0,10.0,7,8,6,1.0,38.0,0.5,3,2.0
1,5.0,2.0,2.0,3.0,7,8,6,0.0,83.0,0.0,3,1.0
1,5.0,3.0,2.0,8.0,7,8,6,1.0,38.0,0.3333333333333333,3,3.0
2,5.0,4.0,2.0,6.0,7,8,6,2.0,49.0,0.0,3,3.0
1,3.0,4.0,2.0,6.0,7,8,6,1.0,54.0,0.0,3,1.0
1,3.0,4.0,2.0,6.0,7,8,6,1.0,49.0,0.5,3,4.0
1,5.0,4.0,2.0,6.0,7,8,6,1.0,52.0,0.0,3,1.0
1,5.0,3.0,2.0,5.0,7,8,6,0.0,40.0,0.0,3,4.0
1,2.0,4.0,2.0,10.0,7,8,6,1.0,66.0,0.0,3,2.0
2,5.0,4.0,2.0,6.0,7,8,6,3.0,42.0,0.0,3,4.0
3,5.0,2.0,2.0,9.0,7,8,6,2.0,29.0,0.4,3,2.5
1,5.0,4.0,2.0,4.0,7,8,6,1.0,75.0,0.0,3,1.0
1,5.0,3.0,2.0,6.0,7,8,6,1.0,44.0,0.3333333333333333,3,3.0
2,5.0,5.0,2.0,5.0,7,8,6,1.0,59.0,0.3333333333333333,3,3.0
2,6.0,3.0,2.0,6.0,7,8,6,1.0,58.0,0.0,3,2.0
2,5.0,7.0,2.0,8.0,7,8,6,2.0,72.0,0.0,3,4.0
1,5.0,1.0,2.0,3.0,7,8,6,3.0,51.0,0.1666666666666666,3,6.0
2,6.0,1.0,2.0,3.0,7,8,6,1.0,69.0,0.0,3,2.0
2,4.0,2.0,2.0,3.0,7,8,6,2.0,42.0,0.0,3,0.4285714285714285
1,5.0,2.0,2.0,6.0,7,8,6,1.0,25.0,0.3333333333333333,3,0.4285714285714285
1,5.0,1.0,2.0,3.0,7,8,6,1.0,54.0,0.0,3,1.0
2,4.0,3.0,2.0,5.0,7,8,6,2.0,67.0,0.0,3,6.0
1,4.0,3.0,2.0,6.0,7,8,6,2.0,33.0,0.25,3,0.5714285714285714
1,5.0,2.0,2.0,6.0,7,8,6,1.0,54.0,0.0,3,0.3333333333333333
2,5.0,3.0,2.0,7.0,7,8,6,2.0,40.0,0.3333333333333333,3,3.0
2,5.0,3.0,2.0,9.0,7,8,6,2.0,45.0,0.6,3,0.8333333333333334
2,2.0,1.0,2.0,6.0,7,8,6,2.0,29.0,0.5,3,4.0
2,5.0,2.0,2.0,4.0,7,8,6,2.0,56.0,0.0,3,2.0
2,5.0,1.0,2.0,6.0,7,8,6,1.0,38.0,0.5,3,6.0
1,5.0,2.0,2.0,6.0,7,8,6,0.0,75.0,0.0,3,2.0
1,6.0,1.0,2.0,3.0,7,8,6,1.0,74.0,0.0,3,1.0
2,5.0,3.0,2.0,6.0,7,8,6,0.0,46.0,0.1666666666666666,3,6.0
1,5.0,2.0,2.0,8.0,7,8,6,0.0,40.0,0.0,3,2.0
3,5.0,2.0,2.0,6.0,7,8,6,3.0,52.0,0.25,3,4.0
2,5.0,3.0,2.0,8.0,7,8,6,2.0,34.0,0.3333333333333333,3,6.0
2,5.0,4.0,2.0,9.0,3,8,6,0.0,24.0,0.0,3,0.6666666666666666
1,5.0,2.0,2.0,6.0,3,8,6,2.0,58.0,0.0,3,0.6666666666666666
1,5.0,5.0,2.0,8.0,3,8,6,0.0,28.0,0.1666666666666666,3,2.0
3,3.0,7.0,2.0,4.0,3,8,6,2.0,78.0,0.25,3,4.0
2,3.0,7.0,2.0,10.0,3,8,6,2.0,58.0,0.2857142857142857,3,7.0
1,2.0,6.0,2.0,3.0,3,8,6,0.0,65.0,0.0,3,1.0
1,2.0,3.0,2.0,8.0,3,8,6,1.0,37.0,0.25,3,4.0
1,5.0,2.0,2.0,3.0,3,8,6,0.0,69.0,0.0,3,1.0
2,2.0,4.0,2.0,8.0,3,8,6,0.0,62.0,0.0,3,5.0
1,2.0,4.0,2.0,6.0,3,8,6,1.0,73.0,0.0,3,3.0
1,2.0,4.0,2.0,10.0,3,8,6,0.0,72.0,0.0,3,1.0
2,5.0,7.0,2.0,2.0,3,8,6,0.0,85.0,0.0,3,2.0
1,5.0,1.0,2.0,1.0,3,8,6,0.0,69.0,0.0,3,1.0
2,5.0,4.0,2.0,10.0,3,8,6,1.0,50.0,0.0,3,2.0
2,5.0,4.0,2.0,8.0,3,8,6,2.0,59.0,0.0,3,3.0
2,2.0,3.0,2.0,3.0,3,8,6,1.0,86.0,0.0,3,3.0
3,5.0,6.0,2.0,5.0,3,8,6,2.0,48.0,0.0,3,4.0
3,5.0,6.0,2.0,3.0,3,8,6,2.0,52.0,0.0,3,4.0
1,2.0,3.0,2.0,4.0,3,8,6,0.0,75.0,0.0,3,1.0
3,2.0,6.0,2.0,6.0,3,8,6,2.0,50.0,0.0,3,4.0
2,5.0,2.0,2.0,6.0,3,8,6,1.0,38.0,0.3333333333333333,3,3.0
1,5.0,1.0,2.0,6.0,3,8,6,1.0,74.0,0.0,3,1.0
2,6.0,4.0,2.0,3.0,6,8,6,1.0,59.0,0.3333333333333333,3,3.0
2,6.0,2.0,2.0,6.0,6,8,6,1.0,42.0,0.3333333333333333,3,6.0
1,6.0,1.0,2.0,5.0,6,8,6,1.0,51.0,0.0,3,1.0
2,5.0,3.0,2.0,6.0,6,8,6,1.0,52.0,0.3333333333333333,3,3.0
2,6.0,1.0,2.0,4.0,6,8,6,1.0,59.0,0.0,3,2.0
2,6.0,5.0,2.0,4.0,6,8,6,2.0,63.0,0.0,3,3.0
2,6.0,5.0,2.0,4.0,6,8,6,2.0,69.0,0.0,3,4.0
2,6.0,2.0,2.0,3.0,6,8,6,1.0,80.0,0.0,3,2.0
2,5.0,1.0,2.0,8.0,6,8,6,2.0,56.0,0.0,3,2.0
2,6.0,4.0,2.0,3.0,6,8,6,2.0,60.0,0.0,3,2.0
2,6.0,3.0,2.0,4.0,6,8,6,2.0,66.0,0.0,3,2.0
3,6.0,4.0,2.0,8.0,6,8,6,3.0,54.0,0.0,3,3.0
3,4.0,6.0,2.0,6.0,5,8,6,3.0,79.0,0.0,3,3.0
2,4.0,5.0,2.0,8.0,5,8,6,1.0,60.0,0.0,3,2.0
1,3.0,5.0,2.0,6.0,5,8,6,1.0,58.0,0.0,3,2.0
1,4.0,2.0,2.0,8.0,5,8,6,1.0,41.0,0.0,3,3.0
3,4.0,6.0,2.0,8.0,5,8,6,2.0,42.0,0.3333333333333333,3,6.0
1,5.0,1.0,2.0,3.0,5,8,6,0.0,37.0,0.5,3,2.0
2,4.0,4.0,2.0,6.0,5,8,6,2.0,57.0,0.0,3,2.0
2,4.0,1.0,2.0,7.0,5,8,6,1.0,65.0,0.0,3,1.0
2,4.0,2.0,2.0,8.0,5,8,6,2.0,63.0,0.3333333333333333,3,3.0
3,4.0,2.0,2.0,6.0,5,8,6,3.0,51.0,0.4,3,5.0
1,4.0,7.0,2.0,1.0,5,8,6,1.0,84.0,0.0,3,2.0
1,4.0,2.0,2.0,4.0,5,8,6,1.0,81.0,0.0,3,1.0
2,4.0,3.0,2.0,5.0,5,8,6,2.0,52.0,0.0,3,3.0
1,4.0,3.0,2.0,3.0,5,8,6,1.0,67.0,0.0,3,1.0
2,6.0,4.0,2.0,3.0,5,8,6,2.0,64.0,0.0,3,2.0
2,6.0,4.0,2.0,6.0,5,8,6,2.0,36.0,0.0,3,2.0
2,5.0,1.0,2.0,4.0,7,8,6,1.0,27.0,0.3333333333333333,3,3.0
2,5.0,2.0,2.0,4.0,7,8,6,2.0,51.0,0.0,3,0.4285714285714285
2,6.0,3.0,2.0,7.0,7,8,6,2.0,39.0,0.3333333333333333,3,0.4285714285714285
1,4.0,1.0,2.0,5.0,7,8,6,1.0,35.0,0.0,3,0.2
2,5.0,4.0,2.0,8.0,7,8,6,0.0,29.0,0.3333333333333333,3,0.6
3,1.0,7.0,2.0,3.0,7,8,6,3.0,52.0,0.0,3,5.0
2,5.0,3.0,2.0,5.0,7,8,6,1.0,35.0,0.0,3,0.3333333333333333
1,3.0,3.0,2.0,6.0,7,8,6,1.0,57.0,0.0,3,0.5
2,5.0,3.0,2.0,6.0,7,8,6,2.0,45.0,0.2,3,0.8333333333333334
1,4.0,3.0,2.0,10.0,7,8,6,1.0,73.0,0.0,3,0.1666666666666666
2,4.0,4.0,2.0,3.0,7,8,6,2.0,84.0,0.0,3,4.0
3,5.0,3.0,2.0,6.0,7,8,6,2.0,51.0,0.0,3,0.5
3,4.0,5.0,2.0,3.0,7,8,6,1.0,53.0,0.0,3,4.0
1,6.0,1.0,2.0,6.0,7,8,6,1.0,55.0,0.0,3,0.125
3,4.0,5.0,2.0,3.0,7,8,6,3.0,64.0,0.2,3,5.0
1,5.0,3.0,2.0,8.0,7,8,6,1.0,67.0,0.0,3,2.0
2,4.0,5.0,2.0,4.0,7,8,6,1.0,62.0,0.0,3,3.0
2,4.0,1.0,2.0,1.0,7,8,6,1.0,85.0,0.0,3,2.0
3,5.0,5.0,2.0,5.0,7,8,6,3.0,38.0,0.4285714285714285,3,7.0
1,4.0,1.0,2.0,3.0,7,8,6,0.0,78.0,0.0,3,1.0
1,5.0,4.0,2.0,5.0,7,8,6,1.0,54.0,0.0,3,1.0
2,5.0,3.0,2.0,6.0,7,8,6,1.0,29.0,0.6,3,5.0
1,4.0,2.0,2.0,3.0,7,8,6,1.0,74.0,0.0,3,0.1666666666666666
1,5.0,3.0,2.0,6.0,7,8,6,1.0,51.0,0.2,3,5.0
1,2.0,3.0,2.0,10.0,7,8,6,1.0,28.0,0.0,3,2.0
3,5.0,7.0,2.0,5.0,1,8,6,2.0,50.0,0.2,3,5.0
2,5.0,4.0,2.0,9.0,1,8,6,2.0,49.0,0.2,3,5.0
2,3.0,3.0,2.0,8.0,1,8,6,0.0,72.0,0.0,3,2.0
2,5.0,6.0,2.0,8.0,1,8,6,2.0,68.0,0.0,3,2.0
1,3.0,3.0,2.0,6.0,1,8,6,1.0,53.0,0.0,3,3.0
3,3.0,3.0,2.0,4.0,1,8,6,1.0,59.0,0.2,3,5.0
1,5.0,2.0,2.0,4.0,1,8,6,0.0,67.0,0.0,3,1.0
1,2.0,5.0,2.0,6.0,1,8,6,1.0,51.0,0.0,3,5.0
1,3.0,5.0,2.0,6.0,1,8,6,0.0,86.0,0.0,3,2.0
2,3.0,4.0,2.0,10.0,1,8,6,1.0,65.0,0.0,3,3.0
3,5.0,5.0,2.0,7.0,1,8,6,2.0,56.0,0.0,3,5.0
3,6.0,3.0,2.0,4.0,1,8,6,3.0,48.0,0.1428571428571428,3,1.75
3,6.0,3.0,2.0,5.0,1,8,6,2.0,44.0,0.25,3,4.0
1,5.0,1.0,2.0,3.0,1,8,6,0.0,85.0,0.0,3,1.0
2,5.0,2.0,2.0,10.0,1,8,6,2.0,53.0,0.0,3,4.0
2,3.0,5.0,2.0,10.0,1,8,6,1.0,42.0,0.4,3,5.0
3,5.0,5.0,2.0,3.0,1,8,6,3.0,55.0,0.0,3,1.5
2,5.0,3.0,2.0,3.0,1,8,6,1.0,59.0,0.3333333333333333,3,0.75
1,5.0,3.0,2.0,3.0,1,8,6,0.0,84.0,0.5,3,1.5
3,3.0,3.0,2.0,5.0,1,8,6,2.0,59.0,0.4,3,5.0
1,5.0,1.0,2.0,1.0,1,8,6,0.0,67.0,0.0,3,0.3333333333333333
3,5.0,3.0,2.0,4.0,1,8,6,1.0,66.0,0.0,3,3.0
2,5.0,3.0,2.0,1.0,1,8,6,2.0,64.0,0.0,3,2.0
2,5.0,2.0,2.0,3.0,1,8,6,1.0,57.0,0.375,3,8.0
1,3.0,3.0,2.0,7.0,1,8,6,1.0,35.0,0.3333333333333333,3,3.0
1,6.0,2.0,2.0,3.0,1,8,6,0.0,48.0,0.0,3,1.0
1,6.0,3.0,2.0,5.0,1,8,6,1.0,40.0,0.0,3,1.0
2,5.0,4.0,2.0,6.0,1,8,6,1.0,35.0,0.0,3,4.0
2,5.0,2.0,2.0,6.0,1,8,6,2.0,61.0,0.0,3,2.0
3,3.0,6.0,2.0,8.0,1,8,6,2.0,49.0,0.0,3,3.0
2,3.0,5.0,2.0,8.0,1,8,6,2.0,51.0,0.25,3,4.0
3,5.0,3.0,2.0,3.0,1,8,6,1.0,71.0,0.25,3,4.0
1,5.0,4.0,2.0,10.0,1,8,6,0.0,32.0,0.0,3,1.0
2,3.0,6.0,2.0,6.0,1,8,6,2.0,42.0,0.1428571428571428,3,7.0
1,5.0,2.0,2.0,3.0,1,8,6,0.0,75.0,0.0,3,2.0
2,5.0,2.0,2.0,5.0,1,8,6,1.0,50.0,0.3333333333333333,3,3.0
2,5.0,3.0,2.0,5.0,1,8,6,1.0,68.0,0.0,3,2.0
2,3.0,2.0,2.0,4.0,1,8,6,1.0,72.0,0.0,3,2.0
1,6.0,1.0,2.0,3.0,1,8,6,0.0,78.0,0.0,3,1.0
2,6.0,2.0,2.0,3.0,1,8,6,1.0,74.0,0.0,3,2.0
3,6.0,4.0,2.0,1.0,1,8,6,1.0,77.0,0.0,3,4.0
1,5.0,3.0,2.0,3.0,1,8,6,1.0,54.0,0.0,3,1.0
2,2.0,5.0,2.0,6.0,1,8,6,2.0,33.0,0.25,3,4.0
3,2.0,3.0,2.0,6.0,1,8,6,2.0,48.0,0.0,3,4.0
3,2.0,3.0,2.0,5.0,1,8,6,1.0,28.0,0.0,3,5.0
1,5.0,3.0,2.0,10.0,1,8,6,1.0,51.0,0.0,3,1.0
2,1.0,4.0,2.0,9.0,1,8,6,1.0,70.0,0.0,3,3.0
1,1.0,5.0,2.0,6.0,1,8,6,1.0,71.0,0.0,3,5.0
2,5.0,3.0,2.0,3.0,1,8,6,1.0,63.0,0.3333333333333333,3,6.0
2,5.0,2.0,2.0,6.0,1,8,6,1.0,59.0,0.0,3,3.0
1,6.0,2.0,2.0,6.0,1,8,6,0.0,69.0,0.0,3,4.0
2,5.0,3.0,2.0,3.0,1,8,6,0.0,72.0,0.0,3,3.0
2,6.0,2.0,2.0,6.0,1,8,6,1.0,50.0,0.0,3,2.0
2,3.0,3.0,2.0,8.0,1,8,6,2.0,46.0,0.0,3,4.0
2,5.0,4.0,2.0,6.0,1,8,6,2.0,41.0,0.25,3,4.0
3,6.0,3.0,2.0,6.0,1,8,6,2.0,48.0,0.25,3,4.0
2,5.0,5.0,2.0,8.0,4,8,6,0.0,52.0,0.0,3,2.0
1,5.0,2.0,2.0,8.0,4,8,6,1.0,60.0,0.0,3,2.0
2,5.0,3.0,2.0,9.0,4,8,6,3.0,41.0,0.2,3,5.0
2,6.0,4.0,2.0,3.0,1,8,6,2.0,60.0,0.0,3,0.7142857142857143
2,4.0,2.0,2.0,3.0,1,8,6,2.0,82.0,0.0,3,0.2857142857142857
2,6.0,5.0,2.0,3.0,1,8,6,2.0,52.0,0.0,3,3.0
2,6.0,4.0,2.0,3.0,1,8,6,1.0,70.0,0.0,3,3.0
2,5.0,4.0,2.0,6.0,1,8,6,2.0,38.0,0.25,3,4.0
2,5.0,1.0,2.0,1.0,1,8,6,2.0,84.0,0.0,3,0.4
3,6.0,4.0,2.0,5.0,1,8,6,3.0,48.0,0.4,3,1.0
2,6.0,3.0,2.0,4.0,1,8,6,2.0,44.0,0.3333333333333333,3,0.6
1,6.0,2.0,2.0,4.0,1,8,6,1.0,44.0,0.6,3,1.6666666666666667
1,6.0,4.0,2.0,1.0,1,8,6,1.0,85.0,0.0,3,0.2
2,6.0,5.0,2.0,3.0,4,8,6,1.0,83.0,0.0,3,3.0
2,5.0,4.0,2.0,4.0,4,8,6,1.0,59.0,0.0,3,3.0
2,6.0,4.0,2.0,3.0,4,8,6,2.0,64.0,0.0,3,3.0
1,6.0,4.0,2.0,4.0,4,8,6,1.0,61.0,0.0,3,3.0
3,5.0,3.0,2.0,6.0,4,8,6,2.0,52.0,0.0,3,3.0
1,6.0,3.0,2.0,6.0,4,8,6,1.0,51.0,0.0,3,2.0
1,6.0,2.0,2.0,6.0,4,8,6,1.0,55.0,0.0,3,1.0
1,6.0,3.0,2.0,6.0,4,8,6,1.0,83.0,0.0,3,1.0
1,6.0,2.0,2.0,3.0,4,8,6,1.0,84.0,0.0,3,1.0
2,6.0,3.0,2.0,3.0,4,8,6,3.0,79.0,0.2,3,5.0
1,6.0,4.0,2.0,5.0,4,8,6,1.0,50.0,0.0,3,1.0
1,6.0,3.0,2.0,4.0,4,8,6,1.0,66.0,0.0,3,2.0
3,6.0,3.0,2.0,5.0,4,8,6,3.0,54.0,0.0,3,4.0
2,5.0,4.0,2.0,3.0,6,8,6,2.0,64.0,0.0,3,3.0
1,3.0,4.0,2.0,10.0,6,8,6,1.0,69.0,0.0,3,3.0
2,6.0,5.0,2.0,1.0,6,8,6,1.0,90.0,0.0,3,2.0
1,6.0,2.0,2.0,6.0,6,8,6,1.0,30.0,0.0,3,1.0
1,6.0,2.0,2.0,3.0,6,8,6,1.0,53.0,0.0,3,1.0
1,6.0,2.0,2.0,3.0,6,8,6,1.0,82.0,0.0,3,1.0
1,5.0,4.0,2.0,8.0,6,8,6,0.0,45.0,0.0,3,1.0
2,5.0,4.0,2.0,4.0,6,8,6,3.0,66.0,0.0,3,3.0
2,5.0,5.0,2.0,3.0,6,8,6,1.0,80.0,0.0,3,3.0
1,5.0,4.0,2.0,9.0,6,8,6,1.0,38.0,0.5,3,4.0
1,5.0,2.0,2.0,6.0,6,8,6,1.0,48.0,0.0,3,3.0
3,5.0,4.0,2.0,4.0,6,8,6,1.0,50.0,0.0,3,2.0
2,5.0,4.0,2.0,4.0,6,8,6,2.0,46.0,0.25,3,0.8
2,2.0,5.0,2.0,4.0,6,8,6,3.0,62.0,0.0,3,4.0
2,6.0,4.0,2.0,6.0,6,8,6,1.0,55.0,0.0,3,1.0
1,6.0,4.0,2.0,6.0,6,8,6,1.0,56.0,0.0,3,0.4
3,6.0,4.0,2.0,6.0,6,8,6,3.0,53.0,0.25,3,0.8
1,5.0,4.0,2.0,6.0,6,8,6,2.0,44.0,0.0,3,0.6
1,6.0,3.0,2.0,4.0,6,8,6,1.0,68.0,0.0,3,0.4
2,6.0,3.0,2.0,4.0,6,8,6,2.0,79.0,0.0,3,0.4
1,6.0,3.0,2.0,6.0,6,8,6,0.0,41.0,0.0,3,0.4
2,5.0,2.0,2.0,5.0,6,8,6,2.0,55.0,0.0,3,0.4
3,6.0,3.0,2.0,5.0,6,8,6,3.0,61.0,0.0,3,0.8
3,6.0,3.0,2.0,10.0,6,8,6,3.0,61.0,0.0,3,0.8
2,4.0,5.0,2.0,6.0,6,8,6,1.0,50.0,0.0,3,0.2857142857142857
1,5.0,1.0,2.0,5.0,6,8,6,0.0,47.0,0.0,3,0.2
1,5.0,3.0,2.0,7.0,6,8,6,2.0,66.0,0.0,3,0.2857142857142857
2,6.0,5.0,2.0,3.0,6,8,6,0.0,89.0,0.0,3,2.0
1,6.0,1.0,2.0,3.0,6,8,6,0.0,76.0,0.0,3,0.4
2,6.0,5.0,2.0,3.0,6,8,6,1.0,81.0,0.0,3,2.0
2,6.0,2.0,2.0,3.0,6,8,6,1.0,86.0,0.0,3,2.0
1,6.0,1.0,2.0,3.0,6,8,6,1.0,60.0,0.0,3,1.0
1,6.0,2.0,2.0,3.0,6,8,6,0.0,78.0,0.0,3,1.0
1,4.0,2.0,2.0,8.0,6,8,6,1.0,39.0,0.0,3,2.0
1,6.0,1.0,2.0,4.0,6,8,6,0.0,72.0,0.0,3,0.1666666666666666
1,6.0,3.0,2.0,4.0,7,8,6,2.0,76.0,0.0,3,0.6666666666666666
1,5.0,2.0,2.0,4.0,7,8,6,1.0,63.0,0.0,3,1.0
1,4.0,2.0,2.0,4.0,7,8,6,1.0,52.0,0.0,3,3.0
1,4.0,2.0,2.0,6.0,7,8,6,1.0,54.0,0.0,3,1.0
1,6.0,3.0,2.0,4.0,7,8,6,0.0,46.0,0.0,3,3.0
1,4.0,2.0,2.0,7.0,7,8,6,1.0,18.0,0.0,3,2.0
1,4.0,2.0,2.0,9.0,7,8,6,0.0,38.0,0.0,3,4.0
3,3.0,6.0,2.0,6.0,7,8,6,3.0,38.0,0.0,3,5.0
3,5.0,5.0,2.0,8.0,7,8,6,3.0,50.0,0.0,3,4.0
3,5.0,4.0,2.0,3.0,7,8,6,2.0,84.0,0.0,3,3.0
2,5.0,4.0,2.0,6.0,7,8,6,3.0,55.0,0.0,3,4.0
1,5.0,2.0,2.0,7.0,7,8,6,1.0,43.0,0.5,3,2.0
1,6.0,2.0,2.0,3.0,7,8,6,1.0,62.0,0.0,3,1.0
2,5.0,4.0,2.0,8.0,7,8,6,3.0,53.0,0.0,3,4.0
2,3.0,3.0,2.0,4.0,7,8,6,1.0,65.0,0.3333333333333333,3,3.0
1,3.0,2.0,2.0,4.0,7,8,6,1.0,47.0,0.5,3,2.0
3,5.0,1.0,2.0,5.0,7,8,6,3.0,44.0,0.2857142857142857,3,7.0
2,5.0,3.0,2.0,7.0,7,8,6,2.0,41.0,0.3333333333333333,3,3.0
3,6.0,2.0,2.0,3.0,7,8,6,3.0,56.0,0.1666666666666666,3,6.0
1,3.0,2.0,2.0,8.0,7,8,6,1.0,67.0,0.0,3,2.0
2,5.0,4.0,2.0,3.0,7,8,6,1.0,83.0,0.25,3,4.0
2,3.0,1.0,2.0,6.0,7,8,6,2.0,49.0,0.0,3,4.0
1,5.0,1.0,2.0,3.0,7,8,6,2.0,48.0,0.4,3,5.0
2,5.0,1.0,2.0,10.0,7,8,6,2.0,49.0,0.0,3,3.0
2,5.0,2.0,2.0,3.0,7,8,6,1.0,47.0,0.125,3,8.0
2,5.0,1.0,2.0,4.0,7,8,6,3.0,51.0,0.2,3,5.0
2,6.0,2.0,2.0,4.0,7,8,6,1.0,41.0,0.3333333333333333,3,6.0
2,6.0,2.0,2.0,3.0,7,8,6,2.0,55.0,0.0,3,2.0
1,6.0,2.0,2.0,3.0,7,8,6,2.0,36.0,0.3333333333333333,3,3.0
2,6.0,6.0,2.0,4.0,7,8,6,3.0,58.0,0.1666666666666666,3,6.0
1,5.0,3.0,2.0,4.0,7,8,6,0.0,89.0,0.0,3,1.0
1,5.0,3.0,2.0,6.0,7,8,6,1.0,35.0,0.25,3,4.0
2,5.0,3.0,2.0,4.0,7,8,6,2.0,73.0,0.0,3,3.0
2,2.0,5.0,2.0,10.0,7,8,6,3.0,67.0,0.25,3,4.0
2,2.0,3.0,2.0,6.0,7,8,6,2.0,70.0,0.0,3,4.0
2,5.0,3.0,2.0,5.0,7,8,6,1.0,75.0,0.25,3,4.0
1,3.0,1.0,2.0,10.0,7,8,6,1.0,47.0,0.0,3,4.0
2,3.0,4.0,2.0,10.0,7,8,6,2.0,44.0,0.25,3,4.0
2,3.0,4.0,2.0,6.0,7,8,6,1.0,66.0,0.0,3,3.0
3,5.0,3.0,2.0,8.0,7,8,6,3.0,53.0,0.3333333333333333,3,6.0
2,6.0,3.0,2.0,3.0,7,8,6,0.0,73.0,0.0,3,2.0
3,3.0,6.0,2.0,10.0,7,8,6,3.0,49.0,0.0,3,4.0
3,6.0,1.0,2.0,3.0,7,8,6,3.0,47.0,0.0,3,2.0
3,5.0,3.0,2.0,6.0,7,8,6,2.0,61.0,0.0,3,4.0
2,5.0,2.0,2.0,3.0,7,8,6,0.0,52.0,0.0,3,2.0
2,5.0,4.0,2.0,4.0,7,8,6,2.0,71.0,0.3333333333333333,3,6.0
1,3.0,5.0,2.0,9.0,7,8,6,0.0,74.0,0.0,3,1.0
2,5.0,4.0,2.0,4.0,7,8,6,1.0,60.0,0.0,3,2.0
1,5.0,3.0,2.0,3.0,7,8,6,3.0,48.0,0.0,3,4.0
3,5.0,3.0,2.0,5.0,7,8,6,1.0,35.0,0.25,3,4.0
1,5.0,2.0,2.0,3.0,7,8,6,0.0,72.0,0.0,3,1.0
3,6.0,3.0,2.0,3.0,7,8,6,2.0,65.0,0.1666666666666666,3,6.0
1,6.0,1.0,2.0,3.0,7,8,6,1.0,64.0,0.5,3,2.0
3,5.0,4.0,2.0,4.0,7,8,6,3.0,39.0,0.1666666666666666,3,6.0
3,5.0,4.0,2.0,4.0,7,8,6,3.0,48.0,0.2,3,5.0
3,5.0,4.0,2.0,7.0,7,8,6,3.0,43.0,0.2,3,5.0
2,5.0,4.0,2.0,6.0,7,8,6,1.0,61.0,0.0,3,2.0
3,6.0,2.0,2.0,6.0,7,8,6,3.0,53.0,0.0,3,3.0
1,5.0,3.0,2.0,10.0,7,8,6,1.0,37.0,0.0,3,2.0
2,5.0,3.0,2.0,9.0,7,8,6,0.0,75.0,0.0,3,2.0
2,3.0,6.0,2.0,6.0,7,8,6,2.0,66.0,0.0,3,4.0
3,6.0,5.0,2.0,4.0,7,8,6,2.0,47.0,0.0,3,5.0
2,6.0,1.0,2.0,3.0,7,8,6,2.0,43.0,0.2857142857142857,3,7.0
1,6.0,7.0,2.0,4.0,7,8,6,1.0,44.0,0.0,3,6.0
2,6.0,3.0,2.0,3.0,7,8,6,1.0,28.0,0.6,3,0.625
2,3.0,7.0,2.0,8.0,3,8,6,0.0,55.0,0.0,3,3.0
3,5.0,5.0,2.0,6.0,3,8,6,2.0,47.0,0.0,3,4.0
2,3.0,5.0,2.0,7.0,3,8,6,2.0,64.0,0.0,3,2.0
1,3.0,3.0,2.0,9.0,3,8,6,2.0,37.0,0.5,3,4.0
3,5.0,6.0,2.0,6.0,3,8,6,1.0,77.0,0.0,3,3.0
1,5.0,4.0,2.0,8.0,3,8,6,2.0,58.0,0.3333333333333333,3,3.0
2,3.0,4.0,2.0,10.0,3,8,6,2.0,40.0,0.0,3,4.0
2,5.0,3.0,2.0,10.0,3,8,6,2.0,64.0,0.0,3,2.0
2,5.0,2.0,2.0,10.0,3,8,6,2.0,34.0,0.0,3,2.0
2,5.0,4.0,2.0,6.0,3,8,6,2.0,48.0,0.0,3,3.0
1,5.0,3.0,2.0,3.0,3,8,6,1.0,39.0,0.0,3,4.0
3,5.0,1.0,2.0,6.0,3,8,6,2.0,45.0,0.0,3,1.0
1,5.0,3.0,2.0,6.0,3,8,6,0.0,37.0,0.0,3,1.0
3,5.0,5.0,2.0,6.0,3,8,6,3.0,41.0,0.0,3,1.6666666666666667
1,5.0,2.0,2.0,6.0,3,8,6,1.0,44.0,0.0,3,1.0
1,3.0,6.0,2.0,6.0,3,8,6,0.0,75.0,0.0,3,2.0
1,2.0,4.0,2.0,8.0,3,8,6,1.0,68.0,0.0,3,1.0
3,5.0,3.0,2.0,7.0,3,8,6,2.0,46.0,0.0,3,1.0
3,5.0,5.0,2.0,10.0,3,8,6,3.0,57.0,0.4,3,5.0
2,5.0,5.0,2.0,3.0,3,8,6,2.0,50.0,0.3333333333333333,3,3.0
1,3.0,5.0,2.0,8.0,3,8,6,1.0,46.0,0.0,3,2.0
2,5.0,2.0,2.0,4.0,3,8,6,2.0,69.0,0.0,3,2.0
2,5.0,3.0,2.0,1.0,3,8,6,2.0,73.0,0.4285714285714285,3,3.5
2,2.0,4.0,2.0,9.0,3,8,6,1.0,55.0,0.0,3,3.0
3,5.0,3.0,2.0,4.0,3,8,6,2.0,63.0,0.0,3,4.0
1,3.0,3.0,2.0,4.0,3,8,6,1.0,56.0,0.0,3,3.0
2,5.0,4.0,2.0,4.0,3,8,6,2.0,34.0,0.0,3,1.3333333333333333
2,6.0,2.0,2.0,5.0,3,8,6,2.0,38.0,0.3333333333333333,3,1.0
3,5.0,2.0,2.0,6.0,3,8,6,2.0,57.0,0.0,3,1.0
3,5.0,5.0,2.0,3.0,3,8,6,3.0,41.0,0.2,3,1.6666666666666667
2,5.0,4.0,2.0,6.0,3,8,6,1.0,51.0,0.0,3,2.0
1,3.0,3.0,2.0,7.0,3,8,6,1.0,66.0,0.0,3,2.0
1,5.0,3.0,2.0,3.0,3,8,6,0.0,71.0,0.0,3,1.0
1,5.0,2.0,2.0,5.0,3,8,6,1.0,71.0,0.0,3,2.0
3,5.0,2.0,2.0,5.0,3,8,6,3.0,47.0,0.25,3,4.0
2,5.0,5.0,2.0,6.0,3,8,6,2.0,39.0,0.2,3,5.0
1,5.0,3.0,2.0,9.0,3,8,6,1.0,68.0,0.0,3,1.0
2,5.0,3.0,2.0,10.0,3,8,6,2.0,51.0,0.0,3,0.5
2,6.0,1.0,2.0,10.0,3,8,6,2.0,59.0,0.0,3,0.2857142857142857
1,5.0,3.0,2.0,3.0,3,8,6,1.0,75.0,0.0,3,0.2
1,5.0,3.0,2.0,5.0,3,8,6,1.0,71.0,0.0,3,0.2
3,2.0,6.0,2.0,10.0,3,8,6,3.0,53.0,0.0,3,0.5
1,3.0,2.0,2.0,8.0,1,8,6,0.0,55.0,0.0,3,1.0
2,2.0,3.0,2.0,8.0,1,8,6,1.0,68.0,0.0,3,2.0
2,3.0,6.0,2.0,10.0,1,8,6,1.0,55.0,0.0,3,3.0
1,5.0,3.0,2.0,6.0,1,8,6,1.0,38.0,0.0,3,1.0
1,5.0,3.0,2.0,6.0,1,8,6,1.0,32.0,0.0,3,2.0
2,5.0,4.0,2.0,4.0,1,8,6,2.0,58.0,0.0,3,2.0
1,5.0,2.0,2.0,7.0,1,8,6,1.0,51.0,0.3333333333333333,3,3.0
1,3.0,5.0,2.0,10.0,1,8,6,1.0,58.0,0.0,3,4.0
3,7.0,5.0,2.0,5.0,1,8,6,3.0,60.0,0.1428571428571428,3,7.0
1,5.0,3.0,2.0,9.0,1,8,6,1.0,40.0,0.3333333333333333,3,0.75
1,6.0,2.0,2.0,8.0,1,8,6,1.0,36.0,0.0,3,0.75
1,3.0,2.0,2.0,5.0,1,8,6,0.0,76.0,0.0,3,1.0
2,3.0,3.0,2.0,6.0,1,8,6,2.0,66.0,0.1666666666666666,3,6.0
2,3.0,3.0,2.0,8.0,1,8,6,2.0,58.0,0.0,3,2.0
1,5.0,4.0,2.0,8.0,1,8,6,1.0,58.0,0.0,3,1.0
1,6.0,1.0,2.0,6.0,1,8,6,1.0,45.0,0.3333333333333333,3,3.0
1,2.0,4.0,2.0,10.0,1,8,6,1.0,61.0,0.0,3,2.0
3,3.0,5.0,2.0,8.0,1,8,6,2.0,39.0,0.0,3,3.0
2,5.0,3.0,2.0,4.0,1,8,6,0.0,68.0,0.0,3,2.0
2,6.0,5.0,2.0,5.0,1,8,6,1.0,47.0,0.0,3,3.0
2,5.0,3.0,2.0,3.0,7,8,6,1.0,62.0,0.0,3,3.0
1,5.0,2.0,2.0,6.0,7,8,6,1.0,58.0,0.0,3,0.2857142857142857
3,3.0,4.0,2.0,4.0,7,8,6,2.0,41.0,0.25,3,0.5714285714285714
1,5.0,4.0,2.0,5.0,7,8,6,0.0,70.0,0.0,3,0.2857142857142857
2,3.0,3.0,2.0,8.0,7,8,6,2.0,57.0,0.0,3,2.0
3,5.0,5.0,2.0,6.0,7,8,6,2.0,67.0,0.0,3,3.0
2,5.0,1.0,2.0,8.0,7,8,6,1.0,68.0,0.0,3,2.0
1,6.0,2.0,2.0,3.0,7,8,6,1.0,59.0,0.0,3,0.4
2,5.0,3.0,2.0,4.0,7,8,6,2.0,43.0,0.25,3,0.5714285714285714
2,3.0,4.0,2.0,9.0,7,8,6,2.0,51.0,0.25,3,4.0
1,3.0,3.0,2.0,10.0,7,8,6,1.0,63.0,0.0,3,1.0
2,5.0,4.0,2.0,6.0,7,8,6,2.0,43.0,0.2,3,5.0
2,5.0,3.0,2.0,8.0,7,8,6,1.0,68.0,0.0,3,0.6
1,5.0,2.0,2.0,4.0,7,8,6,1.0,65.0,0.0,3,1.0
1,3.0,2.0,2.0,5.0,7,8,6,0.0,41.0,0.0,3,0.5714285714285714
2,5.0,2.0,2.0,4.0,7,8,6,2.0,60.0,0.0,3,5.0
3,5.0,4.0,2.0,5.0,7,8,6,2.0,66.0,0.4,3,5.0
3,6.0,5.0,2.0,4.0,7,8,6,3.0,66.0,0.0,3,3.0
3,5.0,4.0,2.0,6.0,7,8,6,2.0,62.0,0.0,3,4.0
2,6.0,2.0,2.0,4.0,7,8,6,2.0,56.0,0.0,3,2.0
1,5.0,3.0,2.0,3.0,7,8,6,1.0,74.0,0.0,3,1.0
3,3.0,3.0,2.0,4.0,7,8,6,3.0,54.0,0.3333333333333333,3,6.0
2,4.0,1.0,2.0,4.0,7,8,6,1.0,51.0,0.4,3,5.0
3,5.0,3.0,2.0,7.0,7,8,6,2.0,48.0,0.2,3,5.0
1,5.0,2.0,2.0,7.0,7,8,6,1.0,53.0,0.0,3,1.0
3,5.0,4.0,2.0,6.0,7,8,6,3.0,37.0,0.4,3,5.0
2,6.0,3.0,2.0,3.0,7,8,6,1.0,63.0,0.0,3,2.0
2,5.0,4.0,2.0,8.0,7,8,6,1.0,43.0,0.1666666666666666,3,6.0
2,6.0,3.0,2.0,3.0,7,8,6,1.0,65.0,0.25,3,4.0
3,4.0,4.0,2.0,3.0,7,8,6,3.0,50.0,0.1666666666666666,3,6.0
2,4.0,3.0,2.0,3.0,7,8,6,0.0,98.0,0.0,3,2.0
2,4.0,5.0,2.0,1.0,7,8,6,2.0,67.0,0.0,3,3.0
2,4.0,3.0,2.0,10.0,7,8,6,2.0,33.0,0.0,3,0.4
2,4.0,1.0,2.0,9.0,7,8,6,2.0,39.0,0.0,3,0.6
2,4.0,2.0,2.0,6.0,7,8,6,2.0,32.0,0.5,3,0.75
3,4.0,2.0,2.0,3.0,7,8,6,3.0,46.0,0.0,3,0.5
2,4.0,2.0,2.0,3.0,7,8,6,0.0,78.0,0.0,3,0.25
2,4.0,2.0,2.0,5.0,7,8,6,2.0,45.0,0.0,3,0.375
2,4.0,1.0,2.0,4.0,7,8,6,2.0,34.0,0.5,3,4.0
1,4.0,6.0,2.0,3.0,7,8,6,1.0,37.0,0.0,3,2.0
1,5.0,2.0,2.0,5.0,6,8,6,1.0,44.0,0.0,3,0.25
1,5.0,1.0,2.0,10.0,6,8,6,1.0,42.0,0.0,3,0.5
2,5.0,4.0,2.0,8.0,6,8,6,2.0,32.0,0.3333333333333333,3,0.75
2,5.0,5.0,2.0,6.0,3,8,6,2.0,50.0,0.0,3,3.0
1,5.0,4.0,2.0,1.0,3,8,6,1.0,76.0,0.0,3,2.0
1,5.0,3.0,2.0,4.0,3,8,6,0.0,62.0,0.0,3,1.0
1,6.0,1.0,2.0,6.0,7,8,6,3.0,35.0,0.25,3,4.0
3,5.0,5.0,2.0,7.0,7,8,6,2.0,33.0,0.1428571428571428,3,7.0
2,5.0,2.0,2.0,6.0,7,8,6,3.0,58.0,0.0,3,3.0
2,5.0,3.0,2.0,5.0,7,8,6,1.0,18.0,0.0,3,2.0
2,5.0,4.0,2.0,6.0,7,8,6,2.0,41.0,0.4,3,5.0
3,2.0,6.0,2.0,3.0,7,8,6,3.0,38.0,0.3333333333333333,3,6.0
2,5.0,4.0,2.0,5.0,1,8,6,2.0,51.0,0.2,3,5.0
2,2.0,3.0,2.0,8.0,1,8,6,1.0,50.0,0.0,3,2.0
1,5.0,4.0,2.0,3.0,2,8,6,1.0,67.0,0.0,3,1.0
2,6.0,5.0,2.0,6.0,2,8,6,1.0,45.0,0.0,3,0.2857142857142857
1,5.0,3.0,2.0,5.0,2,8,6,0.0,75.0,0.0,3,1.0
3,5.0,1.0,2.0,1.0,7,8,6,2.0,81.0,0.0,3,3.0
3,4.0,3.0,2.0,5.0,8,8,6,3.0,70.0,0.0,3,3.0
3,5.0,4.0,2.0,8.0,8,8,6,3.0,47.0,0.0,3,3.0
2,5.0,4.0,2.0,6.0,8,8,6,1.0,57.0,0.3333333333333333,3,6.0
0,6.0,3.0,2.0,6.0,8,8,6,0.0,51.0,0.0,3,0.1428571428571428
2,5.0,4.0,2.0,1.0,3,8,6,2.0,71.0,0.0,3,3.0
1,3.0,3.0,2.0,4.0,3,8,6,0.0,63.0,0.0,3,1.0
3,3.0,5.0,2.0,7.0,3,8,6,1.0,56.0,0.25,3,4.0
1,5.0,4.0,2.0,5.0,3,8,6,1.0,61.0,0.0,3,1.0
2,5.0,4.0,2.0,6.0,3,8,6,2.0,57.0,0.0,3,3.0
3,3.0,6.0,2.0,5.0,3,8,6,2.0,50.0,0.0,3,3.0
3,4.0,5.0,2.0,6.0,7,8,6,1.0,36.0,0.375,3,1.0
1,4.0,4.0,2.0,3.0,7,8,6,1.0,76.0,0.0,3,0.125
1,4.0,1.0,2.0,1.0,7,8,6,1.0,48.0,0.0,3,0.5
2,5.0,2.0,2.0,5.0,6,8,6,2.0,40.0,0.3333333333333333,3,3.0
2,5.0,1.0,2.0,4.0,6,8,6,2.0,64.0,0.0,3,0.25
1,5.0,1.0,2.0,3.0,6,8,6,0.0,64.0,0.0,3,0.1666666666666666
1,5.0,3.0,2.0,6.0,6,8,6,1.0,59.0,0.0,3,2.0
2,6.0,4.0,2.0,7.0,6,8,6,1.0,57.0,0.0,3,2.0
3,6.0,4.0,2.0,5.0,6,8,6,1.0,44.0,0.0,3,3.0
2,6.0,2.0,2.0,3.0,6,8,6,2.0,75.0,0.0,3,2.0
1,5.0,3.0,2.0,3.0,7,8,6,2.0,38.0,0.4,3,5.0
2,6.0,2.0,2.0,3.0,7,8,6,3.0,57.0,0.3333333333333333,3,6.0
3,5.0,5.0,2.0,4.0,7,8,6,3.0,71.0,0.0,3,3.0
2,6.0,7.0,2.0,4.0,7,8,6,2.0,64.0,0.1666666666666666,3,6.0
1,6.0,3.0,2.0,6.0,1,8,6,2.0,37.0,0.3333333333333333,3,3.0
1,5.0,3.0,2.0,8.0,1,8,6,1.0,58.0,0.0,3,1.0
1,5.0,3.0,2.0,6.0,1,8,6,1.0,50.0,0.0,3,1.0
1,5.0,3.0,2.0,8.0,1,8,6,1.0,48.0,0.0,3,1.0
1,5.0,2.0,2.0,8.0,4,8,6,0.0,73.0,0.0,3,2.0
3,4.0,6.0,2.0,8.0,4,8,6,1.0,77.0,0.0,3,5.0
1,6.0,2.0,2.0,4.0,2,8,6,0.0,84.0,0.0,3,1.0
2,5.0,4.0,2.0,6.0,2,8,6,2.0,60.0,0.0,3,2.0
1,5.0,4.0,2.0,4.0,2,8,6,1.0,88.0,0.0,3,3.0
3,6.0,4.0,2.0,6.0,2,8,6,3.0,48.0,0.2,3,5.0
1,5.0,3.0,2.0,3.0,5,8,6,0.0,82.0,0.0,3,1.0
1,5.0,1.0,2.0,8.0,5,8,6,0.0,67.0,0.0,3,1.0
2,6.0,5.0,2.0,6.0,5,8,6,2.0,53.0,0.2,3,5.0
2,6.0,2.0,2.0,1.0,5,8,6,0.0,78.0,0.0,3,2.0
1,6.0,2.0,2.0,4.0,5,8,6,1.0,70.0,0.0,3,1.0
3,5.0,2.0,2.0,10.0,7,8,6,1.0,56.0,0.0,3,4.0
3,2.0,4.0,2.0,6.0,7,8,6,2.0,70.0,0.0,3,3.0
3,6.0,2.0,2.0,1.0,7,8,6,2.0,39.0,0.3333333333333333,3,6.0
2,6.0,3.0,2.0,6.0,6,8,6,2.0,47.0,0.25,3,4.0
1,6.0,2.0,2.0,6.0,6,8,6,2.0,48.0,0.0,3,2.0
1,5.0,2.0,2.0,3.0,6,8,6,1.0,63.0,0.0,3,1.0
2,6.0,2.0,2.0,6.0,6,8,6,1.0,75.0,0.0,3,3.0
1,6.0,2.0,2.0,5.0,6,8,6,1.0,47.0,0.0,3,1.0
2,6.0,3.0,2.0,3.0,6,8,6,1.0,73.0,0.0,3,2.0
1,6.0,1.0,2.0,3.0,6,8,6,0.0,75.0,0.0,3,1.0
2,6.0,1.0,2.0,5.0,6,8,6,2.0,37.0,0.4,3,5.0
2,6.0,2.0,2.0,6.0,6,8,6,2.0,55.0,0.5,3,4.0
1,5.0,4.0,2.0,9.0,6,8,6,2.0,55.0,0.0,3,0.6
2,5.0,4.0,2.0,8.0,6,8,6,2.0,42.0,0.3333333333333333,3,3.0
3,3.0,3.0,2.0,10.0,8,8,6,1.0,83.0,0.0,3,4.0
1,3.0,6.0,2.0,4.0,8,8,6,0.0,95.0,0.0,3,2.0
2,1.0,4.0,2.0,8.0,8,8,6,1.0,77.0,0.0,3,3.0
2,5.0,2.0,2.0,3.0,4,8,6,1.0,65.0,0.0,3,2.0
3,5.0,3.0,2.0,5.0,4,8,6,2.0,44.0,0.0,3,3.0
2,3.0,3.0,2.0,8.0,4,8,6,1.0,42.0,0.25,3,4.0
1,2.0,2.0,2.0,6.0,4,8,6,0.0,74.0,0.0,3,2.0
1,5.0,3.0,2.0,8.0,4,8,6,0.0,88.0,0.0,3,2.0
2,5.0,4.0,2.0,4.0,4,8,6,0.0,80.0,0.0,3,2.0
1,3.0,1.0,2.0,4.0,4,8,6,0.0,75.0,0.0,3,1.0
1,5.0,2.0,2.0,1.0,7,8,6,0.0,78.0,0.0,3,1.0
2,5.0,2.0,2.0,10.0,7,8,6,2.0,73.0,0.0,3,2.0
1,5.0,3.0,2.0,6.0,7,8,6,0.0,50.0,0.0,3,0.5
2,5.0,3.0,2.0,6.0,7,8,6,0.0,61.0,0.0,3,2.0
1,5.0,3.0,2.0,6.0,7,8,6,2.0,57.0,0.0,3,2.0
2,6.0,2.0,2.0,3.0,7,8,6,1.0,72.0,0.0,3,2.0
2,6.0,3.0,2.0,5.0,7,8,6,2.0,41.0,0.0,3,2.0
1,5.0,3.0,2.0,6.0,7,8,6,1.0,49.0,0.0,3,3.0
1,5.0,1.0,2.0,3.0,7,8,6,0.0,79.0,0.0,3,1.0
1,5.0,2.0,2.0,1.0,7,8,6,0.0,72.0,0.0,3,1.0
2,5.0,1.0,2.0,3.0,7,8,6,0.0,85.0,0.0,3,3.0
1,5.0,3.0,2.0,5.0,7,8,6,2.0,56.0,0.0,3,2.0
3,5.0,1.0,2.0,4.0,7,8,6,3.0,41.0,0.25,3,4.0
2,5.0,4.0,2.0,6.0,7,8,6,2.0,42.0,0.3333333333333333,3,3.0
1,5.0,4.0,2.0,1.0,4,8,6,1.0,58.0,0.3333333333333333,3,3.0
2,5.0,2.0,2.0,6.0,4,8,6,3.0,32.0,0.25,3,4.0
2,5.0,4.0,2.0,4.0,4,8,6,3.0,54.0,0.0,3,3.0
3,5.0,3.0,2.0,6.0,4,8,6,3.0,34.0,0.25,3,4.0
2,6.0,2.0,2.0,3.0,4,8,6,3.0,52.0,0.0,3,3.0
3,5.0,3.0,2.0,3.0,4,8,6,2.0,73.0,0.0,3,4.0
2,5.0,3.0,2.0,6.0,4,8,6,2.0,56.0,0.25,3,4.0
2,5.0,3.0,2.0,6.0,4,8,6,1.0,48.0,0.25,3,4.0
2,4.0,6.0,2.0,4.0,4,8,6,2.0,73.0,0.0,3,3.0
2,6.0,2.0,2.0,5.0,4,8,6,1.0,64.0,0.0,3,3.0
2,5.0,6.0,2.0,3.0,4,8,6,0.0,85.0,0.0,3,2.0
2,5.0,5.0,2.0,7.0,4,8,6,2.0,50.0,0.0,3,4.0
2,6.0,2.0,2.0,3.0,4,8,6,2.0,70.0,0.0,3,2.0
2,6.0,4.0,2.0,5.0,4,8,6,2.0,30.0,0.5,3,4.0
1,4.0,3.0,2.0,4.0,4,8,6,1.0,53.0,0.4,3,5.0
1,5.0,4.0,2.0,4.0,4,8,6,2.0,54.0,0.0,3,0.25
1,5.0,3.0,2.0,3.0,4,8,6,2.0,56.0,0.0,3,2.0
2,6.0,3.0,2.0,4.0,4,8,6,2.0,67.0,0.0,3,2.0
1,4.0,2.0,2.0,3.0,4,8,6,1.0,37.0,0.5,3,2.0
3,5.0,7.0,2.0,3.0,4,8,6,3.0,54.0,0.1666666666666666,3,6.0
1,6.0,5.0,2.0,3.0,4,8,6,1.0,67.0,0.0,3,1.0
1,5.0,2.0,2.0,3.0,4,8,6,1.0,65.0,0.0,3,1.0
1,5.0,2.0,2.0,6.0,4,8,6,2.0,53.0,0.0,3,3.0
1,6.0,3.0,2.0,3.0,4,8,6,1.0,83.0,0.0,3,1.0
2,5.0,5.0,2.0,4.0,4,8,6,2.0,58.0,0.0,3,2.0
1,6.0,6.0,2.0,3.0,7,8,6,0.0,73.0,0.0,3,2.0
2,6.0,4.0,2.0,4.0,7,8,6,2.0,57.0,0.0,3,2.0
2,6.0,3.0,2.0,4.0,7,8,6,2.0,56.0,0.2,3,5.0
2,6.0,1.0,2.0,4.0,7,8,6,1.0,53.0,0.0,3,2.0
3,6.0,4.0,2.0,4.0,7,8,6,3.0,61.0,0.0,3,3.0
1,6.0,5.0,2.0,3.0,7,8,6,1.0,67.0,0.0,3,1.0
3,4.0,3.0,2.0,3.0,7,8,6,3.0,52.0,0.0,3,3.0
2,6.0,4.0,2.0,8.0,7,8,6,2.0,44.0,0.25,3,4.0
2,5.0,5.0,2.0,8.0,7,8,6,2.0,45.0,0.0,3,3.0
1,6.0,4.0,2.0,4.0,7,8,6,1.0,53.0,0.0,3,0.2
2,5.0,3.0,2.0,4.0,7,8,6,1.0,30.0,0.5,3,4.0
1,6.0,2.0,2.0,3.0,7,8,6,1.0,45.0,0.5,3,2.0
1,6.0,4.0,2.0,1.0,7,8,6,1.0,81.0,0.0,3,1.0
2,6.0,2.0,2.0,1.0,7,8,6,2.0,61.0,0.0,3,2.0
2,5.0,1.0,2.0,3.0,7,8,6,1.0,29.0,0.5,3,4.0
1,5.0,3.0,2.0,4.0,7,8,6,2.0,31.0,0.3333333333333333,3,3.0
1,6.0,2.0,2.0,1.0,7,8,6,0.0,86.0,0.0,3,2.0
2,4.0,1.0,2.0,8.0,7,8,6,3.0,53.0,0.25,3,8.0
2,6.0,2.0,2.0,3.0,7,8,6,2.0,54.0,0.0,3,0.5
2,6.0,1.0,2.0,1.0,7,8,6,0.0,93.0,0.0,3,4.0
3,3.0,5.0,2.0,8.0,2,8,6,3.0,50.0,0.0,3,1.3333333333333333
3,5.0,3.0,2.0,4.0,2,8,6,2.0,86.0,0.0,3,3.0
1,5.0,2.0,2.0,6.0,2,8,6,1.0,61.0,0.0,3,1.0
3,5.0,3.0,2.0,3.0,2,8,6,1.0,74.0,0.25,3,4.0
2,6.0,2.0,2.0,9.0,2,8,6,2.0,33.0,0.3333333333333333,3,0.75
3,5.0,2.0,2.0,4.0,2,8,6,1.0,45.0,0.0,3,0.75
2,5.0,4.0,2.0,6.0,2,8,6,1.0,36.0,0.25,3,1.0
2,5.0,2.0,2.0,4.0,2,8,6,1.0,66.0,0.0,3,0.5
1,6.0,3.0,2.0,5.0,2,8,6,1.0,49.0,0.0,3,0.25
2,3.0,3.0,2.0,8.0,2,8,6,2.0,70.0,0.0,3,3.0
1,5.0,5.0,2.0,8.0,2,8,6,1.0,62.0,0.0,3,4.0
3,3.0,5.0,2.0,8.0,2,8,6,2.0,51.0,0.1666666666666666,3,6.0
2,5.0,2.0,2.0,5.0,2,8,6,1.0,53.0,0.0,3,3.0
3,3.0,4.0,2.0,6.0,2,8,6,1.0,68.0,0.0,3,3.0
3,6.0,5.0,2.0,1.0,2,8,6,3.0,56.0,0.1428571428571428,3,7.0
3,2.0,5.0,2.0,6.0,2,8,6,2.0,42.0,0.0,3,4.0
3,5.0,5.0,2.0,7.0,2,8,6,1.0,45.0,0.0,3,4.0
3,5.0,6.0,2.0,6.0,2,8,6,2.0,77.0,0.0,3,3.0
3,5.0,3.0,2.0,5.0,2,8,6,1.0,45.0,0.0,3,3.0
1,6.0,3.0,2.0,3.0,2,8,6,1.0,53.0,0.0,3,1.0
1,3.0,2.0,2.0,5.0,5,8,6,0.0,80.0,0.0,3,0.5
3,5.0,4.0,2.0,5.0,5,8,6,3.0,64.0,0.0,3,3.0
3,6.0,4.0,2.0,4.0,5,8,6,2.0,57.0,0.25,3,4.0
2,3.0,5.0,2.0,8.0,5,8,6,2.0,55.0,0.0,3,3.0
2,6.0,3.0,2.0,3.0,5,8,6,1.0,49.0,0.0,3,4.0
2,5.0,4.0,2.0,3.0,5,8,6,1.0,55.0,0.0,3,2.0
1,2.0,4.0,2.0,10.0,5,8,6,1.0,60.0,0.0,3,1.0
1,3.0,7.0,2.0,10.0,5,8,6,1.0,67.0,0.0,3,2.0
3,3.0,3.0,2.0,6.0,5,8,6,2.0,50.0,0.0,3,4.0
1,5.0,1.0,2.0,8.0,5,8,6,1.0,44.0,0.5,3,2.0
2,6.0,3.0,2.0,3.0,5,8,6,1.0,73.0,0.0,3,0.25
2,5.0,5.0,2.0,6.0,5,8,6,2.0,39.0,0.0,3,0.375
3,6.0,3.0,2.0,6.0,5,8,6,2.0,66.0,0.0,3,0.5
2,6.0,3.0,2.0,5.0,5,8,6,2.0,47.0,0.0,3,2.0
2,6.0,4.0,2.0,4.0,5,8,6,1.0,61.0,0.0,3,3.0
2,6.0,2.0,2.0,1.0,5,8,6,1.0,48.0,0.0,3,2.0
2,6.0,5.0,2.0,4.0,5,8,6,1.0,67.0,0.0,3,2.0
3,6.0,6.0,2.0,3.0,5,8,6,1.0,55.0,0.3333333333333333,3,6.0
3,6.0,6.0,2.0,5.0,5,8,6,2.0,54.0,0.4,3,5.0
1,6.0,5.0,2.0,5.0,5,8,6,1.0,70.0,0.0,3,3.0
2,6.0,7.0,2.0,10.0,5,8,6,2.0,62.0,0.1666666666666666,3,6.0
1,5.0,6.0,2.0,5.0,5,8,6,1.0,59.0,0.0,3,3.0
1,5.0,4.0,2.0,4.0,5,8,6,1.0,78.0,0.0,3,1.0
1,5.0,2.0,2.0,8.0,5,8,6,1.0,39.0,0.25,3,4.0
2,6.0,5.0,2.0,4.0,5,8,6,1.0,73.0,0.0,3,2.0
1,6.0,3.0,2.0,4.0,5,8,6,1.0,73.0,0.0,3,1.0
3,6.0,4.0,2.0,3.0,5,8,6,1.0,56.0,0.0,3,3.0
2,5.0,7.0,2.0,8.0,5,8,6,2.0,50.0,0.0,3,4.0
2,5.0,7.0,2.0,3.0,5,8,6,2.0,60.0,0.3333333333333333,3,3.0
3,6.0,5.0,2.0,3.0,5,8,6,1.0,77.0,0.0,3,0.625
2,6.0,1.0,2.0,6.0,5,8,6,1.0,39.0,0.4,3,0.8333333333333334
1,5.0,4.0,2.0,8.0,6,8,6,0.0,95.0,0.0,3,1.0
2,2.0,3.0,2.0,10.0,6,8,6,2.0,59.0,0.0,3,2.0
3,2.0,4.0,2.0,8.0,6,8,6,2.0,88.0,0.0,3,3.0
1,4.0,3.0,2.0,3.0,6,8,6,1.0,71.0,0.0,3,0.5
1,5.0,3.0,2.0,6.0,6,8,6,1.0,29.0,0.3333333333333333,3,3.0
3,5.0,2.0,2.0,8.0,6,8,6,2.0,50.0,0.0,3,4.0
2,2.0,4.0,2.0,9.0,6,8,6,2.0,55.0,0.25,3,4.0
3,4.0,3.0,2.0,6.0,6,8,6,2.0,55.0,0.2,3,2.5
1,6.0,6.0,2.0,4.0,6,8,6,1.0,57.0,0.0,3,1.0
1,6.0,4.0,2.0,8.0,6,8,6,1.0,47.0,0.0,3,3.0
2,5.0,2.0,2.0,6.0,6,8,6,2.0,58.0,0.0,3,2.0
3,5.0,4.0,2.0,5.0,6,8,6,3.0,58.0,0.2,3,5.0
2,5.0,4.0,2.0,3.0,6,8,6,2.0,57.0,0.0,3,3.0
3,6.0,6.0,2.0,3.0,6,8,6,3.0,62.0,0.0,3,3.0
1,4.0,4.0,2.0,3.0,6,8,6,1.0,72.0,0.0,3,1.0
1,6.0,5.0,2.0,1.0,6,8,6,1.0,74.0,0.0,3,1.0
2,6.0,4.0,2.0,4.0,6,8,6,2.0,61.0,0.0,3,2.0
3,4.0,4.0,2.0,5.0,6,8,6,3.0,47.0,0.0,3,5.0
1,4.0,3.0,2.0,4.0,6,8,6,3.0,66.0,0.25,3,4.0
2,5.0,6.0,2.0,4.0,6,8,6,2.0,77.0,0.0,3,2.0
3,6.0,6.0,2.0,3.0,6,8,6,3.0,48.0,0.0,3,3.0
2,6.0,2.0,2.0,4.0,6,8,6,2.0,81.0,0.0,3,2.0
1,4.0,7.0,2.0,7.0,6,8,6,1.0,70.0,0.0,3,1.0
1,6.0,2.0,2.0,3.0,6,8,6,1.0,61.0,0.0,3,0.1428571428571428
2,4.0,3.0,2.0,4.0,6,8,6,1.0,74.0,0.0,3,2.0
1,6.0,5.0,2.0,3.0,6,8,6,2.0,66.0,0.0,3,2.0
3,4.0,4.0,2.0,6.0,6,8,6,3.0,47.0,0.2857142857142857,3,7.0
2,4.0,4.0,2.0,4.0,6,8,6,2.0,52.0,0.25,3,4.0
1,6.0,5.0,2.0,3.0,6,8,6,1.0,71.0,0.0,3,2.0
1,6.0,5.0,2.0,3.0,6,8,6,2.0,47.0,0.0,3,2.0
1,6.0,6.0,2.0,3.0,6,8,6,3.0,59.0,0.0,3,3.0
2,6.0,5.0,2.0,3.0,6,8,6,2.0,59.0,0.0,3,2.0
2,6.0,1.0,2.0,7.0,6,8,6,2.0,32.0,0.3333333333333333,3,3.0
2,6.0,5.0,2.0,8.0,6,8,6,2.0,58.0,0.0,3,4.0
1,6.0,2.0,2.0,4.0,6,8,6,2.0,68.0,0.0,3,6.0
3,6.0,2.0,2.0,6.0,6,8,6,3.0,43.0,0.2,3,2.5
2,6.0,5.0,2.0,9.0,6,8,6,2.0,65.0,0.0,3,2.0
1,4.0,7.0,2.0,3.0,6,8,6,1.0,42.0,0.5,3,4.0
3,6.0,6.0,2.0,5.0,6,8,6,3.0,56.0,0.0,3,3.0
2,4.0,7.0,2.0,9.0,6,8,6,2.0,29.0,0.5,3,4.0
2,2.0,5.0,2.0,10.0,6,8,6,1.0,53.0,0.0,3,4.0
2,1.0,3.0,2.0,6.0,6,8,6,1.0,47.0,0.3333333333333333,3,3.0
3,3.0,6.0,2.0,10.0,6,8,6,2.0,78.0,0.0,3,3.0
1,3.0,5.0,2.0,6.0,6,8,6,0.0,63.0,0.0,3,2.0
2,5.0,4.0,2.0,4.0,6,8,6,2.0,55.0,0.0,3,3.0
2,5.0,4.0,2.0,3.0,6,8,6,1.0,40.0,0.3333333333333333,3,1.0
3,5.0,6.0,2.0,6.0,6,8,6,3.0,35.0,0.2,3,1.6666666666666667
1,5.0,2.0,2.0,6.0,6,8,6,1.0,45.0,0.0,3,0.3333333333333333
1,5.0,2.0,2.0,6.0,6,8,6,1.0,48.0,0.3333333333333333,3,1.0
2,5.0,3.0,2.0,6.0,6,8,6,1.0,63.0,0.0,3,0.6666666666666666
1,5.0,2.0,2.0,6.0,6,8,6,1.0,49.0,0.0,3,2.0
2,5.0,2.0,2.0,4.0,6,8,6,1.0,72.0,0.0,3,3.0
3,3.0,5.0,2.0,10.0,6,8,6,3.0,67.0,0.0,3,3.0
2,3.0,5.0,2.0,8.0,6,8,6,2.0,47.0,0.0,3,3.0
1,3.0,4.0,2.0,8.0,6,8,6,1.0,58.0,0.0,3,1.0
3,3.0,4.0,2.0,5.0,6,8,6,3.0,73.0,0.0,3,5.0
2,3.0,6.0,2.0,10.0,6,8,6,0.0,70.0,0.0,3,2.0
2,5.0,6.0,2.0,10.0,6,8,6,2.0,58.0,0.0,3,3.0
3,5.0,3.0,2.0,10.0,6,8,6,2.0,43.0,0.3333333333333333,3,3.0
2,5.0,1.0,2.0,6.0,6,8,6,2.0,61.0,0.25,3,1.3333333333333333
1,5.0,1.0,2.0,6.0,6,8,6,1.0,37.0,0.25,3,1.3333333333333333
2,5.0,4.0,2.0,6.0,6,8,6,2.0,35.0,0.4,3,5.0
1,2.0,4.0,2.0,10.0,6,8,6,1.0,43.0,0.25,3,4.0
2,5.0,6.0,2.0,6.0,6,8,6,2.0,67.0,0.0,3,2.0
2,5.0,4.0,2.0,4.0,3,8,6,2.0,54.0,0.0,3,4.0
2,5.0,3.0,2.0,5.0,3,8,6,2.0,57.0,0.0,3,2.0
2,5.0,4.0,2.0,5.0,3,8,6,1.0,42.0,0.0,3,2.0
1,5.0,3.0,2.0,10.0,3,8,6,1.0,46.0,0.5,3,4.0
2,5.0,3.0,2.0,6.0,6,8,6,2.0,30.0,0.0,3,3.0
2,5.0,4.0,2.0,6.0,6,8,6,2.0,48.0,0.3333333333333333,3,3.0
2,5.0,4.0,2.0,5.0,6,8,6,3.0,46.0,0.2,3,5.0
2,5.0,6.0,2.0,3.0,3,8,6,1.0,53.0,0.25,3,1.0
2,5.0,2.0,2.0,4.0,3,8,6,2.0,40.0,0.0,3,0.75
1,3.0,4.0,2.0,6.0,3,8,6,1.0,50.0,0.25,3,1.0
2,3.0,2.0,2.0,8.0,3,8,6,2.0,55.0,0.0,3,0.75
1,5.0,3.0,2.0,6.0,3,8,6,1.0,39.0,0.4,3,1.25
1,6.0,3.0,2.0,6.0,3,8,6,1.0,44.0,0.0,3,2.0
1,6.0,2.0,2.0,7.0,3,8,6,1.0,68.0,0.0,3,1.0
1,5.0,4.0,2.0,6.0,3,8,6,1.0,67.0,0.0,3,0.125
1,6.0,2.0,2.0,3.0,3,8,6,1.0,79.0,0.0,3,1.0
1,5.0,2.0,2.0,6.0,3,8,6,1.0,72.0,0.0,3,2.0
2,5.0,2.0,2.0,7.0,6,8,6,1.0,72.0,0.0,3,2.0
0,5.0,4.0,2.0,5.0,5,8,6,0.0,65.0,0.0,3,3.0
2,6.0,3.0,2.0,3.0,5,8,6,2.0,50.0,0.25,3,4.0
2,5.0,3.0,2.0,10.0,5,8,6,2.0,67.0,0.0,3,2.0
2,3.0,3.0,2.0,8.0,5,8,6,0.0,83.0,0.0,3,2.0
3,3.0,5.0,2.0,10.0,5,8,6,2.0,77.0,0.0,3,3.0
2,5.0,4.0,2.0,7.0,5,8,6,2.0,49.0,0.6,3,5.0
3,5.0,3.0,2.0,6.0,5,8,6,2.0,51.0,0.2,3,5.0
2,5.0,4.0,2.0,3.0,7,8,6,2.0,51.0,0.0,3,2.0
2,5.0,3.0,2.0,3.0,7,8,6,2.0,59.0,0.0,3,2.0
2,5.0,5.0,2.0,5.0,7,8,6,2.0,44.0,0.3333333333333333,3,6.0
2,5.0,5.0,2.0,6.0,7,8,6,2.0,49.0,0.25,3,4.0
3,6.0,2.0,2.0,3.0,7,8,6,2.0,51.0,0.25,3,4.0
2,6.0,4.0,2.0,5.0,5,8,6,2.0,34.0,0.3333333333333333,3,3.0
2,6.0,2.0,2.0,3.0,5,8,6,2.0,74.0,0.0,3,2.0
1,6.0,2.0,2.0,1.0,5,8,6,1.0,79.0,0.0,3,0.125
1,5.0,1.0,2.0,8.0,5,8,6,1.0,52.0,0.0,3,1.0
1,6.0,2.0,2.0,1.0,5,8,6,1.0,68.0,0.0,3,0.1666666666666666
2,6.0,2.0,2.0,4.0,5,8,6,2.0,75.0,0.0,3,2.0
2,6.0,2.0,2.0,4.0,5,8,6,2.0,74.0,0.0,3,2.0
2,5.0,5.0,2.0,3.0,5,8,6,2.0,71.0,0.3333333333333333,3,3.0
1,6.0,4.0,2.0,6.0,5,8,6,1.0,57.0,0.0,3,1.0
3,5.0,4.0,2.0,8.0,5,8,6,2.0,54.0,0.25,3,2.0
2,5.0,4.0,2.0,8.0,5,8,6,2.0,72.0,0.0,3,2.0
3,6.0,3.0,2.0,7.0,5,8,6,2.0,44.0,0.0,3,3.0
2,6.0,2.0,2.0,4.0,5,8,6,2.0,71.0,0.0,3,2.0
3,6.0,4.0,2.0,3.0,5,8,6,2.0,53.0,0.0,3,5.0
2,6.0,3.0,2.0,5.0,5,8,6,3.0,36.0,0.25,3,4.0
3,6.0,4.0,2.0,3.0,5,8,6,3.0,42.0,0.25,3,4.0
2,6.0,6.0,2.0,3.0,5,8,6,2.0,48.0,0.3333333333333333,3,3.0
2,6.0,4.0,2.0,8.0,5,8,6,2.0,49.0,0.2,3,5.0
1,6.0,4.0,2.0,1.0,5,8,6,1.0,61.0,0.0,3,1.0
1,6.0,3.0,2.0,1.0,5,8,6,0.0,78.0,0.0,3,1.0
2,6.0,2.0,2.0,4.0,5,8,6,2.0,74.0,0.0,3,0.3333333333333333
2,6.0,3.0,2.0,4.0,5,8,6,0.0,78.0,0.0,3,0.3333333333333333
2,6.0,3.0,2.0,6.0,5,8,6,2.0,58.0,0.0,3,0.3333333333333333
1,6.0,3.0,2.0,5.0,5,8,6,1.0,54.0,0.0,3,0.1666666666666666
1,6.0,1.0,2.0,5.0,5,8,6,1.0,56.0,0.0,3,0.1666666666666666
1,5.0,4.0,2.0,1.0,4,8,6,0.0,91.0,0.0,3,1.0
3,3.0,5.0,2.0,3.0,4,8,6,2.0,81.0,0.0,3,7.0
3,5.0,4.0,2.0,8.0,4,8,6,2.0,40.0,0.2,3,5.0
3,5.0,4.0,2.0,4.0,4,8,6,3.0,45.0,0.25,3,4.0
3,5.0,2.0,2.0,8.0,4,8,6,2.0,36.0,0.0,3,3.0
2,3.0,5.0,2.0,8.0,4,8,6,2.0,48.0,0.2,3,5.0
3,3.0,3.0,2.0,4.0,4,8,6,2.0,61.0,0.0,3,3.0
3,2.0,6.0,2.0,8.0,4,8,6,2.0,51.0,0.0,3,4.0
2,5.0,6.0,2.0,3.0,4,8,6,2.0,51.0,0.3333333333333333,3,6.0
2,5.0,3.0,2.0,6.0,4,8,6,2.0,60.0,0.0,3,2.0
2,6.0,2.0,2.0,3.0,4,8,6,3.0,42.0,0.2,3,5.0
3,5.0,2.0,2.0,3.0,4,8,6,3.0,61.0,0.3333333333333333,3,6.0
1,6.0,2.0,2.0,3.0,1,8,6,1.0,44.0,0.0,3,1.0
1,5.0,3.0,2.0,6.0,1,8,6,1.0,67.0,0.0,3,1.0
1,5.0,4.0,2.0,4.0,1,8,6,1.0,83.0,0.0,3,1.0
2,5.0,2.0,2.0,10.0,1,8,6,1.0,70.0,0.0,3,2.0
2,6.0,2.0,2.0,1.0,1,8,6,1.0,92.0,0.0,3,2.0
1,6.0,1.0,2.0,4.0,1,8,6,2.0,80.0,0.0,3,2.0
2,5.0,4.0,2.0,3.0,4,8,6,2.0,46.0,0.25,3,4.0
2,6.0,2.0,2.0,4.0,4,8,6,2.0,49.0,0.0,3,2.0
1,5.0,5.0,2.0,3.0,4,8,6,3.0,52.0,0.0,3,3.0
1,6.0,4.0,2.0,4.0,4,8,6,1.0,82.0,0.0,3,1.0
1,6.0,3.0,2.0,3.0,4,8,6,1.0,68.0,0.0,3,1.0
1,6.0,2.0,2.0,5.0,4,8,6,1.0,54.0,0.0,3,1.0
3,6.0,1.0,2.0,1.0,4,8,6,3.0,78.0,0.0,3,3.0
3,5.0,6.0,2.0,4.0,4,8,6,2.0,52.0,0.0,3,4.0
2,6.0,3.0,2.0,4.0,4,8,6,3.0,65.0,0.2,3,5.0
1,6.0,2.0,2.0,3.0,4,8,6,1.0,65.0,0.0,3,1.0
1,5.0,3.0,2.0,5.0,4,8,6,2.0,55.0,0.0,3,2.0
2,6.0,1.0,2.0,6.0,4,8,6,1.0,51.0,0.0,3,2.0
2,4.0,2.0,2.0,1.0,4,8,6,2.0,94.0,0.0,3,2.0
2,6.0,3.0,2.0,3.0,4,8,6,2.0,47.0,0.4,3,5.0
2,6.0,2.0,2.0,1.0,4,8,6,3.0,53.0,0.0,3,5.0
2,5.0,3.0,2.0,4.0,4,8,6,2.0,30.0,0.5,3,4.0
2,6.0,1.0,2.0,3.0,4,8,6,3.0,47.0,0.0,3,6.0
3,4.0,2.0,2.0,3.0,4,8,6,3.0,36.0,0.25,3,4.0
3,6.0,1.0,2.0,1.0,4,8,6,1.0,48.0,0.2,3,5.0
2,6.0,4.0,2.0,4.0,7,8,6,2.0,73.0,0.0,3,2.0
1,6.0,3.0,2.0,4.0,7,8,6,1.0,64.0,0.0,3,3.0
2,6.0,5.0,2.0,3.0,7,8,6,3.0,69.0,0.25,3,4.0
2,5.0,1.0,2.0,3.0,7,8,6,1.0,55.0,0.0,3,5.0
1,6.0,1.0,2.0,4.0,7,8,6,1.0,43.0,0.25,3,4.0
3,5.0,5.0,2.0,4.0,7,8,6,3.0,62.0,0.0,3,3.0
2,5.0,4.0,2.0,4.0,7,8,6,3.0,39.0,0.0,3,4.0
1,5.0,3.0,2.0,1.0,7,8,6,2.0,72.0,0.2,3,5.0
3,4.0,4.0,2.0,6.0,7,8,6,2.0,47.0,0.0,3,3.0
1,6.0,3.0,2.0,6.0,7,8,6,1.0,44.0,0.0,3,3.0
3,6.0,4.0,2.0,6.0,7,8,6,3.0,45.0,0.2,3,5.0
1,6.0,1.0,2.0,5.0,7,8,6,1.0,39.0,0.0,3,0.375
1,6.0,2.0,2.0,1.0,7,8,6,1.0,83.0,0.0,3,5.0
1,6.0,1.0,2.0,5.0,7,8,6,2.0,51.0,0.0,3,4.0
1,6.0,3.0,2.0,6.0,7,8,6,1.0,56.0,0.0,3,0.1666666666666666
1,4.0,3.0,2.0,3.0,7,8,6,2.0,51.0,0.0,3,2.0
3,5.0,4.0,2.0,6.0,8,8,6,3.0,54.0,0.2,3,5.0
2,1.0,5.0,2.0,7.0,8,8,6,1.0,72.0,0.25,3,4.0
2,3.0,4.0,2.0,6.0,8,8,6,1.0,69.0,0.0,3,2.0
2,2.0,6.0,2.0,8.0,8,8,6,2.0,61.0,0.0,3,3.0
3,5.0,3.0,2.0,6.0,8,8,6,0.0,77.0,0.25,3,4.0
1,5.0,3.0,2.0,6.0,8,8,6,1.0,76.0,0.0,3,4.0
1,1.0,4.0,2.0,10.0,8,8,6,0.0,69.0,0.0,3,1.0
3,3.0,4.0,2.0,6.0,8,8,6,2.0,43.0,0.2,3,5.0
3,5.0,4.0,2.0,4.0,8,8,6,2.0,47.0,0.0,3,4.0
1,3.0,2.0,2.0,8.0,8,8,6,1.0,27.0,0.0,3,0.3333333333333333
3,3.0,4.0,2.0,6.0,8,8,6,3.0,59.0,0.0,3,3.0
2,5.0,3.0,2.0,5.0,8,8,6,1.0,84.0,0.0,3,2.0
3,5.0,4.0,2.0,3.0,8,8,6,1.0,84.0,0.0,3,3.0
2,3.0,3.0,2.0,4.0,8,8,6,2.0,74.0,0.0,3,4.0
2,3.0,4.0,2.0,8.0,8,8,6,2.0,33.0,0.25,3,4.0
2,5.0,4.0,2.0,6.0,8,8,6,2.0,65.0,0.0,3,5.0
1,1.0,4.0,2.0,6.0,8,8,6,0.0,80.0,0.0,3,1.0
2,3.0,3.0,2.0,5.0,8,8,6,1.0,76.0,0.0,3,5.0
3,5.0,3.0,2.0,6.0,8,8,6,3.0,46.0,0.2,3,5.0
2,5.0,2.0,2.0,6.0,8,8,6,1.0,79.0,0.0,3,3.0
3,5.0,3.0,2.0,6.0,8,8,6,2.0,37.0,0.2,3,0.7142857142857143
3,5.0,4.0,2.0,8.0,8,8,6,3.0,38.0,0.2,3,5.0
2,5.0,3.0,2.0,8.0,8,8,6,2.0,42.0,0.25,3,4.0
2,5.0,3.0,2.0,6.0,8,8,6,2.0,42.0,0.3333333333333333,3,6.0
3,5.0,3.0,2.0,9.0,6,8,6,2.0,54.0,0.0,3,3.0
3,2.0,5.0,2.0,10.0,6,8,6,2.0,48.0,0.25,3,4.0
1,3.0,4.0,2.0,10.0,6,8,6,0.0,74.0,0.0,3,1.0
2,3.0,5.0,2.0,8.0,6,8,6,2.0,64.0,0.0,3,2.0
2,3.0,3.0,2.0,6.0,6,8,6,2.0,64.0,0.0,3,3.0
2,3.0,5.0,2.0,10.0,6,8,6,2.0,61.0,0.1666666666666666,3,6.0
2,4.0,3.0,2.0,6.0,6,8,6,2.0,70.0,0.0,3,2.0
1,1.0,5.0,2.0,10.0,6,8,6,1.0,44.0,0.3333333333333333,3,3.0
1,3.0,4.0,2.0,10.0,6,8,6,1.0,55.0,0.0,3,2.0
2,3.0,4.0,2.0,10.0,6,8,6,1.0,75.0,0.0,3,2.0
3,2.0,3.0,2.0,6.0,6,8,6,2.0,59.0,0.0,3,3.0
3,4.0,5.0,2.0,3.0,6,8,6,3.0,67.0,0.0,3,3.0
1,4.0,4.0,2.0,1.0,6,8,6,0.0,66.0,0.0,3,4.0
2,3.0,4.0,2.0,10.0,6,8,6,2.0,56.0,0.0,3,2.0
2,4.0,5.0,2.0,10.0,6,8,6,1.0,56.0,0.0,3,6.0
2,3.0,5.0,2.0,8.0,6,8,6,2.0,53.0,0.0,3,4.0
2,4.0,4.0,2.0,8.0,6,8,6,2.0,46.0,0.25,3,4.0
2,5.0,4.0,2.0,5.0,6,8,6,2.0,63.0,0.0,3,2.0
1,4.0,2.0,2.0,10.0,6,8,6,1.0,44.0,0.0,3,1.0
2,4.0,5.0,2.0,3.0,6,8,6,3.0,66.0,0.0,3,4.0
1,4.0,3.0,2.0,1.0,6,8,6,0.0,79.0,0.0,3,1.0
2,5.0,4.0,2.0,8.0,6,8,6,2.0,67.0,0.0,3,2.0
2,6.0,2.0,2.0,3.0,6,8,6,2.0,71.0,0.0,3,2.0
2,6.0,1.0,2.0,4.0,6,8,6,1.0,68.0,0.0,3,2.0
2,1.0,3.0,2.0,10.0,7,8,6,2.0,52.0,0.2,3,5.0
1,6.0,1.0,2.0,1.0,6,8,6,1.0,74.0,0.0,3,0.1666666666666666
1,6.0,1.0,2.0,4.0,6,8,6,1.0,57.0,0.0,3,0.1666666666666666
1,4.0,3.0,2.0,3.0,6,8,6,1.0,81.0,0.0,3,1.0
1,4.0,4.0,2.0,3.0,6,8,6,1.0,51.0,0.5,3,0.3333333333333333
2,6.0,1.0,2.0,1.0,6,8,6,2.0,78.0,0.0,3,0.3333333333333333
2,6.0,4.0,2.0,6.0,6,8,6,2.0,38.0,0.4,3,0.8333333333333334
2,6.0,3.0,2.0,1.0,6,8,6,1.0,59.0,0.0,3,0.25
1,6.0,3.0,2.0,3.0,6,8,6,1.0,72.0,0.0,3,1.0
2,6.0,3.0,2.0,8.0,6,8,6,3.0,47.0,0.2857142857142857,3,7.0
2,4.0,3.0,2.0,3.0,6,8,6,2.0,58.0,0.0,3,3.0
1,4.0,3.0,2.0,5.0,6,8,6,1.0,62.0,0.0,3,2.0
2,6.0,4.0,2.0,3.0,6,8,6,1.0,49.0,0.0,3,2.0
1,6.0,3.0,2.0,5.0,6,8,6,1.0,38.0,0.5,3,4.0
1,4.0,6.0,2.0,3.0,6,8,6,1.0,57.0,0.0,3,5.0
1,4.0,1.0,2.0,3.0,6,8,6,1.0,70.0,0.0,3,1.0
1,6.0,2.0,2.0,3.0,6,8,6,1.0,73.0,0.0,3,0.125
1,6.0,1.0,2.0,3.0,6,8,6,1.0,80.0,0.0,3,1.0
3,4.0,3.0,2.0,1.0,6,8,6,3.0,58.0,0.0,3,3.0
1,6.0,2.0,2.0,3.0,6,8,6,2.0,49.0,0.0,3,5.0
1,6.0,2.0,2.0,5.0,6,8,6,1.0,85.0,0.0,3,1.0
2,5.0,4.0,2.0,8.0,6,8,6,1.0,70.0,0.0,3,2.0
2,4.0,3.0,2.0,3.0,6,8,6,1.0,86.0,0.0,3,2.0
1,5.0,2.0,2.0,6.0,6,8,6,1.0,40.0,0.25,3,4.0
1,5.0,4.0,2.0,4.0,6,8,6,1.0,68.0,0.0,3,1.0
1,5.0,4.0,2.0,4.0,6,8,6,1.0,83.0,0.0,3,1.0
1,6.0,3.0,2.0,5.0,6,8,6,1.0,60.0,0.0,3,1.0
2,4.0,4.0,2.0,1.0,6,8,6,2.0,79.0,0.0,3,3.0
1,6.0,4.0,2.0,4.0,6,8,6,2.0,78.0,0.3333333333333333,3,0.375
1,6.0,2.0,2.0,1.0,6,8,6,1.0,79.0,0.0,3,1.0
2,4.0,4.0,2.0,1.0,6,8,6,2.0,62.0,0.0,3,0.25
1,6.0,2.0,2.0,3.0,6,8,6,1.0,78.0,0.0,3,0.125
1,1.0,6.0,2.0,6.0,7,8,6,1.0,68.0,0.0,3,2.0
1,5.0,3.0,2.0,7.0,7,8,6,1.0,37.0,0.5,3,2.0
2,5.0,1.0,2.0,9.0,7,8,6,2.0,30.0,0.3333333333333333,3,3.0
2,5.0,4.0,2.0,8.0,5,8,6,1.0,80.0,0.0,3,2.0
2,3.0,4.0,2.0,4.0,5,8,6,2.0,80.0,0.0,3,2.0
3,3.0,5.0,2.0,8.0,5,8,6,2.0,71.0,0.0,3,3.0
2,3.0,3.0,2.0,3.0,5,8,6,1.0,86.0,0.3333333333333333,3,3.0
2,6.0,3.0,2.0,7.0,5,8,6,2.0,32.0,0.6,3,1.6666666666666667
3,4.0,2.0,2.0,5.0,5,8,6,2.0,40.0,0.4,3,5.0
2,6.0,4.0,2.0,6.0,5,8,6,2.0,51.0,0.0,3,2.0
2,5.0,2.0,2.0,5.0,5,8,6,2.0,44.0,0.0,3,3.0
2,4.0,5.0,2.0,8.0,5,8,6,1.0,81.0,0.0,3,2.0
1,4.0,1.0,2.0,5.0,5,8,6,1.0,46.0,0.0,3,1.0
2,6.0,5.0,2.0,4.0,5,8,6,1.0,43.0,0.5,3,4.0
2,4.0,6.0,2.0,6.0,5,8,6,2.0,54.0,0.0,3,2.0
1,4.0,3.0,2.0,3.0,5,8,6,1.0,50.0,0.0,3,1.0
1,1.0,2.0,2.0,3.0,5,8,6,1.0,76.0,0.0,3,1.0
1,4.0,6.0,2.0,5.0,5,8,6,2.0,52.0,0.0,3,2.0
2,4.0,4.0,2.0,3.0,5,8,6,1.0,67.0,0.0,3,2.0
1,4.0,4.0,2.0,3.0,5,8,6,2.0,59.0,0.0,3,2.0
1,6.0,4.0,2.0,5.0,5,8,6,2.0,66.0,0.0,3,2.0
1,6.0,5.0,2.0,6.0,5,8,6,1.0,50.0,0.0,3,1.0
1,4.0,4.0,2.0,5.0,5,8,6,1.0,71.0,0.0,3,2.0
1,6.0,3.0,2.0,1.0,5,8,6,1.0,85.0,0.0,3,1.0
1,6.0,2.0,2.0,1.0,5,8,6,1.0,78.0,0.0,3,0.1666666666666666
1,6.0,3.0,2.0,4.0,5,8,6,1.0,67.0,0.0,3,1.0
1,6.0,2.0,2.0,4.0,5,8,6,0.0,86.0,0.0,3,1.0
2,6.0,3.0,2.0,6.0,5,8,6,1.0,70.0,0.0,3,2.0
2,6.0,2.0,2.0,5.0,5,8,6,2.0,43.0,0.0,3,4.0
2,6.0,3.0,2.0,4.0,5,8,6,1.0,65.0,0.0,3,2.0
1,6.0,2.0,2.0,3.0,5,8,6,2.0,63.0,0.0,3,2.0
1,6.0,2.0,2.0,1.0,5,8,6,1.0,73.0,0.0,3,1.0
1,6.0,6.0,2.0,10.0,5,8,6,1.0,35.0,0.25,3,4.0
1,6.0,2.0,2.0,1.0,5,8,6,1.0,83.0,0.0,3,1.0
2,6.0,4.0,2.0,1.0,5,8,6,2.0,63.0,0.0,3,2.0
1,6.0,4.0,2.0,6.0,5,8,6,1.0,28.0,0.5,3,2.0
1,6.0,2.0,2.0,3.0,5,8,6,1.0,75.0,0.0,3,0.3333333333333333
2,4.0,2.0,2.0,6.0,5,8,6,2.0,29.0,0.3333333333333333,3,3.0
1,4.0,2.0,2.0,1.0,5,8,6,0.0,60.0,0.0,3,1.0
1,6.0,1.0,2.0,3.0,5,8,6,1.0,82.0,0.0,3,1.0
1,6.0,3.0,2.0,3.0,5,8,6,1.0,63.0,0.0,3,1.0
1,6.0,2.0,2.0,1.0,5,8,6,0.0,92.0,0.0,3,1.0
1,6.0,2.0,2.0,6.0,5,8,6,1.0,53.0,0.0,3,0.25
2,6.0,3.0,2.0,1.0,5,8,6,1.0,55.0,0.0,3,0.3333333333333333
1,6.0,3.0,2.0,1.0,5,8,6,1.0,75.0,0.0,3,0.3333333333333333
1,4.0,6.0,2.0,5.0,5,8,6,1.0,73.0,0.0,3,1.0
1,6.0,2.0,2.0,3.0,5,8,6,1.0,53.0,0.0,3,3.0
2,5.0,3.0,2.0,4.0,5,8,6,2.0,40.0,0.2,3,5.0
2,4.0,6.0,2.0,5.0,5,8,6,2.0,67.0,0.0,3,2.0
2,3.0,5.0,2.0,9.0,7,8,6,2.0,78.0,0.0,3,2.0
1,5.0,4.0,2.0,9.0,7,8,6,1.0,37.0,0.0,3,1.0
1,5.0,3.0,2.0,6.0,7,8,6,0.0,65.0,0.0,3,2.0
2,5.0,5.0,2.0,1.0,7,8,6,2.0,47.0,0.3333333333333333,3,0.6
3,5.0,6.0,2.0,6.0,7,8,6,2.0,78.0,0.0,3,4.0
2,5.0,1.0,2.0,1.0,7,8,6,1.0,67.0,0.0,3,1.0
1,3.0,5.0,2.0,7.0,7,8,6,2.0,43.0,0.0,3,3.0
3,3.0,5.0,2.0,10.0,7,8,6,3.0,48.0,0.2,3,5.0
1,3.0,4.0,2.0,10.0,7,8,6,1.0,75.0,0.0,3,1.0
1,5.0,2.0,2.0,10.0,7,8,6,1.0,59.0,0.0,3,2.0
3,5.0,7.0,2.0,8.0,7,8,6,2.0,75.0,0.4,3,5.0
3,5.0,7.0,2.0,10.0,7,8,6,3.0,40.0,0.25,3,8.0
2,5.0,2.0,2.0,1.0,7,8,6,1.0,81.0,0.0,3,2.0
2,5.0,3.0,2.0,10.0,7,8,6,1.0,66.0,0.0,3,2.0
3,5.0,6.0,2.0,6.0,7,8,6,1.0,82.0,0.0,3,3.0
2,5.0,2.0,2.0,3.0,5,8,6,2.0,69.0,0.0,3,2.0
1,5.0,3.0,2.0,1.0,5,8,6,0.0,83.0,0.0,3,4.0
2,2.0,5.0,2.0,10.0,7,8,6,2.0,44.0,0.4,3,1.0
3,3.0,5.0,2.0,6.0,7,8,6,2.0,49.0,0.0,3,4.0
2,3.0,4.0,2.0,6.0,7,8,6,2.0,40.0,0.3333333333333333,3,3.0
2,3.0,4.0,2.0,6.0,7,8,6,1.0,51.0,0.0,3,4.0
2,5.0,2.0,2.0,5.0,7,8,6,3.0,65.0,0.0,3,3.0
1,6.0,3.0,2.0,3.0,5,8,6,2.0,47.0,0.0,3,3.0
2,4.0,2.0,2.0,3.0,5,8,6,2.0,64.0,0.0,3,2.0
2,6.0,4.0,2.0,4.0,5,8,6,3.0,51.0,0.0,3,3.0
2,6.0,3.0,2.0,4.0,5,8,6,3.0,47.0,0.25,3,4.0
2,6.0,3.0,2.0,3.0,5,8,6,3.0,51.0,0.0,3,3.0
1,5.0,4.0,2.0,4.0,5,8,6,2.0,60.0,0.0,3,2.0
2,5.0,2.0,2.0,1.0,5,8,6,2.0,49.0,0.3333333333333333,3,0.5
1,6.0,2.0,2.0,3.0,5,8,6,0.0,73.0,0.0,3,1.0
1,6.0,2.0,2.0,1.0,5,8,6,1.0,91.0,0.0,3,1.0
3,6.0,2.0,2.0,3.0,5,8,6,3.0,59.0,0.0,3,3.0
1,6.0,4.0,2.0,3.0,5,8,6,1.0,45.0,0.0,3,1.0
2,6.0,3.0,2.0,3.0,5,8,6,1.0,36.0,0.0,3,2.0
1,6.0,2.0,2.0,3.0,5,8,6,1.0,57.0,0.0,3,1.0
3,6.0,5.0,2.0,3.0,5,8,6,3.0,76.0,0.0,3,3.0
1,5.0,4.0,2.0,5.0,5,8,6,0.0,77.0,0.0,3,1.0
2,3.0,7.0,2.0,9.0,5,8,6,2.0,67.0,0.0,3,6.0
2,5.0,3.0,2.0,4.0,5,8,6,2.0,59.0,0.0,3,4.0
2,6.0,2.0,2.0,4.0,5,8,6,2.0,52.0,0.0,3,3.0
1,6.0,5.0,2.0,1.0,5,8,6,0.0,65.0,0.0,3,0.5
2,6.0,3.0,2.0,4.0,5,8,6,2.0,84.0,0.0,3,2.0
2,6.0,2.0,2.0,6.0,5,8,6,1.0,88.0,0.0,3,8.0
2,5.0,4.0,2.0,6.0,2,8,6,1.0,35.0,0.0,3,2.0
2,5.0,4.0,2.0,6.0,2,8,6,2.0,44.0,0.0,3,4.0
3,5.0,5.0,2.0,4.0,2,8,6,2.0,49.0,0.0,3,3.0
3,3.0,4.0,2.0,5.0,2,8,6,3.0,70.0,0.2,3,5.0
2,5.0,5.0,2.0,9.0,2,8,6,2.0,28.0,0.25,3,4.0
1,5.0,3.0,2.0,6.0,2,8,6,1.0,64.0,0.0,3,2.0
2,5.0,3.0,2.0,10.0,2,8,6,2.0,51.0,0.0,3,2.0
2,5.0,3.0,2.0,3.0,2,8,6,1.0,85.0,0.0,3,3.0
3,5.0,4.0,2.0,3.0,2,8,6,3.0,41.0,0.3333333333333333,3,6.0
2,3.0,3.0,2.0,8.0,2,8,6,1.0,50.0,0.0,3,2.0
2,5.0,4.0,2.0,10.0,2,8,6,1.0,33.0,0.3333333333333333,3,6.0
2,5.0,4.0,2.0,3.0,2,8,6,0.0,80.0,0.0,3,2.0
2,2.0,4.0,2.0,9.0,2,8,6,2.0,34.0,0.3333333333333333,3,3.0
2,5.0,6.0,2.0,10.0,2,8,6,2.0,55.0,0.0,3,5.0
2,3.0,5.0,2.0,6.0,2,8,6,2.0,46.0,0.25,3,4.0
3,3.0,5.0,2.0,10.0,2,8,6,3.0,70.0,0.0,3,4.0
1,5.0,3.0,2.0,6.0,2,8,6,0.0,75.0,0.0,3,1.0
1,5.0,2.0,2.0,6.0,2,8,6,0.0,65.0,0.0,3,1.0
1,5.0,2.0,2.0,1.0,2,8,6,0.0,83.0,0.0,3,1.0
1,3.0,2.0,2.0,5.0,2,8,6,0.0,77.0,0.0,3,1.0
1,5.0,4.0,2.0,4.0,2,8,6,0.0,88.0,0.0,3,2.0
2,5.0,4.0,2.0,6.0,2,8,6,2.0,66.0,0.25,3,4.0
2,6.0,2.0,2.0,6.0,2,8,6,0.0,88.0,0.0,3,3.0
3,5.0,4.0,2.0,6.0,2,8,6,2.0,67.0,0.0,3,3.0
3,3.0,3.0,2.0,4.0,2,8,6,2.0,89.0,0.0,3,4.0
2,5.0,3.0,2.0,3.0,2,8,6,2.0,70.0,0.0,3,3.0
2,3.0,6.0,2.0,10.0,2,8,6,2.0,37.0,0.4,3,5.0
2,5.0,4.0,2.0,8.0,2,8,6,2.0,36.0,0.2,3,5.0
1,5.0,4.0,2.0,3.0,2,8,6,1.0,61.0,0.0,3,1.0
3,5.0,4.0,2.0,4.0,2,8,6,1.0,60.0,0.0,3,3.0
2,5.0,4.0,2.0,6.0,2,8,6,2.0,37.0,0.4285714285714285,3,7.0
2,5.0,3.0,2.0,7.0,2,8,6,1.0,46.0,0.25,3,4.0
2,5.0,4.0,2.0,6.0,2,8,6,1.0,46.0,0.3333333333333333,3,6.0
3,3.0,4.0,2.0,6.0,2,8,6,2.0,40.0,0.2,3,5.0
1,3.0,3.0,2.0,6.0,2,8,6,1.0,47.0,0.25,3,4.0
1,6.0,1.0,2.0,1.0,2,8,6,0.0,88.0,0.0,3,1.0
2,5.0,5.0,2.0,5.0,2,8,6,2.0,70.0,0.0,3,2.0
2,5.0,6.0,2.0,8.0,2,8,6,1.0,73.0,0.0,3,2.0
3,6.0,5.0,2.0,10.0,2,8,6,3.0,49.0,0.0,3,4.0
2,5.0,3.0,2.0,3.0,2,8,6,2.0,70.0,0.0,3,2.0
3,5.0,4.0,2.0,4.0,2,8,6,3.0,63.0,0.0,3,4.0
3,5.0,3.0,2.0,4.0,2,8,6,2.0,75.0,0.0,3,3.0
3,5.0,6.0,2.0,6.0,2,8,6,3.0,57.0,0.2,3,5.0
1,5.0,3.0,2.0,4.0,2,8,6,1.0,79.0,0.0,3,1.0
2,5.0,3.0,2.0,8.0,2,8,6,0.0,71.0,0.0,3,2.0
1,6.0,3.0,2.0,5.0,2,8,6,1.0,69.0,0.0,3,1.0
2,5.0,2.0,2.0,6.0,2,8,6,1.0,35.0,0.5,3,4.0
3,3.0,5.0,2.0,5.0,2,8,6,3.0,52.0,0.1666666666666666,3,6.0
3,5.0,3.0,2.0,3.0,2,8,6,3.0,63.0,0.0,3,4.0
3,5.0,5.0,2.0,8.0,2,8,6,3.0,63.0,0.0,3,6.0
3,5.0,5.0,2.0,6.0,2,8,6,2.0,83.0,0.0,3,4.0
2,1.0,4.0,2.0,10.0,2,8,6,1.0,59.0,0.0,3,2.0
1,5.0,4.0,2.0,9.0,2,8,6,1.0,37.0,0.0,3,2.0
3,3.0,6.0,2.0,6.0,2,8,6,3.0,68.0,0.2,3,5.0
1,3.0,2.0,2.0,1.0,2,8,6,1.0,73.0,0.0,3,1.0
1,5.0,4.0,2.0,6.0,2,8,6,1.0,74.0,0.0,3,2.0
1,5.0,4.0,2.0,6.0,2,8,6,1.0,57.0,0.0,3,1.0
2,5.0,4.0,2.0,4.0,2,8,6,2.0,51.0,0.0,3,3.0
1,5.0,2.0,2.0,3.0,2,8,6,1.0,86.0,0.0,3,1.0
1,5.0,2.0,2.0,1.0,2,8,6,1.0,80.0,0.0,3,1.0
1,5.0,3.0,2.0,6.0,2,8,6,1.0,54.0,0.5,3,2.0
3,5.0,4.0,2.0,4.0,2,8,6,3.0,45.0,0.0,3,5.0
1,5.0,2.0,2.0,8.0,2,8,6,1.0,51.0,0.0,3,2.0
1,5.0,1.0,2.0,4.0,2,8,6,1.0,74.0,0.0,3,2.0
2,5.0,4.0,2.0,5.0,2,8,6,2.0,66.0,0.25,3,4.0
3,5.0,4.0,2.0,6.0,5,8,6,1.0,41.0,0.0,3,3.0
2,5.0,4.0,2.0,7.0,5,8,6,2.0,53.0,0.0,3,3.0
2,5.0,4.0,2.0,3.0,5,8,6,2.0,54.0,0.25,3,2.0
1,3.0,2.0,2.0,3.0,5,8,6,1.0,53.0,0.0,3,2.0
2,6.0,1.0,2.0,3.0,5,8,6,1.0,65.0,0.0,3,3.0
2,5.0,2.0,2.0,5.0,5,8,6,1.0,41.0,0.25,3,4.0
2,5.0,4.0,2.0,6.0,5,8,6,2.0,43.0,0.3333333333333333,3,1.5
1,3.0,3.0,2.0,3.0,5,8,6,0.0,77.0,0.0,3,0.5
3,5.0,2.0,2.0,9.0,5,8,6,3.0,52.0,0.2,3,5.0
1,4.0,5.0,2.0,6.0,5,8,6,1.0,52.0,0.3333333333333333,3,1.5
2,6.0,3.0,2.0,3.0,5,8,6,2.0,65.0,0.0,3,1.0
1,5.0,2.0,2.0,8.0,5,8,6,0.0,77.0,0.0,3,0.5
2,5.0,4.0,2.0,6.0,5,8,6,2.0,59.0,0.0,3,1.0
1,5.0,2.0,2.0,5.0,5,8,6,0.0,90.0,0.0,3,1.0
2,5.0,4.0,2.0,6.0,5,8,6,1.0,77.0,0.0,3,2.0
1,3.0,3.0,2.0,10.0,5,8,6,1.0,56.0,0.0,3,3.0
2,1.0,3.0,2.0,6.0,5,8,6,2.0,47.0,0.0,3,5.0
2,3.0,4.0,2.0,10.0,5,8,6,2.0,48.0,0.0,3,3.0
2,1.0,5.0,2.0,10.0,5,8,6,1.0,81.0,0.0,3,2.0
1,6.0,2.0,2.0,6.0,5,8,6,1.0,42.0,0.0,3,1.0
1,5.0,5.0,2.0,8.0,5,8,6,1.0,44.0,0.0,3,1.0
2,3.0,5.0,2.0,6.0,5,8,6,1.0,65.0,0.0,3,2.0
1,6.0,1.0,2.0,1.0,5,8,6,1.0,72.0,0.0,3,1.0
1,6.0,2.0,2.0,4.0,5,8,6,1.0,71.0,0.0,3,1.0
1,6.0,1.0,2.0,3.0,5,8,6,1.0,65.0,0.0,3,1.0
3,5.0,5.0,2.0,3.0,5,8,6,1.0,72.0,0.0,3,3.0
2,4.0,4.0,2.0,3.0,5,8,6,2.0,46.0,0.25,3,4.0
1,5.0,2.0,2.0,6.0,5,8,6,1.0,60.0,0.0,3,2.0
1,5.0,1.0,2.0,10.0,5,8,6,0.0,35.0,0.3333333333333333,3,1.5
1,5.0,4.0,2.0,5.0,5,8,6,0.0,62.0,0.0,3,1.0
3,4.0,4.0,2.0,6.0,5,8,6,2.0,78.0,0.0,3,4.0
2,5.0,4.0,2.0,10.0,5,8,6,1.0,73.0,0.0,3,3.0
2,5.0,5.0,2.0,6.0,7,8,6,2.0,66.0,0.0,3,2.0
2,5.0,2.0,2.0,6.0,7,8,6,2.0,63.0,0.0,3,1.0
2,5.0,3.0,2.0,3.0,7,8,6,2.0,65.0,0.5,3,4.0
3,5.0,2.0,2.0,3.0,7,8,6,1.0,57.0,0.0,3,6.0
3,3.0,1.0,2.0,10.0,7,8,6,3.0,57.0,0.0,3,5.0
2,5.0,3.0,2.0,4.0,5,8,6,1.0,82.0,0.0,3,3.0
1,5.0,4.0,2.0,6.0,5,8,6,1.0,41.0,0.0,3,1.0
1,6.0,3.0,2.0,3.0,5,8,6,1.0,74.0,0.0,3,1.0
1,6.0,3.0,2.0,4.0,5,8,6,2.0,58.0,0.3333333333333333,3,3.0
2,5.0,3.0,2.0,7.0,5,8,6,2.0,38.0,0.3333333333333333,3,3.0
2,5.0,1.0,2.0,4.0,5,8,6,1.0,74.0,0.0,3,2.0
2,5.0,3.0,2.0,8.0,5,8,6,2.0,34.0,0.0,3,2.0
1,6.0,1.0,2.0,6.0,5,8,6,1.0,61.0,0.0,3,0.5
3,6.0,3.0,2.0,6.0,5,8,6,2.0,45.0,0.3333333333333333,3,6.0
1,6.0,2.0,2.0,3.0,5,8,6,1.0,64.0,0.0,3,1.0
1,5.0,4.0,2.0,6.0,5,8,6,1.0,53.0,0.0,3,2.0
2,6.0,2.0,2.0,5.0,5,8,6,3.0,57.0,0.0,3,3.0
2,5.0,4.0,2.0,6.0,5,8,6,2.0,42.0,0.0,3,3.0
3,5.0,3.0,2.0,8.0,5,8,6,3.0,48.0,0.3333333333333333,3,6.0
1,4.0,4.0,2.0,6.0,7,8,6,3.0,40.0,0.0,3,0.6666666666666666
2,4.0,4.0,2.0,4.0,7,8,6,3.0,40.0,0.0,3,0.6666666666666666
1,4.0,3.0,2.0,4.0,7,8,6,2.0,53.0,0.4,3,0.8333333333333334
2,4.0,5.0,2.0,4.0,7,8,6,3.0,47.0,0.2,3,0.8333333333333334
2,4.0,6.0,2.0,6.0,7,8,6,2.0,31.0,0.3333333333333333,3,0.5
2,4.0,5.0,2.0,3.0,7,8,6,2.0,40.0,0.5,3,1.0
1,4.0,3.0,2.0,6.0,7,8,6,1.0,74.0,0.0,3,0.3333333333333333
1,4.0,4.0,2.0,6.0,7,8,6,3.0,45.0,0.2,3,0.8333333333333334
1,6.0,1.0,2.0,4.0,7,8,6,2.0,62.0,0.0,3,4.0
1,6.0,4.0,2.0,4.0,7,8,6,1.0,52.0,0.0,3,1.0
1,6.0,2.0,2.0,4.0,7,8,6,1.0,58.0,0.3333333333333333,3,0.5
1,6.0,2.0,2.0,5.0,7,8,6,1.0,74.0,0.0,3,1.0
1,6.0,2.0,2.0,1.0,7,8,6,1.0,75.0,0.0,3,0.3333333333333333
3,4.0,2.0,2.0,5.0,7,8,6,3.0,44.0,0.2,3,5.0
2,3.0,4.0,2.0,10.0,1,8,6,0.0,37.0,0.3333333333333333,3,3.0
2,5.0,7.0,2.0,8.0,1,8,6,2.0,40.0,0.4,3,5.0
1,5.0,2.0,2.0,5.0,1,8,6,1.0,75.0,0.0,3,2.0
2,2.0,3.0,2.0,9.0,1,8,6,2.0,62.0,0.0,3,3.0
1,5.0,2.0,2.0,3.0,1,8,6,1.0,65.0,0.0,3,1.0
1,5.0,3.0,2.0,5.0,1,8,6,1.0,45.0,0.0,3,1.0
2,2.0,5.0,2.0,8.0,1,8,6,0.0,66.0,0.0,3,2.0
1,3.0,5.0,2.0,6.0,1,8,6,0.0,67.0,0.0,3,2.0
2,5.0,4.0,2.0,7.0,1,8,6,2.0,32.0,0.0,3,3.0
2,3.0,2.0,2.0,5.0,1,8,6,2.0,36.0,0.0,3,2.0
3,2.0,6.0,2.0,10.0,1,8,6,2.0,76.0,0.25,3,4.0
2,5.0,5.0,2.0,6.0,1,8,6,2.0,54.0,0.2,3,5.0
1,1.0,4.0,2.0,3.0,1,8,6,1.0,71.0,0.0,3,1.0
1,5.0,3.0,2.0,6.0,1,8,6,0.0,77.0,0.0,3,1.0
2,5.0,2.0,2.0,1.0,1,8,6,1.0,68.0,0.0,3,2.0
2,5.0,7.0,2.0,10.0,1,8,6,2.0,73.0,0.0,3,2.0
3,5.0,4.0,2.0,4.0,1,8,6,3.0,42.0,0.0,3,3.0
1,5.0,4.0,2.0,4.0,1,8,6,1.0,58.0,0.0,3,1.0
2,6.0,2.0,2.0,3.0,1,8,6,3.0,40.0,0.0,3,5.0
3,2.0,5.0,2.0,8.0,1,8,6,2.0,76.0,0.0,3,4.0
2,6.0,4.0,2.0,3.0,1,8,6,2.0,54.0,0.0,3,3.0
1,5.0,2.0,2.0,5.0,1,8,6,0.0,76.0,0.0,3,1.0
2,2.0,3.0,2.0,6.0,1,8,6,1.0,75.0,0.0,3,2.0
2,5.0,4.0,2.0,5.0,1,8,6,1.0,34.0,0.4,3,0.7142857142857143
3,5.0,2.0,2.0,4.0,1,8,6,3.0,51.0,0.0,3,4.0
1,3.0,4.0,2.0,6.0,1,8,6,0.0,44.0,0.3333333333333333,3,3.0
2,6.0,3.0,2.0,5.0,1,8,6,2.0,37.0,0.5,3,4.0
2,5.0,4.0,2.0,6.0,1,8,6,1.0,43.0,0.4,3,5.0
2,3.0,3.0,2.0,7.0,1,8,6,2.0,72.0,0.0,3,2.0
1,5.0,5.0,2.0,6.0,1,8,6,1.0,64.0,0.0,3,1.0
2,5.0,4.0,2.0,8.0,1,8,6,2.0,58.0,0.0,3,4.0
1,5.0,3.0,2.0,6.0,1,8,6,0.0,30.0,0.3333333333333333,3,3.0
2,5.0,6.0,2.0,4.0,1,8,6,2.0,61.0,0.2,3,5.0
2,5.0,4.0,2.0,6.0,1,8,6,2.0,66.0,0.0,3,3.0
1,5.0,4.0,2.0,4.0,1,8,6,1.0,83.0,0.0,3,2.0
1,6.0,2.0,2.0,3.0,1,8,6,1.0,86.0,0.0,3,1.0
2,5.0,3.0,2.0,6.0,1,8,6,1.0,64.0,0.3333333333333333,3,3.0
1,5.0,1.0,2.0,4.0,1,8,6,1.0,93.0,0.0,3,4.0
2,5.0,7.0,2.0,6.0,1,8,6,1.0,82.0,0.0,3,5.0
1,3.0,5.0,2.0,8.0,1,8,6,1.0,78.0,0.3333333333333333,3,3.0
2,5.0,4.0,2.0,8.0,1,8,6,0.0,50.0,0.0,3,2.0
2,3.0,5.0,2.0,8.0,1,8,6,2.0,48.0,0.2,3,5.0
2,3.0,4.0,2.0,10.0,1,8,6,2.0,40.0,0.0,3,3.0
2,6.0,4.0,2.0,6.0,4,8,6,2.0,52.0,0.0,3,2.0
2,6.0,2.0,2.0,4.0,4,8,6,2.0,77.0,0.0,3,2.0
2,6.0,5.0,2.0,3.0,4,8,6,1.0,83.0,0.0,3,2.0
2,6.0,3.0,2.0,6.0,4,8,6,2.0,59.0,0.25,3,4.0
1,6.0,3.0,2.0,8.0,4,8,6,1.0,31.0,0.0,3,0.1428571428571428
1,5.0,4.0,2.0,6.0,4,8,6,2.0,53.0,0.0,3,2.0
1,6.0,2.0,2.0,3.0,4,8,6,1.0,65.0,0.0,3,0.1428571428571428
1,6.0,2.0,2.0,3.0,4,8,6,0.0,70.0,0.0,3,1.0
2,5.0,5.0,2.0,6.0,4,8,6,1.0,34.0,0.5,3,4.0
3,5.0,4.0,2.0,4.0,1,8,6,1.0,81.0,0.0,3,3.0
1,3.0,3.0,2.0,10.0,1,8,6,1.0,64.0,0.0,3,2.0
1,5.0,1.0,2.0,6.0,1,8,6,1.0,58.0,0.0,3,1.0
2,3.0,3.0,2.0,8.0,1,8,6,0.0,67.0,0.0,3,2.0
2,5.0,4.0,2.0,6.0,1,8,6,2.0,63.0,0.0,3,2.0
3,3.0,7.0,2.0,5.0,1,8,6,2.0,64.0,0.0,3,4.0
3,1.0,6.0,2.0,6.0,1,8,6,3.0,66.0,0.0,3,3.0
0,5.0,4.0,2.0,9.0,1,8,6,0.0,66.0,0.4,3,5.0
3,3.0,7.0,2.0,4.0,1,8,6,1.0,71.0,0.0,3,4.0
3,3.0,4.0,2.0,9.0,1,8,6,1.0,57.0,0.0,3,3.0
1,5.0,3.0,2.0,8.0,1,8,6,1.0,86.0,0.0,3,2.0
1,5.0,3.0,2.0,8.0,1,8,6,0.0,65.0,0.0,3,1.0
1,5.0,2.0,2.0,3.0,1,8,6,1.0,80.0,0.0,3,1.0
2,6.0,3.0,2.0,6.0,1,8,6,2.0,69.0,0.0,3,3.0
2,3.0,4.0,2.0,8.0,1,8,6,2.0,35.0,0.4,3,5.0
1,3.0,4.0,2.0,6.0,1,8,6,2.0,48.0,0.0,3,3.0
2,3.0,4.0,2.0,10.0,1,8,6,1.0,68.0,0.0,3,2.0
1,5.0,1.0,2.0,5.0,1,8,6,1.0,49.0,0.0,3,1.0
0,5.0,3.0,2.0,5.0,1,8,6,0.0,64.0,0.0,3,1.0
1,3.0,3.0,2.0,5.0,1,8,6,0.0,76.0,0.0,3,3.0
2,3.0,2.0,2.0,8.0,1,8,6,2.0,66.0,0.0,3,2.0
3,2.0,5.0,2.0,6.0,1,8,6,3.0,62.0,0.0,3,4.0
2,5.0,2.0,2.0,4.0,1,8,6,1.0,54.0,0.25,3,4.0
1,6.0,1.0,2.0,6.0,1,8,6,1.0,37.0,0.25,3,4.0
3,6.0,4.0,2.0,3.0,1,8,6,2.0,44.0,0.1428571428571428,3,7.0
3,3.0,3.0,2.0,5.0,1,8,6,3.0,69.0,0.0,3,3.0
1,5.0,3.0,2.0,3.0,1,8,6,1.0,74.0,0.0,3,1.0
1,5.0,2.0,2.0,5.0,1,8,6,1.0,61.0,0.0,3,1.0
1,5.0,2.0,2.0,3.0,1,8,6,0.0,81.0,0.0,3,1.0
2,5.0,6.0,2.0,5.0,1,8,6,1.0,70.0,0.0,3,2.0
2,5.0,4.0,2.0,3.0,1,8,6,2.0,57.0,0.0,3,3.0
2,3.0,3.0,2.0,8.0,1,8,6,2.0,62.0,0.0,3,3.0
1,5.0,2.0,2.0,6.0,1,8,6,0.0,68.0,0.0,3,1.0
3,5.0,4.0,2.0,6.0,1,8,6,0.0,49.0,0.25,3,4.0
1,3.0,3.0,2.0,3.0,1,8,6,2.0,68.0,0.0,3,2.0
2,3.0,4.0,2.0,3.0,1,8,6,1.0,75.0,0.0,3,3.0
1,5.0,4.0,2.0,4.0,1,8,6,1.0,55.0,0.0,3,3.0
2,5.0,3.0,2.0,6.0,1,8,6,1.0,74.0,0.0,3,3.0
3,5.0,3.0,2.0,6.0,1,8,6,2.0,70.0,0.0,3,4.0
2,2.0,6.0,2.0,9.0,1,8,6,2.0,45.0,0.0,3,4.0
3,5.0,3.0,2.0,5.0,1,8,6,2.0,60.0,0.25,3,4.0
2,5.0,3.0,2.0,8.0,1,8,6,2.0,64.0,0.0,3,3.0
3,3.0,6.0,2.0,8.0,1,8,6,2.0,52.0,0.0,3,4.0
1,5.0,2.0,2.0,3.0,1,8,6,1.0,70.0,0.0,3,2.0
2,6.0,3.0,2.0,1.0,1,8,6,3.0,42.0,0.0,3,4.0
1,6.0,2.0,2.0,6.0,1,8,6,1.0,37.0,0.5,3,6.0
3,5.0,3.0,2.0,4.0,1,8,6,1.0,67.0,0.0,3,3.0
2,6.0,6.0,2.0,1.0,1,8,6,2.0,90.0,0.0,3,2.0
2,6.0,5.0,2.0,6.0,1,8,6,2.0,65.0,0.3333333333333333,3,3.0
2,6.0,4.0,2.0,5.0,1,8,6,2.0,65.0,0.0,3,0.2857142857142857
2,6.0,2.0,2.0,6.0,1,8,6,2.0,48.0,0.0,3,2.0
2,5.0,3.0,2.0,4.0,1,8,6,2.0,73.0,0.0,3,2.0
2,6.0,5.0,2.0,4.0,1,8,6,2.0,72.0,0.3333333333333333,3,3.0
1,5.0,4.0,2.0,1.0,1,8,6,1.0,76.0,0.0,3,1.0
2,5.0,4.0,2.0,6.0,1,8,6,3.0,61.0,0.0,3,1.2
1,5.0,5.0,2.0,1.0,1,8,6,0.0,90.0,0.0,3,1.0
2,6.0,1.0,2.0,3.0,4,8,6,2.0,39.0,0.3333333333333333,3,0.5
2,4.0,4.0,2.0,5.0,4,8,6,3.0,35.0,0.3333333333333333,3,6.0
1,6.0,4.0,2.0,3.0,4,8,6,2.0,53.0,0.3333333333333333,3,3.0
2,6.0,3.0,2.0,1.0,4,8,6,0.0,77.0,0.0,3,2.0
1,3.0,4.0,2.0,5.0,8,8,6,1.0,72.0,0.0,3,2.0
2,5.0,3.0,2.0,3.0,8,8,6,2.0,45.0,0.25,3,4.0
1,5.0,3.0,2.0,6.0,8,8,6,1.0,52.0,0.0,3,1.0
2,5.0,3.0,2.0,6.0,8,8,6,2.0,45.0,0.5,3,4.0
2,2.0,4.0,2.0,7.0,8,8,6,1.0,58.0,0.0,3,2.0
2,3.0,5.0,2.0,10.0,8,8,6,2.0,35.0,0.0,3,2.0
2,1.0,4.0,2.0,9.0,8,8,6,3.0,51.0,0.0,3,4.0
3,2.0,3.0,2.0,10.0,8,8,6,3.0,63.0,0.0,3,3.0
2,3.0,4.0,2.0,6.0,8,8,6,0.0,80.0,0.0,3,2.0
2,3.0,4.0,2.0,10.0,8,8,6,0.0,98.0,0.0,3,3.0
1,2.0,3.0,2.0,9.0,8,8,6,0.0,73.0,0.0,3,1.0
3,3.0,5.0,2.0,9.0,8,8,6,3.0,40.0,0.0,3,3.0
2,5.0,4.0,2.0,6.0,8,8,6,2.0,83.0,0.0,3,4.0
3,5.0,5.0,2.0,3.0,8,8,6,3.0,75.0,0.0,3,5.0
1,5.0,1.0,2.0,1.0,8,8,6,0.0,94.0,0.0,3,1.0
2,5.0,3.0,2.0,1.0,8,8,6,1.0,83.0,0.0,3,2.0
1,3.0,3.0,2.0,6.0,8,8,6,1.0,51.0,0.0,3,2.0
1,6.0,3.0,2.0,1.0,8,8,6,0.0,68.0,0.0,3,1.0
1,5.0,2.0,2.0,6.0,8,8,6,1.0,41.0,0.0,3,0.25
1,5.0,2.0,2.0,4.0,8,8,6,1.0,51.0,0.0,3,0.25
1,5.0,5.0,2.0,8.0,8,8,6,1.0,43.0,0.0,3,2.0
2,1.0,5.0,2.0,10.0,8,8,6,1.0,67.0,0.0,3,2.0
1,2.0,4.0,2.0,10.0,8,8,6,0.0,34.0,0.0,3,1.0
2,1.0,2.0,2.0,10.0,8,8,6,2.0,60.0,0.0,3,2.0
2,3.0,4.0,2.0,5.0,8,8,6,2.0,71.0,0.0,3,4.0
1,1.0,5.0,2.0,10.0,8,8,6,1.0,47.0,0.0,3,3.0
2,1.0,6.0,2.0,10.0,8,8,6,2.0,62.0,0.0,3,6.0
3,1.0,7.0,2.0,10.0,8,8,6,2.0,84.0,0.0,3,3.0
1,5.0,4.0,2.0,4.0,8,8,6,0.0,79.0,0.0,3,1.0
1,3.0,3.0,2.0,4.0,8,8,6,0.0,91.0,0.0,3,1.0
3,5.0,3.0,2.0,6.0,8,8,6,1.0,73.0,0.0,3,3.0
1,5.0,1.0,2.0,6.0,8,8,6,1.0,48.0,0.0,3,2.0
2,5.0,4.0,2.0,6.0,8,8,6,3.0,52.0,0.0,3,1.25
3,5.0,4.0,2.0,8.0,8,8,6,2.0,61.0,0.0,3,4.0
1,6.0,2.0,2.0,8.0,8,8,6,1.0,61.0,0.0,3,2.0
1,2.0,4.0,2.0,10.0,8,8,6,1.0,50.0,0.0,3,1.0
3,3.0,4.0,2.0,6.0,8,8,6,2.0,60.0,0.1428571428571428,3,7.0
2,3.0,4.0,2.0,6.0,8,8,6,2.0,53.0,0.0,3,2.0
2,5.0,2.0,2.0,6.0,8,8,6,1.0,55.0,0.0,3,2.0
2,5.0,3.0,2.0,6.0,8,8,6,1.0,62.0,0.0,3,2.0
1,2.0,3.0,2.0,10.0,8,8,6,1.0,45.0,0.0,3,2.0
2,3.0,4.0,2.0,10.0,8,8,6,2.0,38.0,0.4,3,5.0
1,5.0,4.0,2.0,6.0,8,8,6,0.0,17.0,0.0,3,0.5
1,6.0,1.0,2.0,6.0,8,8,6,1.0,31.0,0.5,3,0.5
3,1.0,4.0,2.0,10.0,8,8,6,3.0,68.0,0.0,3,3.0
1,3.0,4.0,2.0,6.0,8,8,6,0.0,49.0,0.0,3,1.0
3,2.0,4.0,2.0,6.0,8,8,6,3.0,50.0,0.0,3,4.0
1,1.0,5.0,2.0,10.0,8,8,6,1.0,29.0,0.0,3,1.0
1,2.0,5.0,2.0,10.0,8,8,6,0.0,73.0,0.0,3,2.0
1,5.0,4.0,2.0,6.0,8,8,6,1.0,71.0,0.25,3,4.0
2,3.0,4.0,2.0,6.0,8,8,6,1.0,49.0,0.0,3,2.0
1,3.0,4.0,2.0,6.0,8,8,6,1.0,52.0,0.0,3,1.0
2,5.0,4.0,2.0,6.0,8,8,6,2.0,58.0,0.0,3,3.0
3,3.0,4.0,2.0,4.0,8,8,6,3.0,54.0,0.0,3,3.0
1,3.0,5.0,2.0,10.0,8,8,6,1.0,50.0,0.3333333333333333,3,6.0
1,5.0,5.0,2.0,6.0,8,8,6,1.0,28.0,0.5,3,1.0
1,3.0,4.0,2.0,10.0,8,8,6,2.0,43.0,0.3333333333333333,3,3.0
3,3.0,6.0,2.0,3.0,8,8,6,2.0,74.0,0.2,3,5.0
1,3.0,4.0,2.0,6.0,8,8,6,1.0,70.0,0.4,3,5.0
2,5.0,3.0,2.0,9.0,8,8,6,1.0,78.0,0.0,3,3.0
2,6.0,6.0,2.0,7.0,8,8,6,2.0,68.0,0.0,3,2.0
1,5.0,1.0,2.0,7.0,8,8,6,1.0,38.0,0.3333333333333333,3,3.0
2,5.0,3.0,2.0,7.0,8,8,6,1.0,64.0,0.0,3,2.0
2,5.0,1.0,2.0,8.0,8,8,6,0.0,39.0,0.0,3,0.6666666666666666
2,5.0,1.0,2.0,3.0,8,8,6,0.0,59.0,0.0,3,1.0
1,3.0,4.0,2.0,10.0,8,8,6,0.0,86.0,0.0,3,2.0
1,7.0,1.0,2.0,10.0,8,8,6,0.0,64.0,0.0,3,1.0
2,3.0,3.0,2.0,4.0,8,8,6,2.0,56.0,0.0,3,3.0
3,3.0,2.0,2.0,6.0,8,8,6,2.0,51.0,0.25,3,4.0
1,5.0,3.0,2.0,5.0,8,8,6,1.0,67.0,0.0,3,5.0
2,2.0,2.0,2.0,8.0,8,8,6,2.0,53.0,0.0,3,3.0
2,2.0,3.0,2.0,6.0,8,8,6,2.0,57.0,0.0,3,3.0
2,2.0,3.0,2.0,6.0,8,8,6,2.0,57.0,0.25,3,4.0
1,2.0,3.0,2.0,3.0,8,8,6,0.0,77.0,0.0,3,1.0
1,3.0,6.0,2.0,7.0,8,8,6,0.0,77.0,0.0,3,1.0
1,5.0,1.0,2.0,4.0,8,8,6,1.0,57.0,0.0,3,3.0
1,5.0,3.0,2.0,8.0,8,8,6,1.0,49.0,0.0,3,3.0
2,5.0,3.0,2.0,6.0,8,8,6,2.0,45.0,0.25,3,4.0
1,5.0,2.0,2.0,7.0,8,8,6,1.0,58.0,0.0,3,2.0
1,3.0,3.0,2.0,6.0,8,8,6,0.0,82.0,0.0,3,1.0
1,5.0,3.0,2.0,6.0,8,8,6,1.0,33.0,0.25,3,4.0
1,3.0,4.0,2.0,8.0,8,8,6,1.0,41.0,0.0,3,4.0
1,1.0,1.0,2.0,8.0,8,8,6,1.0,40.0,0.0,3,1.0
1,5.0,1.0,2.0,8.0,8,8,6,0.0,65.0,0.0,3,1.0
2,5.0,3.0,2.0,6.0,8,8,6,2.0,46.0,0.2,3,5.0
2,2.0,3.0,2.0,6.0,8,8,6,2.0,65.0,0.0,3,3.0
2,5.0,4.0,2.0,5.0,8,8,6,2.0,45.0,0.0,3,1.0
1,5.0,2.0,2.0,3.0,8,8,6,1.0,68.0,0.0,3,0.25
2,5.0,3.0,2.0,3.0,8,8,6,2.0,55.0,0.0,3,0.75
2,5.0,2.0,2.0,3.0,2,8,6,2.0,59.0,0.0,3,2.0
2,3.0,5.0,2.0,6.0,2,8,6,2.0,49.0,0.0,3,4.0
2,6.0,2.0,2.0,6.0,2,8,6,1.0,57.0,0.0,3,3.0
2,6.0,2.0,2.0,6.0,2,8,6,2.0,46.0,0.2,3,5.0
2,3.0,4.0,2.0,9.0,2,8,6,2.0,25.0,0.0,3,3.0
2,5.0,4.0,2.0,4.0,2,8,6,2.0,64.0,0.0,3,2.0
2,3.0,3.0,2.0,8.0,2,8,6,2.0,66.0,0.0,3,2.0
2,3.0,5.0,2.0,6.0,2,8,6,2.0,46.0,0.0,3,3.0
2,5.0,4.0,2.0,5.0,2,8,6,1.0,86.0,0.0,3,2.0
2,5.0,5.0,2.0,4.0,2,8,6,1.0,83.0,0.2,3,5.0
2,5.0,3.0,2.0,1.0,2,8,6,1.0,57.0,0.0,3,2.0
1,5.0,3.0,2.0,7.0,2,8,6,1.0,42.0,0.6,3,5.0
1,5.0,3.0,2.0,1.0,2,8,6,0.0,84.0,0.0,3,1.0
3,3.0,5.0,2.0,4.0,2,8,6,0.0,73.0,0.0,3,4.0
1,5.0,3.0,2.0,6.0,2,8,6,1.0,60.0,0.0,3,1.0
3,3.0,4.0,2.0,4.0,2,8,6,3.0,62.0,0.0,3,6.0
1,5.0,2.0,2.0,8.0,2,8,6,1.0,60.0,0.0,3,2.0
1,3.0,4.0,2.0,7.0,2,8,6,1.0,40.0,0.0,3,6.0
1,5.0,1.0,2.0,3.0,2,8,6,1.0,80.0,0.0,3,1.0
1,3.0,4.0,2.0,6.0,2,8,6,0.0,49.0,0.0,3,1.0
2,3.0,4.0,2.0,6.0,2,8,6,2.0,34.0,0.4,3,5.0
1,5.0,3.0,2.0,6.0,5,8,6,1.0,68.0,0.0,3,3.0
1,5.0,2.0,2.0,6.0,5,8,6,1.0,77.0,0.0,3,2.0
1,3.0,3.0,2.0,3.0,5,8,6,1.0,68.0,0.0,3,1.0
2,5.0,2.0,2.0,10.0,5,8,6,0.0,66.0,0.0,3,2.0
2,5.0,3.0,2.0,5.0,2,8,6,2.0,63.0,0.0,3,0.25
1,6.0,2.0,2.0,3.0,2,8,6,1.0,68.0,0.0,3,0.25
3,5.0,4.0,2.0,9.0,2,8,6,3.0,59.0,0.0,3,0.375
1,5.0,5.0,2.0,1.0,2,8,6,0.0,73.0,0.0,3,0.125
2,5.0,3.0,2.0,8.0,2,8,6,3.0,50.0,0.2,3,0.625
2,6.0,3.0,2.0,7.0,5,8,6,1.0,42.0,0.3333333333333333,3,0.5
2,6.0,3.0,2.0,3.0,5,8,6,1.0,81.0,0.0,3,0.3333333333333333
1,6.0,2.0,2.0,4.0,5,8,6,1.0,83.0,0.0,3,1.0
2,6.0,4.0,2.0,4.0,5,8,6,0.0,89.0,0.0,3,2.0
1,6.0,3.0,2.0,4.0,5,8,6,1.0,79.0,0.0,3,1.0
1,3.0,3.0,2.0,8.0,5,8,6,1.0,69.0,0.0,3,1.0
1,5.0,2.0,2.0,8.0,5,8,6,1.0,51.0,0.0,3,4.0
1,6.0,3.0,2.0,7.0,5,8,6,1.0,53.0,0.0,3,1.0
1,6.0,2.0,2.0,5.0,5,8,6,1.0,70.0,0.0,3,1.0
2,4.0,2.0,2.0,8.0,5,8,6,2.0,40.0,0.25,3,4.0
2,5.0,2.0,2.0,7.0,5,8,6,2.0,52.0,0.0,3,2.0
1,6.0,3.0,2.0,6.0,7,8,6,0.0,59.0,0.0,3,1.0
3,5.0,5.0,2.0,7.0,7,8,6,2.0,72.0,0.0,3,4.0
3,5.0,3.0,2.0,6.0,7,8,6,1.0,57.0,0.25,3,4.0
3,6.0,4.0,2.0,3.0,7,8,6,1.0,66.0,0.0,3,3.0
2,6.0,2.0,2.0,6.0,7,8,6,2.0,44.0,0.0,3,0.5
2,5.0,2.0,2.0,9.0,7,8,6,2.0,33.0,0.5,3,1.0
2,5.0,3.0,2.0,5.0,7,8,6,1.0,43.0,0.0,3,0.8
2,5.0,4.0,2.0,4.0,7,8,6,0.0,51.0,0.0,3,0.4285714285714285
3,5.0,4.0,2.0,4.0,7,8,6,2.0,36.0,0.2,3,0.7142857142857143
2,5.0,3.0,2.0,6.0,7,8,6,1.0,36.0,0.25,3,0.8
1,5.0,1.0,2.0,3.0,7,8,6,0.0,73.0,0.0,3,0.25
2,4.0,6.0,2.0,6.0,7,8,6,1.0,59.0,0.0,3,2.0
1,4.0,3.0,2.0,10.0,7,8,6,0.0,67.0,0.3333333333333333,3,0.4285714285714285
1,4.0,3.0,2.0,4.0,7,8,6,0.0,79.0,0.0,3,2.0
2,3.0,3.0,2.0,9.0,7,8,6,2.0,66.0,0.0,3,2.0
2,5.0,4.0,2.0,4.0,7,8,6,2.0,51.0,0.0,3,4.0
3,3.0,3.0,2.0,4.0,7,8,6,3.0,56.0,0.4,3,5.0
1,5.0,2.0,2.0,3.0,7,8,6,0.0,74.0,0.0,3,1.0
2,4.0,4.0,2.0,7.0,7,8,6,2.0,32.0,0.2857142857142857,3,7.0
1,5.0,3.0,2.0,10.0,7,8,6,1.0,32.0,0.5,3,2.0
1,3.0,6.0,2.0,8.0,7,8,6,1.0,43.0,0.5,3,1.0
1,5.0,3.0,2.0,8.0,7,8,6,1.0,50.0,0.0,3,0.2
2,5.0,3.0,2.0,10.0,7,8,6,2.0,30.0,0.3333333333333333,3,3.0
2,5.0,6.0,2.0,4.0,7,8,6,1.0,70.0,0.0,3,2.0
3,5.0,4.0,2.0,10.0,7,8,6,3.0,49.0,0.1666666666666666,3,1.2
2,5.0,6.0,2.0,6.0,7,8,6,1.0,36.0,0.6,3,1.0
2,6.0,4.0,2.0,3.0,7,8,6,2.0,64.0,0.3333333333333333,3,0.6
1,5.0,4.0,2.0,8.0,7,8,6,1.0,32.0,0.3333333333333333,3,3.0
2,5.0,6.0,2.0,8.0,7,8,6,1.0,57.0,0.0,3,6.0
1,5.0,2.0,2.0,8.0,7,8,6,0.0,43.0,0.0,3,2.0
2,6.0,2.0,2.0,5.0,7,8,6,0.0,41.0,0.4,3,0.7142857142857143
2,5.0,3.0,2.0,4.0,7,8,6,2.0,73.0,0.25,3,0.5
3,4.0,1.0,2.0,3.0,7,8,6,2.0,54.0,0.0,3,0.375
1,4.0,2.0,2.0,6.0,7,8,6,2.0,53.0,0.25,3,0.6666666666666666
3,4.0,5.0,2.0,7.0,7,8,6,3.0,47.0,0.0,3,4.0
2,5.0,5.0,2.0,6.0,7,8,6,2.0,47.0,0.4,3,5.0
3,5.0,3.0,2.0,4.0,7,8,6,3.0,65.0,0.5,3,8.0
2,4.0,4.0,2.0,6.0,7,8,6,2.0,79.0,0.0,3,2.0
3,5.0,4.0,2.0,4.0,7,8,6,1.0,83.0,0.0,3,3.0
2,5.0,5.0,2.0,9.0,7,8,6,2.0,44.0,0.0,3,0.8
2,6.0,2.0,2.0,6.0,7,8,6,3.0,35.0,0.2,3,1.0
2,6.0,2.0,2.0,5.0,7,8,6,2.0,48.0,0.0,3,0.4
2,6.0,1.0,2.0,3.0,7,8,6,1.0,57.0,0.0,3,0.5
2,4.0,2.0,2.0,3.0,7,8,6,2.0,52.0,0.4,3,0.8333333333333334
1,6.0,1.0,2.0,3.0,7,8,6,0.0,50.0,0.0,3,0.25
1,5.0,4.0,2.0,6.0,7,8,6,1.0,56.0,0.3333333333333333,3,3.0
2,2.0,3.0,2.0,8.0,7,8,6,2.0,59.0,0.25,3,4.0
1,5.0,2.0,2.0,7.0,7,8,6,0.0,56.0,0.0,3,1.0
1,5.0,5.0,2.0,8.0,7,8,6,1.0,57.0,0.2,3,5.0
1,5.0,2.0,2.0,6.0,7,8,6,1.0,52.0,0.3333333333333333,3,3.0
2,6.0,3.0,2.0,6.0,7,8,6,3.0,58.0,0.0,3,7.0
2,5.0,4.0,2.0,5.0,7,8,6,2.0,62.0,0.0,3,3.0
2,5.0,3.0,2.0,3.0,7,8,6,1.0,59.0,0.0,3,3.0
3,3.0,4.0,2.0,8.0,7,8,6,3.0,47.0,0.0,3,4.0
1,5.0,1.0,2.0,5.0,7,8,6,1.0,71.0,0.0,3,0.5
2,5.0,2.0,2.0,7.0,7,8,6,2.0,42.0,0.25,3,4.0
1,2.0,2.0,2.0,10.0,7,8,6,1.0,60.0,0.0,3,1.0
2,5.0,3.0,2.0,6.0,7,8,6,2.0,67.0,0.0,3,2.0
1,4.0,5.0,2.0,5.0,7,8,6,2.0,66.0,0.0,3,0.6
2,6.0,2.0,2.0,4.0,7,8,6,2.0,51.0,0.25,3,4.0
3,6.0,3.0,2.0,1.0,7,8,6,3.0,60.0,0.0,3,3.0
1,4.0,1.0,2.0,6.0,7,8,6,2.0,25.0,0.3333333333333333,3,3.0
2,4.0,3.0,2.0,7.0,7,8,6,2.0,26.0,0.3333333333333333,3,3.0
2,4.0,1.0,2.0,7.0,7,8,6,2.0,27.0,0.3333333333333333,3,3.0
2,2.0,4.0,2.0,9.0,3,8,6,2.0,45.0,0.3333333333333333,3,3.0
2,5.0,3.0,2.0,6.0,3,8,6,2.0,74.0,0.0,3,2.0
2,5.0,5.0,2.0,6.0,3,8,6,2.0,40.0,0.25,3,4.0
1,5.0,5.0,2.0,3.0,3,8,6,1.0,81.0,0.0,3,2.0
3,2.0,7.0,2.0,8.0,3,8,6,3.0,51.0,0.2,3,5.0
2,5.0,3.0,2.0,8.0,3,8,6,2.0,44.0,0.2,3,5.0
3,5.0,3.0,2.0,3.0,3,8,6,2.0,59.0,0.0,3,3.0
1,5.0,4.0,2.0,5.0,3,8,6,1.0,70.0,0.0,3,2.0
1,5.0,4.0,2.0,6.0,3,8,6,1.0,70.0,0.0,3,2.0
2,5.0,3.0,2.0,6.0,3,8,6,1.0,69.0,0.3333333333333333,3,3.0
1,5.0,4.0,2.0,8.0,3,8,6,1.0,39.0,0.0,3,2.0
3,5.0,3.0,2.0,6.0,3,8,6,3.0,46.0,0.2,3,5.0
2,2.0,4.0,2.0,5.0,3,8,6,1.0,63.0,0.0,3,3.0
1,2.0,4.0,2.0,7.0,3,8,6,1.0,65.0,0.3333333333333333,3,3.0
1,1.0,5.0,2.0,3.0,3,8,6,1.0,71.0,0.0,3,2.0
3,5.0,4.0,2.0,6.0,3,8,6,2.0,44.0,0.4285714285714285,3,7.0
3,5.0,5.0,2.0,6.0,3,8,6,2.0,30.0,0.1666666666666666,3,1.5
2,6.0,2.0,2.0,6.0,6,8,6,2.0,46.0,0.0,3,2.0
1,6.0,1.0,2.0,3.0,6,8,6,1.0,54.0,0.0,3,1.0
2,5.0,3.0,2.0,8.0,6,8,6,1.0,58.0,0.0,3,2.0
2,6.0,1.0,2.0,1.0,6,8,6,1.0,76.0,0.0,3,2.0
3,6.0,4.0,2.0,4.0,6,8,6,3.0,60.0,0.0,3,3.0
1,6.0,3.0,2.0,4.0,6,8,6,1.0,70.0,0.0,3,2.0
1,6.0,3.0,2.0,1.0,6,8,6,1.0,82.0,0.0,3,2.0
2,6.0,2.0,2.0,5.0,6,8,6,2.0,71.0,0.0,3,2.0
1,6.0,2.0,2.0,6.0,6,8,6,1.0,47.0,0.0,3,3.0
1,6.0,2.0,2.0,4.0,6,8,6,1.0,64.0,0.0,3,1.0
3,5.0,3.0,2.0,6.0,6,8,6,2.0,56.0,0.0,3,3.0
1,5.0,2.0,2.0,4.0,6,8,6,1.0,55.0,0.0,3,2.0
2,6.0,4.0,2.0,4.0,6,8,6,2.0,72.0,0.0,3,3.0
3,5.0,5.0,2.0,6.0,6,8,6,3.0,65.0,0.4,3,5.0
1,5.0,1.0,2.0,4.0,6,8,6,1.0,77.0,0.0,3,2.0
3,4.0,4.0,2.0,6.0,5,8,6,3.0,53.0,0.0,3,5.0
2,4.0,2.0,2.0,6.0,5,8,6,2.0,57.0,0.1428571428571428,3,7.0
3,4.0,6.0,2.0,9.0,5,8,6,2.0,51.0,0.0,3,4.0
1,5.0,4.0,2.0,6.0,5,8,6,1.0,41.0,0.0,3,4.0
2,5.0,3.0,2.0,5.0,5,8,6,1.0,55.0,0.0,3,2.0
1,4.0,3.0,2.0,6.0,5,8,6,1.0,31.0,0.3333333333333333,3,3.0
1,5.0,3.0,2.0,5.0,5,8,6,1.0,53.0,0.0,3,1.0
2,5.0,2.0,2.0,3.0,7,8,6,2.0,47.0,0.0,3,3.0
2,4.0,3.0,2.0,5.0,7,8,6,2.0,42.0,0.5,3,4.0
2,3.0,2.0,2.0,5.0,7,8,6,2.0,46.0,0.0,3,0.6
1,5.0,2.0,2.0,4.0,7,8,6,1.0,56.0,0.0,3,0.2
1,5.0,3.0,2.0,8.0,7,8,6,1.0,29.0,0.0,3,0.2
1,5.0,6.0,2.0,6.0,7,8,6,1.0,32.0,0.4,3,1.0
2,5.0,4.0,2.0,5.0,7,8,6,2.0,52.0,0.25,3,4.0
3,5.0,6.0,2.0,3.0,7,8,6,1.0,79.0,0.0,3,5.0
2,5.0,3.0,2.0,6.0,7,8,6,1.0,36.0,0.4,3,5.0
1,6.0,2.0,2.0,3.0,5,8,6,1.0,76.0,0.0,3,1.0
1,6.0,3.0,2.0,4.0,5,8,6,1.0,59.0,0.0,3,0.1666666666666666
1,6.0,2.0,2.0,4.0,5,8,6,1.0,66.0,0.0,3,2.0
1,6.0,4.0,2.0,5.0,5,8,6,1.0,47.0,0.0,3,2.0
1,6.0,4.0,2.0,4.0,5,8,6,1.0,56.0,0.0,3,2.0
2,4.0,5.0,2.0,5.0,7,8,6,1.0,55.0,0.0,3,0.5
1,6.0,1.0,2.0,3.0,7,8,6,1.0,37.0,0.0,3,0.25
2,4.0,4.0,2.0,5.0,7,8,6,1.0,29.0,0.6,3,0.625
1,4.0,2.0,2.0,5.0,7,8,6,1.0,54.0,0.0,3,0.25
1,4.0,2.0,2.0,6.0,7,8,6,1.0,29.0,0.6,3,0.625
3,4.0,4.0,2.0,5.0,7,8,6,2.0,44.0,0.4444444444444444,3,1.125
1,4.0,5.0,2.0,6.0,7,8,6,1.0,56.0,0.0,3,0.125
1,6.0,2.0,2.0,1.0,7,8,6,1.0,47.0,0.0,3,0.1666666666666666
3,4.0,5.0,2.0,3.0,7,8,6,3.0,43.0,0.5,3,0.75
3,4.0,4.0,2.0,4.0,7,8,6,3.0,54.0,0.2,3,0.8333333333333334
1,4.0,2.0,2.0,4.0,7,8,6,1.0,34.0,0.4,3,0.8333333333333334
2,5.0,7.0,2.0,4.0,7,8,6,1.0,35.0,0.4,3,0.8333333333333334
3,3.0,4.0,2.0,3.0,1,8,6,3.0,62.0,0.0,3,3.0
1,5.0,2.0,2.0,6.0,1,8,6,1.0,58.0,0.0,3,1.0
3,5.0,4.0,2.0,6.0,1,8,6,2.0,45.0,0.25,3,4.0
2,5.0,3.0,2.0,4.0,1,8,6,0.0,58.0,0.0,3,0.5
2,6.0,3.0,2.0,6.0,1,8,6,1.0,41.0,0.0,3,0.5
2,5.0,3.0,2.0,6.0,1,8,6,1.0,57.0,0.3333333333333333,3,0.75
3,5.0,5.0,2.0,7.0,1,8,6,3.0,44.0,0.0,3,1.75
3,5.0,5.0,2.0,6.0,1,8,6,2.0,37.0,0.3333333333333333,3,6.0
3,3.0,5.0,2.0,10.0,1,8,6,2.0,73.0,0.0,3,6.0
1,5.0,3.0,2.0,6.0,1,8,6,0.0,28.0,0.5,3,1.0
2,5.0,4.0,2.0,6.0,1,8,6,2.0,47.0,0.0,3,1.0
2,6.0,3.0,2.0,7.0,1,8,6,1.0,26.0,0.0,3,1.0
3,5.0,4.0,2.0,5.0,1,8,6,3.0,64.0,0.1666666666666666,3,6.0
3,5.0,3.0,2.0,8.0,1,8,6,3.0,54.0,0.0,3,4.0
1,5.0,4.0,2.0,5.0,1,8,6,0.0,77.0,0.0,3,1.0
3,3.0,4.0,2.0,8.0,1,8,6,3.0,46.0,0.0,3,4.0
1,5.0,3.0,2.0,6.0,1,8,6,1.0,31.0,0.0,3,2.0
3,5.0,4.0,2.0,4.0,1,8,6,2.0,51.0,0.25,3,4.0
1,5.0,2.0,2.0,6.0,1,8,6,1.0,50.0,0.0,3,3.0
3,5.0,4.0,2.0,8.0,1,8,6,2.0,45.0,0.0,3,3.0
1,6.0,1.0,2.0,4.0,1,8,6,0.0,76.0,0.0,3,1.0
2,5.0,3.0,2.0,5.0,1,8,6,2.0,69.0,0.0,3,2.0
1,6.0,4.0,2.0,6.0,1,8,6,1.0,46.0,0.0,3,3.0
2,5.0,3.0,2.0,6.0,1,8,6,0.0,70.0,0.0,3,4.0
1,5.0,4.0,2.0,3.0,1,8,6,1.0,82.0,0.0,3,3.0
2,3.0,3.0,2.0,10.0,1,8,6,1.0,67.0,0.0,3,2.0
1,2.0,3.0,2.0,8.0,1,8,6,0.0,83.0,0.0,3,1.0
2,5.0,3.0,2.0,3.0,1,8,6,1.0,81.0,0.0,3,2.0
1,5.0,1.0,2.0,1.0,1,8,6,1.0,63.0,0.0,3,1.0
2,5.0,2.0,2.0,6.0,1,8,6,1.0,52.0,0.0,3,2.0
1,5.0,4.0,2.0,3.0,1,8,6,1.0,70.0,0.0,3,3.0
1,6.0,2.0,2.0,3.0,1,8,6,1.0,55.0,0.0,3,1.0
1,6.0,2.0,2.0,5.0,1,8,6,1.0,31.0,0.3333333333333333,3,3.0
2,6.0,3.0,2.0,3.0,1,8,6,2.0,56.0,0.0,3,3.0
1,6.0,2.0,2.0,6.0,1,8,6,1.0,44.0,0.0,3,1.0
1,5.0,3.0,2.0,4.0,1,8,6,1.0,82.0,0.0,3,1.0
2,5.0,4.0,2.0,9.0,1,8,6,2.0,52.0,0.0,3,2.0
2,6.0,4.0,2.0,4.0,1,8,6,1.0,54.0,0.3333333333333333,3,3.0
2,5.0,4.0,2.0,3.0,1,8,6,0.0,79.0,0.0,3,2.0
3,6.0,7.0,2.0,4.0,1,8,6,3.0,60.0,0.0,3,4.0
3,6.0,3.0,2.0,3.0,1,8,6,1.0,45.0,0.25,3,4.0
2,5.0,2.0,2.0,3.0,1,8,6,1.0,45.0,0.25,3,4.0
1,6.0,2.0,2.0,1.0,1,8,6,1.0,83.0,0.0,3,1.0
3,6.0,4.0,2.0,3.0,1,8,6,1.0,46.0,0.375,3,8.0
2,5.0,2.0,2.0,6.0,1,8,6,2.0,41.0,0.25,3,4.0
1,6.0,4.0,2.0,3.0,1,8,6,1.0,54.0,0.0,3,1.0
2,5.0,7.0,2.0,6.0,1,8,6,1.0,59.0,0.0,3,3.0
1,5.0,3.0,2.0,6.0,1,8,6,1.0,57.0,0.0,3,1.0
2,5.0,3.0,2.0,6.0,1,8,6,2.0,50.0,0.2,3,5.0
2,5.0,4.0,2.0,5.0,1,8,6,1.0,79.0,0.0,3,2.0
2,6.0,3.0,2.0,6.0,1,8,6,2.0,50.0,0.0,3,3.0
1,5.0,5.0,2.0,1.0,1,8,6,1.0,53.0,0.5,3,0.25
1,5.0,3.0,2.0,6.0,1,8,6,2.0,55.0,0.0,3,2.0
3,5.0,4.0,2.0,5.0,1,8,6,3.0,58.0,0.0,3,3.0
2,6.0,2.0,2.0,6.0,1,8,6,2.0,36.0,0.4,3,5.0
2,6.0,3.0,2.0,6.0,1,8,6,3.0,51.0,0.0,3,3.0
1,6.0,4.0,2.0,3.0,1,8,6,0.0,83.0,0.0,3,1.0
3,5.0,4.0,2.0,6.0,1,8,6,3.0,38.0,0.2,3,5.0
1,6.0,3.0,2.0,3.0,4,8,6,1.0,55.0,0.0,3,1.0
1,6.0,4.0,2.0,5.0,4,8,6,1.0,42.0,0.0,3,2.0
1,5.0,2.0,2.0,5.0,4,8,6,1.0,45.0,0.0,3,1.0
3,6.0,2.0,2.0,4.0,4,8,6,2.0,63.0,0.0,3,0.5
2,6.0,3.0,2.0,1.0,4,8,6,3.0,79.0,0.0,3,0.6666666666666666
2,5.0,4.0,2.0,6.0,4,8,6,2.0,31.0,0.6,3,5.0
2,6.0,5.0,2.0,6.0,4,8,6,2.0,42.0,0.3333333333333333,3,3.0
2,6.0,3.0,2.0,6.0,4,8,6,3.0,83.0,0.2857142857142857,3,7.0
2,6.0,5.0,2.0,4.0,4,8,6,2.0,77.0,0.25,3,4.0
2,2.0,6.0,2.0,10.0,6,8,6,1.0,60.0,0.0,3,3.0
1,2.0,3.0,2.0,8.0,6,8,6,1.0,62.0,0.0,3,1.0
1,1.0,5.0,2.0,8.0,6,8,6,1.0,74.0,0.0,3,2.0
1,5.0,5.0,2.0,10.0,6,8,6,0.0,69.0,0.0,3,2.0
2,5.0,3.0,2.0,8.0,6,8,6,2.0,68.0,0.0,3,4.0
3,2.0,6.0,2.0,7.0,6,8,6,2.0,45.0,0.0,3,0.8
1,5.0,1.0,2.0,3.0,6,8,6,1.0,52.0,0.0,3,1.0
2,4.0,3.0,2.0,6.0,6,8,6,1.0,49.0,0.0,3,0.4
1,5.0,6.0,2.0,6.0,6,8,6,1.0,43.0,0.25,3,4.0
2,6.0,3.0,2.0,3.0,6,8,6,2.0,46.0,0.25,3,1.0
2,5.0,4.0,2.0,4.0,6,8,6,1.0,72.0,0.0,3,2.0
1,5.0,5.0,2.0,5.0,6,8,6,1.0,49.0,0.0,3,1.5
2,5.0,2.0,2.0,5.0,6,8,6,1.0,52.0,0.25,3,2.0
3,5.0,5.0,2.0,6.0,6,8,6,1.0,53.0,0.0,3,4.0
1,5.0,3.0,2.0,3.0,6,8,6,0.0,60.0,0.0,3,1.0
1,5.0,1.0,2.0,6.0,6,8,6,0.0,70.0,0.0,3,1.5
1,6.0,1.0,2.0,3.0,6,8,6,0.0,84.0,0.0,3,2.0
1,6.0,1.0,2.0,8.0,6,8,6,1.0,81.0,0.0,3,1.0
3,5.0,5.0,2.0,4.0,6,8,6,3.0,48.0,0.0,3,4.0
1,6.0,2.0,2.0,4.0,6,8,6,1.0,70.0,0.0,3,1.0
3,5.0,3.0,2.0,3.0,6,8,6,3.0,43.0,0.25,3,0.8
1,6.0,1.0,2.0,1.0,6,8,6,0.0,73.0,0.0,3,0.1428571428571428
1,6.0,3.0,2.0,3.0,6,8,6,1.0,49.0,0.0,3,0.2
1,5.0,2.0,2.0,4.0,6,8,6,1.0,49.0,0.0,3,0.2
3,5.0,5.0,2.0,3.0,6,8,6,2.0,53.0,0.4,3,1.0
1,5.0,4.0,2.0,6.0,6,8,6,1.0,44.0,0.0,3,0.4
1,7.0,2.0,2.0,4.0,6,8,6,1.0,55.0,0.0,3,0.1428571428571428
1,6.0,1.0,2.0,4.0,6,8,6,1.0,88.0,0.0,3,0.2857142857142857
1,5.0,2.0,2.0,4.0,6,8,6,1.0,50.0,0.0,3,0.1428571428571428
1,6.0,3.0,2.0,3.0,6,8,6,2.0,45.0,0.3333333333333333,3,0.4285714285714285
2,6.0,2.0,2.0,10.0,6,8,6,1.0,70.0,0.0,3,0.3333333333333333
1,5.0,3.0,2.0,6.0,6,8,6,2.0,78.0,0.0,3,2.0
3,6.0,2.0,2.0,5.0,6,8,6,3.0,57.0,0.25,3,4.0
2,6.0,1.0,2.0,6.0,6,8,6,1.0,79.0,0.0,3,2.0
2,4.0,3.0,2.0,3.0,6,8,6,2.0,49.0,0.0,3,2.0
3,6.0,3.0,2.0,5.0,6,8,6,3.0,43.0,0.0,3,6.0
1,6.0,1.0,2.0,8.0,6,8,6,1.0,31.0,0.0,3,1.0
1,5.0,1.0,2.0,4.0,6,8,6,0.0,68.0,0.0,3,1.0
1,6.0,2.0,2.0,6.0,6,8,6,1.0,56.0,0.0,3,2.0
2,3.0,3.0,2.0,9.0,7,8,6,2.0,43.0,0.25,3,4.0
3,3.0,6.0,2.0,10.0,7,8,6,2.0,56.0,0.0,3,4.0
3,3.0,4.0,2.0,8.0,7,8,6,3.0,44.0,0.0,3,5.0
2,5.0,2.0,2.0,6.0,7,8,6,2.0,51.0,0.0,3,2.0
1,5.0,3.0,2.0,5.0,7,8,6,1.0,50.0,0.5,3,2.0
2,5.0,3.0,2.0,4.0,7,8,6,3.0,57.0,0.1666666666666666,3,6.0
3,5.0,4.0,2.0,7.0,7,8,6,3.0,53.0,0.0,3,3.0
1,5.0,4.0,2.0,3.0,7,8,6,2.0,42.0,0.0,3,4.0
2,6.0,3.0,2.0,4.0,7,8,6,2.0,71.0,0.0,3,3.0
2,5.0,2.0,2.0,5.0,7,8,6,3.0,40.0,0.3333333333333333,3,6.0
2,5.0,3.0,2.0,4.0,7,8,6,2.0,63.0,0.0,3,2.0
2,5.0,4.0,2.0,4.0,7,8,6,2.0,69.0,0.0,3,2.0
2,5.0,3.0,2.0,5.0,7,8,6,2.0,42.0,0.3333333333333333,3,3.0
3,6.0,4.0,2.0,4.0,7,8,6,3.0,46.0,0.2,3,5.0
3,6.0,2.0,2.0,3.0,7,8,6,3.0,59.0,0.0,3,3.0
3,5.0,4.0,2.0,4.0,7,8,6,3.0,46.0,0.25,3,4.0
1,6.0,2.0,2.0,3.0,7,8,6,2.0,69.0,0.0,3,2.0
3,6.0,2.0,2.0,6.0,7,8,6,2.0,65.0,0.0,3,3.0
2,6.0,4.0,2.0,4.0,7,8,6,2.0,45.0,0.0,3,2.0
2,6.0,4.0,2.0,4.0,7,8,6,1.0,26.0,0.6,3,5.0
2,6.0,2.0,2.0,3.0,7,8,6,2.0,48.0,0.0,3,4.0
3,6.0,4.0,2.0,3.0,7,8,6,3.0,64.0,0.0,3,5.0
2,5.0,3.0,2.0,6.0,7,8,6,2.0,43.0,0.25,3,4.0
1,6.0,2.0,2.0,6.0,7,8,6,1.0,46.0,0.0,3,3.0
1,6.0,3.0,2.0,1.0,7,8,6,1.0,71.0,0.0,3,5.0
1,6.0,1.0,2.0,3.0,7,8,6,2.0,59.0,0.25,3,4.0
3,6.0,1.0,2.0,3.0,7,8,6,3.0,40.0,0.0,3,0.5
2,6.0,6.0,2.0,4.0,7,8,6,3.0,57.0,0.0,3,0.625
2,6.0,6.0,2.0,4.0,7,8,6,2.0,33.0,0.4,3,0.625
1,6.0,2.0,2.0,6.0,7,8,6,1.0,34.0,0.4,3,0.625
2,3.0,6.0,2.0,6.0,7,8,6,3.0,45.0,0.25,3,4.0
1,3.0,2.0,2.0,4.0,7,8,6,0.0,74.0,0.0,3,2.0
3,2.0,5.0,2.0,8.0,7,8,6,3.0,66.0,0.125,3,8.0
3,3.0,7.0,2.0,10.0,7,8,6,2.0,48.0,0.25,3,4.0
2,3.0,5.0,2.0,8.0,7,8,6,1.0,70.0,0.0,3,2.0
2,6.0,4.0,2.0,3.0,7,8,6,2.0,51.0,0.0,3,2.0
1,6.0,2.0,2.0,4.0,7,8,6,2.0,63.0,0.0,3,2.0
3,6.0,3.0,2.0,5.0,7,8,6,2.0,48.0,0.2,3,5.0
2,6.0,3.0,2.0,5.0,7,8,6,3.0,65.0,0.0,3,3.0
1,6.0,3.0,2.0,6.0,7,8,6,2.0,34.0,0.3333333333333333,3,3.0
2,5.0,4.0,2.0,8.0,7,8,6,2.0,69.0,0.0,3,1.0
1,5.0,4.0,2.0,1.0,7,8,6,1.0,50.0,0.0,3,1.0
1,3.0,4.0,2.0,10.0,7,8,6,1.0,50.0,0.0,3,0.6
2,5.0,2.0,2.0,8.0,7,8,6,2.0,43.0,0.0,3,4.0
2,6.0,2.0,2.0,3.0,7,8,6,2.0,55.0,0.3333333333333333,3,3.0
3,6.0,2.0,2.0,3.0,7,8,6,2.0,56.0,0.0,3,3.0
1,6.0,3.0,2.0,4.0,7,8,6,1.0,45.0,0.0,3,0.375
3,6.0,5.0,2.0,4.0,7,8,6,3.0,41.0,0.0,3,0.5
1,6.0,1.0,2.0,4.0,7,8,6,1.0,59.0,0.0,3,0.125
1,6.0,1.0,2.0,5.0,7,8,6,1.0,65.0,0.0,3,0.125
1,5.0,3.0,2.0,5.0,7,8,6,1.0,37.0,0.3333333333333333,3,3.0
1,5.0,4.0,2.0,3.0,7,8,6,1.0,60.0,0.0,3,2.0
2,4.0,3.0,2.0,6.0,7,8,6,3.0,51.0,0.3333333333333333,3,6.0
1,6.0,7.0,2.0,6.0,7,8,6,2.0,39.0,0.4,3,5.0
2,5.0,7.0,2.0,3.0,7,8,6,2.0,67.0,0.25,3,4.0
2,5.0,3.0,2.0,9.0,3,8,6,2.0,48.0,0.2,3,5.0
1,5.0,7.0,2.0,5.0,3,8,6,1.0,62.0,0.0,3,3.0
2,5.0,5.0,2.0,7.0,3,8,6,2.0,62.0,0.0,3,4.0
1,5.0,1.0,2.0,5.0,3,8,6,1.0,54.0,0.0,3,1.0
1,5.0,2.0,2.0,7.0,3,8,6,1.0,49.0,0.0,3,0.3333333333333333
1,5.0,2.0,2.0,5.0,3,8,6,1.0,26.0,0.3333333333333333,3,1.0
1,5.0,1.0,2.0,3.0,3,8,6,0.0,65.0,0.0,3,0.3333333333333333
1,3.0,3.0,2.0,3.0,3,8,6,1.0,62.0,0.0,3,4.0
2,3.0,3.0,2.0,5.0,3,8,6,2.0,61.0,0.0,3,2.0
1,5.0,2.0,2.0,8.0,3,8,6,1.0,48.0,0.3333333333333333,3,3.0
2,5.0,3.0,2.0,6.0,3,8,6,2.0,40.0,0.0,3,3.0
3,1.0,5.0,2.0,8.0,3,8,6,3.0,57.0,0.0,3,5.0
1,5.0,2.0,2.0,6.0,3,8,6,1.0,40.0,0.3333333333333333,3,3.0
2,3.0,5.0,2.0,9.0,3,8,6,2.0,35.0,0.4,3,5.0
1,5.0,2.0,2.0,4.0,3,8,6,1.0,40.0,0.3333333333333333,3,3.0
2,5.0,3.0,2.0,5.0,3,8,6,1.0,47.0,0.125,3,8.0
3,5.0,3.0,2.0,9.0,3,8,6,3.0,52.0,0.0,3,3.0
2,1.0,5.0,2.0,6.0,3,8,6,0.0,69.0,0.0,3,3.0
1,5.0,3.0,2.0,4.0,3,8,6,1.0,83.0,0.0,3,2.0
3,2.0,4.0,2.0,6.0,3,8,6,1.0,69.0,0.0,3,8.0
2,3.0,3.0,2.0,6.0,3,8,6,2.0,58.0,0.3333333333333333,3,3.0
2,5.0,3.0,2.0,5.0,3,8,6,1.0,52.0,0.0,3,2.0
2,3.0,3.0,2.0,6.0,3,8,6,1.0,53.0,0.0,3,3.0
1,3.0,2.0,2.0,8.0,3,8,6,1.0,62.0,0.0,3,2.0
2,5.0,4.0,2.0,6.0,3,8,6,3.0,44.0,0.2,3,5.0
1,5.0,2.0,2.0,3.0,3,8,6,1.0,52.0,0.0,3,3.0
1,5.0,3.0,2.0,3.0,3,8,6,1.0,69.0,0.0,3,0.1428571428571428
1,5.0,3.0,2.0,6.0,3,8,6,1.0,47.0,0.0,3,0.1428571428571428
2,5.0,3.0,2.0,6.0,3,8,6,2.0,37.0,0.5,3,0.5714285714285714
3,3.0,3.0,2.0,5.0,1,8,6,3.0,65.0,0.0,3,1.0
1,5.0,3.0,2.0,3.0,1,8,6,1.0,64.0,0.0,3,3.0
1,3.0,6.0,2.0,10.0,1,8,6,1.0,56.0,0.0,3,5.0
2,5.0,1.0,2.0,6.0,1,8,6,1.0,62.0,0.5,3,4.0
2,5.0,4.0,2.0,6.0,1,8,6,2.0,70.0,0.0,3,3.0
1,5.0,2.0,2.0,10.0,1,8,6,1.0,38.0,0.0,3,3.0
2,5.0,3.0,2.0,5.0,1,8,6,2.0,61.0,0.25,3,1.0
1,5.0,1.0,2.0,8.0,1,8,6,1.0,29.0,0.0,3,0.25
3,5.0,4.0,2.0,6.0,1,8,6,3.0,49.0,0.0,3,3.0
2,5.0,4.0,2.0,6.0,1,8,6,0.0,51.0,0.0,3,2.0
3,5.0,4.0,2.0,7.0,1,8,6,2.0,67.0,0.0,3,5.0
2,5.0,3.0,2.0,9.0,1,8,6,1.0,37.0,0.4,3,5.0
2,5.0,3.0,2.0,4.0,1,8,6,1.0,75.0,0.0,3,2.0
2,2.0,5.0,2.0,6.0,1,8,6,2.0,44.0,0.2,3,5.0
1,3.0,4.0,2.0,10.0,1,8,6,0.0,35.0,0.3333333333333333,3,3.0
3,5.0,4.0,2.0,4.0,1,8,6,3.0,56.0,0.0,3,4.0
1,6.0,3.0,2.0,6.0,1,8,6,1.0,47.0,0.0,3,1.0
3,2.0,7.0,2.0,3.0,1,8,6,3.0,49.0,0.2,3,5.0
1,5.0,3.0,2.0,5.0,1,8,6,1.0,50.0,0.0,3,4.0
1,6.0,3.0,2.0,3.0,1,8,6,1.0,41.0,0.0,3,0.1428571428571428
2,5.0,5.0,2.0,8.0,1,8,6,1.0,39.0,0.2,3,1.25
2,3.0,4.0,2.0,10.0,7,8,6,0.0,74.0,0.0,3,2.0
1,3.0,6.0,2.0,10.0,7,8,6,1.0,82.0,0.0,3,2.0
3,3.0,5.0,2.0,6.0,7,8,6,1.0,70.0,0.0,3,3.0
3,5.0,3.0,2.0,8.0,7,8,6,3.0,26.0,0.0,3,3.0
2,5.0,4.0,2.0,8.0,7,8,6,2.0,37.0,0.25,3,4.0
1,6.0,3.0,2.0,8.0,7,8,6,1.0,38.0,0.0,3,1.0
2,5.0,2.0,2.0,6.0,7,8,6,2.0,54.0,0.0,3,4.0
2,3.0,4.0,2.0,5.0,7,8,6,2.0,58.0,0.25,3,4.0
2,5.0,3.0,2.0,6.0,7,8,6,2.0,54.0,0.0,3,2.0
2,5.0,4.0,2.0,5.0,7,8,6,2.0,56.0,0.5,3,4.0
2,6.0,3.0,2.0,4.0,7,8,6,2.0,62.0,0.0,3,0.4285714285714285
2,5.0,5.0,2.0,4.0,7,8,6,2.0,41.0,0.0,3,0.5714285714285714
1,5.0,5.0,2.0,5.0,7,8,6,1.0,62.0,0.0,3,1.0
2,6.0,2.0,2.0,5.0,7,8,6,2.0,43.0,0.0,3,4.0
2,5.0,1.0,2.0,6.0,7,8,6,2.0,47.0,0.0,3,2.0
2,5.0,4.0,2.0,6.0,7,8,6,2.0,37.0,0.3333333333333333,3,3.0
2,6.0,2.0,2.0,8.0,7,8,6,2.0,46.0,0.3333333333333333,3,3.0
2,5.0,3.0,2.0,5.0,7,8,6,3.0,40.0,0.3333333333333333,3,6.0
1,3.0,6.0,2.0,5.0,7,8,6,1.0,71.0,0.0,3,2.0
3,3.0,7.0,2.0,5.0,7,8,6,3.0,84.0,0.0,3,6.0
3,5.0,1.0,2.0,8.0,7,8,6,3.0,49.0,0.0,3,5.0
2,4.0,4.0,2.0,6.0,7,8,6,2.0,58.0,0.25,3,4.0
2,5.0,1.0,2.0,8.0,7,8,6,1.0,66.0,0.0,3,2.0
2,5.0,5.0,2.0,4.0,7,8,6,2.0,44.0,0.0,3,4.0
2,5.0,2.0,2.0,6.0,7,8,6,2.0,44.0,0.0,3,0.4285714285714285
1,4.0,1.0,2.0,4.0,7,8,6,1.0,65.0,0.0,3,0.1428571428571428
3,6.0,4.0,2.0,5.0,7,8,6,2.0,42.0,0.25,3,4.0
3,5.0,4.0,2.0,6.0,7,8,6,2.0,52.0,0.2857142857142857,3,7.0
1,6.0,1.0,2.0,5.0,7,8,6,1.0,66.0,0.0,3,1.0
1,5.0,5.0,2.0,6.0,7,8,6,1.0,68.0,0.3333333333333333,3,6.0
3,5.0,5.0,2.0,8.0,7,8,6,2.0,35.0,0.25,3,4.0
3,3.0,2.0,2.0,6.0,7,8,6,2.0,54.0,0.0,3,4.0
1,3.0,3.0,2.0,6.0,7,8,6,1.0,56.0,0.0,3,2.0
1,5.0,6.0,2.0,4.0,7,8,6,3.0,44.0,0.25,3,4.0
1,4.0,1.0,2.0,4.0,7,8,6,1.0,35.0,0.0,3,0.25
1,4.0,1.0,2.0,1.0,7,8,6,2.0,54.0,0.0,3,0.25
1,4.0,1.0,2.0,4.0,7,8,6,1.0,52.0,0.0,3,0.125
1,4.0,1.0,2.0,3.0,7,8,6,1.0,55.0,0.0,3,0.125
2,4.0,3.0,2.0,6.0,7,8,6,2.0,32.0,0.5,3,6.0
1,5.0,3.0,2.0,4.0,7,8,6,1.0,79.0,0.0,3,0.25
1,4.0,4.0,2.0,4.0,7,8,6,2.0,42.0,0.25,3,0.5
2,4.0,1.0,2.0,4.0,7,8,6,2.0,45.0,0.0,3,0.5
1,6.0,1.0,2.0,3.0,7,8,6,1.0,40.0,0.5,3,0.25
2,4.0,1.0,2.0,3.0,7,8,6,2.0,70.0,0.0,3,0.25
1,4.0,3.0,2.0,4.0,7,8,6,0.0,53.0,0.0,3,0.625
1,4.0,1.0,2.0,6.0,7,8,6,2.0,39.0,0.0,3,5.0
1,4.0,3.0,2.0,3.0,7,8,6,2.0,74.0,0.0,3,3.0
3,4.0,3.0,2.0,3.0,7,8,6,3.0,72.0,0.4,3,5.0
1,4.0,2.0,2.0,5.0,7,8,6,1.0,56.0,0.5,3,0.4
1,4.0,1.0,2.0,3.0,7,8,6,2.0,44.0,0.5,3,0.8571428571428571
2,5.0,2.0,2.0,6.0,7,8,6,2.0,26.0,0.25,3,0.5
1,5.0,3.0,2.0,7.0,3,8,6,1.0,22.0,0.3333333333333333,3,3.0
2,5.0,1.0,2.0,6.0,3,8,6,2.0,37.0,0.25,3,4.0
1,5.0,1.0,2.0,5.0,3,8,6,1.0,32.0,0.0,3,1.0
1,5.0,4.0,2.0,6.0,3,8,6,0.0,36.0,0.25,3,4.0
1,6.0,4.0,2.0,3.0,5,8,6,1.0,52.0,0.0,3,1.0
1,6.0,2.0,2.0,1.0,5,8,6,1.0,72.0,0.0,3,1.0
1,6.0,3.0,2.0,3.0,5,8,6,1.0,69.0,0.0,3,1.0
2,6.0,5.0,2.0,4.0,5,8,6,1.0,49.0,0.0,3,2.0
2,6.0,6.0,2.0,4.0,5,8,6,2.0,58.0,0.0,3,2.0
1,6.0,5.0,2.0,4.0,5,8,6,1.0,58.0,0.0,3,1.0
2,6.0,4.0,2.0,5.0,5,8,6,2.0,58.0,0.0,3,0.5
3,5.0,3.0,2.0,3.0,5,8,6,2.0,78.0,0.0,3,2.0
3,4.0,4.0,2.0,8.0,5,8,6,3.0,42.0,0.0,3,3.0
3,5.0,4.0,2.0,5.0,1,8,6,3.0,37.0,0.4,3,1.6666666666666667
1,5.0,3.0,2.0,8.0,1,8,6,1.0,32.0,0.5,3,0.5
2,5.0,4.0,2.0,6.0,1,8,6,2.0,40.0,0.5,3,1.3333333333333333
1,5.0,4.0,2.0,8.0,2,8,6,0.0,40.0,0.2,3,1.25
1,5.0,1.0,2.0,9.0,2,8,6,1.0,50.0,0.0,3,0.25
1,5.0,4.0,2.0,4.0,6,8,6,1.0,70.0,0.0,3,0.5
1,5.0,3.0,2.0,6.0,6,8,6,0.0,68.0,0.0,3,0.25
1,5.0,2.0,2.0,6.0,6,8,6,0.0,33.0,0.25,3,1.3333333333333333
2,2.0,4.0,2.0,10.0,7,8,6,1.0,44.0,0.0,3,4.0
2,5.0,2.0,2.0,6.0,7,8,6,1.0,44.0,0.0,3,2.0
2,5.0,4.0,2.0,6.0,7,8,6,1.0,31.0,0.0,3,2.0
1,5.0,3.0,2.0,5.0,3,8,6,2.0,42.0,0.3333333333333333,3,3.0
1,5.0,3.0,2.0,3.0,3,8,6,1.0,79.0,0.0,3,2.0
3,5.0,5.0,2.0,3.0,3,8,6,3.0,71.0,0.1428571428571428,3,7.0
1,5.0,2.0,2.0,6.0,5,8,6,1.0,61.0,0.0,3,1.0
2,5.0,4.0,2.0,6.0,5,8,6,1.0,57.0,0.5,3,4.0
1,5.0,5.0,2.0,6.0,5,8,6,2.0,65.0,0.0,3,2.0
3,5.0,4.0,2.0,1.0,5,8,6,1.0,78.0,0.0,3,3.0
2,2.0,5.0,2.0,7.0,3,8,6,1.0,40.0,0.0,3,3.0
1,2.0,3.0,2.0,8.0,3,8,6,1.0,61.0,0.0,3,1.0
2,2.0,5.0,2.0,10.0,3,8,6,0.0,77.0,0.0,3,2.0
1,3.0,3.0,2.0,4.0,7,8,6,1.0,62.0,0.25,3,4.0
2,5.0,5.0,2.0,9.0,7,8,6,1.0,32.0,0.3333333333333333,3,3.0
1,3.0,3.0,2.0,6.0,7,8,6,1.0,73.0,0.0,3,2.0
1,3.0,2.0,2.0,8.0,7,8,6,1.0,61.0,0.0,3,3.0
1,5.0,2.0,2.0,6.0,7,8,6,1.0,52.0,0.0,3,1.0
1,6.0,1.0,2.0,1.0,7,8,6,1.0,30.0,0.5714285714285714,3,7.0
2,4.0,1.0,2.0,4.0,7,8,6,1.0,44.0,0.5714285714285714,3,1.0
1,4.0,1.0,2.0,3.0,7,8,6,2.0,47.0,0.0,3,2.0
2,4.0,2.0,2.0,4.0,7,8,6,2.0,38.0,0.5,3,8.0
3,3.0,4.0,2.0,5.0,1,8,6,3.0,70.0,0.25,3,8.0
2,5.0,4.0,2.0,4.0,1,8,6,2.0,77.0,0.0,3,4.0
2,3.0,3.0,2.0,5.0,1,8,6,2.0,67.0,0.0,3,2.0
3,5.0,3.0,2.0,8.0,1,8,6,2.0,67.0,0.25,3,4.0
1,5.0,2.0,2.0,8.0,2,8,6,0.0,36.0,0.0,3,1.0
2,5.0,3.0,2.0,7.0,2,8,6,2.0,43.0,0.0,3,3.0
1,5.0,2.0,2.0,9.0,2,8,6,1.0,71.0,0.0,3,2.0
2,5.0,4.0,2.0,6.0,2,8,6,2.0,37.0,0.4,3,5.0
2,5.0,2.0,2.0,7.0,8,8,6,2.0,65.0,0.0,3,2.0
2,5.0,4.0,2.0,4.0,8,8,6,2.0,61.0,0.0,3,4.0
2,3.0,4.0,2.0,6.0,8,8,6,2.0,63.0,0.0,3,2.0
1,3.0,2.0,2.0,9.0,8,8,6,0.0,59.0,0.0,3,1.0
1,6.0,2.0,2.0,1.0,5,8,6,0.0,85.0,0.0,3,0.1666666666666666
2,6.0,3.0,2.0,6.0,5,8,6,3.0,36.0,0.4,3,0.8333333333333334
3,5.0,3.0,2.0,4.0,3,8,6,3.0,51.0,0.0,3,3.0
2,6.0,1.0,2.0,3.0,3,8,6,0.0,54.0,0.0,3,3.0
1,2.0,1.0,2.0,3.0,4,8,6,1.0,70.0,0.0,3,1.0
2,6.0,2.0,2.0,5.0,4,8,6,2.0,47.0,0.1666666666666666,3,6.0
1,5.0,3.0,2.0,10.0,2,8,6,0.0,42.0,0.0,3,0.25
3,5.0,4.0,2.0,5.0,2,8,6,3.0,58.0,0.0,3,0.5
1,5.0,3.0,2.0,8.0,2,8,6,0.0,74.0,0.0,3,0.125
1,5.0,3.0,2.0,1.0,2,8,6,1.0,73.0,0.0,3,0.125
2,5.0,3.0,2.0,6.0,2,8,6,1.0,57.0,0.0,3,2.0
2,5.0,3.0,2.0,7.0,2,8,6,1.0,28.0,0.0,3,2.0
2,5.0,3.0,2.0,6.0,2,8,6,1.0,60.0,0.0,3,2.0
1,6.0,2.0,2.0,4.0,3,8,6,1.0,71.0,0.0,3,1.0
1,5.0,2.0,2.0,6.0,3,8,6,1.0,61.0,0.3333333333333333,3,3.0
1,5.0,5.0,2.0,5.0,3,8,6,2.0,50.0,0.25,3,4.0
1,6.0,1.0,2.0,5.0,3,8,6,1.0,55.0,0.0,3,3.0
1,5.0,1.0,2.0,5.0,3,8,6,1.0,53.0,0.0,3,1.0
1,6.0,2.0,2.0,5.0,6,8,6,1.0,70.0,0.0,3,0.125
1,5.0,2.0,2.0,6.0,6,8,6,1.0,56.0,0.0,3,1.0
1,5.0,2.0,2.0,5.0,6,8,6,1.0,54.0,0.0,3,1.0
2,5.0,2.0,2.0,6.0,6,8,6,2.0,53.0,0.0,3,2.0
3,5.0,4.0,2.0,3.0,8,8,6,3.0,47.0,0.0,3,1.0
1,5.0,3.0,2.0,4.0,8,8,6,1.0,74.0,0.0,3,0.5
1,6.0,3.0,2.0,6.0,4,8,6,1.0,43.0,0.5,3,0.6666666666666666
1,5.0,3.0,2.0,5.0,4,8,6,1.0,43.0,0.25,3,0.5
1,5.0,1.0,2.0,3.0,4,8,6,0.0,88.0,0.0,3,1.0
3,3.0,4.0,2.0,8.0,4,8,6,0.0,61.0,0.0,3,3.0
3,6.0,5.0,2.0,7.0,4,8,6,1.0,54.0,0.0,3,4.0
1,6.0,2.0,2.0,3.0,7,8,6,1.0,76.0,0.0,3,1.0
3,5.0,2.0,2.0,3.0,7,8,6,3.0,58.0,0.0,3,4.0
3,5.0,1.0,2.0,5.0,7,8,6,3.0,63.0,0.0,3,3.0
1,5.0,4.0,2.0,9.0,7,8,6,1.0,64.0,0.0,3,3.0
1,2.0,2.0,2.0,6.0,7,8,6,1.0,48.0,0.0,3,1.0
2,2.0,2.0,2.0,8.0,7,8,6,2.0,54.0,0.0,3,4.0
2,5.0,4.0,2.0,4.0,7,8,6,1.0,59.0,0.3333333333333333,3,3.0
1,5.0,3.0,2.0,4.0,7,8,6,1.0,72.0,0.0,3,1.0
1,5.0,3.0,2.0,4.0,7,8,6,2.0,63.0,0.0,3,2.0
2,6.0,3.0,2.0,4.0,7,8,6,2.0,60.0,0.0,3,2.0
1,5.0,3.0,2.0,4.0,7,8,6,1.0,46.0,0.5,3,2.0
1,4.0,3.0,2.0,5.0,7,8,6,1.0,65.0,0.0,3,1.0
1,6.0,2.0,2.0,6.0,7,8,6,1.0,49.0,0.0,3,0.1428571428571428
1,6.0,3.0,2.0,1.0,7,8,6,1.0,76.0,0.0,3,1.0
3,6.0,4.0,2.0,4.0,7,8,6,1.0,50.0,0.25,3,4.0
2,4.0,3.0,2.0,4.0,7,8,6,2.0,62.0,0.0,3,2.0
2,6.0,5.0,2.0,3.0,7,8,6,2.0,59.0,0.0,3,2.0
3,5.0,4.0,2.0,3.0,7,8,6,2.0,77.0,0.0,3,3.0
2,6.0,2.0,2.0,4.0,7,8,6,2.0,35.0,0.3333333333333333,3,3.0
2,5.0,4.0,2.0,6.0,7,8,6,1.0,86.0,0.0,3,2.0
2,6.0,2.0,2.0,3.0,7,8,6,2.0,50.0,0.5,3,4.0
3,6.0,2.0,2.0,5.0,7,8,6,3.0,33.0,0.25,3,0.5714285714285714
1,4.0,3.0,2.0,3.0,7,8,6,1.0,73.0,0.0,3,1.0
1,6.0,1.0,2.0,1.0,7,8,6,0.0,92.0,0.0,3,1.0
2,6.0,1.0,2.0,3.0,7,8,6,2.0,61.0,0.0,3,2.0
2,6.0,1.0,2.0,5.0,7,8,6,2.0,55.0,0.0,3,2.0
3,6.0,3.0,2.0,6.0,7,8,6,2.0,38.0,0.2,3,5.0
2,5.0,3.0,2.0,4.0,7,8,6,3.0,41.0,0.0,3,4.0
2,6.0,2.0,2.0,1.0,7,8,6,2.0,66.0,0.3333333333333333,3,3.0
2,5.0,3.0,2.0,3.0,7,8,6,2.0,72.0,0.0,3,3.0
2,6.0,2.0,2.0,3.0,7,8,6,2.0,62.0,0.2,3,5.0
1,4.0,4.0,2.0,6.0,7,8,6,2.0,36.0,0.6,3,5.0
2,4.0,2.0,2.0,6.0,7,8,6,3.0,37.0,0.25,3,4.0
2,5.0,3.0,2.0,5.0,7,8,6,2.0,51.0,0.0,3,3.0
1,5.0,2.0,2.0,7.0,7,8,6,1.0,57.0,0.0,3,3.0
1,6.0,2.0,2.0,3.0,7,8,6,2.0,43.0,0.2,3,5.0
3,5.0,7.0,2.0,8.0,2,8,6,2.0,54.0,0.0,3,4.0
2,5.0,3.0,2.0,8.0,2,8,6,1.0,75.0,0.0,3,2.0
2,5.0,4.0,2.0,4.0,2,8,6,2.0,77.0,0.0,3,3.0
2,5.0,5.0,2.0,10.0,2,8,6,1.0,65.0,0.0,3,2.0
3,5.0,3.0,2.0,10.0,2,8,6,2.0,68.0,0.0,3,3.0
2,1.0,2.0,2.0,6.0,2,8,6,0.0,73.0,0.0,3,2.0
3,5.0,5.0,2.0,3.0,2,8,6,2.0,70.0,0.0,3,6.0
2,3.0,2.0,2.0,10.0,2,8,6,1.0,28.0,0.4,3,5.0
2,5.0,4.0,2.0,5.0,2,8,6,1.0,49.0,0.0,3,3.0
3,6.0,3.0,2.0,6.0,2,8,6,3.0,42.0,0.0,3,4.0
2,5.0,2.0,2.0,9.0,2,8,6,1.0,29.0,0.3333333333333333,3,0.75
1,5.0,2.0,2.0,3.0,2,8,6,1.0,48.0,0.5,3,0.5
3,2.0,3.0,2.0,6.0,5,8,6,2.0,57.0,0.25,3,4.0
2,3.0,5.0,2.0,8.0,5,8,6,1.0,71.0,0.0,3,2.0
3,5.0,4.0,2.0,6.0,5,8,6,2.0,59.0,0.0,3,3.0
1,3.0,3.0,2.0,8.0,5,8,6,0.0,54.0,0.0,3,1.0
1,5.0,2.0,2.0,10.0,5,8,6,1.0,43.0,0.3333333333333333,3,3.0
3,5.0,4.0,2.0,3.0,5,8,6,2.0,71.0,0.0,3,4.0
2,5.0,4.0,2.0,6.0,5,8,6,2.0,34.0,0.3333333333333333,3,6.0
3,5.0,4.0,2.0,7.0,5,8,6,3.0,57.0,0.2,3,5.0
3,6.0,3.0,2.0,3.0,5,8,6,3.0,51.0,0.0,3,5.0
1,6.0,3.0,2.0,1.0,5,8,6,1.0,71.0,0.0,3,0.125
1,6.0,5.0,2.0,1.0,5,8,6,1.0,80.0,0.0,3,0.125
2,6.0,3.0,2.0,1.0,5,8,6,2.0,64.0,0.0,3,2.0
1,5.0,2.0,2.0,5.0,5,8,6,1.0,39.0,0.3333333333333333,3,3.0
1,6.0,2.0,2.0,1.0,5,8,6,1.0,56.0,0.0,3,1.0
1,5.0,1.0,2.0,3.0,5,8,6,1.0,78.0,0.0,3,1.0
1,6.0,2.0,2.0,5.0,5,8,6,2.0,59.0,0.25,3,4.0
2,5.0,3.0,2.0,6.0,5,8,6,1.0,39.0,0.4,3,5.0
1,6.0,3.0,2.0,5.0,5,8,6,1.0,65.0,0.0,3,0.3333333333333333
2,6.0,2.0,2.0,4.0,5,8,6,2.0,34.0,0.0,3,2.0
1,6.0,4.0,2.0,3.0,5,8,6,1.0,81.0,0.0,3,1.0
1,6.0,3.0,2.0,8.0,5,8,6,1.0,87.0,0.0,3,2.0
2,5.0,6.0,2.0,8.0,5,8,6,1.0,44.0,0.0,3,2.0
1,5.0,7.0,2.0,10.0,5,8,6,1.0,70.0,0.0,3,2.0
2,6.0,2.0,2.0,3.0,5,8,6,1.0,69.0,0.0,3,2.0
3,5.0,6.0,2.0,3.0,5,8,6,2.0,78.0,0.25,3,4.0
1,6.0,2.0,2.0,3.0,5,8,6,1.0,82.0,0.0,3,1.0
2,6.0,7.0,2.0,3.0,5,8,6,1.0,60.0,0.0,3,3.0
1,6.0,5.0,2.0,3.0,5,8,6,1.0,80.0,0.0,3,1.0
1,5.0,1.0,2.0,1.0,5,8,6,1.0,67.0,0.0,3,1.0
2,6.0,3.0,2.0,3.0,5,8,6,2.0,31.0,0.2,3,5.0
1,6.0,7.0,2.0,4.0,5,8,6,1.0,39.0,0.0,3,4.0
2,6.0,3.0,2.0,6.0,5,8,6,2.0,34.0,0.2,3,5.0
2,5.0,3.0,2.0,3.0,5,8,6,1.0,71.0,0.0,3,3.0
2,5.0,7.0,2.0,8.0,5,8,6,2.0,46.0,0.25,3,4.0
1,5.0,6.0,2.0,5.0,5,8,6,1.0,57.0,0.0,3,2.0
2,6.0,4.0,2.0,5.0,5,8,6,2.0,64.0,0.25,3,4.0
2,6.0,7.0,2.0,3.0,5,8,6,2.0,65.0,0.0,3,2.0
1,5.0,5.0,2.0,3.0,5,8,6,1.0,73.0,0.0,3,1.0
2,6.0,5.0,2.0,1.0,5,8,6,1.0,66.0,0.0,3,7.0
1,2.0,2.0,2.0,10.0,6,8,6,1.0,80.0,0.0,3,1.0
1,1.0,3.0,2.0,5.0,6,8,6,3.0,60.0,0.0,3,3.0
1,2.0,4.0,2.0,5.0,6,8,6,1.0,55.0,0.0,3,2.0
2,5.0,3.0,2.0,10.0,6,8,6,2.0,29.0,0.0,3,2.0
3,3.0,3.0,2.0,8.0,6,8,6,2.0,41.0,0.4,3,5.0
1,5.0,2.0,2.0,6.0,6,8,6,1.0,54.0,0.0,3,1.0
3,5.0,3.0,2.0,6.0,6,8,6,2.0,49.0,0.0,3,4.0
1,5.0,4.0,2.0,3.0,6,8,6,0.0,72.0,0.0,3,2.0
2,3.0,6.0,2.0,10.0,6,8,6,2.0,43.0,0.3333333333333333,3,3.0
3,5.0,4.0,2.0,5.0,6,8,6,3.0,51.0,0.0,3,4.0
2,2.0,6.0,2.0,10.0,6,8,6,2.0,54.0,0.25,3,4.0
1,5.0,3.0,2.0,8.0,6,8,6,0.0,63.0,0.0,3,1.0
2,4.0,4.0,2.0,3.0,6,8,6,3.0,54.0,0.0,3,4.0
2,6.0,3.0,2.0,3.0,6,8,6,1.0,60.0,0.0,3,2.0
2,6.0,4.0,2.0,4.0,6,8,6,2.0,50.0,0.25,3,4.0
2,6.0,5.0,2.0,4.0,6,8,6,2.0,77.0,0.0,3,2.0
2,6.0,3.0,2.0,4.0,6,8,6,1.0,70.0,0.0,3,2.0
1,6.0,2.0,2.0,1.0,6,8,6,1.0,88.0,0.0,3,3.0
2,6.0,1.0,2.0,3.0,6,8,6,2.0,63.0,0.0,3,2.0
2,6.0,5.0,2.0,4.0,6,8,6,2.0,78.0,0.0,3,2.0
3,6.0,7.0,2.0,4.0,6,8,6,3.0,53.0,0.4,3,5.0
2,5.0,3.0,2.0,9.0,6,8,6,2.0,68.0,0.0,3,2.0
2,5.0,4.0,2.0,6.0,6,8,6,2.0,37.0,0.25,3,4.0
3,4.0,4.0,2.0,5.0,6,8,6,3.0,57.0,0.0,3,3.0
2,6.0,4.0,2.0,6.0,6,8,6,2.0,56.0,0.25,3,4.0
1,4.0,1.0,2.0,6.0,6,8,6,1.0,37.0,0.0,3,0.5
2,4.0,2.0,2.0,1.0,6,8,6,2.0,77.0,0.0,3,2.0
1,6.0,4.0,2.0,4.0,6,8,6,1.0,66.0,0.0,3,1.0
1,6.0,1.0,2.0,1.0,6,8,6,1.0,78.0,0.0,3,0.1428571428571428
2,5.0,4.0,2.0,6.0,6,8,6,3.0,55.0,0.2,3,5.0
2,6.0,4.0,2.0,6.0,6,8,6,3.0,46.0,0.3333333333333333,3,6.0
2,6.0,3.0,2.0,6.0,6,8,6,2.0,58.0,0.0,3,2.0
1,6.0,4.0,2.0,3.0,6,8,6,1.0,66.0,0.0,3,1.0
1,4.0,2.0,2.0,3.0,6,8,6,1.0,37.0,0.0,3,1.0
3,4.0,6.0,2.0,3.0,6,8,6,3.0,81.0,0.0,3,3.0
1,6.0,5.0,2.0,3.0,6,8,6,2.0,74.0,0.3333333333333333,3,3.0
1,6.0,2.0,2.0,4.0,6,8,6,2.0,59.0,0.0,3,4.0
2,6.0,1.0,2.0,6.0,6,8,6,3.0,38.0,0.0,3,4.0
2,6.0,3.0,2.0,3.0,6,8,6,2.0,72.0,0.0,3,2.0
2,6.0,6.0,2.0,6.0,6,8,6,2.0,50.0,0.0,3,3.0
3,5.0,2.0,2.0,4.0,6,8,6,3.0,64.0,0.0,3,4.0
2,5.0,5.0,2.0,9.0,6,8,6,1.0,36.0,0.0,3,2.0
1,2.0,3.0,2.0,10.0,6,8,6,1.0,33.0,0.0,3,2.0
3,6.0,2.0,2.0,5.0,6,8,6,3.0,63.0,0.25,3,4.0
2,5.0,3.0,2.0,10.0,6,8,6,2.0,62.0,0.0,3,3.0
2,2.0,4.0,2.0,6.0,6,8,6,1.0,26.0,0.3333333333333333,3,3.0
3,3.0,7.0,2.0,8.0,6,8,6,3.0,65.0,0.0,3,4.0
3,3.0,5.0,2.0,5.0,6,8,6,2.0,65.0,0.0,3,4.0
3,3.0,6.0,2.0,4.0,6,8,6,1.0,52.0,0.0,3,1.0
3,5.0,1.0,2.0,6.0,6,8,6,1.0,66.0,0.0,3,3.0
1,5.0,2.0,2.0,3.0,6,8,6,1.0,81.0,0.0,3,1.0
2,2.0,4.0,2.0,6.0,6,8,6,1.0,53.0,0.2,3,5.0
2,5.0,7.0,2.0,8.0,6,8,6,2.0,63.0,0.0,3,2.0
1,5.0,3.0,2.0,8.0,6,8,6,1.0,31.0,0.0,3,2.0
2,3.0,6.0,2.0,6.0,6,8,6,1.0,54.0,0.0,3,4.0
3,5.0,5.0,2.0,6.0,6,8,6,2.0,55.0,0.0,3,3.0
2,5.0,5.0,2.0,5.0,6,8,6,1.0,81.0,0.0,3,2.0
1,2.0,4.0,2.0,6.0,6,8,6,1.0,42.0,0.0,3,1.0
3,1.0,4.0,2.0,8.0,6,8,6,2.0,69.0,0.0,3,4.0
3,5.0,4.0,2.0,6.0,6,8,6,1.0,65.0,0.0,3,3.0
1,5.0,2.0,2.0,4.0,6,8,6,1.0,75.0,0.0,3,1.0
2,5.0,2.0,2.0,1.0,6,8,6,1.0,56.0,0.0,3,4.0
1,5.0,2.0,2.0,4.0,6,8,6,1.0,38.0,0.0,3,2.0
2,5.0,3.0,2.0,6.0,6,8,6,2.0,54.0,0.0,3,4.0
1,5.0,3.0,2.0,5.0,6,8,6,0.0,67.0,0.0,3,2.0
2,3.0,4.0,2.0,4.0,6,8,6,1.0,84.0,0.0,3,3.0
3,5.0,5.0,2.0,8.0,6,8,6,2.0,54.0,0.4,3,5.0
1,2.0,6.0,2.0,8.0,6,8,6,0.0,65.0,0.0,3,2.0
1,2.0,4.0,2.0,6.0,6,8,6,1.0,48.0,0.0,3,4.0
2,1.0,4.0,2.0,10.0,6,8,6,2.0,33.0,0.5,3,4.0
2,2.0,7.0,2.0,7.0,6,8,6,1.0,79.0,0.0,3,4.0
2,1.0,3.0,2.0,9.0,6,8,6,0.0,83.0,0.0,3,3.0
2,5.0,3.0,2.0,6.0,6,8,6,3.0,51.0,0.0,3,3.0
1,5.0,2.0,2.0,5.0,6,8,6,0.0,72.0,0.0,3,3.0
3,3.0,2.0,2.0,8.0,6,8,6,2.0,45.0,0.3333333333333333,3,6.0
2,5.0,2.0,2.0,4.0,6,8,6,1.0,79.0,0.0,3,3.0
3,5.0,6.0,2.0,6.0,6,8,6,3.0,58.0,0.2,3,5.0
1,3.0,3.0,2.0,3.0,3,8,6,1.0,82.0,0.0,3,1.0
1,5.0,1.0,2.0,4.0,3,8,6,1.0,71.0,0.0,3,0.5
2,6.0,1.0,2.0,7.0,3,8,6,2.0,65.0,0.0,3,1.0
1,5.0,1.0,2.0,6.0,3,8,6,1.0,52.0,0.0,3,1.0
2,3.0,3.0,2.0,8.0,3,8,6,2.0,45.0,0.0,3,2.0
2,5.0,3.0,2.0,5.0,3,8,6,2.0,52.0,0.0,3,4.0
2,5.0,3.0,2.0,7.0,3,8,6,1.0,35.0,0.0,3,3.0
1,5.0,2.0,2.0,1.0,3,8,6,1.0,62.0,0.0,3,1.0
3,5.0,5.0,2.0,3.0,3,8,6,2.0,72.0,0.0,3,3.0
2,5.0,3.0,2.0,5.0,3,8,6,2.0,54.0,0.0,3,3.0
3,5.0,4.0,2.0,3.0,3,8,6,3.0,65.0,0.0,3,3.0
2,5.0,3.0,2.0,3.0,3,8,6,2.0,55.0,0.0,3,0.6666666666666666
3,2.0,5.0,2.0,8.0,3,8,6,3.0,50.0,0.0,3,4.0
2,4.0,5.0,2.0,6.0,3,8,6,2.0,44.0,0.0,3,4.0
3,2.0,5.0,2.0,9.0,3,8,6,1.0,64.0,0.0,3,3.0
1,2.0,4.0,2.0,8.0,3,8,6,1.0,48.0,0.0,3,2.0
2,5.0,1.0,2.0,4.0,3,8,6,2.0,72.0,0.0,3,2.0
3,5.0,2.0,2.0,6.0,3,8,6,3.0,42.0,0.2,3,5.0
1,5.0,4.0,2.0,8.0,3,8,6,1.0,49.0,0.5,3,4.0
1,5.0,5.0,2.0,4.0,3,8,6,2.0,50.0,0.0,3,4.0
2,5.0,3.0,2.0,6.0,3,8,6,2.0,59.0,0.0,3,2.0
1,6.0,1.0,2.0,3.0,3,8,6,1.0,50.0,0.0,3,1.0
2,5.0,3.0,2.0,4.0,3,8,6,2.0,50.0,0.0,3,3.0
1,5.0,2.0,2.0,6.0,3,8,6,1.0,64.0,0.0,3,1.0
3,6.0,3.0,2.0,6.0,6,8,6,3.0,52.0,0.2,3,5.0
1,5.0,4.0,2.0,1.0,6,8,6,1.0,65.0,0.0,3,2.0
1,5.0,1.0,2.0,5.0,6,8,6,0.0,67.0,0.0,3,1.0
2,5.0,2.0,2.0,8.0,6,8,6,2.0,35.0,0.5,3,4.0
1,5.0,5.0,2.0,5.0,6,8,6,1.0,71.0,0.0,3,2.0
3,5.0,6.0,2.0,10.0,5,8,6,2.0,54.0,0.1428571428571428,3,7.0
2,5.0,6.0,2.0,3.0,5,8,6,2.0,75.0,0.0,3,2.0
2,3.0,3.0,2.0,6.0,5,8,6,1.0,37.0,0.0,3,3.0
3,5.0,2.0,2.0,6.0,5,8,6,2.0,49.0,0.2,3,2.5
1,6.0,2.0,2.0,8.0,5,8,6,1.0,46.0,0.3333333333333333,3,3.0
3,5.0,4.0,2.0,10.0,5,8,6,2.0,45.0,0.0,3,4.0
2,3.0,3.0,2.0,8.0,5,8,6,1.0,41.0,0.25,3,4.0
1,5.0,3.0,2.0,3.0,5,8,6,1.0,62.0,0.0,3,1.0
1,5.0,4.0,2.0,5.0,5,8,6,1.0,56.0,0.0,3,2.0
1,5.0,4.0,2.0,10.0,5,8,6,1.0,61.0,0.0,3,1.0
2,5.0,5.0,2.0,8.0,5,8,6,1.0,63.0,0.0,3,2.0
2,6.0,3.0,2.0,3.0,7,8,6,1.0,52.0,0.0,3,2.0
1,6.0,2.0,2.0,1.0,7,8,6,0.0,83.0,0.0,3,1.0
2,5.0,5.0,2.0,6.0,7,8,6,2.0,48.0,0.0,3,4.0
1,6.0,6.0,2.0,4.0,5,8,6,2.0,71.0,0.0,3,2.0
2,6.0,2.0,2.0,3.0,5,8,6,1.0,71.0,0.0,3,2.0
1,6.0,6.0,2.0,4.0,5,8,6,2.0,51.0,0.3333333333333333,3,3.0
2,6.0,4.0,2.0,6.0,5,8,6,1.0,74.0,0.0,3,2.0
1,6.0,4.0,2.0,5.0,5,8,6,2.0,37.0,0.0,3,2.0
1,6.0,5.0,2.0,4.0,5,8,6,2.0,67.0,0.0,3,2.0
1,6.0,6.0,2.0,1.0,5,8,6,1.0,64.0,0.25,3,4.0
1,6.0,6.0,2.0,1.0,5,8,6,1.0,79.0,0.0,3,1.0
2,6.0,4.0,2.0,4.0,5,8,6,2.0,54.0,0.0,3,3.0
2,6.0,3.0,2.0,4.0,5,8,6,3.0,49.0,0.4,3,5.0
1,6.0,1.0,2.0,1.0,5,8,6,1.0,98.0,0.0,3,0.1428571428571428
2,6.0,2.0,2.0,3.0,5,8,6,2.0,37.0,0.5,3,4.0
1,6.0,2.0,2.0,6.0,5,8,6,1.0,43.0,0.0,3,2.0
2,6.0,5.0,2.0,1.0,5,8,6,2.0,75.0,0.0,3,3.0
1,6.0,4.0,2.0,4.0,5,8,6,3.0,47.0,0.0,3,4.0
3,6.0,3.0,2.0,6.0,5,8,6,2.0,38.0,0.25,3,4.0
2,6.0,3.0,2.0,5.0,5,8,6,2.0,30.0,0.5,3,0.5714285714285714
1,6.0,3.0,2.0,1.0,5,8,6,0.0,83.0,0.0,3,3.0
1,6.0,2.0,2.0,1.0,5,8,6,1.0,83.0,0.0,3,2.0
1,6.0,3.0,2.0,1.0,5,8,6,1.0,89.0,0.0,3,1.0
3,5.0,2.0,2.0,3.0,4,8,6,1.0,55.0,0.0,3,4.0
3,3.0,4.0,2.0,9.0,4,8,6,2.0,40.0,0.4,3,5.0
1,5.0,3.0,2.0,4.0,4,8,6,1.0,39.0,0.0,3,4.0
1,2.0,5.0,2.0,7.0,4,8,6,0.0,78.0,0.0,3,2.0
3,3.0,7.0,2.0,8.0,4,8,6,1.0,75.0,0.2,3,5.0
1,3.0,4.0,2.0,4.0,4,8,6,2.0,64.0,0.0,3,2.0
2,3.0,4.0,2.0,4.0,4,8,6,2.0,77.0,0.0,3,2.0
1,5.0,5.0,2.0,5.0,4,8,6,1.0,34.0,0.4,3,5.0
1,5.0,3.0,2.0,8.0,4,8,6,2.0,49.0,0.25,3,4.0
1,5.0,5.0,2.0,8.0,4,8,6,1.0,60.0,0.25,3,4.0
1,5.0,2.0,2.0,4.0,7,8,6,1.0,43.0,0.0,3,1.0
1,5.0,4.0,2.0,5.0,7,8,6,1.0,59.0,0.0,3,1.0
3,6.0,5.0,2.0,4.0,7,8,6,3.0,69.0,0.0,3,4.0
1,6.0,1.0,2.0,1.0,4,8,6,1.0,48.0,0.0,3,2.0
1,6.0,4.0,2.0,4.0,4,8,6,2.0,46.0,0.0,3,2.0
2,5.0,2.0,2.0,6.0,4,8,6,1.0,37.0,0.3333333333333333,3,3.0
1,5.0,3.0,2.0,3.0,4,8,6,2.0,66.0,0.0,3,2.0
2,6.0,4.0,2.0,3.0,4,8,6,3.0,42.0,0.25,3,4.0
1,6.0,5.0,2.0,8.0,4,8,6,1.0,43.0,0.0,3,1.0
2,6.0,4.0,2.0,4.0,4,8,6,2.0,50.0,0.25,3,4.0
3,6.0,4.0,2.0,1.0,4,8,6,3.0,53.0,0.25,3,4.0
2,6.0,3.0,2.0,3.0,4,8,6,2.0,52.0,0.3333333333333333,3,0.5
2,6.0,4.0,2.0,4.0,4,8,6,2.0,42.0,0.0,3,4.0
1,4.0,2.0,2.0,4.0,7,8,6,1.0,53.0,0.5,3,4.0
3,5.0,4.0,2.0,4.0,7,8,6,2.0,65.0,0.25,3,4.0
3,6.0,3.0,2.0,3.0,7,8,6,2.0,45.0,0.25,3,4.0
2,5.0,1.0,2.0,4.0,7,8,6,1.0,64.0,0.0,3,2.0
2,6.0,2.0,2.0,6.0,7,8,6,2.0,59.0,0.3333333333333333,3,3.0
2,6.0,2.0,2.0,6.0,7,8,6,2.0,42.0,0.0,3,2.0
2,6.0,2.0,2.0,3.0,7,8,6,2.0,55.0,0.0,3,3.0
2,6.0,2.0,2.0,4.0,7,8,6,2.0,78.0,0.0,3,2.0
2,5.0,1.0,2.0,4.0,7,8,6,2.0,52.0,0.0,3,3.0
1,5.0,3.0,2.0,4.0,7,8,6,1.0,71.0,0.0,3,1.0
1,4.0,4.0,2.0,8.0,7,8,6,1.0,47.0,0.0,3,2.0
1,5.0,3.0,2.0,8.0,7,8,6,1.0,41.0,0.5,3,2.0
2,4.0,2.0,2.0,3.0,7,8,6,1.0,51.0,0.3333333333333333,3,3.0
2,6.0,2.0,2.0,4.0,7,8,6,3.0,70.0,0.25,3,4.0
2,5.0,4.0,2.0,5.0,7,8,6,1.0,37.0,0.25,3,4.0
2,5.0,4.0,2.0,3.0,7,8,6,2.0,57.0,0.0,3,2.0
2,6.0,3.0,2.0,3.0,7,8,6,2.0,50.0,0.0,3,2.0
1,6.0,1.0,2.0,3.0,7,8,6,1.0,38.0,0.0,3,0.1428571428571428
2,6.0,2.0,2.0,3.0,7,8,6,3.0,43.0,0.0,3,3.0
1,6.0,1.0,2.0,1.0,7,8,6,1.0,58.0,0.0,3,0.1666666666666666
2,6.0,1.0,2.0,6.0,7,8,6,2.0,33.0,0.3333333333333333,3,3.0
2,5.0,3.0,2.0,4.0,7,8,6,1.0,95.0,0.0,3,6.0
1,6.0,2.0,2.0,4.0,7,8,6,1.0,63.0,0.0,3,4.0
2,3.0,4.0,2.0,3.0,8,8,6,1.0,84.0,0.0,3,2.0
2,5.0,4.0,2.0,8.0,8,8,6,2.0,69.0,0.0,3,3.0
2,5.0,2.0,2.0,10.0,8,8,6,2.0,39.0,0.0,3,3.0
3,3.0,4.0,2.0,6.0,8,8,6,0.0,47.0,0.0,3,3.0
3,5.0,3.0,2.0,3.0,8,8,6,3.0,56.0,0.25,3,4.0
2,5.0,4.0,2.0,3.0,8,8,6,2.0,36.0,0.25,3,4.0
2,3.0,3.0,2.0,6.0,8,8,6,0.0,43.0,0.3333333333333333,3,3.0
2,5.0,4.0,2.0,3.0,8,8,6,1.0,57.0,0.0,3,3.0
3,5.0,4.0,2.0,6.0,8,8,6,2.0,45.0,0.0,3,4.0
2,1.0,4.0,2.0,6.0,8,8,6,1.0,88.0,0.0,3,3.0
2,1.0,4.0,2.0,8.0,8,8,6,2.0,75.0,0.0,3,5.0
2,1.0,6.0,2.0,8.0,8,8,6,1.0,33.0,0.0,3,2.0
1,1.0,5.0,2.0,6.0,8,8,6,0.0,80.0,0.0,3,2.0
2,3.0,5.0,2.0,10.0,8,8,6,2.0,81.0,0.0,3,3.0
3,5.0,2.0,2.0,6.0,8,8,6,2.0,48.0,0.4,3,5.0
3,5.0,2.0,2.0,6.0,8,8,6,3.0,53.0,0.1666666666666666,3,6.0
3,5.0,6.0,2.0,6.0,8,8,6,3.0,44.0,0.4,3,5.0
1,2.0,2.0,2.0,6.0,8,8,6,1.0,42.0,0.5,3,4.0
2,2.0,5.0,2.0,9.0,8,8,6,2.0,71.0,0.0,3,3.0
1,3.0,4.0,2.0,6.0,8,8,6,1.0,77.0,0.0,3,2.0
1,3.0,2.0,2.0,4.0,8,8,6,0.0,82.0,0.0,3,1.0
1,2.0,3.0,2.0,5.0,8,8,6,1.0,36.0,0.0,3,1.0
1,2.0,4.0,2.0,4.0,8,8,6,0.0,74.0,0.0,3,1.0
1,3.0,3.0,2.0,10.0,8,8,6,1.0,47.0,0.0,3,1.0
1,5.0,3.0,2.0,5.0,8,8,6,1.0,39.0,0.3333333333333333,3,6.0
1,3.0,2.0,2.0,9.0,8,8,6,1.0,50.0,0.0,3,4.0
2,1.0,1.0,2.0,10.0,8,8,6,2.0,33.0,0.5,3,6.0
1,5.0,4.0,2.0,5.0,8,8,6,1.0,54.0,0.0,3,1.0
1,5.0,2.0,2.0,5.0,8,8,6,1.0,76.0,0.0,3,1.0
3,5.0,4.0,2.0,3.0,8,8,6,2.0,45.0,0.0,3,5.0
2,5.0,4.0,2.0,3.0,8,8,6,2.0,51.0,0.25,3,4.0
1,5.0,5.0,2.0,10.0,6,8,6,1.0,63.0,0.0,3,3.0
2,3.0,4.0,2.0,6.0,6,8,6,1.0,47.0,0.3333333333333333,3,3.0
1,5.0,4.0,2.0,9.0,6,8,6,2.0,52.0,0.0,3,3.0
2,3.0,3.0,2.0,5.0,6,8,6,2.0,58.0,0.3333333333333333,3,6.0
2,1.0,4.0,2.0,7.0,6,8,6,2.0,38.0,0.25,3,4.0
1,5.0,2.0,2.0,8.0,6,8,6,1.0,63.0,0.0,3,2.0
2,3.0,3.0,2.0,6.0,6,8,6,2.0,57.0,0.0,3,4.0
1,1.0,5.0,2.0,10.0,6,8,6,0.0,74.0,0.0,3,1.0
1,3.0,2.0,2.0,6.0,6,8,6,0.0,84.0,0.0,3,1.0
1,1.0,3.0,2.0,10.0,6,8,6,1.0,50.0,0.25,3,4.0
2,4.0,3.0,2.0,3.0,6,8,6,2.0,78.0,0.0,3,1.0
3,6.0,4.0,2.0,6.0,6,8,6,3.0,80.0,0.0,3,3.0
1,5.0,3.0,2.0,6.0,6,8,6,0.0,60.0,0.0,3,1.5
2,4.0,3.0,2.0,6.0,6,8,6,1.0,70.0,0.0,3,1.0
2,4.0,6.0,2.0,5.0,6,8,6,2.0,66.0,0.0,3,2.0
2,6.0,4.0,2.0,4.0,6,8,6,2.0,71.0,0.0,3,3.0
1,6.0,4.0,2.0,1.0,6,8,6,2.0,75.0,0.0,3,2.0
2,4.0,3.0,2.0,6.0,6,8,6,2.0,46.0,0.3333333333333333,3,3.0
2,4.0,4.0,2.0,8.0,6,8,6,3.0,45.0,0.0,3,4.0
3,6.0,5.0,2.0,1.0,6,8,6,0.0,43.0,0.25,3,4.0
1,6.0,3.0,2.0,3.0,6,8,6,0.0,90.0,0.0,3,0.1428571428571428
1,4.0,4.0,2.0,6.0,6,8,6,2.0,53.0,0.0,3,4.0
2,3.0,4.0,2.0,8.0,6,8,6,1.0,48.0,0.0,3,4.0
1,6.0,1.0,2.0,6.0,6,8,6,1.0,45.0,0.0,3,0.5
1,5.0,6.0,2.0,9.0,6,8,6,1.0,42.0,0.0,3,3.0
2,5.0,2.0,2.0,7.0,6,8,6,2.0,41.0,0.2,3,5.0
2,6.0,5.0,2.0,1.0,6,8,6,1.0,79.0,0.0,3,2.0
1,6.0,1.0,2.0,1.0,6,8,6,1.0,87.0,0.0,3,0.125
2,6.0,1.0,2.0,3.0,6,8,6,2.0,75.0,0.0,3,2.0
1,6.0,1.0,2.0,1.0,6,8,6,1.0,79.0,0.0,3,1.0
1,6.0,2.0,2.0,3.0,6,8,6,1.0,78.0,0.0,3,1.0
1,6.0,4.0,2.0,5.0,6,8,6,2.0,59.0,0.0,3,3.0
1,6.0,2.0,2.0,3.0,6,8,6,0.0,80.0,0.0,3,1.0
1,4.0,3.0,2.0,3.0,6,8,6,1.0,64.0,0.3333333333333333,3,3.0
2,6.0,4.0,2.0,5.0,6,8,6,3.0,64.0,0.0,3,3.0
1,6.0,3.0,2.0,1.0,6,8,6,1.0,76.0,0.0,3,1.0
2,6.0,4.0,2.0,4.0,6,8,6,3.0,47.0,0.25,3,4.0
2,4.0,1.0,2.0,6.0,6,8,6,1.0,50.0,0.0,3,5.0
3,6.0,6.0,2.0,6.0,6,8,6,1.0,67.0,0.0,3,3.0
2,5.0,6.0,2.0,8.0,6,8,6,2.0,52.0,0.0,3,6.0
2,6.0,1.0,2.0,5.0,6,8,6,2.0,44.0,0.4285714285714285,3,7.0
2,6.0,6.0,2.0,5.0,6,8,6,3.0,54.0,0.0,3,5.0
1,6.0,1.0,2.0,1.0,6,8,6,1.0,81.0,0.0,3,1.0
3,6.0,1.0,2.0,3.0,6,8,6,3.0,63.0,0.0,3,6.0
2,6.0,1.0,2.0,1.0,6,8,6,2.0,50.0,0.1666666666666666,3,6.0
2,6.0,4.0,2.0,6.0,6,8,6,2.0,36.0,0.5,3,4.0
2,6.0,2.0,2.0,5.0,6,8,6,2.0,36.0,0.2,3,5.0
2,4.0,4.0,2.0,3.0,6,8,6,2.0,48.0,0.2857142857142857,3,7.0
1,4.0,3.0,2.0,5.0,6,8,6,3.0,34.0,0.2,3,5.0
2,6.0,3.0,2.0,1.0,6,8,6,2.0,75.0,0.0,3,0.3333333333333333
2,6.0,1.0,2.0,3.0,6,8,6,2.0,65.0,0.0,3,2.0
1,6.0,2.0,2.0,1.0,6,8,6,1.0,70.0,0.0,3,0.1666666666666666
1,6.0,1.0,2.0,3.0,6,8,6,1.0,61.0,0.0,3,1.0
2,4.0,5.0,2.0,3.0,6,8,6,1.0,39.0,0.0,3,3.0
1,4.0,2.0,2.0,6.0,7,8,6,1.0,25.0,0.5,3,2.0
2,6.0,5.0,2.0,5.0,7,8,6,3.0,60.0,0.0,3,3.0
1,6.0,1.0,2.0,4.0,7,8,6,2.0,66.0,0.0,3,2.0
2,6.0,2.0,2.0,3.0,7,8,6,2.0,60.0,0.0,3,2.0
2,6.0,2.0,2.0,4.0,7,8,6,2.0,55.0,0.0,3,2.0
3,4.0,5.0,2.0,8.0,5,8,6,2.0,71.0,0.3333333333333333,3,6.0
2,5.0,3.0,2.0,6.0,5,8,6,1.0,67.0,0.0,3,2.0
2,5.0,3.0,2.0,6.0,5,8,6,2.0,67.0,0.0,3,2.0
2,3.0,4.0,2.0,4.0,5,8,6,1.0,88.0,0.0,3,2.0
2,4.0,3.0,2.0,6.0,5,8,6,1.0,69.0,0.0,3,2.0
2,4.0,2.0,2.0,6.0,5,8,6,2.0,49.0,0.0,3,4.0
2,4.0,1.0,2.0,10.0,5,8,6,1.0,30.0,0.3333333333333333,3,1.5
2,4.0,2.0,2.0,3.0,5,8,6,1.0,47.0,0.0,3,2.0
3,4.0,4.0,2.0,3.0,5,8,6,3.0,51.0,0.3333333333333333,3,6.0
2,4.0,3.0,2.0,4.0,5,8,6,2.0,56.0,0.0,3,3.0
1,4.0,4.0,2.0,4.0,5,8,6,1.0,74.0,0.0,3,1.0
3,4.0,4.0,2.0,3.0,5,8,6,2.0,66.0,0.0,3,3.0
1,4.0,6.0,2.0,6.0,5,8,6,1.0,42.0,0.0,3,3.0
2,6.0,4.0,2.0,1.0,5,8,6,1.0,88.0,0.3333333333333333,3,3.0
1,6.0,2.0,2.0,3.0,5,8,6,0.0,72.0,0.0,3,1.0
1,5.0,1.0,2.0,3.0,5,8,6,1.0,56.0,0.0,3,1.0
2,5.0,5.0,2.0,3.0,5,8,6,2.0,66.0,0.3333333333333333,3,3.0
2,6.0,3.0,2.0,5.0,5,8,6,2.0,61.0,0.2,3,5.0
1,4.0,6.0,2.0,5.0,5,8,6,1.0,68.0,0.0,3,1.0
1,6.0,3.0,2.0,1.0,5,8,6,1.0,77.0,0.0,3,1.0
2,6.0,4.0,2.0,5.0,5,8,6,3.0,60.0,0.0,3,3.0
2,4.0,3.0,2.0,4.0,5,8,6,2.0,40.0,0.0,3,2.0
1,6.0,3.0,2.0,3.0,5,8,6,1.0,78.0,0.0,3,1.0
1,4.0,5.0,2.0,4.0,5,8,6,2.0,52.0,0.0,3,2.0
2,4.0,4.0,2.0,5.0,5,8,6,2.0,47.0,0.0,3,2.0
2,4.0,5.0,2.0,6.0,5,8,6,3.0,48.0,0.25,3,4.0
2,4.0,4.0,2.0,8.0,5,8,6,2.0,72.0,0.0,3,0.3333333333333333
1,4.0,7.0,2.0,3.0,5,8,6,1.0,62.0,0.0,3,1.0
1,6.0,4.0,2.0,3.0,5,8,6,1.0,61.0,0.5,3,2.0
2,4.0,3.0,2.0,1.0,5,8,6,2.0,89.0,0.0,3,2.0
1,6.0,1.0,2.0,5.0,5,8,6,0.0,54.0,0.0,3,1.0
2,6.0,1.0,2.0,3.0,5,8,6,2.0,44.0,0.3333333333333333,3,6.0
1,3.0,2.0,2.0,8.0,5,8,6,1.0,69.0,0.0,3,2.0
1,6.0,5.0,2.0,5.0,5,8,6,1.0,51.0,0.2,3,5.0
3,6.0,5.0,2.0,3.0,5,8,6,2.0,71.0,0.0,3,4.0
2,4.0,6.0,2.0,3.0,5,8,6,2.0,48.0,0.2857142857142857,3,7.0
2,6.0,4.0,2.0,4.0,5,8,6,3.0,40.0,0.5,3,6.0
1,6.0,2.0,2.0,1.0,5,8,6,1.0,64.0,0.0,3,1.0
1,6.0,1.0,2.0,4.0,5,8,6,1.0,37.0,0.3333333333333333,3,3.0
1,2.0,2.0,2.0,6.0,7,8,6,0.0,76.0,0.0,3,2.0
1,5.0,6.0,2.0,5.0,7,8,6,0.0,71.0,0.0,3,2.0
2,5.0,3.0,2.0,3.0,7,8,6,2.0,87.0,0.0,3,2.0
1,5.0,6.0,2.0,9.0,7,8,6,1.0,48.0,0.0,3,1.0
1,5.0,1.0,2.0,8.0,7,8,6,1.0,50.0,0.0,3,0.5
3,6.0,5.0,2.0,5.0,7,8,6,2.0,52.0,0.0,3,6.0
1,7.0,5.0,2.0,8.0,7,8,6,0.0,85.0,0.0,3,1.0
3,3.0,4.0,2.0,6.0,7,8,6,2.0,48.0,0.0,3,3.0
2,3.0,5.0,2.0,3.0,7,8,6,0.0,82.0,0.0,3,2.0
1,6.0,1.0,2.0,6.0,7,8,6,1.0,55.0,0.0,3,2.5
1,3.0,4.0,2.0,3.0,7,8,6,2.0,52.0,0.25,3,4.0
3,6.0,3.0,2.0,1.0,5,8,6,1.0,47.0,0.0,3,4.0
2,5.0,6.0,2.0,4.0,5,8,6,2.0,54.0,0.0,3,3.0
3,5.0,2.0,2.0,3.0,5,8,6,3.0,44.0,0.0,3,2.0
2,6.0,2.0,2.0,10.0,5,8,6,2.0,37.0,0.2,3,5.0
1,5.0,4.0,2.0,4.0,7,8,6,1.0,65.0,0.0,3,3.0
2,3.0,5.0,2.0,10.0,7,8,6,2.0,46.0,0.3333333333333333,3,3.0
3,3.0,4.0,2.0,6.0,7,8,6,2.0,42.0,0.25,3,4.0
1,6.0,4.0,2.0,6.0,5,8,6,1.0,60.0,0.0,3,1.0
1,6.0,1.0,2.0,4.0,5,8,6,1.0,74.0,0.0,3,1.0
1,6.0,2.0,2.0,3.0,5,8,6,1.0,84.0,0.0,3,1.0
2,4.0,6.0,2.0,5.0,5,8,6,2.0,71.0,0.0,3,2.0
3,4.0,4.0,2.0,7.0,5,8,6,3.0,50.0,0.0,3,4.0
1,4.0,7.0,2.0,4.0,5,8,6,1.0,58.0,0.0,3,1.0
2,4.0,3.0,2.0,3.0,5,8,6,2.0,55.0,0.5,3,4.0
1,6.0,4.0,2.0,4.0,5,8,6,1.0,56.0,0.0,3,1.0
2,6.0,2.0,2.0,6.0,5,8,6,2.0,38.0,0.0,3,0.5
3,6.0,2.0,2.0,4.0,5,8,6,3.0,35.0,0.25,3,4.0
3,6.0,5.0,2.0,6.0,5,8,6,2.0,74.0,0.0,3,4.0
2,6.0,4.0,2.0,6.0,5,8,6,2.0,42.0,0.0,3,2.0
3,6.0,4.0,2.0,3.0,5,8,6,3.0,70.0,0.0,3,3.0
3,5.0,4.0,2.0,6.0,7,8,6,3.0,36.0,0.4,3,5.0
1,6.0,2.0,2.0,9.0,7,8,6,1.0,46.0,0.0,3,1.0
1,6.0,1.0,2.0,3.0,7,8,6,1.0,65.0,0.0,3,1.0
3,5.0,2.0,2.0,5.0,7,8,6,3.0,43.0,0.25,3,4.0
3,5.0,1.0,2.0,5.0,7,8,6,3.0,37.0,0.4,3,5.0
3,5.0,1.0,2.0,5.0,2,8,6,2.0,75.0,0.0,3,3.0
1,5.0,5.0,2.0,5.0,2,8,6,1.0,53.0,0.0,3,4.0
2,3.0,3.0,2.0,10.0,2,8,6,0.0,76.0,0.0,3,2.0
2,3.0,4.0,2.0,8.0,2,8,6,0.0,29.0,0.3333333333333333,3,3.0
3,3.0,4.0,2.0,3.0,2,8,6,2.0,49.0,0.2,3,5.0
1,5.0,3.0,2.0,8.0,2,8,6,1.0,53.0,0.0,3,2.0
1,5.0,3.0,2.0,8.0,2,8,6,1.0,59.0,0.0,3,2.0
1,3.0,3.0,2.0,6.0,2,8,6,0.0,74.0,0.0,3,1.0
3,3.0,3.0,2.0,9.0,2,8,6,3.0,40.0,0.375,3,8.0
2,1.0,4.0,2.0,10.0,2,8,6,2.0,60.0,0.0,3,2.0
2,5.0,3.0,2.0,4.0,2,8,6,2.0,69.0,0.0,3,4.0
1,5.0,2.0,2.0,9.0,2,8,6,1.0,64.0,0.0,3,1.0
1,5.0,3.0,2.0,6.0,2,8,6,1.0,36.0,0.0,3,4.0
2,3.0,3.0,2.0,10.0,2,8,6,2.0,56.0,0.0,3,2.0
1,5.0,3.0,2.0,6.0,2,8,6,1.0,42.0,0.0,3,0.3333333333333333
1,5.0,2.0,2.0,4.0,2,8,6,1.0,33.0,0.0,3,0.3333333333333333
2,5.0,4.0,2.0,8.0,2,8,6,2.0,44.0,0.0,3,1.6666666666666667
2,6.0,3.0,2.0,6.0,2,8,6,1.0,40.0,0.25,3,1.3333333333333333
3,5.0,6.0,2.0,7.0,2,8,6,2.0,49.0,0.0,3,5.0
2,3.0,3.0,2.0,8.0,2,8,6,2.0,56.0,0.0,3,3.0
2,5.0,3.0,2.0,8.0,2,8,6,0.0,79.0,0.0,3,2.0
1,5.0,4.0,2.0,8.0,2,8,6,0.0,76.0,0.0,3,1.0
3,5.0,5.0,2.0,6.0,2,8,6,3.0,34.0,0.4285714285714285,3,7.0
2,5.0,3.0,2.0,6.0,2,8,6,1.0,37.0,0.25,3,4.0
2,5.0,3.0,2.0,6.0,2,8,6,2.0,53.0,0.0,3,2.0
2,5.0,4.0,2.0,8.0,2,8,6,2.0,44.0,0.3333333333333333,3,6.0
3,5.0,3.0,2.0,4.0,2,8,6,2.0,50.0,0.0,3,3.0
2,5.0,4.0,2.0,3.0,2,8,6,2.0,73.0,0.0,3,3.0
2,5.0,3.0,2.0,1.0,2,8,6,0.0,95.0,0.0,3,2.0
3,5.0,4.0,2.0,4.0,2,8,6,2.0,74.0,0.0,3,3.0
2,5.0,4.0,2.0,5.0,2,8,6,1.0,43.0,0.4,3,5.0
1,5.0,4.0,2.0,6.0,2,8,6,1.0,38.0,0.4,3,5.0
2,5.0,3.0,2.0,6.0,2,8,6,1.0,68.0,0.0,3,2.0
3,5.0,5.0,2.0,5.0,2,8,6,2.0,58.0,0.3333333333333333,3,1.5
1,5.0,2.0,2.0,6.0,2,8,6,1.0,59.0,0.0,3,0.5
2,5.0,3.0,2.0,8.0,2,8,6,2.0,41.0,0.5,3,4.0
2,5.0,2.0,2.0,5.0,2,8,6,2.0,38.0,0.2,3,0.7142857142857143
2,5.0,4.0,2.0,8.0,2,8,6,2.0,48.0,0.2,3,5.0
1,5.0,5.0,2.0,5.0,2,8,6,1.0,57.0,0.0,3,1.0
3,3.0,4.0,2.0,9.0,2,8,6,1.0,75.0,0.0,3,3.0
2,5.0,2.0,2.0,7.0,2,8,6,2.0,61.0,0.0,3,3.0
3,3.0,3.0,2.0,6.0,2,8,6,3.0,46.0,0.0,3,4.0
3,5.0,4.0,2.0,6.0,2,8,6,2.0,56.0,0.4285714285714285,3,7.0
1,5.0,3.0,2.0,6.0,2,8,6,1.0,69.0,0.0,3,1.0
1,5.0,5.0,2.0,6.0,2,8,6,1.0,68.0,0.0,3,1.0
2,3.0,3.0,2.0,8.0,2,8,6,1.0,38.0,0.0,3,3.0
3,3.0,3.0,2.0,6.0,2,8,6,3.0,60.0,0.0,3,3.0
2,5.0,2.0,2.0,6.0,2,8,6,2.0,67.0,0.0,3,2.0
2,5.0,4.0,2.0,6.0,2,8,6,0.0,74.0,0.0,3,4.0
1,5.0,3.0,2.0,1.0,2,8,6,0.0,74.0,0.0,3,1.0
2,5.0,4.0,2.0,7.0,2,8,6,2.0,48.0,0.25,3,4.0
3,3.0,1.0,2.0,8.0,2,8,6,2.0,69.0,0.0,3,5.0
1,5.0,3.0,2.0,8.0,2,8,6,1.0,32.0,0.3333333333333333,3,3.0
2,5.0,3.0,2.0,8.0,2,8,6,2.0,42.0,0.0,3,4.0
1,5.0,2.0,2.0,8.0,2,8,6,1.0,62.0,0.0,3,1.0
1,3.0,3.0,2.0,6.0,2,8,6,1.0,46.0,0.0,3,1.0
1,3.0,6.0,2.0,8.0,2,8,6,1.0,40.0,0.3333333333333333,3,3.0
1,3.0,3.0,2.0,6.0,2,8,6,0.0,66.0,0.0,3,1.0
2,5.0,5.0,2.0,6.0,2,8,6,2.0,38.0,0.0,3,1.0
1,5.0,2.0,2.0,6.0,2,8,6,1.0,62.0,0.0,3,0.25
1,5.0,3.0,2.0,8.0,2,8,6,1.0,65.0,0.0,3,0.25
2,5.0,3.0,2.0,3.0,2,8,6,1.0,91.0,0.0,3,0.5
1,5.0,5.0,2.0,6.0,2,8,6,1.0,50.0,0.0,3,1.0
2,6.0,1.0,2.0,5.0,2,8,6,2.0,45.0,0.0,3,4.0
2,5.0,3.0,2.0,6.0,2,8,6,1.0,40.0,0.0,3,0.5
1,6.0,3.0,2.0,4.0,5,8,6,1.0,86.0,0.0,3,0.1666666666666666
1,6.0,1.0,2.0,1.0,5,8,6,1.0,71.0,0.0,3,0.125
1,6.0,1.0,2.0,3.0,5,8,6,1.0,48.0,0.0,3,0.125
1,6.0,1.0,2.0,3.0,5,8,6,1.0,70.0,0.0,3,0.125
3,5.0,4.0,2.0,10.0,5,8,6,3.0,41.0,0.25,3,4.0
2,5.0,4.0,2.0,5.0,5,8,6,1.0,67.0,0.0,3,3.0
1,1.0,3.0,2.0,10.0,5,8,6,1.0,59.0,0.0,3,1.5
1,5.0,4.0,2.0,8.0,5,8,6,0.0,82.0,0.0,3,2.0
1,3.0,3.0,2.0,5.0,5,8,6,0.0,80.0,0.0,3,2.0
2,5.0,2.0,2.0,6.0,5,8,6,2.0,49.0,0.0,3,4.0
2,5.0,2.0,2.0,8.0,5,8,6,1.0,48.0,0.3333333333333333,3,3.0
3,3.0,5.0,2.0,6.0,5,8,6,2.0,67.0,0.0,3,3.0
1,5.0,1.0,2.0,6.0,5,8,6,1.0,55.0,0.0,3,1.0
3,3.0,5.0,2.0,10.0,5,8,6,3.0,69.0,0.0,3,7.0
2,5.0,5.0,2.0,5.0,5,8,6,3.0,56.0,0.0,3,2.0
1,5.0,3.0,2.0,10.0,5,8,6,0.0,69.0,0.0,3,1.0
2,1.0,6.0,2.0,6.0,5,8,6,2.0,45.0,0.0,3,6.0
2,5.0,3.0,2.0,10.0,5,8,6,1.0,39.0,0.3333333333333333,3,6.0
1,4.0,2.0,2.0,3.0,5,8,6,0.0,52.0,0.0,3,0.1428571428571428
2,6.0,5.0,2.0,8.0,5,8,6,1.0,63.0,0.0,3,2.0
2,5.0,2.0,2.0,6.0,5,8,6,1.0,59.0,0.0,3,1.0
3,5.0,3.0,2.0,4.0,5,8,6,3.0,62.0,0.0,3,4.0
2,3.0,4.0,2.0,7.0,5,8,6,2.0,58.0,0.0,3,3.0
1,5.0,1.0,2.0,7.0,5,8,6,1.0,55.0,0.0,3,1.0
2,4.0,2.0,2.0,1.0,5,8,6,2.0,87.0,0.0,3,2.0
2,5.0,2.0,2.0,6.0,5,8,6,1.0,41.0,0.0,3,2.0
2,5.0,4.0,2.0,4.0,5,8,6,1.0,67.0,0.0,3,2.0
1,4.0,4.0,2.0,6.0,5,8,6,2.0,62.0,0.0,3,2.0
1,4.0,4.0,2.0,8.0,5,8,6,1.0,73.0,0.0,3,1.0
1,4.0,5.0,2.0,4.0,5,8,6,2.0,76.0,0.0,3,2.0
1,6.0,2.0,2.0,6.0,5,8,6,1.0,66.0,0.0,3,1.0
3,6.0,3.0,2.0,3.0,5,8,6,2.0,79.0,0.0,3,3.0
1,5.0,5.0,2.0,10.0,7,8,6,1.0,61.0,0.0,3,2.0
1,6.0,2.0,2.0,6.0,7,8,6,1.0,58.0,0.0,3,2.0
2,2.0,4.0,2.0,6.0,7,8,6,2.0,56.0,0.0,3,4.0
2,2.0,5.0,2.0,9.0,7,8,6,2.0,55.0,0.25,3,4.0
3,5.0,4.0,2.0,8.0,7,8,6,0.0,91.0,0.0,3,4.0
2,5.0,4.0,2.0,8.0,7,8,6,3.0,50.0,0.0,3,4.0
1,5.0,1.0,2.0,7.0,7,8,6,1.0,66.0,0.0,3,1.0
2,3.0,5.0,2.0,10.0,7,8,6,1.0,55.0,0.0,3,4.0
2,3.0,5.0,2.0,6.0,7,8,6,2.0,57.0,0.0,3,2.0
3,5.0,4.0,2.0,7.0,7,8,6,2.0,41.0,0.1428571428571428,3,7.0
2,5.0,1.0,2.0,5.0,7,8,6,1.0,63.0,0.0,3,3.0
2,3.0,3.0,2.0,10.0,7,8,6,2.0,64.0,0.0,3,7.0
2,5.0,4.0,2.0,6.0,7,8,6,2.0,60.0,0.0,3,2.0
2,6.0,4.0,2.0,6.0,5,8,6,3.0,57.0,0.2,3,5.0
1,4.0,4.0,2.0,6.0,5,8,6,2.0,33.0,0.3333333333333333,3,3.0
1,4.0,2.0,2.0,3.0,5,8,6,1.0,80.0,0.0,3,1.0
1,4.0,4.0,2.0,1.0,5,8,6,2.0,52.0,0.0,3,2.0
1,4.0,1.0,2.0,4.0,5,8,6,2.0,30.0,0.3333333333333333,3,3.0
2,4.0,3.0,2.0,4.0,5,8,6,3.0,53.0,0.2,3,5.0
1,4.0,2.0,2.0,4.0,5,8,6,2.0,39.0,0.25,3,4.0
2,4.0,2.0,2.0,5.0,5,8,6,2.0,67.0,0.0,3,2.0
2,5.0,1.0,2.0,4.0,5,8,6,3.0,57.0,0.0,3,3.0
2,6.0,2.0,2.0,3.0,5,8,6,3.0,47.0,0.2,3,5.0
3,6.0,3.0,2.0,6.0,5,8,6,3.0,56.0,0.25,3,4.0
2,6.0,3.0,2.0,5.0,5,8,6,2.0,60.0,0.0,3,2.0
3,5.0,2.0,2.0,4.0,5,8,6,3.0,39.0,0.2,3,5.0
2,6.0,1.0,2.0,7.0,5,8,6,2.0,37.0,0.25,3,4.0
2,5.0,2.0,2.0,10.0,5,8,6,2.0,67.0,0.0,3,2.0
2,6.0,1.0,2.0,6.0,5,8,6,2.0,40.0,0.0,3,3.0
1,4.0,1.0,2.0,5.0,5,8,6,1.0,82.0,0.0,3,1.0
3,6.0,3.0,2.0,3.0,5,8,6,3.0,75.0,0.25,3,4.0
2,4.0,3.0,2.0,4.0,5,8,6,3.0,66.0,0.0,3,3.0
1,4.0,3.0,2.0,3.0,5,8,6,1.0,71.0,0.0,3,1.0
1,6.0,3.0,2.0,3.0,5,8,6,1.0,69.0,0.0,3,2.0
3,5.0,6.0,2.0,8.0,5,8,6,1.0,47.0,0.0,3,3.0
2,5.0,5.0,2.0,6.0,5,8,6,2.0,64.0,0.0,3,6.0
2,5.0,2.0,2.0,9.0,5,8,6,2.0,61.0,0.0,3,2.0
1,5.0,2.0,2.0,6.0,5,8,6,1.0,65.0,0.0,3,1.0
2,4.0,4.0,2.0,4.0,7,8,6,1.0,80.0,0.0,3,0.3333333333333333
1,4.0,1.0,2.0,6.0,7,8,6,1.0,71.0,0.0,3,0.1666666666666666
2,4.0,3.0,2.0,4.0,7,8,6,1.0,61.0,0.0,3,0.3333333333333333
1,4.0,1.0,2.0,5.0,7,8,6,1.0,83.0,0.0,3,0.1666666666666666
2,4.0,2.0,2.0,4.0,7,8,6,1.0,61.0,0.0,3,0.3333333333333333
1,5.0,3.0,2.0,4.0,1,8,6,1.0,59.0,0.0,3,1.0
2,5.0,4.0,2.0,10.0,1,8,6,1.0,47.0,0.0,3,3.0
1,5.0,5.0,2.0,6.0,1,8,6,1.0,59.0,0.0,3,3.0
2,2.0,5.0,2.0,10.0,1,8,6,0.0,83.0,0.0,3,2.0
2,3.0,4.0,2.0,10.0,1,8,6,2.0,45.0,0.5,3,4.0
2,1.0,4.0,2.0,10.0,1,8,6,1.0,67.0,0.0,3,2.0
2,1.0,5.0,2.0,10.0,1,8,6,2.0,38.0,0.0,3,3.0
1,5.0,2.0,2.0,5.0,1,8,6,2.0,44.0,0.0,3,3.0
2,5.0,2.0,2.0,6.0,1,8,6,2.0,76.0,0.5,3,4.0
3,6.0,1.0,2.0,3.0,1,8,6,2.0,63.0,0.2,3,0.7142857142857143
1,5.0,6.0,2.0,6.0,1,8,6,1.0,36.0,0.0,3,3.0
3,5.0,4.0,2.0,6.0,1,8,6,3.0,76.0,0.0,3,4.0
3,6.0,4.0,2.0,10.0,1,8,6,1.0,79.0,0.0,3,3.0
1,2.0,4.0,2.0,3.0,1,8,6,1.0,60.0,0.0,3,3.0
3,5.0,5.0,2.0,3.0,1,8,6,1.0,48.0,0.4,3,5.0
2,5.0,2.0,2.0,10.0,1,8,6,2.0,38.0,0.5,3,4.0
1,3.0,2.0,2.0,10.0,1,8,6,1.0,72.0,0.0,3,1.0
2,5.0,4.0,2.0,8.0,1,8,6,2.0,48.0,0.0,3,2.0
3,5.0,4.0,2.0,9.0,1,8,6,2.0,71.0,0.0,3,3.0
3,6.0,5.0,2.0,6.0,1,8,6,2.0,81.0,0.1428571428571428,3,7.0
1,2.0,6.0,2.0,5.0,1,8,6,1.0,59.0,0.25,3,4.0
3,2.0,7.0,2.0,6.0,1,8,6,2.0,55.0,0.0,3,6.0
2,2.0,5.0,2.0,10.0,1,8,6,1.0,57.0,0.0,3,3.0
3,5.0,2.0,2.0,4.0,1,8,6,3.0,59.0,0.0,3,8.0
2,5.0,2.0,2.0,8.0,1,8,6,0.0,49.0,0.3333333333333333,3,3.0
1,6.0,2.0,2.0,6.0,1,8,6,1.0,46.0,0.0,3,1.0
2,5.0,4.0,2.0,6.0,1,8,6,1.0,62.0,0.0,3,2.0
3,6.0,4.0,2.0,6.0,1,8,6,2.0,49.0,0.0,3,3.0
1,5.0,2.0,2.0,6.0,1,8,6,0.0,75.0,0.0,3,1.0
1,5.0,5.0,2.0,6.0,1,8,6,1.0,41.0,0.0,3,2.0
2,5.0,3.0,2.0,4.0,1,8,6,1.0,61.0,0.0,3,2.0
1,3.0,4.0,2.0,4.0,1,8,6,1.0,33.0,0.3333333333333333,3,3.0
1,5.0,7.0,2.0,1.0,1,8,6,1.0,73.0,0.0,3,2.0
1,5.0,2.0,2.0,3.0,1,8,6,1.0,45.0,0.0,3,2.0
1,5.0,3.0,2.0,7.0,1,8,6,1.0,31.0,0.0,3,1.0
3,5.0,3.0,2.0,5.0,1,8,6,3.0,57.0,0.0,3,5.0
3,3.0,4.0,2.0,5.0,1,8,6,3.0,43.0,0.0,3,5.0
2,5.0,3.0,2.0,4.0,1,8,6,0.0,87.0,0.0,3,2.0
2,2.0,5.0,2.0,6.0,1,8,6,1.0,64.0,0.0,3,2.0
1,5.0,3.0,2.0,6.0,1,8,6,1.0,69.0,0.0,3,3.0
2,2.0,4.0,2.0,5.0,1,8,6,0.0,61.0,0.0,3,4.0
2,5.0,4.0,2.0,9.0,1,8,6,2.0,32.0,0.3333333333333333,3,3.0
2,5.0,4.0,2.0,5.0,1,8,6,1.0,51.0,0.0,3,2.0
2,1.0,3.0,2.0,3.0,1,8,6,2.0,75.0,0.0,3,2.0
3,3.0,5.0,2.0,6.0,1,8,6,2.0,70.0,0.3333333333333333,3,6.0
3,5.0,4.0,2.0,6.0,1,8,6,2.0,68.0,0.0,3,3.0
2,6.0,2.0,2.0,4.0,1,8,6,2.0,67.0,0.0,3,2.0
3,5.0,5.0,2.0,8.0,1,8,6,2.0,64.0,0.0,3,4.0
3,6.0,5.0,2.0,5.0,1,8,6,1.0,33.0,0.4285714285714285,3,7.0
2,5.0,4.0,2.0,3.0,1,8,6,2.0,70.0,0.0,3,2.0
2,6.0,3.0,2.0,5.0,1,8,6,2.0,67.0,0.0,3,2.0
0,2.0,4.0,2.0,5.0,4,8,6,0.0,47.0,0.0,3,3.0
2,6.0,5.0,2.0,4.0,4,8,6,0.0,67.0,0.0,3,5.0
2,6.0,2.0,2.0,4.0,4,8,6,0.0,80.0,0.0,3,3.0
2,5.0,5.0,2.0,6.0,1,8,6,2.0,47.0,0.25,3,4.0
2,5.0,3.0,2.0,3.0,1,8,6,1.0,87.0,0.0,3,3.0
3,5.0,5.0,2.0,3.0,1,8,6,2.0,86.0,0.0,3,0.4285714285714285
2,5.0,2.0,2.0,4.0,1,8,6,2.0,38.0,0.25,3,0.5
1,5.0,3.0,2.0,7.0,1,8,6,1.0,25.0,0.0,3,0.2857142857142857
1,6.0,5.0,2.0,3.0,4,8,6,1.0,65.0,0.0,3,0.1666666666666666
1,6.0,4.0,2.0,4.0,4,8,6,2.0,53.0,0.0,3,2.0
2,6.0,5.0,2.0,3.0,4,8,6,2.0,64.0,0.0,3,2.0
1,6.0,5.0,2.0,3.0,4,8,6,1.0,36.0,0.5,3,4.0
3,5.0,4.0,2.0,3.0,4,8,6,3.0,39.0,0.4,3,5.0
3,2.0,6.0,2.0,6.0,4,8,6,2.0,59.0,0.0,3,4.0
2,6.0,3.0,2.0,5.0,4,8,6,3.0,51.0,0.1666666666666666,3,6.0
2,5.0,5.0,2.0,5.0,1,8,6,2.0,65.0,0.4,3,5.0
1,6.0,1.0,2.0,6.0,1,8,6,0.0,56.0,0.0,3,1.0
2,3.0,3.0,2.0,8.0,1,8,6,2.0,54.0,0.0,3,4.0
3,5.0,3.0,2.0,5.0,1,8,6,3.0,73.0,0.2,3,5.0
1,5.0,4.0,2.0,3.0,1,8,6,0.0,75.0,0.0,3,1.0
2,5.0,4.0,2.0,4.0,1,8,6,2.0,59.0,0.0,3,2.0
2,5.0,2.0,2.0,1.0,1,8,6,0.0,78.0,0.0,3,0.5
2,5.0,3.0,2.0,6.0,1,8,6,1.0,63.0,0.0,3,2.0
3,5.0,4.0,2.0,6.0,1,8,6,2.0,51.0,0.0,3,3.0
2,3.0,6.0,2.0,9.0,1,8,6,1.0,70.0,0.0,3,3.0
1,5.0,7.0,2.0,8.0,1,8,6,0.0,83.0,0.0,3,1.0
1,6.0,4.0,2.0,6.0,1,8,6,1.0,39.0,0.3333333333333333,3,3.0
2,6.0,3.0,2.0,5.0,1,8,6,2.0,42.0,0.5,3,4.0
1,5.0,4.0,2.0,9.0,1,8,6,0.0,73.0,0.0,3,2.0
2,3.0,3.0,2.0,4.0,1,8,6,2.0,63.0,0.0,3,2.0
1,5.0,7.0,2.0,6.0,1,8,6,0.0,54.0,0.0,3,2.0
2,3.0,5.0,2.0,6.0,1,8,6,3.0,53.0,0.0,3,3.0
1,5.0,2.0,2.0,5.0,1,8,6,0.0,69.0,0.0,3,2.0
1,5.0,4.0,2.0,6.0,1,8,6,1.0,61.0,0.0,3,3.0
1,5.0,4.0,2.0,6.0,1,8,6,0.0,61.0,0.0,3,2.0
2,5.0,3.0,2.0,6.0,1,8,6,2.0,47.0,0.25,3,4.0
2,5.0,4.0,2.0,3.0,1,8,6,1.0,79.0,0.0,3,3.0
1,5.0,1.0,2.0,5.0,1,8,6,0.0,72.0,0.0,3,1.0
2,3.0,5.0,2.0,4.0,1,8,6,2.0,75.0,0.0,3,5.0
3,5.0,3.0,2.0,10.0,1,8,6,3.0,60.0,0.0,3,3.0
3,5.0,4.0,2.0,3.0,1,8,6,3.0,58.0,0.2,3,5.0
3,5.0,3.0,2.0,6.0,1,8,6,3.0,62.0,0.0,3,3.0
3,5.0,3.0,2.0,8.0,1,8,6,2.0,44.0,0.0,3,3.0
2,5.0,5.0,2.0,4.0,1,8,6,1.0,72.0,0.0,3,2.0
1,3.0,3.0,2.0,3.0,1,8,6,1.0,37.0,0.0,3,4.0
2,5.0,3.0,2.0,3.0,1,8,6,0.0,87.0,0.0,3,2.0
2,5.0,3.0,2.0,8.0,1,8,6,1.0,35.0,0.0,3,2.0
2,5.0,5.0,2.0,3.0,1,8,6,0.0,94.0,0.0,3,3.0
3,3.0,3.0,2.0,10.0,1,8,6,2.0,74.0,0.2,3,5.0
1,5.0,2.0,2.0,3.0,1,8,6,1.0,50.0,0.0,3,6.0
2,5.0,3.0,2.0,8.0,1,8,6,2.0,42.0,0.25,3,4.0
3,5.0,4.0,2.0,6.0,1,8,6,3.0,57.0,0.0,3,5.0
2,5.0,4.0,2.0,6.0,1,8,6,0.0,59.0,0.0,3,3.0
2,5.0,3.0,2.0,6.0,1,8,6,1.0,43.0,0.3333333333333333,3,3.0
2,3.0,3.0,2.0,6.0,1,8,6,2.0,50.0,0.4,3,5.0
2,5.0,2.0,2.0,4.0,1,8,6,2.0,66.0,0.0,3,2.0
3,6.0,4.0,2.0,6.0,1,8,6,3.0,46.0,0.2,3,5.0
2,5.0,4.0,2.0,6.0,1,8,6,2.0,31.0,0.3333333333333333,3,3.0
3,5.0,5.0,2.0,4.0,1,8,6,3.0,50.0,0.0,3,3.0
3,5.0,6.0,2.0,6.0,1,8,6,3.0,46.0,0.3333333333333333,3,6.0
1,6.0,3.0,2.0,3.0,1,8,6,2.0,38.0,0.5,3,6.0
3,5.0,2.0,2.0,3.0,1,8,6,3.0,64.0,0.0,3,3.0
2,6.0,4.0,2.0,4.0,1,8,6,0.0,84.0,0.0,3,2.0
2,6.0,3.0,2.0,6.0,1,8,6,2.0,39.0,0.25,3,4.0
1,6.0,4.0,2.0,4.0,1,8,6,1.0,45.0,0.5,3,6.0
1,5.0,3.0,2.0,4.0,1,8,6,1.0,50.0,0.0,3,1.0
3,6.0,3.0,2.0,4.0,1,8,6,3.0,54.0,0.1428571428571428,3,7.0
3,6.0,3.0,2.0,3.0,1,8,6,2.0,51.0,0.0,3,4.0
2,5.0,3.0,2.0,6.0,1,8,6,2.0,65.0,0.0,3,6.0
2,5.0,2.0,2.0,4.0,1,8,6,3.0,73.0,0.0,3,3.0
1,3.0,5.0,2.0,6.0,8,8,6,0.0,70.0,0.0,3,2.0
1,3.0,3.0,2.0,10.0,8,8,6,1.0,50.0,0.3333333333333333,3,3.0
2,3.0,5.0,2.0,8.0,8,8,6,2.0,45.0,0.25,3,4.0
1,3.0,3.0,2.0,10.0,8,8,6,1.0,35.0,0.0,3,1.0
1,5.0,3.0,2.0,6.0,8,8,6,0.0,70.0,0.0,3,2.0
3,3.0,5.0,2.0,8.0,8,8,6,1.0,71.0,0.0,3,4.0
3,3.0,4.0,2.0,6.0,8,8,6,2.0,53.0,0.0,3,4.0
1,6.0,1.0,2.0,3.0,8,8,6,1.0,54.0,0.0,3,0.5
2,3.0,4.0,2.0,6.0,8,8,6,1.0,80.0,0.0,3,3.0
2,5.0,2.0,2.0,7.0,8,8,6,2.0,62.0,0.0,3,2.0
2,2.0,3.0,2.0,10.0,8,8,6,2.0,29.0,0.0,3,3.0
3,5.0,3.0,2.0,8.0,8,8,6,3.0,41.0,0.0,3,3.0
3,5.0,3.0,2.0,6.0,8,8,6,2.0,37.0,0.25,3,4.0
1,3.0,6.0,2.0,4.0,8,8,6,0.0,73.0,0.25,3,4.0
1,5.0,3.0,2.0,6.0,8,8,6,0.0,69.0,0.0,3,1.0
3,2.0,4.0,2.0,3.0,8,8,6,3.0,44.0,0.2,3,5.0
1,3.0,3.0,2.0,8.0,8,8,6,0.0,44.0,0.5,3,2.0
2,1.0,4.0,2.0,10.0,8,8,6,1.0,84.0,0.0,3,2.0
2,1.0,4.0,2.0,10.0,8,8,6,2.0,31.0,0.0,3,2.0
1,5.0,3.0,2.0,8.0,8,8,6,0.0,65.0,0.0,3,4.0
2,3.0,3.0,2.0,5.0,8,8,6,1.0,58.0,0.0,3,2.0
2,3.0,4.0,2.0,5.0,8,8,6,1.0,66.0,0.3333333333333333,3,3.0
1,3.0,1.0,2.0,1.0,8,8,6,0.0,89.0,0.0,3,1.0
1,3.0,3.0,2.0,3.0,8,8,6,0.0,86.0,0.0,3,1.0
2,2.0,3.0,2.0,3.0,8,8,6,0.0,60.0,0.0,3,2.0
1,5.0,3.0,2.0,3.0,8,8,6,0.0,72.0,0.0,3,2.0
1,4.0,4.0,2.0,10.0,8,8,6,1.0,30.0,0.0,3,1.0
3,3.0,4.0,2.0,6.0,8,8,6,3.0,60.0,0.0,3,3.0
1,5.0,2.0,2.0,3.0,8,8,6,0.0,73.0,0.0,3,1.0
2,2.0,3.0,2.0,4.0,8,8,6,0.0,81.0,0.0,3,2.0
2,5.0,3.0,2.0,9.0,8,8,6,2.0,66.0,0.0,3,2.0
2,2.0,4.0,2.0,10.0,8,8,6,2.0,65.0,0.0,3,3.0
2,2.0,3.0,2.0,1.0,8,8,6,1.0,87.0,0.0,3,2.0
3,5.0,3.0,2.0,6.0,8,8,6,2.0,56.0,0.0,3,3.0
2,5.0,3.0,2.0,6.0,8,8,6,1.0,57.0,0.0,3,3.0
2,3.0,3.0,2.0,8.0,8,8,6,2.0,47.0,0.4,3,5.0
3,3.0,4.0,2.0,10.0,8,8,6,3.0,52.0,0.0,3,4.0
1,4.0,5.0,2.0,5.0,8,8,6,0.0,71.0,0.0,3,2.0
3,1.0,7.0,2.0,10.0,8,8,6,3.0,68.0,0.0,3,5.0
1,1.0,3.0,2.0,6.0,8,8,6,0.0,87.0,0.0,3,1.0
1,3.0,4.0,2.0,4.0,8,8,6,1.0,82.0,0.3333333333333333,3,3.0
1,3.0,3.0,2.0,6.0,8,8,6,0.0,78.0,0.0,3,2.0
1,3.0,3.0,2.0,10.0,8,8,6,1.0,45.0,0.0,3,3.0
2,5.0,2.0,2.0,7.0,8,8,6,2.0,29.0,0.3333333333333333,3,1.0
2,5.0,1.0,2.0,6.0,8,8,6,1.0,36.0,0.6,3,1.6666666666666667
3,5.0,3.0,2.0,6.0,8,8,6,3.0,56.0,0.0,3,1.3333333333333333
2,5.0,2.0,2.0,6.0,8,8,6,1.0,43.0,0.3333333333333333,3,1.0
2,1.0,4.0,2.0,6.0,8,8,6,2.0,53.0,0.0,3,4.0
3,5.0,6.0,2.0,8.0,8,8,6,2.0,73.0,0.3333333333333333,3,6.0
1,1.0,3.0,2.0,10.0,8,8,6,2.0,56.0,0.0,3,4.0
2,5.0,3.0,2.0,5.0,8,8,6,2.0,36.0,0.0,3,2.0
2,5.0,3.0,2.0,8.0,8,8,6,2.0,43.0,0.0,3,3.0
1,5.0,2.0,2.0,10.0,8,8,6,1.0,43.0,0.0,3,1.0
1,5.0,3.0,2.0,6.0,8,8,6,1.0,35.0,0.4,3,5.0
2,5.0,4.0,2.0,5.0,8,8,6,2.0,59.0,0.0,3,2.0
2,5.0,3.0,2.0,7.0,8,8,6,2.0,45.0,0.25,3,4.0
1,3.0,3.0,2.0,4.0,8,8,6,1.0,57.0,0.0,3,2.0
3,3.0,3.0,2.0,6.0,8,8,6,2.0,44.0,0.25,3,4.0
1,5.0,2.0,2.0,7.0,8,8,6,1.0,34.0,0.5,3,4.0
1,5.0,3.0,2.0,5.0,8,8,6,1.0,46.0,0.0,3,1.3333333333333333
1,5.0,1.0,2.0,3.0,8,8,6,1.0,63.0,0.0,3,0.1428571428571428
2,3.0,3.0,2.0,10.0,8,8,6,0.0,72.0,0.0,3,2.0
1,2.0,4.0,2.0,10.0,8,8,6,1.0,61.0,0.0,3,2.0
2,1.0,6.0,2.0,10.0,8,8,6,1.0,71.0,0.0,3,2.0
3,5.0,4.0,2.0,8.0,8,8,6,3.0,46.0,0.0,3,1.25
2,5.0,5.0,2.0,8.0,8,8,6,2.0,52.0,0.0,3,0.75
1,5.0,3.0,2.0,3.0,8,8,6,0.0,71.0,0.0,3,0.25
2,1.0,4.0,2.0,8.0,8,8,6,1.0,51.0,0.0,3,2.0
3,1.0,5.0,2.0,6.0,8,8,6,1.0,72.0,0.0,3,3.0
1,2.0,3.0,2.0,10.0,8,8,6,1.0,35.0,0.0,3,1.0
2,3.0,4.0,2.0,9.0,8,8,6,2.0,49.0,0.25,3,2.0
1,2.0,4.0,2.0,10.0,8,8,6,1.0,52.0,0.0,3,1.0
3,3.0,3.0,2.0,6.0,8,8,6,2.0,45.0,0.0,3,3.0
2,5.0,4.0,2.0,7.0,8,8,6,2.0,57.0,0.0,3,2.0
2,3.0,2.0,2.0,4.0,8,8,6,0.0,76.0,0.0,3,2.0
1,5.0,4.0,2.0,7.0,8,8,6,2.0,33.0,0.6,3,5.0
2,5.0,4.0,2.0,3.0,8,8,6,2.0,75.0,0.0,3,2.0
2,5.0,3.0,2.0,6.0,8,8,6,2.0,54.0,0.0,3,5.0
2,5.0,4.0,2.0,6.0,8,8,6,2.0,46.0,0.4,3,5.0
2,5.0,4.0,2.0,10.0,8,8,6,2.0,33.0,0.0,3,4.0
2,1.0,3.0,2.0,10.0,8,8,6,2.0,40.0,0.5,3,4.0
1,3.0,2.0,2.0,4.0,8,8,6,1.0,46.0,0.25,3,4.0
1,3.0,3.0,2.0,10.0,8,8,6,0.0,71.0,0.0,3,3.0
3,5.0,3.0,2.0,6.0,8,8,6,3.0,79.0,0.0,3,4.0
2,5.0,4.0,2.0,10.0,8,8,6,0.0,78.0,0.0,3,3.0
1,3.0,2.0,2.0,10.0,8,8,6,1.0,44.0,0.0,3,1.0
2,3.0,4.0,2.0,8.0,8,8,6,2.0,61.0,0.0,3,2.0
2,5.0,4.0,2.0,6.0,8,8,6,2.0,63.0,0.0,3,1.0
2,5.0,2.0,2.0,4.0,8,8,6,2.0,43.0,0.4,3,1.25
1,5.0,4.0,2.0,6.0,8,8,6,1.0,42.0,0.0,3,4.0
2,5.0,2.0,2.0,4.0,8,8,6,2.0,44.0,0.25,3,1.0
2,3.0,6.0,2.0,9.0,8,8,6,1.0,81.0,0.0,3,3.0
3,3.0,5.0,2.0,9.0,8,8,6,2.0,61.0,0.0,3,3.0
2,1.0,5.0,2.0,10.0,8,8,6,2.0,57.0,0.0,3,3.0
1,3.0,2.0,2.0,6.0,8,8,6,0.0,55.0,0.0,3,1.0
2,5.0,3.0,2.0,5.0,8,8,6,2.0,57.0,0.25,3,4.0
2,3.0,6.0,2.0,6.0,8,8,6,2.0,71.0,0.0,3,6.0
2,2.0,3.0,2.0,8.0,8,8,6,1.0,75.0,0.0,3,2.0
3,2.0,5.0,2.0,7.0,8,8,6,3.0,62.0,0.0,3,3.0
1,5.0,3.0,2.0,3.0,8,8,6,1.0,71.0,0.0,3,3.0
2,3.0,4.0,2.0,6.0,8,8,6,0.0,74.0,0.0,3,2.0
2,5.0,3.0,2.0,6.0,8,8,6,2.0,48.0,0.0,3,3.0
2,2.0,4.0,2.0,10.0,8,8,6,2.0,56.0,0.0,3,0.6
3,2.0,5.0,2.0,8.0,8,8,6,2.0,54.0,0.0,3,4.0
1,2.0,4.0,2.0,8.0,8,8,6,1.0,46.0,0.2,3,5.0
1,3.0,3.0,2.0,10.0,8,8,6,0.0,45.0,0.0,3,2.0
3,5.0,4.0,2.0,6.0,8,8,6,2.0,66.0,0.2,3,5.0
3,5.0,3.0,2.0,3.0,8,8,6,3.0,64.0,0.0,3,3.0
2,3.0,6.0,2.0,4.0,8,8,6,1.0,69.0,0.0,3,6.0
2,3.0,3.0,2.0,10.0,8,8,6,2.0,59.0,0.0,3,2.0
2,3.0,3.0,2.0,6.0,8,8,6,1.0,58.0,0.1666666666666666,3,6.0
2,5.0,2.0,2.0,6.0,8,8,6,1.0,48.0,0.0,3,2.0
1,3.0,3.0,2.0,10.0,8,8,6,1.0,49.0,0.0,3,3.0
1,6.0,2.0,2.0,6.0,2,8,6,1.0,57.0,0.0,3,2.0
2,5.0,1.0,2.0,4.0,2,8,6,0.0,80.0,0.0,3,2.0
1,5.0,3.0,2.0,8.0,2,8,6,0.0,90.0,0.0,3,1.0
2,5.0,4.0,2.0,3.0,2,8,6,1.0,70.0,0.0,3,3.0
2,6.0,3.0,2.0,3.0,2,8,6,1.0,56.0,0.0,3,2.0
2,5.0,5.0,2.0,4.0,2,8,6,1.0,72.0,0.0,3,4.0
1,6.0,2.0,2.0,4.0,2,8,6,1.0,53.0,0.0,3,1.0
3,5.0,5.0,2.0,5.0,2,8,6,3.0,52.0,0.0,3,5.0
2,3.0,5.0,2.0,10.0,2,8,6,0.0,75.0,0.0,3,2.0
2,6.0,4.0,2.0,5.0,2,8,6,1.0,56.0,0.25,3,4.0
2,5.0,2.0,2.0,6.0,2,8,6,2.0,43.0,0.25,3,0.5714285714285714
3,5.0,5.0,2.0,6.0,2,8,6,3.0,61.0,0.0,3,3.0
1,5.0,4.0,2.0,10.0,2,8,6,1.0,61.0,0.0,3,3.0
2,5.0,5.0,2.0,6.0,2,8,6,2.0,75.0,0.0,3,4.0
1,3.0,4.0,2.0,6.0,2,8,6,1.0,72.0,0.0,3,1.0
3,3.0,4.0,2.0,6.0,2,8,6,1.0,47.0,0.0,3,5.0
1,6.0,1.0,2.0,5.0,2,8,6,0.0,42.0,0.0,3,1.0
3,5.0,4.0,2.0,5.0,2,8,6,3.0,52.0,0.0,3,3.0
2,5.0,3.0,2.0,6.0,2,8,6,2.0,55.0,0.0,3,3.0
2,5.0,1.0,2.0,6.0,2,8,6,2.0,29.0,0.0,3,2.0
2,5.0,4.0,2.0,5.0,2,8,6,1.0,56.0,0.2,3,5.0
2,3.0,4.0,2.0,8.0,2,8,6,0.0,77.0,0.0,3,5.0
2,5.0,5.0,2.0,10.0,2,8,6,2.0,55.0,0.0,3,2.0
3,3.0,4.0,2.0,6.0,2,8,6,3.0,67.0,0.3333333333333333,3,6.0
2,3.0,1.0,2.0,6.0,2,8,6,1.0,67.0,0.3333333333333333,3,3.0
3,5.0,3.0,2.0,3.0,2,8,6,2.0,51.0,0.0,3,1.3333333333333333
1,5.0,4.0,2.0,6.0,2,8,6,1.0,45.0,0.0,3,1.0
2,3.0,5.0,2.0,8.0,2,8,6,1.0,59.0,0.0,3,2.0
1,3.0,6.0,2.0,4.0,2,8,6,0.0,74.0,0.0,3,4.0
2,6.0,3.0,2.0,3.0,5,8,6,1.0,66.0,0.0,3,0.3333333333333333
2,6.0,2.0,2.0,6.0,5,8,6,2.0,66.0,0.0,3,0.5
2,6.0,2.0,2.0,4.0,5,8,6,1.0,89.0,0.0,3,0.3333333333333333
2,6.0,2.0,2.0,4.0,5,8,6,1.0,80.0,0.0,3,2.0
1,4.0,4.0,2.0,6.0,7,8,6,1.0,25.0,0.3333333333333333,3,0.75
1,4.0,3.0,2.0,5.0,7,8,6,1.0,55.0,0.0,3,0.5
2,5.0,5.0,2.0,6.0,7,8,6,1.0,78.0,0.0,3,2.0
3,5.0,5.0,2.0,3.0,7,8,6,1.0,80.0,0.0,3,4.0
1,5.0,3.0,2.0,8.0,7,8,6,1.0,30.0,0.5,3,4.0
3,3.0,6.0,2.0,6.0,7,8,6,3.0,56.0,0.4,3,5.0
3,5.0,5.0,2.0,10.0,7,8,6,3.0,37.0,0.4,3,5.0
1,5.0,4.0,2.0,6.0,7,8,6,1.0,33.0,0.5,3,0.8
1,3.0,3.0,2.0,10.0,7,8,6,1.0,35.0,0.25,3,2.0
2,5.0,4.0,2.0,6.0,7,8,6,1.0,34.0,0.3333333333333333,3,3.0
3,5.0,5.0,2.0,8.0,7,8,6,3.0,44.0,0.5,3,6.0
2,3.0,4.0,2.0,6.0,7,8,6,0.0,63.0,0.0,3,2.0
2,3.0,4.0,2.0,9.0,7,8,6,2.0,63.0,0.0,3,4.0
3,5.0,4.0,2.0,8.0,7,8,6,2.0,59.0,0.2,3,5.0
2,5.0,5.0,2.0,6.0,7,8,6,2.0,56.0,0.0,3,3.0
1,5.0,7.0,2.0,8.0,7,8,6,1.0,79.0,0.0,3,1.0
2,5.0,3.0,2.0,5.0,7,8,6,2.0,62.0,0.0,3,0.6
1,6.0,4.0,2.0,3.0,7,8,6,0.0,75.0,0.0,3,2.0
2,5.0,4.0,2.0,6.0,7,8,6,2.0,70.0,0.0,3,2.0
2,5.0,3.0,2.0,10.0,7,8,6,2.0,61.0,0.0,3,0.6
3,5.0,2.0,2.0,6.0,7,8,6,1.0,46.0,0.1666666666666666,3,6.0
2,5.0,4.0,2.0,6.0,7,8,6,0.0,45.0,0.5,3,1.5
2,4.0,5.0,2.0,5.0,7,8,6,0.0,63.0,0.0,3,2.0
2,6.0,3.0,2.0,6.0,7,8,6,3.0,60.0,0.25,3,1.3333333333333333
1,6.0,2.0,2.0,5.0,7,8,6,2.0,33.0,0.5714285714285714,3,1.0
1,6.0,1.0,2.0,1.0,7,8,6,1.0,76.0,0.0,3,0.5
1,6.0,3.0,2.0,3.0,7,8,6,0.0,60.0,0.0,3,2.0
1,4.0,1.0,2.0,4.0,7,8,6,1.0,66.0,0.0,3,0.1428571428571428
2,4.0,2.0,2.0,4.0,7,8,6,0.0,79.0,0.0,3,2.0
1,4.0,3.0,2.0,4.0,7,8,6,1.0,70.0,0.0,3,0.25
3,4.0,2.0,2.0,6.0,7,8,6,3.0,49.0,0.25,3,0.5
2,4.0,4.0,2.0,10.0,7,8,6,2.0,55.0,0.0,3,0.5
1,4.0,6.0,2.0,6.0,7,8,6,1.0,42.0,0.25,3,0.5714285714285714
3,4.0,4.0,2.0,6.0,7,8,6,2.0,39.0,0.0,3,0.625
3,4.0,3.0,2.0,7.0,7,8,6,2.0,58.0,0.0,3,0.5714285714285714
1,4.0,2.0,2.0,1.0,7,8,6,0.0,86.0,0.0,3,0.125
2,5.0,3.0,2.0,6.0,7,8,6,2.0,48.0,0.3333333333333333,3,3.0
1,2.0,3.0,2.0,8.0,7,8,6,1.0,54.0,0.0,3,1.0
3,5.0,2.0,2.0,7.0,7,8,6,3.0,39.0,0.4,3,5.0
1,5.0,2.0,2.0,5.0,7,8,6,2.0,62.0,0.0,3,3.0
3,6.0,3.0,2.0,5.0,7,8,6,3.0,19.0,0.25,3,4.0
2,5.0,5.0,2.0,3.0,7,8,6,1.0,53.0,0.25,3,8.0
2,5.0,3.0,2.0,8.0,7,8,6,2.0,42.0,0.0,3,4.0
2,5.0,2.0,2.0,5.0,7,8,6,2.0,38.0,0.6,3,0.7142857142857143
1,5.0,2.0,2.0,6.0,7,8,6,2.0,59.0,0.0,3,2.0
1,5.0,1.0,2.0,4.0,7,8,6,1.0,65.0,0.0,3,1.0
2,5.0,6.0,2.0,5.0,7,8,6,2.0,58.0,0.0,3,3.0
1,5.0,2.0,2.0,4.0,7,8,6,1.0,64.0,0.0,3,1.0
2,5.0,2.0,2.0,6.0,7,8,6,2.0,28.0,0.3333333333333333,3,3.0
2,5.0,3.0,2.0,3.0,7,8,6,3.0,52.0,0.0,3,4.0
2,5.0,2.0,2.0,4.0,7,8,6,2.0,38.0,0.5,3,0.8
2,5.0,2.0,2.0,8.0,7,8,6,2.0,33.0,0.25,3,4.0
3,5.0,2.0,2.0,5.0,7,8,6,3.0,34.0,0.0,3,3.0
1,4.0,2.0,2.0,8.0,7,8,6,2.0,58.0,0.0,3,0.5
2,5.0,2.0,2.0,5.0,7,8,6,1.0,55.0,0.0,3,3.0
2,5.0,3.0,2.0,6.0,7,8,6,3.0,63.0,0.0,3,4.0
2,3.0,1.0,2.0,10.0,3,8,6,2.0,60.0,0.0,3,2.0
1,5.0,4.0,2.0,6.0,3,8,6,1.0,43.0,0.3333333333333333,3,3.0
2,5.0,2.0,2.0,10.0,3,8,6,2.0,29.0,0.0,3,2.0
3,5.0,4.0,2.0,10.0,3,8,6,2.0,37.0,0.25,3,4.0
2,5.0,3.0,2.0,6.0,3,8,6,1.0,32.0,0.0,3,2.0
3,5.0,4.0,2.0,6.0,3,8,6,2.0,44.0,0.0,3,5.0
1,5.0,5.0,2.0,6.0,3,8,6,0.0,77.0,0.0,3,2.0
3,5.0,5.0,2.0,6.0,3,8,6,3.0,58.0,0.25,3,4.0
1,5.0,2.0,2.0,7.0,3,8,6,1.0,47.0,0.0,3,1.0
2,5.0,4.0,2.0,3.0,3,8,6,1.0,65.0,0.0,3,3.0
1,5.0,3.0,2.0,10.0,3,8,6,2.0,34.0,0.3333333333333333,3,3.0
2,3.0,5.0,2.0,3.0,3,8,6,2.0,73.0,0.0,3,3.0
2,3.0,5.0,2.0,8.0,3,8,6,2.0,56.0,0.0,3,5.0
3,1.0,6.0,2.0,5.0,3,8,6,2.0,75.0,0.1666666666666666,3,6.0
1,5.0,4.0,2.0,3.0,3,8,6,1.0,84.0,0.0,3,1.0
1,2.0,4.0,2.0,9.0,3,8,6,0.0,66.0,0.3333333333333333,3,3.0
1,2.0,3.0,2.0,10.0,3,8,6,0.0,79.0,0.0,3,1.0
1,2.0,3.0,2.0,9.0,3,8,6,0.0,71.0,0.0,3,1.0
1,5.0,5.0,2.0,6.0,3,8,6,1.0,42.0,0.0,3,4.0
2,5.0,3.0,2.0,6.0,6,8,6,2.0,64.0,0.0,3,3.0
2,5.0,2.0,2.0,5.0,6,8,6,2.0,70.0,0.0,3,2.0
1,5.0,2.0,2.0,6.0,6,8,6,2.0,74.0,0.0,3,2.0
1,5.0,3.0,2.0,6.0,6,8,6,2.0,55.0,0.0,3,4.0
1,5.0,3.0,2.0,6.0,6,8,6,1.0,62.0,0.0,3,2.0
2,5.0,3.0,2.0,7.0,6,8,6,1.0,58.0,0.0,3,2.0
2,3.0,3.0,2.0,8.0,6,8,6,2.0,57.0,0.0,3,4.0
1,5.0,3.0,2.0,5.0,6,8,6,0.0,85.0,0.0,3,2.0
2,5.0,3.0,2.0,4.0,6,8,6,2.0,57.0,0.0,3,3.0
1,6.0,2.0,2.0,3.0,6,8,6,1.0,67.0,0.0,3,2.0
1,5.0,2.0,2.0,5.0,6,8,6,1.0,73.0,0.0,3,1.0
2,5.0,2.0,2.0,3.0,6,8,6,0.0,92.0,0.0,3,2.0
1,5.0,7.0,2.0,6.0,6,8,6,1.0,63.0,0.0,3,2.0
1,5.0,3.0,2.0,6.0,6,8,6,1.0,69.0,0.0,3,4.0
1,6.0,2.0,2.0,1.0,6,8,6,1.0,67.0,0.0,3,1.0
2,5.0,3.0,2.0,4.0,6,8,6,2.0,62.0,0.0,3,3.0
1,5.0,3.0,2.0,5.0,6,8,6,1.0,47.0,0.0,3,4.0
1,5.0,4.0,2.0,8.0,6,8,6,1.0,50.0,0.0,3,3.0
2,6.0,1.0,2.0,4.0,6,8,6,2.0,67.0,0.0,3,2.0
2,6.0,1.0,2.0,3.0,6,8,6,0.0,83.0,0.0,3,2.0
1,6.0,1.0,2.0,3.0,6,8,6,0.0,85.0,0.0,3,1.0
1,3.0,4.0,2.0,4.0,5,8,6,1.0,62.0,0.0,3,1.0
2,4.0,6.0,2.0,7.0,5,8,6,2.0,47.0,0.0,3,5.0
1,3.0,4.0,2.0,5.0,5,8,6,1.0,57.0,0.0,3,2.0
2,4.0,6.0,2.0,8.0,5,8,6,2.0,63.0,0.0,3,3.0
1,4.0,4.0,2.0,7.0,5,8,6,0.0,40.0,0.5,3,2.0
1,5.0,2.0,2.0,8.0,5,8,6,1.0,53.0,0.0,3,1.0
3,4.0,2.0,2.0,5.0,5,8,6,2.0,62.0,0.0,3,2.0
2,4.0,5.0,2.0,10.0,5,8,6,2.0,67.0,0.0,3,2.0
2,4.0,3.0,2.0,4.0,5,8,6,2.0,57.0,0.0,3,1.0
3,4.0,5.0,2.0,5.0,5,8,6,3.0,52.0,0.1428571428571428,3,7.0
1,4.0,1.0,2.0,5.0,5,8,6,0.0,67.0,0.0,3,0.5
1,4.0,4.0,2.0,6.0,5,8,6,1.0,72.0,0.0,3,1.0
2,5.0,4.0,2.0,4.0,5,8,6,2.0,63.0,0.0,3,4.0
1,5.0,2.0,2.0,5.0,5,8,6,1.0,56.0,0.0,3,3.0
3,4.0,3.0,2.0,8.0,5,8,6,1.0,48.0,0.2,3,5.0
2,6.0,4.0,2.0,6.0,5,8,6,2.0,53.0,0.0,3,5.0
2,5.0,1.0,2.0,5.0,7,8,6,1.0,59.0,0.3333333333333333,3,0.6
2,5.0,2.0,2.0,3.0,7,8,6,2.0,48.0,0.0,3,0.3333333333333333
2,5.0,3.0,2.0,8.0,7,8,6,1.0,35.0,0.5,3,0.8
1,4.0,3.0,2.0,3.0,7,8,6,1.0,66.0,0.0,3,0.2
2,4.0,5.0,2.0,10.0,7,8,6,2.0,47.0,0.0,3,0.6
2,4.0,2.0,2.0,6.0,5,8,6,2.0,31.0,0.5,3,4.0
2,6.0,2.0,2.0,6.0,5,8,6,2.0,29.0,0.0,3,0.3333333333333333
1,6.0,2.0,2.0,3.0,5,8,6,1.0,68.0,0.0,3,0.1666666666666666
2,6.0,1.0,2.0,5.0,5,8,6,2.0,34.0,0.25,3,0.5714285714285714
2,6.0,1.0,2.0,5.0,5,8,6,2.0,36.0,0.25,3,4.0
1,6.0,1.0,2.0,4.0,5,8,6,1.0,59.0,0.0,3,1.0
2,4.0,3.0,2.0,5.0,5,8,6,1.0,38.0,0.25,3,4.0
1,4.0,3.0,2.0,4.0,5,8,6,1.0,64.0,0.0,3,1.0
1,5.0,3.0,2.0,1.0,7,8,6,0.0,35.0,0.0,3,1.0
1,5.0,2.0,2.0,1.0,7,8,6,1.0,76.0,0.0,3,1.0
3,5.0,2.0,2.0,4.0,7,8,6,3.0,37.0,0.0,3,0.5
1,5.0,2.0,2.0,4.0,7,8,6,1.0,34.0,0.0,3,0.1428571428571428
1,4.0,2.0,2.0,4.0,7,8,6,1.0,35.0,0.5,3,2.0
1,6.0,1.0,2.0,3.0,1,8,6,0.0,55.0,0.0,3,0.25
2,5.0,6.0,2.0,3.0,1,8,6,0.0,73.0,0.1666666666666666,3,1.5
1,6.0,1.0,2.0,3.0,1,8,6,1.0,61.0,0.0,3,0.25
2,6.0,1.0,2.0,6.0,1,8,6,1.0,71.0,0.0,3,0.5
3,5.0,6.0,2.0,6.0,1,8,6,3.0,41.0,0.2,3,5.0
3,5.0,5.0,2.0,6.0,1,8,6,3.0,53.0,0.0,3,4.0
2,3.0,4.0,2.0,6.0,1,8,6,2.0,38.0,0.25,3,4.0
2,5.0,4.0,2.0,6.0,1,8,6,1.0,33.0,0.3333333333333333,3,6.0
2,3.0,3.0,2.0,10.0,1,8,6,2.0,52.0,0.5,3,4.0
2,3.0,7.0,2.0,6.0,1,8,6,2.0,63.0,0.0,3,2.0
2,5.0,4.0,2.0,6.0,1,8,6,2.0,62.0,0.0,3,2.0
2,3.0,5.0,2.0,6.0,1,8,6,1.0,76.0,0.3333333333333333,3,3.0
3,5.0,4.0,2.0,3.0,1,8,6,3.0,43.0,0.3333333333333333,3,6.0
1,5.0,3.0,2.0,5.0,1,8,6,1.0,37.0,0.25,3,1.0
2,5.0,3.0,2.0,7.0,1,8,6,2.0,46.0,0.0,3,0.2857142857142857
1,6.0,2.0,2.0,10.0,1,8,6,0.0,29.0,0.5,3,0.5
1,6.0,2.0,2.0,6.0,1,8,6,1.0,28.0,0.5,3,4.0
2,5.0,5.0,2.0,10.0,1,8,6,2.0,50.0,0.25,3,4.0
3,3.0,6.0,2.0,9.0,1,8,6,2.0,68.0,0.25,3,4.0
3,3.0,4.0,2.0,8.0,1,8,6,1.0,66.0,0.25,3,4.0
1,3.0,4.0,2.0,8.0,1,8,6,0.0,77.0,0.0,3,1.0
3,5.0,3.0,2.0,3.0,1,8,6,3.0,50.0,0.2857142857142857,3,7.0
1,5.0,4.0,2.0,4.0,1,8,6,0.0,44.0,0.2,3,5.0
1,5.0,4.0,2.0,10.0,1,8,6,1.0,48.0,0.0,3,1.0
3,5.0,4.0,2.0,4.0,1,8,6,3.0,51.0,0.1666666666666666,3,6.0
2,5.0,3.0,2.0,4.0,1,8,6,1.0,57.0,0.0,3,3.0
2,5.0,4.0,2.0,6.0,1,8,6,2.0,71.0,0.0,3,2.0
1,5.0,2.0,2.0,6.0,1,8,6,1.0,25.0,0.0,3,2.0
3,6.0,3.0,2.0,6.0,1,8,6,3.0,61.0,0.2,3,5.0
3,5.0,4.0,2.0,6.0,1,8,6,2.0,48.0,0.0,3,3.0
2,5.0,4.0,2.0,5.0,1,8,6,2.0,41.0,0.2,3,5.0
1,5.0,4.0,2.0,9.0,1,8,6,1.0,46.0,0.0,3,1.0
2,3.0,3.0,2.0,4.0,1,8,6,2.0,65.0,0.0,3,2.0
1,6.0,5.0,2.0,3.0,1,8,6,0.0,54.0,0.0,3,1.0
1,3.0,2.0,2.0,3.0,1,8,6,1.0,60.0,0.0,3,1.0
1,5.0,3.0,2.0,6.0,1,8,6,1.0,31.0,0.3333333333333333,3,3.0
2,6.0,2.0,2.0,6.0,1,8,6,0.0,70.0,0.0,3,0.5
1,5.0,4.0,2.0,6.0,1,8,6,1.0,61.0,0.0,3,4.0
1,5.0,5.0,2.0,3.0,1,8,6,0.0,60.0,0.0,3,1.0
2,5.0,4.0,2.0,6.0,1,8,6,2.0,37.0,0.25,3,4.0
2,5.0,3.0,2.0,3.0,1,8,6,0.0,51.0,0.6,3,5.0
3,5.0,3.0,2.0,4.0,1,8,6,1.0,54.0,0.4,3,5.0
3,5.0,3.0,2.0,6.0,1,8,6,1.0,57.0,0.0,3,4.0
2,3.0,6.0,2.0,8.0,1,8,6,2.0,49.0,0.2,3,5.0
2,3.0,4.0,2.0,8.0,1,8,6,1.0,63.0,0.0,3,3.0
2,5.0,3.0,2.0,6.0,1,8,6,1.0,40.0,0.0,3,3.0
2,5.0,3.0,2.0,4.0,1,8,6,1.0,87.0,0.0,3,2.0
1,5.0,4.0,2.0,4.0,1,8,6,1.0,60.0,0.0,3,2.0
2,5.0,2.0,2.0,4.0,1,8,6,2.0,58.0,0.0,3,2.0
1,5.0,3.0,2.0,6.0,1,8,6,1.0,42.0,0.5,3,0.5
1,6.0,2.0,2.0,3.0,1,8,6,1.0,47.0,0.0,3,0.25
1,5.0,2.0,2.0,8.0,1,8,6,1.0,41.0,0.5,3,4.0
1,3.0,4.0,2.0,10.0,1,8,6,1.0,32.0,0.0,3,2.0
1,6.0,4.0,2.0,1.0,1,8,6,1.0,79.0,0.0,3,1.0
2,5.0,4.0,2.0,4.0,1,8,6,1.0,69.0,0.2,3,5.0
3,6.0,3.0,2.0,3.0,1,8,6,2.0,46.0,0.1666666666666666,3,6.0
3,6.0,4.0,2.0,4.0,1,8,6,1.0,40.0,0.3333333333333333,3,6.0
1,5.0,2.0,2.0,3.0,1,8,6,1.0,51.0,0.0,3,1.0
3,6.0,4.0,2.0,5.0,1,8,6,2.0,58.0,0.0,3,5.0
3,5.0,2.0,2.0,8.0,1,8,6,1.0,67.0,0.25,3,4.0
2,5.0,5.0,2.0,10.0,1,8,6,1.0,59.0,0.0,3,3.0
2,3.0,5.0,2.0,8.0,1,8,6,2.0,68.0,0.0,3,6.0
2,5.0,3.0,2.0,4.0,1,8,6,1.0,42.0,0.25,3,4.0
2,6.0,4.0,2.0,5.0,1,8,6,1.0,50.0,0.0,3,3.0
2,5.0,3.0,2.0,4.0,1,8,6,1.0,40.0,0.3333333333333333,3,3.0
1,6.0,2.0,2.0,3.0,1,8,6,1.0,63.0,0.0,3,1.0
1,6.0,2.0,2.0,4.0,1,8,6,1.0,74.0,0.0,3,1.0
1,5.0,3.0,2.0,3.0,1,8,6,1.0,79.0,0.0,3,2.0
1,6.0,2.0,2.0,6.0,1,8,6,1.0,54.0,0.5,3,2.0
2,5.0,3.0,2.0,3.0,1,8,6,2.0,73.0,0.0,3,2.0
1,5.0,3.0,2.0,6.0,1,8,6,0.0,79.0,0.0,3,3.0
2,5.0,3.0,2.0,4.0,1,8,6,1.0,63.0,0.6,3,5.0
2,6.0,4.0,2.0,3.0,1,8,6,2.0,81.0,0.25,3,4.0
2,6.0,3.0,2.0,1.0,1,8,6,0.0,90.0,0.0,3,3.0
3,3.0,3.0,2.0,7.0,1,8,6,3.0,43.0,0.3333333333333333,3,6.0
1,5.0,3.0,2.0,6.0,1,8,6,2.0,65.0,0.0,3,2.0
2,6.0,3.0,2.0,3.0,4,8,6,2.0,47.0,0.0,3,5.0
1,5.0,2.0,2.0,4.0,6,8,6,1.0,49.0,0.0,3,2.0
1,5.0,3.0,2.0,8.0,6,8,6,1.0,53.0,0.0,3,1.0
2,5.0,2.0,2.0,6.0,6,8,6,0.0,62.0,0.0,3,2.0
3,2.0,6.0,2.0,8.0,6,8,6,3.0,60.0,0.0,3,4.0
3,3.0,4.0,2.0,8.0,6,8,6,3.0,62.0,0.0,3,3.0
2,5.0,4.0,2.0,6.0,6,8,6,2.0,38.0,0.5,3,1.0
2,5.0,4.0,2.0,5.0,6,8,6,3.0,60.0,0.0,3,3.0
3,2.0,5.0,2.0,7.0,6,8,6,1.0,40.0,0.2,3,5.0
1,6.0,2.0,2.0,4.0,6,8,6,1.0,73.0,0.0,3,1.0
1,5.0,2.0,2.0,4.0,6,8,6,1.0,76.0,0.0,3,1.0
1,6.0,2.0,2.0,4.0,6,8,6,1.0,69.0,0.0,3,1.0
1,5.0,3.0,2.0,4.0,6,8,6,1.0,58.0,0.0,3,1.0
2,6.0,3.0,2.0,4.0,6,8,6,1.0,66.0,0.0,3,3.0
2,5.0,3.0,2.0,6.0,6,8,6,2.0,56.0,0.0,3,1.0
2,4.0,4.0,2.0,5.0,6,8,6,2.0,57.0,0.0,3,4.0
2,5.0,1.0,2.0,1.0,6,8,6,1.0,43.0,0.25,3,0.8
2,5.0,4.0,2.0,5.0,6,8,6,2.0,53.0,0.25,3,0.8
2,5.0,6.0,2.0,6.0,6,8,6,2.0,62.0,0.0,3,0.4
2,5.0,4.0,2.0,5.0,6,8,6,1.0,56.0,0.0,3,0.6
2,6.0,2.0,2.0,1.0,6,8,6,1.0,81.0,0.3333333333333333,3,3.0
3,5.0,4.0,2.0,6.0,6,8,6,3.0,51.0,0.2,3,5.0
2,5.0,3.0,2.0,5.0,6,8,6,1.0,73.0,0.0,3,0.2857142857142857
1,5.0,3.0,2.0,3.0,6,8,6,0.0,63.0,0.0,3,1.0
3,6.0,2.0,2.0,3.0,6,8,6,3.0,56.0,0.0,3,5.0
2,6.0,2.0,2.0,4.0,6,8,6,1.0,77.0,0.0,3,2.0
1,6.0,3.0,2.0,6.0,6,8,6,1.0,38.0,0.0,3,1.0
2,6.0,4.0,2.0,4.0,6,8,6,2.0,62.0,0.0,3,0.5
1,6.0,1.0,2.0,4.0,6,8,6,1.0,71.0,0.0,3,0.125
1,6.0,2.0,2.0,4.0,6,8,6,0.0,62.0,0.0,3,0.3333333333333333
1,6.0,3.0,2.0,5.0,6,8,6,2.0,67.0,0.0,3,2.0
2,6.0,3.0,2.0,6.0,6,8,6,2.0,42.0,0.1666666666666666,3,6.0
1,4.0,1.0,2.0,4.0,7,8,6,2.0,53.0,0.0,3,1.0
2,5.0,2.0,2.0,6.0,7,8,6,2.0,63.0,0.0,3,3.0
2,5.0,3.0,2.0,6.0,7,8,6,2.0,41.0,0.5,3,4.0
2,4.0,2.0,2.0,5.0,7,8,6,2.0,34.0,0.25,3,4.0
2,5.0,2.0,2.0,4.0,7,8,6,2.0,52.0,0.0,3,2.0
3,5.0,3.0,2.0,6.0,7,8,6,2.0,66.0,0.0,3,3.0
3,5.0,4.0,2.0,6.0,7,8,6,3.0,54.0,0.2,3,5.0
2,5.0,7.0,2.0,4.0,7,8,6,2.0,52.0,0.3333333333333333,3,3.0
3,5.0,4.0,2.0,4.0,7,8,6,2.0,57.0,0.0,3,4.0
1,6.0,3.0,2.0,9.0,7,8,6,1.0,19.0,0.3333333333333333,3,3.0
3,3.0,4.0,2.0,6.0,7,8,6,3.0,50.0,0.2,3,5.0
1,6.0,3.0,2.0,6.0,7,8,6,1.0,57.0,0.0,3,1.0
3,5.0,5.0,2.0,4.0,7,8,6,3.0,59.0,0.0,3,3.0
2,5.0,3.0,2.0,3.0,7,8,6,2.0,70.0,0.3333333333333333,3,3.0
2,5.0,3.0,2.0,3.0,7,8,6,1.0,40.0,0.25,3,4.0
2,5.0,5.0,2.0,4.0,7,8,6,3.0,67.0,0.0,3,3.0
2,3.0,6.0,2.0,10.0,7,8,6,2.0,51.0,0.2,3,5.0
2,5.0,4.0,2.0,8.0,7,8,6,2.0,49.0,0.0,3,2.0
2,5.0,3.0,2.0,10.0,7,8,6,2.0,37.0,0.5,3,4.0
1,5.0,4.0,2.0,4.0,7,8,6,1.0,73.0,0.0,3,2.0
2,6.0,3.0,2.0,4.0,7,8,6,2.0,34.0,0.4,3,5.0
1,6.0,4.0,2.0,4.0,7,8,6,1.0,75.0,0.0,3,2.0
2,5.0,3.0,2.0,6.0,7,8,6,2.0,31.0,0.3333333333333333,3,3.0
2,5.0,2.0,2.0,4.0,7,8,6,2.0,44.0,0.3333333333333333,3,3.0
2,5.0,6.0,2.0,4.0,7,8,6,3.0,64.0,0.0,3,3.0
2,5.0,5.0,2.0,4.0,7,8,6,2.0,65.0,0.0,3,2.0
1,5.0,2.0,2.0,6.0,7,8,6,3.0,27.0,0.25,3,4.0
2,6.0,4.0,2.0,8.0,7,8,6,3.0,67.0,0.25,3,4.0
2,5.0,4.0,2.0,4.0,7,8,6,3.0,52.0,0.25,3,0.5
1,6.0,2.0,2.0,6.0,7,8,6,2.0,62.0,0.0,3,0.25
3,5.0,3.0,2.0,4.0,7,8,6,3.0,76.0,0.0,3,0.375
1,6.0,2.0,2.0,4.0,7,8,6,3.0,47.0,0.0,3,0.375
1,6.0,1.0,2.0,4.0,7,8,6,2.0,53.0,0.0,3,7.0
2,6.0,1.0,2.0,6.0,7,8,6,3.0,49.0,0.4,3,5.0
2,6.0,2.0,2.0,1.0,7,8,6,2.0,59.0,0.0,3,5.0
1,6.0,5.0,2.0,6.0,7,8,6,3.0,39.0,0.3333333333333333,3,6.0
2,6.0,1.0,2.0,3.0,7,8,6,2.0,68.0,0.0,3,2.0
2,6.0,3.0,2.0,6.0,7,8,6,2.0,62.0,0.0,3,2.0
3,3.0,5.0,2.0,8.0,7,8,6,3.0,73.0,0.0,3,3.0
3,3.0,7.0,2.0,5.0,7,8,6,2.0,65.0,0.0,3,5.0
2,3.0,5.0,2.0,9.0,7,8,6,1.0,83.0,0.0,3,2.0
2,5.0,5.0,2.0,8.0,7,8,6,2.0,50.0,0.0,3,2.0
2,3.0,3.0,2.0,6.0,7,8,6,1.0,73.0,0.0,3,2.0
2,3.0,3.0,2.0,8.0,7,8,6,2.0,64.0,0.0,3,2.0
3,3.0,4.0,2.0,5.0,7,8,6,2.0,66.0,0.0,3,3.0
3,5.0,5.0,2.0,4.0,7,8,6,2.0,73.0,0.0,3,4.0
2,3.0,2.0,2.0,4.0,7,8,6,1.0,40.0,0.3333333333333333,3,3.0
3,5.0,5.0,2.0,9.0,7,8,6,2.0,63.0,0.0,3,3.0
3,6.0,2.0,2.0,5.0,7,8,6,3.0,53.0,0.25,3,4.0
3,5.0,4.0,2.0,6.0,7,8,6,3.0,41.0,0.25,3,4.0
2,3.0,3.0,2.0,7.0,7,8,6,2.0,47.0,0.0,3,4.0
1,5.0,2.0,2.0,3.0,7,8,6,1.0,69.0,0.0,3,1.0
1,5.0,3.0,2.0,5.0,7,8,6,2.0,64.0,0.0,3,2.0
1,3.0,3.0,2.0,6.0,7,8,6,1.0,37.0,0.0,3,3.0
1,5.0,1.0,2.0,4.0,7,8,6,1.0,42.0,0.0,3,1.0
3,5.0,7.0,2.0,8.0,7,8,6,1.0,68.0,0.0,3,3.0
2,5.0,4.0,2.0,6.0,7,8,6,2.0,36.0,0.2,3,5.0
1,5.0,3.0,2.0,4.0,7,8,6,1.0,58.0,0.0,3,1.0
2,6.0,2.0,2.0,6.0,7,8,6,2.0,57.0,0.5,3,4.0
1,6.0,5.0,2.0,4.0,7,8,6,2.0,46.0,0.1666666666666666,3,6.0
1,4.0,3.0,2.0,5.0,7,8,6,1.0,43.0,0.0,3,2.0
3,6.0,2.0,2.0,3.0,7,8,6,3.0,52.0,0.0,3,3.0
2,5.0,4.0,2.0,6.0,3,8,6,1.0,63.0,0.0,3,2.0
1,5.0,3.0,2.0,9.0,3,8,6,1.0,65.0,0.0,3,1.0
1,5.0,4.0,2.0,10.0,3,8,6,1.0,48.0,0.0,3,4.0
3,3.0,5.0,2.0,9.0,3,8,6,2.0,62.0,0.0,3,3.0
2,5.0,4.0,2.0,6.0,3,8,6,2.0,44.0,0.25,3,1.3333333333333333
2,5.0,4.0,2.0,6.0,3,8,6,2.0,48.0,0.0,3,1.3333333333333333
1,5.0,4.0,2.0,8.0,3,8,6,1.0,29.0,0.5,3,0.6666666666666666
1,5.0,5.0,2.0,10.0,3,8,6,1.0,72.0,0.0,3,4.0
2,5.0,3.0,2.0,6.0,3,8,6,1.0,49.0,0.0,3,2.0
2,1.0,4.0,2.0,7.0,3,8,6,2.0,50.0,0.0,3,2.0
2,5.0,2.0,2.0,10.0,3,8,6,2.0,54.0,0.0,3,2.0
3,5.0,5.0,2.0,3.0,3,8,6,2.0,87.0,0.0,3,4.0
1,4.0,4.0,2.0,6.0,3,8,6,2.0,64.0,0.0,3,2.0
2,5.0,4.0,2.0,5.0,3,8,6,0.0,77.0,0.0,3,2.0
3,3.0,4.0,2.0,5.0,3,8,6,2.0,58.0,0.25,3,4.0
2,1.0,5.0,2.0,7.0,3,8,6,1.0,70.0,0.0,3,2.0
3,3.0,2.0,2.0,10.0,3,8,6,2.0,57.0,0.25,3,4.0
2,5.0,3.0,2.0,6.0,3,8,6,2.0,50.0,0.0,3,3.0
1,1.0,4.0,2.0,8.0,3,8,6,0.0,81.0,0.0,3,1.0
2,5.0,5.0,2.0,8.0,3,8,6,1.0,85.0,0.0,3,3.0
2,1.0,4.0,2.0,10.0,3,8,6,1.0,80.0,0.0,3,4.0
1,3.0,4.0,2.0,8.0,3,8,6,0.0,76.0,0.0,3,1.0
2,5.0,3.0,2.0,6.0,3,8,6,0.0,40.0,0.25,3,1.3333333333333333
2,5.0,4.0,2.0,5.0,3,8,6,2.0,70.0,0.0,3,5.0
2,5.0,5.0,2.0,5.0,3,8,6,2.0,42.0,0.0,3,4.0
1,5.0,4.0,2.0,4.0,3,8,6,1.0,64.0,0.0,3,1.0
3,5.0,2.0,2.0,4.0,3,8,6,2.0,40.0,0.0,3,3.0
1,2.0,5.0,2.0,7.0,3,8,6,1.0,59.0,0.0,3,1.0
0,5.0,3.0,2.0,9.0,3,8,6,0.0,61.0,0.0,3,1.0
3,5.0,3.0,2.0,10.0,3,8,6,1.0,58.0,0.0,3,3.0
2,2.0,4.0,2.0,8.0,3,8,6,2.0,53.0,0.0,3,3.0
1,5.0,2.0,2.0,5.0,3,8,6,1.0,81.0,0.0,3,5.0
1,5.0,3.0,2.0,7.0,3,8,6,1.0,48.0,0.0,3,1.0
2,5.0,3.0,2.0,4.0,3,8,6,1.0,85.0,0.0,3,2.0
2,5.0,4.0,2.0,8.0,3,8,6,2.0,49.0,0.25,3,4.0
2,5.0,4.0,2.0,5.0,3,8,6,1.0,46.0,0.1666666666666666,3,6.0
1,5.0,4.0,2.0,6.0,3,8,6,1.0,55.0,0.0,3,1.0
1,6.0,3.0,2.0,1.0,3,8,6,0.0,72.0,0.0,3,1.0
2,5.0,5.0,2.0,6.0,3,8,6,2.0,84.0,0.0,3,2.0
2,5.0,5.0,2.0,8.0,3,8,6,2.0,46.0,0.0,3,2.0
2,4.0,5.0,2.0,4.0,3,8,6,3.0,43.0,0.0,3,3.0
2,5.0,4.0,2.0,6.0,3,8,6,2.0,58.0,0.0,3,2.0
2,6.0,2.0,2.0,3.0,3,8,6,2.0,71.0,0.0,3,0.4
2,5.0,4.0,2.0,4.0,3,8,6,1.0,81.0,0.0,3,0.2857142857142857
2,5.0,5.0,2.0,5.0,3,8,6,2.0,55.0,0.0,3,0.4285714285714285
2,5.0,3.0,2.0,5.0,3,8,6,2.0,43.0,0.3333333333333333,3,0.4285714285714285
1,5.0,5.0,2.0,4.0,3,8,6,2.0,61.0,0.0,3,0.2857142857142857
1,5.0,4.0,2.0,6.0,3,8,6,1.0,35.0,0.0,3,2.0
1,6.0,2.0,2.0,3.0,3,8,6,1.0,86.0,0.0,3,0.1428571428571428
2,5.0,3.0,2.0,8.0,1,8,6,1.0,48.0,0.0,3,2.0
2,3.0,4.0,2.0,8.0,1,8,6,2.0,67.0,0.0,3,2.0
3,3.0,2.0,2.0,4.0,1,8,6,2.0,68.0,0.0,3,3.0
3,3.0,5.0,2.0,8.0,1,8,6,2.0,60.0,0.0,3,5.0
3,5.0,7.0,2.0,8.0,1,8,6,3.0,58.0,0.1666666666666666,3,6.0
2,2.0,7.0,2.0,5.0,1,8,6,2.0,79.0,0.0,3,2.0
2,5.0,3.0,2.0,6.0,1,8,6,1.0,82.0,0.0,3,2.0
3,5.0,2.0,2.0,4.0,1,8,6,1.0,60.0,0.0,3,3.0
2,5.0,2.0,2.0,7.0,1,8,6,1.0,37.0,0.4,3,5.0
1,5.0,5.0,2.0,8.0,1,8,6,1.0,39.0,0.25,3,4.0
1,5.0,4.0,2.0,4.0,1,8,6,1.0,74.0,0.0,3,1.0
2,2.0,2.0,2.0,5.0,1,8,6,0.0,82.0,0.0,3,2.0
1,3.0,4.0,2.0,5.0,1,8,6,1.0,60.0,0.0,3,2.0
2,5.0,3.0,2.0,5.0,1,8,6,2.0,66.0,0.0,3,1.0
2,3.0,3.0,2.0,6.0,1,8,6,1.0,54.0,0.0,3,1.0
1,5.0,2.0,2.0,6.0,1,8,6,1.0,37.0,0.5,3,0.5
1,5.0,3.0,2.0,7.0,1,8,6,1.0,39.0,0.0,3,1.0
1,5.0,4.0,2.0,6.0,1,8,6,2.0,55.0,0.0,3,2.0
2,5.0,2.0,2.0,4.0,1,8,6,2.0,65.0,0.0,3,2.0
1,7.0,3.0,2.0,8.0,1,8,6,1.0,28.0,0.0,3,1.0
1,7.0,5.0,2.0,5.0,1,8,6,1.0,65.0,0.0,3,1.0
2,5.0,3.0,2.0,6.0,1,8,6,2.0,36.0,0.2,3,0.7142857142857143
2,5.0,4.0,2.0,6.0,1,8,6,2.0,41.0,0.2,3,5.0
2,5.0,4.0,2.0,8.0,7,8,6,2.0,68.0,0.0,3,3.0
3,5.0,3.0,2.0,6.0,7,8,6,2.0,65.0,0.0,3,0.4285714285714285
3,6.0,2.0,2.0,6.0,7,8,6,3.0,47.0,0.25,3,4.0
3,6.0,2.0,2.0,5.0,7,8,6,3.0,55.0,0.0,3,4.0
1,5.0,2.0,2.0,3.0,7,8,6,2.0,54.0,0.3333333333333333,3,3.0
3,5.0,3.0,2.0,1.0,7,8,6,1.0,89.0,0.25,3,0.5714285714285714
2,5.0,4.0,2.0,10.0,7,8,6,1.0,76.0,0.0,3,0.2857142857142857
3,3.0,6.0,2.0,7.0,7,8,6,3.0,39.0,0.5,3,8.0
2,4.0,3.0,2.0,5.0,7,8,6,2.0,37.0,0.3333333333333333,3,3.0
2,5.0,5.0,2.0,10.0,7,8,6,2.0,37.0,0.5,3,4.0
2,5.0,4.0,2.0,10.0,7,8,6,1.0,43.0,0.4,3,5.0
1,4.0,2.0,2.0,6.0,7,8,6,1.0,65.0,0.0,3,1.0
3,5.0,3.0,2.0,6.0,7,8,6,2.0,49.0,0.3333333333333333,3,0.8571428571428571
3,5.0,5.0,2.0,10.0,7,8,6,3.0,50.0,0.4,3,1.0
3,6.0,3.0,2.0,6.0,7,8,6,2.0,45.0,0.0,3,3.0
2,6.0,2.0,2.0,4.0,7,8,6,0.0,76.0,0.0,3,2.0
3,5.0,4.0,2.0,8.0,7,8,6,3.0,51.0,0.0,3,4.0
2,4.0,3.0,2.0,5.0,7,8,6,2.0,69.0,0.0,3,3.0
1,5.0,5.0,2.0,5.0,7,8,6,1.0,39.0,0.25,3,4.0
3,5.0,5.0,2.0,5.0,7,8,6,3.0,32.0,0.3333333333333333,3,0.8571428571428571
2,4.0,5.0,2.0,4.0,7,8,6,2.0,47.0,0.0,3,0.4285714285714285
2,5.0,3.0,2.0,6.0,7,8,6,2.0,31.0,0.0,3,0.4
2,6.0,2.0,2.0,6.0,7,8,6,2.0,36.0,0.0,3,4.0
2,5.0,2.0,2.0,3.0,7,8,6,2.0,70.0,0.0,3,2.0
2,5.0,4.0,2.0,7.0,7,8,6,2.0,50.0,0.0,3,2.0
3,5.0,3.0,2.0,7.0,7,8,6,3.0,40.0,0.4,3,5.0
2,5.0,3.0,2.0,5.0,7,8,6,1.0,65.0,0.0,3,2.0
2,5.0,3.0,2.0,6.0,7,8,6,1.0,68.0,0.0,3,3.0
3,3.0,4.0,2.0,10.0,7,8,6,3.0,60.0,0.0,3,3.0
3,5.0,1.0,2.0,7.0,7,8,6,2.0,46.0,0.0,3,4.0
3,5.0,4.0,2.0,5.0,7,8,6,2.0,40.0,0.2,3,0.7142857142857143
3,5.0,5.0,2.0,6.0,7,8,6,3.0,50.0,0.2,3,5.0
1,5.0,1.0,2.0,8.0,7,8,6,1.0,37.0,0.4,3,5.0
2,5.0,4.0,2.0,4.0,7,8,6,1.0,30.0,0.4285714285714285,3,7.0
3,5.0,4.0,2.0,9.0,7,8,6,2.0,66.0,0.0,3,3.0
1,3.0,3.0,2.0,8.0,7,8,6,1.0,66.0,0.0,3,1.0
2,3.0,4.0,2.0,10.0,7,8,6,1.0,53.0,0.25,3,4.0
1,5.0,4.0,2.0,3.0,7,8,6,1.0,61.0,0.2857142857142857,3,7.0
1,5.0,3.0,2.0,6.0,7,8,6,2.0,65.0,0.0,3,2.0
2,5.0,5.0,2.0,4.0,7,8,6,2.0,51.0,0.4285714285714285,3,3.5
1,5.0,1.0,2.0,6.0,7,8,6,1.0,38.0,0.0,3,1.0
3,5.0,2.0,2.0,6.0,7,8,6,2.0,39.0,0.4,3,5.0
2,6.0,2.0,2.0,6.0,7,8,6,3.0,35.0,0.4285714285714285,3,7.0
1,5.0,6.0,2.0,6.0,7,8,6,1.0,44.0,0.25,3,4.0
1,5.0,4.0,2.0,4.0,7,8,6,0.0,56.0,0.0,3,3.0
2,6.0,2.0,2.0,6.0,7,8,6,2.0,35.0,0.3333333333333333,3,3.0
2,4.0,2.0,2.0,4.0,7,8,6,2.0,38.0,0.1428571428571428,3,7.0
2,5.0,2.0,2.0,6.0,7,8,6,2.0,43.0,0.3333333333333333,3,3.0
2,5.0,4.0,2.0,4.0,7,8,6,2.0,75.0,0.0,3,0.4
2,5.0,5.0,2.0,5.0,7,8,6,2.0,53.0,0.0,3,0.4
1,5.0,4.0,2.0,5.0,7,8,6,0.0,56.0,0.0,3,1.0
1,6.0,2.0,2.0,4.0,7,8,6,0.0,82.0,0.0,3,1.0
2,6.0,3.0,2.0,3.0,7,8,6,1.0,69.0,0.0,3,2.0
3,5.0,1.0,2.0,1.0,7,8,6,2.0,55.0,0.4,3,0.7142857142857143
1,5.0,3.0,2.0,4.0,7,8,6,0.0,74.0,0.0,3,3.0
2,5.0,6.0,2.0,6.0,7,8,6,2.0,37.0,0.0,3,2.0
2,6.0,2.0,2.0,6.0,7,8,6,1.0,48.0,0.1666666666666666,3,6.0
2,5.0,2.0,2.0,4.0,7,8,6,1.0,79.0,0.25,3,4.0
3,5.0,1.0,2.0,3.0,7,8,6,3.0,51.0,0.0,3,6.0
1,5.0,3.0,2.0,6.0,2,8,6,1.0,36.0,0.0,3,5.0
3,6.0,2.0,2.0,4.0,6,8,6,3.0,41.0,0.0,3,4.0
1,6.0,4.0,2.0,4.0,6,8,6,1.0,72.0,0.0,3,1.0
2,6.0,1.0,2.0,6.0,6,8,6,2.0,24.0,0.5,3,0.5714285714285714
2,4.0,3.0,2.0,4.0,6,8,6,3.0,34.0,0.25,3,4.0
2,6.0,2.0,2.0,3.0,6,8,6,2.0,64.0,0.0,3,2.0
2,5.0,2.0,2.0,6.0,2,8,6,0.0,69.0,0.0,3,2.0
2,6.0,1.0,2.0,4.0,7,8,6,2.0,36.0,0.5,3,0.5
1,4.0,2.0,2.0,1.0,7,8,6,1.0,72.0,0.0,3,0.125
2,4.0,2.0,2.0,3.0,7,8,6,2.0,49.0,0.2,3,0.625
1,5.0,2.0,2.0,3.0,7,8,6,1.0,45.0,0.5,3,2.0
1,3.0,4.0,2.0,4.0,7,8,6,1.0,40.0,0.0,3,3.0
3,5.0,4.0,2.0,6.0,7,8,6,3.0,55.0,0.0,3,5.0
2,4.0,3.0,2.0,8.0,7,8,6,2.0,32.0,0.2,3,5.0
1,6.0,4.0,2.0,1.0,4,8,6,1.0,85.0,0.0,3,0.1666666666666666
2,6.0,3.0,2.0,6.0,4,8,6,2.0,54.0,0.0,3,0.5
2,6.0,3.0,2.0,4.0,4,8,6,3.0,41.0,0.1666666666666666,3,1.0
2,6.0,2.0,2.0,3.0,4,8,6,2.0,75.0,0.0,3,0.3333333333333333
2,6.0,2.0,2.0,4.0,4,8,6,1.0,77.0,0.0,3,2.0
2,6.0,3.0,2.0,6.0,4,8,6,2.0,31.0,0.6,3,5.0
2,6.0,6.0,2.0,3.0,2,8,6,2.0,61.0,0.0,3,5.0
1,6.0,1.0,2.0,1.0,2,8,6,1.0,72.0,0.0,3,1.0
2,6.0,2.0,2.0,4.0,2,8,6,2.0,60.0,0.0,3,2.0
3,6.0,3.0,2.0,1.0,2,8,6,2.0,59.0,0.0,3,4.0
3,6.0,6.0,2.0,3.0,4,8,6,2.0,80.0,0.0,3,3.0
1,5.0,3.0,2.0,4.0,4,8,6,2.0,68.0,0.0,3,2.0
2,3.0,2.0,2.0,6.0,4,8,6,2.0,49.0,0.0,3,2.0
2,5.0,4.0,2.0,6.0,2,8,6,1.0,63.0,0.0,3,2.0
2,5.0,6.0,2.0,4.0,2,8,6,2.0,67.0,0.0,3,2.0
3,2.0,4.0,2.0,10.0,7,8,6,0.0,76.0,0.0,3,4.0
3,2.0,3.0,2.0,8.0,7,8,6,3.0,58.0,0.0,3,3.0
1,2.0,3.0,2.0,10.0,7,8,6,1.0,66.0,0.0,3,1.0
1,5.0,1.0,2.0,8.0,7,8,6,0.0,71.0,0.0,3,1.0
2,2.0,3.0,2.0,8.0,7,8,6,2.0,40.0,0.25,3,4.0
2,6.0,3.0,2.0,6.0,1,8,6,2.0,32.0,0.25,3,4.0
2,2.0,3.0,2.0,1.0,1,8,6,2.0,49.0,0.0,3,5.0
1,5.0,3.0,2.0,3.0,1,8,6,0.0,60.0,0.0,3,2.0
2,5.0,3.0,2.0,4.0,1,8,6,1.0,59.0,0.0,3,2.0
1,5.0,5.0,2.0,8.0,2,8,6,1.0,58.0,0.0,3,0.2
2,5.0,6.0,2.0,9.0,2,8,6,2.0,65.0,0.0,3,0.4
3,6.0,3.0,2.0,3.0,2,8,6,2.0,58.0,0.25,3,0.5714285714285714
2,5.0,3.0,2.0,6.0,2,8,6,2.0,66.0,0.25,3,0.5714285714285714
2,5.0,3.0,2.0,6.0,2,8,6,2.0,67.0,0.0,3,0.2857142857142857
2,5.0,6.0,2.0,3.0,2,8,6,1.0,74.0,0.2,3,1.0
3,6.0,2.0,2.0,6.0,6,8,6,3.0,52.0,0.0,3,1.25
2,5.0,1.0,2.0,6.0,6,8,6,1.0,40.0,0.0,3,0.5
1,5.0,1.0,2.0,5.0,6,8,6,1.0,54.0,0.0,3,0.25
1,5.0,1.0,2.0,8.0,6,8,6,1.0,64.0,0.0,3,0.25
1,6.0,1.0,2.0,7.0,6,8,6,1.0,46.0,0.0,3,0.25
1,5.0,3.0,2.0,6.0,6,8,6,1.0,61.0,0.0,3,2.0
2,6.0,2.0,2.0,6.0,6,8,6,3.0,58.0,0.0,3,0.5
2,6.0,3.0,2.0,6.0,6,8,6,2.0,66.0,0.0,3,2.0
2,6.0,4.0,2.0,4.0,5,8,6,2.0,53.0,0.0,3,2.0
1,5.0,4.0,2.0,5.0,5,8,6,2.0,41.0,0.0,3,2.0
1,6.0,4.0,2.0,3.0,5,8,6,2.0,46.0,0.0,3,4.0
1,5.0,2.0,2.0,6.0,2,8,6,0.0,37.0,0.5,3,2.0
2,5.0,3.0,2.0,5.0,2,8,6,2.0,73.0,0.3333333333333333,3,3.0
1,5.0,2.0,2.0,5.0,2,8,6,1.0,65.0,0.0,3,1.0
1,5.0,2.0,2.0,6.0,2,8,6,1.0,67.0,0.0,3,0.3333333333333333
1,5.0,2.0,2.0,5.0,2,8,6,1.0,62.0,0.0,3,2.0
2,6.0,2.0,2.0,5.0,5,8,6,2.0,87.0,0.0,3,2.0
1,4.0,2.0,2.0,1.0,5,8,6,1.0,64.0,0.0,3,1.0
1,4.0,2.0,2.0,1.0,5,8,6,1.0,74.0,0.0,3,1.0
1,6.0,4.0,2.0,4.0,5,8,6,1.0,51.0,0.0,3,3.0
2,4.0,4.0,2.0,4.0,5,8,6,2.0,39.0,0.25,3,4.0
2,4.0,6.0,2.0,1.0,5,8,6,2.0,55.0,0.4,3,5.0
1,4.0,4.0,2.0,6.0,5,8,6,1.0,51.0,0.0,3,2.0
2,4.0,5.0,2.0,1.0,5,8,6,2.0,55.0,0.5,3,4.0
2,4.0,4.0,2.0,6.0,5,8,6,2.0,25.0,0.5,3,4.0
1,4.0,2.0,2.0,5.0,5,8,6,1.0,34.0,0.5,3,4.0
1,4.0,4.0,2.0,1.0,5,8,6,1.0,79.0,0.0,3,1.0
2,5.0,3.0,2.0,6.0,6,8,6,2.0,40.0,0.2,3,5.0
1,5.0,4.0,2.0,6.0,6,8,6,1.0,53.0,0.0,3,3.0
3,5.0,3.0,2.0,6.0,2,8,6,3.0,48.0,0.0,3,0.75
2,5.0,4.0,2.0,8.0,2,8,6,2.0,38.0,0.3333333333333333,3,1.5
2,6.0,1.0,2.0,5.0,8,8,6,2.0,47.0,0.0,3,0.5
3,5.0,4.0,2.0,6.0,8,8,6,3.0,33.0,0.0,3,0.75
1,5.0,2.0,2.0,3.0,8,8,6,1.0,56.0,0.0,3,0.25
1,5.0,3.0,2.0,7.0,7,8,6,0.0,65.0,0.0,3,0.25
2,5.0,3.0,2.0,6.0,7,8,6,2.0,33.0,0.3333333333333333,3,0.75
2,6.0,3.0,2.0,6.0,7,8,6,2.0,36.0,0.1666666666666666,3,1.5
1,5.0,4.0,2.0,5.0,2,8,6,1.0,53.0,0.25,3,4.0
2,3.0,6.0,2.0,5.0,2,8,6,2.0,65.0,0.0,3,2.0
2,5.0,2.0,2.0,10.0,2,8,6,1.0,51.0,0.0,3,2.0
3,5.0,2.0,2.0,4.0,6,8,6,3.0,66.0,0.25,3,4.0
1,6.0,5.0,2.0,4.0,6,8,6,1.0,68.0,0.0,3,2.0
3,5.0,4.0,2.0,6.0,6,8,6,3.0,40.0,0.1666666666666666,3,6.0
1,5.0,1.0,2.0,6.0,6,8,6,0.0,35.0,0.0,3,1.0
3,6.0,5.0,2.0,6.0,6,8,6,2.0,45.0,0.0,3,0.8
1,6.0,3.0,2.0,5.0,6,8,6,1.0,46.0,0.0,3,0.3333333333333333
1,5.0,1.0,2.0,5.0,6,8,6,1.0,37.0,0.0,3,2.0
3,7.0,3.0,2.0,3.0,6,8,6,2.0,64.0,0.0,3,0.5
1,5.0,2.0,2.0,5.0,6,8,6,1.0,59.0,0.0,3,0.25
2,5.0,3.0,2.0,3.0,6,8,6,2.0,57.0,0.0,3,0.75
1,5.0,1.0,2.0,5.0,6,8,6,0.0,91.0,0.0,3,0.25
1,5.0,3.0,2.0,5.0,6,8,6,1.0,69.0,0.0,3,0.25
1,6.0,2.0,2.0,6.0,3,8,6,1.0,47.0,0.5,3,2.0
2,5.0,3.0,2.0,3.0,3,8,6,2.0,67.0,0.3333333333333333,3,3.0
1,6.0,5.0,2.0,6.0,3,8,6,2.0,44.0,0.0,3,3.0
2,5.0,2.0,2.0,3.0,3,8,6,2.0,85.0,0.0,3,2.0
2,5.0,5.0,2.0,6.0,6,8,6,2.0,54.0,0.0,3,4.0
1,6.0,2.0,2.0,6.0,6,8,6,1.0,58.0,0.0,3,1.0
1,5.0,3.0,2.0,4.0,6,8,6,1.0,68.0,0.0,3,2.0
1,1.0,6.0,2.0,10.0,6,8,6,1.0,62.0,0.0,3,2.0
1,5.0,6.0,2.0,6.0,6,8,6,1.0,36.0,0.4,3,5.0
2,5.0,4.0,2.0,6.0,6,8,6,2.0,53.0,0.0,3,3.0
2,3.0,2.0,2.0,9.0,6,8,6,1.0,46.0,0.25,3,4.0
3,5.0,5.0,2.0,8.0,6,8,6,2.0,44.0,0.2,3,5.0
1,2.0,5.0,2.0,7.0,4,8,6,1.0,37.0,0.0,3,4.0
1,2.0,3.0,2.0,6.0,4,8,6,0.0,69.0,0.0,3,1.0
2,5.0,2.0,2.0,3.0,7,8,6,1.0,80.0,0.0,3,2.0
1,6.0,3.0,2.0,8.0,7,8,6,0.0,50.0,0.0,3,1.0
2,5.0,4.0,2.0,8.0,7,8,6,0.0,71.0,0.0,3,3.0
2,5.0,3.0,2.0,5.0,7,8,6,0.0,63.0,0.0,3,2.0
1,2.0,2.0,2.0,5.0,7,8,6,1.0,66.0,0.0,3,1.0
1,6.0,1.0,2.0,6.0,7,8,6,1.0,51.0,0.0,3,0.125
2,6.0,1.0,2.0,6.0,7,8,6,1.0,54.0,0.0,3,2.0
1,6.0,1.0,2.0,5.0,7,8,6,2.0,60.0,0.0,3,2.0
1,5.0,4.0,2.0,1.0,4,8,6,1.0,77.0,0.0,3,1.0
3,4.0,6.0,2.0,4.0,4,8,6,3.0,42.0,0.0,3,5.0
1,4.0,6.0,2.0,4.0,4,8,6,2.0,37.0,0.3333333333333333,3,3.0
3,4.0,5.0,2.0,4.0,4,8,6,2.0,44.0,0.25,3,4.0
1,4.0,4.0,2.0,3.0,4,8,6,1.0,62.0,0.0,3,1.0
2,5.0,2.0,2.0,1.0,4,8,6,1.0,76.0,0.0,3,2.0
3,6.0,2.0,2.0,3.0,4,8,6,2.0,48.0,0.0,3,4.0
3,6.0,2.0,2.0,4.0,4,8,6,2.0,56.0,0.0,3,3.0
1,6.0,3.0,2.0,4.0,4,8,6,1.0,74.0,0.0,3,1.0
1,6.0,3.0,2.0,6.0,4,8,6,1.0,32.0,0.0,3,1.0
3,5.0,4.0,2.0,4.0,4,8,6,3.0,49.0,0.2,3,5.0
2,6.0,4.0,2.0,3.0,7,8,6,2.0,83.0,0.0,3,2.0
3,5.0,7.0,2.0,4.0,7,8,6,2.0,54.0,0.0,3,3.0
1,5.0,2.0,2.0,3.0,7,8,6,1.0,90.0,0.0,3,1.0
3,5.0,6.0,2.0,4.0,7,8,6,2.0,61.0,0.0,3,3.0
1,6.0,5.0,2.0,5.0,7,8,6,3.0,36.0,0.25,3,4.0
2,5.0,3.0,2.0,3.0,7,8,6,2.0,88.0,0.0,3,2.0
3,4.0,1.0,2.0,1.0,7,8,6,3.0,49.0,0.0,3,3.0
2,5.0,2.0,2.0,6.0,7,8,6,1.0,33.0,0.3333333333333333,3,3.0
3,5.0,1.0,2.0,4.0,7,8,6,3.0,46.0,0.0,3,5.0
2,5.0,3.0,2.0,3.0,7,8,6,2.0,34.0,0.4,3,5.0
3,5.0,3.0,2.0,4.0,7,8,6,3.0,53.0,0.0,3,3.0
2,6.0,3.0,2.0,5.0,7,8,6,2.0,51.0,0.0,3,3.0
2,5.0,3.0,2.0,4.0,7,8,6,3.0,58.0,0.0,3,4.0
2,6.0,3.0,2.0,5.0,7,8,6,3.0,49.0,0.0,3,3.0
2,5.0,2.0,2.0,6.0,7,8,6,2.0,67.0,0.0,3,6.0
3,6.0,2.0,2.0,4.0,7,8,6,3.0,42.0,0.4,3,5.0
3,6.0,4.0,2.0,6.0,7,8,6,3.0,55.0,0.25,3,0.6666666666666666
2,6.0,2.0,2.0,5.0,7,8,6,2.0,52.0,0.2,3,5.0
1,4.0,1.0,2.0,3.0,7,8,6,1.0,70.0,0.5,3,2.0
1,5.0,2.0,2.0,3.0,7,8,6,1.0,68.0,0.0,3,1.0
3,5.0,3.0,2.0,5.0,7,8,6,3.0,58.0,0.25,3,4.0
2,6.0,2.0,2.0,4.0,7,8,6,1.0,89.0,0.0,3,2.0
2,5.0,1.0,2.0,10.0,7,8,6,2.0,55.0,0.0,3,3.0
1,6.0,2.0,2.0,4.0,7,8,6,1.0,72.0,0.0,3,2.0
1,5.0,4.0,2.0,5.0,7,8,6,1.0,57.0,0.0,3,1.0
1,6.0,2.0,2.0,4.0,7,8,6,1.0,65.0,0.0,3,1.0
2,4.0,2.0,2.0,6.0,7,8,6,2.0,31.0,0.1666666666666666,3,6.0
3,6.0,2.0,2.0,5.0,7,8,6,3.0,42.0,0.25,3,4.0
2,5.0,4.0,2.0,5.0,2,8,6,1.0,56.0,0.0,3,2.0
2,3.0,4.0,2.0,3.0,2,8,6,1.0,83.0,0.0,3,3.0
1,3.0,2.0,2.0,6.0,2,8,6,1.0,63.0,0.0,3,1.0
2,3.0,3.0,2.0,3.0,2,8,6,1.0,50.0,0.3333333333333333,3,3.0
2,2.0,5.0,2.0,4.0,2,8,6,1.0,73.0,0.0,3,2.0
2,5.0,2.0,2.0,8.0,2,8,6,2.0,47.0,0.25,3,4.0
3,5.0,3.0,2.0,4.0,2,8,6,0.0,56.0,0.0,3,4.0
3,5.0,3.0,2.0,3.0,2,8,6,3.0,41.0,0.2,3,5.0
2,5.0,4.0,2.0,5.0,2,8,6,2.0,49.0,0.0,3,4.0
2,6.0,4.0,2.0,5.0,2,8,6,1.0,36.0,0.25,3,4.0
2,3.0,7.0,2.0,4.0,2,8,6,2.0,70.0,0.0,3,2.0
1,5.0,3.0,2.0,5.0,2,8,6,1.0,44.0,0.0,3,4.0
2,5.0,5.0,2.0,5.0,2,8,6,2.0,50.0,0.0,3,4.0
2,3.0,4.0,2.0,4.0,2,8,6,0.0,67.0,0.0,3,2.0
2,3.0,6.0,2.0,6.0,2,8,6,2.0,37.0,0.4,3,5.0
2,3.0,3.0,2.0,8.0,2,8,6,2.0,35.0,0.4,3,5.0
2,3.0,3.0,2.0,10.0,2,8,6,2.0,44.0,0.5,3,4.0
1,5.0,3.0,2.0,6.0,2,8,6,1.0,30.0,0.0,3,2.0
2,6.0,3.0,2.0,4.0,2,8,6,2.0,46.0,0.0,3,2.0
2,6.0,4.0,2.0,1.0,2,8,6,2.0,65.0,0.0,3,4.0
2,5.0,3.0,2.0,6.0,2,8,6,0.0,46.0,0.0,3,2.0
3,6.0,2.0,2.0,7.0,2,8,6,3.0,49.0,0.0,3,5.0
3,5.0,5.0,2.0,4.0,2,8,6,2.0,75.0,0.25,3,4.0
2,2.0,5.0,2.0,5.0,2,8,6,2.0,57.0,0.0,3,2.0
1,6.0,4.0,2.0,3.0,2,8,6,1.0,83.0,0.0,3,0.2
2,5.0,4.0,2.0,4.0,2,8,6,2.0,60.0,0.0,3,0.4
2,5.0,5.0,2.0,8.0,2,8,6,2.0,38.0,0.25,3,4.0
2,5.0,3.0,2.0,3.0,2,8,6,2.0,65.0,0.0,3,2.0
2,5.0,5.0,2.0,3.0,2,8,6,2.0,66.0,0.0,3,2.0
2,5.0,3.0,2.0,8.0,5,8,6,2.0,51.0,0.0,3,2.0
1,6.0,1.0,2.0,4.0,5,8,6,1.0,67.0,0.0,3,1.0
1,5.0,2.0,2.0,4.0,5,8,6,1.0,61.0,0.0,3,1.0
3,5.0,4.0,2.0,5.0,5,8,6,2.0,47.0,0.1666666666666666,3,6.0
2,6.0,5.0,2.0,7.0,5,8,6,2.0,51.0,0.0,3,3.0
1,5.0,3.0,2.0,5.0,5,8,6,1.0,55.0,0.0,3,3.0
2,3.0,5.0,2.0,8.0,5,8,6,2.0,41.0,0.0,3,3.0
3,5.0,2.0,2.0,3.0,5,8,6,3.0,67.0,0.2857142857142857,3,7.0
3,3.0,4.0,2.0,8.0,5,8,6,2.0,50.0,0.2,3,5.0
2,5.0,6.0,2.0,4.0,5,8,6,2.0,67.0,0.0,3,2.0
3,5.0,4.0,2.0,6.0,5,8,6,1.0,47.0,0.25,3,4.0
3,6.0,4.0,2.0,3.0,5,8,6,2.0,70.0,0.0,3,3.0
2,6.0,2.0,2.0,1.0,5,8,6,1.0,67.0,0.0,3,0.2857142857142857
3,6.0,4.0,2.0,6.0,5,8,6,2.0,35.0,0.25,3,4.0
2,6.0,3.0,2.0,3.0,5,8,6,1.0,72.0,0.0,3,2.0
1,6.0,7.0,2.0,3.0,5,8,6,1.0,62.0,0.0,3,2.0
3,6.0,5.0,2.0,6.0,5,8,6,3.0,32.0,0.0,3,3.0
2,6.0,5.0,2.0,3.0,5,8,6,1.0,73.0,0.0,3,2.0
1,6.0,3.0,2.0,3.0,5,8,6,1.0,72.0,0.0,3,1.0
2,5.0,6.0,2.0,4.0,5,8,6,1.0,58.0,0.0,3,2.0
2,6.0,5.0,2.0,1.0,5,8,6,1.0,75.0,0.0,3,2.0
1,6.0,5.0,2.0,6.0,5,8,6,1.0,71.0,0.0,3,1.0
2,6.0,6.0,2.0,8.0,5,8,6,1.0,47.0,0.0,3,4.0
1,6.0,5.0,2.0,4.0,5,8,6,1.0,66.0,0.0,3,1.0
2,6.0,6.0,2.0,1.0,5,8,6,1.0,57.0,0.3333333333333333,3,3.0
2,6.0,3.0,2.0,3.0,5,8,6,1.0,68.0,0.0,3,0.625
2,6.0,2.0,2.0,3.0,5,8,6,1.0,78.0,0.0,3,5.0
1,6.0,3.0,2.0,3.0,5,8,6,1.0,58.0,0.0,3,2.0
3,6.0,4.0,2.0,3.0,5,8,6,3.0,43.0,0.4,3,5.0
2,6.0,1.0,2.0,1.0,5,8,6,1.0,64.0,0.0,3,0.5
1,6.0,1.0,2.0,6.0,6,8,6,1.0,74.0,0.0,3,0.5
3,3.0,4.0,2.0,8.0,6,8,6,1.0,45.0,0.0,3,3.0
1,3.0,4.0,2.0,8.0,6,8,6,1.0,39.0,0.5,3,2.0
1,2.0,6.0,2.0,5.0,6,8,6,2.0,56.0,0.0,3,4.0
2,5.0,3.0,2.0,4.0,6,8,6,2.0,83.0,0.0,3,2.0
1,6.0,1.0,2.0,1.0,6,8,6,0.0,95.0,0.0,3,1.0
3,5.0,4.0,2.0,8.0,6,8,6,1.0,59.0,0.25,3,4.0
2,5.0,1.0,2.0,6.0,6,8,6,2.0,29.0,0.3333333333333333,3,1.5
3,5.0,3.0,2.0,6.0,6,8,6,3.0,49.0,0.25,3,4.0
2,1.0,6.0,2.0,6.0,6,8,6,2.0,64.0,0.0,3,2.0
2,5.0,3.0,2.0,6.0,6,8,6,2.0,43.0,0.3333333333333333,3,3.0
2,6.0,6.0,2.0,4.0,6,8,6,2.0,66.0,0.0,3,2.0
2,6.0,5.0,2.0,6.0,6,8,6,3.0,41.0,0.25,3,4.0
3,5.0,3.0,2.0,6.0,6,8,6,2.0,40.0,0.0,3,4.0
2,6.0,3.0,2.0,4.0,6,8,6,2.0,62.0,0.0,3,2.0
2,6.0,4.0,2.0,4.0,6,8,6,2.0,68.0,0.0,3,2.0
2,5.0,3.0,2.0,5.0,6,8,6,2.0,59.0,0.0,3,2.0
2,3.0,2.0,2.0,6.0,6,8,6,2.0,27.0,0.5,3,4.0
1,5.0,3.0,2.0,5.0,6,8,6,1.0,71.0,0.0,3,1.0
2,5.0,2.0,2.0,6.0,6,8,6,2.0,36.0,0.5,3,2.0
1,5.0,4.0,2.0,10.0,6,8,6,1.0,31.0,0.5,3,2.0
2,6.0,3.0,2.0,3.0,6,8,6,2.0,78.0,0.0,3,2.0
3,6.0,3.0,2.0,4.0,6,8,6,3.0,62.0,0.0,3,3.0
3,5.0,3.0,2.0,4.0,6,8,6,3.0,52.0,0.2,3,5.0
2,3.0,5.0,2.0,3.0,6,8,6,2.0,61.0,0.0,3,3.0
1,4.0,4.0,2.0,3.0,6,8,6,1.0,61.0,0.0,3,2.0
2,6.0,2.0,2.0,4.0,6,8,6,2.0,52.0,0.0,3,3.0
2,6.0,4.0,2.0,3.0,6,8,6,2.0,53.0,0.0,3,4.0
3,6.0,3.0,2.0,4.0,6,8,6,2.0,65.0,0.0,3,4.0
2,6.0,4.0,2.0,5.0,6,8,6,2.0,71.0,0.0,3,2.0
1,6.0,1.0,2.0,4.0,6,8,6,0.0,80.0,0.0,3,1.0
1,6.0,2.0,2.0,4.0,6,8,6,1.0,41.0,0.0,3,1.0
2,6.0,3.0,2.0,1.0,6,8,6,2.0,90.0,0.0,3,2.0
2,4.0,5.0,2.0,4.0,6,8,6,2.0,73.0,0.0,3,2.0
1,6.0,4.0,2.0,1.0,6,8,6,1.0,82.0,0.0,3,1.0
2,5.0,4.0,2.0,5.0,6,8,6,3.0,58.0,0.2,3,5.0
2,2.0,3.0,2.0,6.0,6,8,6,2.0,37.0,0.3333333333333333,3,3.0
2,4.0,4.0,2.0,5.0,6,8,6,2.0,53.0,0.0,3,2.0
2,6.0,4.0,2.0,5.0,6,8,6,2.0,35.0,0.2,3,5.0
2,6.0,3.0,2.0,6.0,6,8,6,3.0,37.0,0.1666666666666666,3,6.0
2,3.0,2.0,2.0,3.0,6,8,6,3.0,56.0,0.0,3,3.0
1,5.0,2.0,2.0,1.0,6,8,6,1.0,57.0,0.0,3,1.0
2,5.0,2.0,2.0,6.0,6,8,6,2.0,38.0,0.0,3,0.6666666666666666
2,5.0,3.0,2.0,5.0,6,8,6,2.0,35.0,0.5,3,1.3333333333333333
2,5.0,3.0,2.0,6.0,6,8,6,2.0,36.0,0.5,3,1.3333333333333333
3,3.0,3.0,2.0,4.0,6,8,6,1.0,57.0,0.1666666666666666,3,6.0
2,5.0,2.0,2.0,3.0,6,8,6,1.0,70.0,0.4,3,5.0
1,5.0,2.0,2.0,3.0,6,8,6,1.0,46.0,0.0,3,0.5
2,5.0,2.0,2.0,6.0,6,8,6,2.0,50.0,0.3333333333333333,3,0.75
1,5.0,2.0,2.0,6.0,6,8,6,1.0,28.0,0.3333333333333333,3,0.75
1,5.0,4.0,2.0,6.0,6,8,6,1.0,25.0,0.3333333333333333,3,0.75
2,2.0,6.0,2.0,8.0,6,8,6,1.0,55.0,0.0,3,3.0
3,5.0,4.0,2.0,6.0,6,8,6,3.0,55.0,0.0,3,4.0
3,3.0,3.0,2.0,10.0,6,8,6,3.0,63.0,0.4,3,5.0
1,3.0,2.0,2.0,3.0,6,8,6,0.0,92.0,0.0,3,1.0
2,5.0,5.0,2.0,10.0,6,8,6,1.0,46.0,0.0,3,3.0
2,5.0,2.0,2.0,6.0,6,8,6,2.0,53.0,0.0,3,3.0
2,5.0,5.0,2.0,3.0,6,8,6,1.0,62.0,0.0,3,2.0
3,5.0,6.0,2.0,1.0,6,8,6,2.0,68.0,0.0,3,3.0
2,3.0,3.0,2.0,6.0,6,8,6,2.0,58.0,0.0,3,3.0
2,5.0,3.0,2.0,8.0,6,8,6,2.0,56.0,0.0,3,4.0
2,5.0,3.0,2.0,7.0,6,8,6,1.0,36.0,0.3333333333333333,3,1.0
3,5.0,1.0,2.0,6.0,6,8,6,2.0,36.0,0.25,3,1.3333333333333333
2,5.0,2.0,2.0,7.0,6,8,6,1.0,43.0,0.0,3,1.0
2,5.0,1.0,2.0,6.0,6,8,6,1.0,33.0,0.3333333333333333,3,1.0
3,2.0,5.0,2.0,10.0,6,8,6,3.0,51.0,0.0,3,3.0
1,6.0,2.0,2.0,6.0,3,8,6,1.0,31.0,0.3333333333333333,3,3.0
2,5.0,2.0,2.0,6.0,3,8,6,2.0,30.0,0.5,3,4.0
1,5.0,3.0,2.0,6.0,3,8,6,1.0,36.0,0.0,3,3.0
2,5.0,2.0,2.0,8.0,3,8,6,1.0,46.0,0.3333333333333333,3,3.0
3,3.0,6.0,2.0,1.0,3,8,6,1.0,81.0,0.25,3,4.0
1,5.0,4.0,2.0,6.0,3,8,6,1.0,39.0,0.25,3,4.0
1,6.0,2.0,2.0,6.0,3,8,6,1.0,27.0,0.0,3,0.75
2,5.0,3.0,2.0,3.0,3,8,6,2.0,44.0,0.4,3,5.0
2,5.0,3.0,2.0,6.0,3,8,6,1.0,38.0,0.6,3,5.0
1,3.0,4.0,2.0,6.0,3,8,6,1.0,60.0,0.0,3,1.0
1,5.0,1.0,2.0,1.0,3,8,6,1.0,72.0,0.0,3,1.0
1,5.0,3.0,2.0,6.0,3,8,6,1.0,33.0,0.0,3,0.25
1,6.0,1.0,2.0,5.0,3,8,6,1.0,57.0,0.0,3,0.1428571428571428
2,5.0,2.0,2.0,5.0,3,8,6,2.0,33.0,0.5,3,1.0
3,3.0,2.0,2.0,6.0,3,8,6,3.0,35.0,0.4,3,1.25
1,3.0,4.0,2.0,7.0,3,8,6,0.0,39.0,0.5,3,1.0
1,6.0,2.0,2.0,4.0,6,8,6,0.0,46.0,0.3333333333333333,3,1.0
3,5.0,4.0,2.0,5.0,6,8,6,2.0,50.0,0.0,3,1.0
1,5.0,1.0,2.0,6.0,6,8,6,1.0,42.0,0.0,3,1.0
2,5.0,1.0,2.0,6.0,3,8,6,2.0,40.0,0.0,3,1.0
1,5.0,1.0,2.0,6.0,3,8,6,1.0,51.0,0.0,3,0.3333333333333333
1,5.0,2.0,2.0,6.0,3,8,6,1.0,33.0,0.0,3,0.5
2,5.0,1.0,2.0,6.0,3,8,6,2.0,32.0,0.0,3,0.5
2,5.0,2.0,2.0,1.0,3,8,6,1.0,52.0,0.4285714285714285,3,1.75
3,5.0,2.0,2.0,5.0,3,8,6,3.0,43.0,0.0,3,1.5
1,5.0,2.0,2.0,3.0,3,8,6,0.0,38.0,0.25,3,1.0
1,5.0,3.0,2.0,8.0,3,8,6,2.0,76.0,0.0,3,0.375
2,5.0,3.0,2.0,4.0,3,8,6,2.0,55.0,0.0,3,1.0
1,5.0,1.0,2.0,5.0,3,8,6,1.0,57.0,0.0,3,0.6666666666666666
2,5.0,3.0,2.0,5.0,3,8,6,2.0,41.0,0.0,3,0.6666666666666666
2,6.0,1.0,2.0,3.0,6,8,6,1.0,60.0,0.0,3,2.0
2,5.0,2.0,2.0,3.0,6,8,6,1.0,58.0,0.4,3,5.0
1,4.0,1.0,2.0,6.0,6,8,6,1.0,48.0,0.0,3,1.0
2,5.0,1.0,2.0,5.0,6,8,6,2.0,65.0,0.0,3,2.0
1,6.0,2.0,2.0,1.0,6,8,6,0.0,86.0,0.0,3,1.0
2,5.0,3.0,2.0,1.0,6,8,6,2.0,49.0,0.0,3,3.0
2,5.0,2.0,2.0,4.0,6,8,6,0.0,82.0,0.0,3,2.0
1,6.0,2.0,2.0,4.0,6,8,6,1.0,49.0,0.0,3,2.0
2,5.0,2.0,2.0,5.0,6,8,6,2.0,49.0,0.0,3,3.0
2,5.0,4.0,2.0,1.0,5,8,6,1.0,85.0,0.0,3,1.0
2,5.0,5.0,2.0,8.0,5,8,6,2.0,59.0,0.2,3,5.0
1,5.0,1.0,2.0,1.0,5,8,6,1.0,72.0,0.0,3,1.0
3,5.0,4.0,2.0,3.0,5,8,6,2.0,47.0,0.0,3,5.0
2,5.0,2.0,2.0,6.0,5,8,6,1.0,51.0,0.0,3,3.0
2,3.0,3.0,2.0,10.0,5,8,6,2.0,67.0,0.0,3,4.0
2,5.0,5.0,2.0,6.0,5,8,6,1.0,68.0,0.0,3,3.0
1,3.0,3.0,2.0,10.0,5,8,6,1.0,65.0,0.4,3,5.0
1,3.0,4.0,2.0,10.0,5,8,6,1.0,58.0,0.0,3,3.0
3,5.0,4.0,2.0,8.0,5,8,6,3.0,54.0,0.3333333333333333,3,6.0
2,5.0,2.0,2.0,6.0,5,8,6,0.0,63.0,0.0,3,3.0
2,5.0,4.0,2.0,10.0,5,8,6,1.0,78.0,0.0,3,2.0
3,5.0,3.0,2.0,4.0,5,8,6,3.0,38.0,0.2,3,5.0
1,5.0,4.0,2.0,4.0,7,8,6,1.0,62.0,0.3333333333333333,3,3.0
2,3.0,5.0,2.0,3.0,7,8,6,3.0,40.0,0.1428571428571428,3,7.0
2,5.0,2.0,2.0,5.0,7,8,6,1.0,35.0,0.3333333333333333,3,3.0
1,6.0,4.0,2.0,1.0,5,8,6,1.0,84.0,0.0,3,1.0
2,5.0,5.0,2.0,6.0,5,8,6,2.0,54.0,0.0,3,2.0
2,4.0,6.0,2.0,10.0,5,8,6,3.0,55.0,0.0,3,3.0
2,6.0,4.0,2.0,1.0,5,8,6,1.0,97.0,0.0,3,2.0
2,6.0,4.0,2.0,3.0,5,8,6,2.0,53.0,0.0,3,1.0
1,6.0,3.0,2.0,6.0,5,8,6,2.0,45.0,0.3333333333333333,3,3.0
1,6.0,3.0,2.0,3.0,5,8,6,1.0,80.0,0.0,3,1.0
2,6.0,2.0,2.0,3.0,5,8,6,2.0,58.0,0.0,3,2.0
1,6.0,3.0,2.0,1.0,5,8,6,0.0,79.0,0.0,3,1.0
1,6.0,3.0,2.0,3.0,5,8,6,1.0,65.0,0.0,3,1.0
2,6.0,6.0,2.0,3.0,5,8,6,1.0,75.0,0.0,3,2.0
2,6.0,4.0,2.0,1.0,5,8,6,2.0,49.0,0.0,3,3.0
1,6.0,4.0,2.0,1.0,5,8,6,1.0,68.0,0.0,3,1.0
1,6.0,4.0,2.0,1.0,5,8,6,1.0,69.0,0.0,3,1.0
2,6.0,2.0,2.0,4.0,5,8,6,2.0,63.0,0.0,3,2.0
1,6.0,3.0,2.0,6.0,5,8,6,2.0,61.0,0.0,3,2.0
2,6.0,3.0,2.0,7.0,5,8,6,2.0,66.0,0.0,3,2.0
1,6.0,1.0,2.0,10.0,5,8,6,0.0,87.0,0.0,3,1.0
1,6.0,2.0,2.0,4.0,5,8,6,0.0,59.0,0.5,3,6.0
1,6.0,3.0,2.0,6.0,5,8,6,1.0,47.0,0.5,3,2.0
1,6.0,1.0,2.0,1.0,5,8,6,1.0,65.0,0.0,3,1.0
2,6.0,5.0,2.0,8.0,5,8,6,3.0,67.0,0.0,3,3.0
1,6.0,3.0,2.0,5.0,5,8,6,2.0,61.0,0.0,3,2.0
3,3.0,3.0,2.0,10.0,4,8,6,3.0,52.0,0.0,3,3.0
1,3.0,6.0,2.0,8.0,4,8,6,0.0,79.0,0.0,3,3.0
3,3.0,5.0,2.0,8.0,4,8,6,1.0,81.0,0.0,3,3.0
3,3.0,5.0,2.0,4.0,4,8,6,3.0,49.0,0.0,3,4.0
3,3.0,5.0,2.0,6.0,4,8,6,3.0,67.0,0.0,3,3.0
2,2.0,6.0,2.0,10.0,4,8,6,1.0,50.0,0.0,3,5.0
2,5.0,3.0,2.0,6.0,4,8,6,1.0,55.0,0.0,3,2.0
2,5.0,2.0,2.0,4.0,4,8,6,2.0,73.0,0.0,3,2.0
2,3.0,3.0,2.0,10.0,4,8,6,2.0,43.0,0.6,3,5.0
2,5.0,3.0,2.0,10.0,4,8,6,2.0,51.0,0.3333333333333333,3,3.0
3,4.0,3.0,2.0,8.0,4,8,6,2.0,84.0,0.0,3,1.5
1,3.0,2.0,2.0,8.0,4,8,6,1.0,46.0,0.5,3,1.0
1,5.0,6.0,2.0,8.0,4,8,6,1.0,61.0,0.0,3,1.0
2,5.0,3.0,2.0,4.0,4,8,6,2.0,62.0,0.0,3,2.0
2,6.0,4.0,2.0,3.0,4,8,6,2.0,86.0,0.0,3,3.0
1,5.0,2.0,2.0,7.0,7,8,6,1.0,32.0,0.0,3,1.0
3,5.0,4.0,2.0,5.0,7,8,6,3.0,42.0,0.3333333333333333,3,6.0
3,5.0,3.0,2.0,5.0,7,8,6,3.0,44.0,0.3333333333333333,3,6.0
1,6.0,2.0,2.0,3.0,4,8,6,2.0,68.0,0.0,3,2.0
1,6.0,1.0,2.0,1.0,4,8,6,1.0,60.0,0.0,3,1.0
1,5.0,2.0,2.0,6.0,4,8,6,1.0,40.0,0.0,3,1.0
1,6.0,1.0,2.0,1.0,4,8,6,0.0,91.0,0.0,3,2.0
2,6.0,2.0,2.0,3.0,4,8,6,1.0,47.0,0.0,3,3.0
2,5.0,4.0,2.0,6.0,4,8,6,2.0,40.0,0.1666666666666666,3,6.0
2,6.0,2.0,2.0,6.0,4,8,6,2.0,35.0,0.25,3,4.0
3,6.0,3.0,2.0,3.0,4,8,6,2.0,47.0,0.25,3,4.0
1,5.0,3.0,2.0,1.0,4,8,6,2.0,67.0,0.0,3,0.5
1,6.0,4.0,2.0,5.0,4,8,6,1.0,66.0,0.0,3,0.1666666666666666
1,6.0,3.0,2.0,3.0,4,8,6,1.0,45.0,0.5,3,2.0
2,6.0,4.0,2.0,6.0,4,8,6,1.0,45.0,0.25,3,4.0
2,6.0,1.0,2.0,1.0,4,8,6,2.0,69.0,0.0,3,2.0
1,6.0,2.0,2.0,1.0,4,8,6,1.0,67.0,0.0,3,1.0
1,6.0,2.0,2.0,3.0,4,8,6,1.0,37.0,0.0,3,0.25
2,5.0,4.0,2.0,3.0,4,8,6,3.0,69.0,0.0,3,3.0
2,6.0,3.0,2.0,4.0,4,8,6,3.0,55.0,0.0,3,3.0
2,6.0,5.0,2.0,4.0,4,8,6,3.0,47.0,0.0,3,5.0
2,6.0,1.0,2.0,4.0,4,8,6,2.0,74.0,0.0,3,2.0
1,6.0,2.0,2.0,3.0,4,8,6,1.0,67.0,0.0,3,1.0
1,6.0,1.0,2.0,4.0,7,8,6,1.0,54.0,0.0,3,2.0
2,6.0,1.0,2.0,4.0,7,8,6,3.0,38.0,0.4,3,5.0
1,6.0,2.0,2.0,1.0,7,8,6,2.0,49.0,0.3333333333333333,3,0.5
2,5.0,4.0,2.0,5.0,7,8,6,3.0,74.0,0.25,3,4.0
1,6.0,2.0,2.0,4.0,7,8,6,1.0,67.0,0.0,3,1.0
3,5.0,7.0,2.0,1.0,7,8,6,3.0,65.0,0.2,3,5.0
3,5.0,6.0,2.0,3.0,7,8,6,3.0,41.0,0.0,3,4.0
2,5.0,4.0,2.0,9.0,8,8,6,2.0,28.0,0.0,3,2.0
2,5.0,3.0,2.0,10.0,8,8,6,2.0,50.0,0.0,3,3.0
2,5.0,4.0,2.0,6.0,8,8,6,2.0,38.0,0.25,3,1.3333333333333333
3,5.0,4.0,2.0,5.0,8,8,6,2.0,50.0,0.0,3,4.0
3,3.0,5.0,2.0,10.0,8,8,6,1.0,66.0,0.0,3,4.0
1,3.0,4.0,2.0,6.0,8,8,6,0.0,83.0,0.0,3,1.0
2,5.0,2.0,2.0,4.0,8,8,6,1.0,44.0,0.3333333333333333,3,3.0
2,2.0,4.0,2.0,6.0,8,8,6,2.0,40.0,0.3333333333333333,3,6.0
3,2.0,4.0,2.0,8.0,8,8,6,3.0,56.0,0.0,3,3.0
1,2.0,6.0,2.0,9.0,8,8,6,1.0,21.0,0.3333333333333333,3,3.0
2,6.0,5.0,2.0,5.0,8,8,6,2.0,59.0,0.0,3,4.0
3,3.0,4.0,2.0,6.0,8,8,6,3.0,58.0,0.0,3,4.0
2,3.0,5.0,2.0,6.0,8,8,6,0.0,61.0,0.25,3,4.0
1,3.0,3.0,2.0,3.0,8,8,6,1.0,65.0,0.0,3,2.0
1,5.0,3.0,2.0,9.0,8,8,6,1.0,56.0,0.0,3,1.0
2,3.0,2.0,2.0,5.0,8,8,6,2.0,62.0,0.0,3,3.0
1,3.0,4.0,2.0,3.0,8,8,6,0.0,56.0,0.0,3,1.0
2,5.0,3.0,2.0,5.0,8,8,6,1.0,56.0,0.0,3,2.0
2,4.0,6.0,2.0,8.0,8,8,6,1.0,63.0,0.0,3,2.0
2,1.0,5.0,2.0,6.0,8,8,6,2.0,56.0,0.0,3,3.0
2,1.0,5.0,2.0,6.0,8,8,6,2.0,70.0,0.0,3,4.0
3,5.0,4.0,2.0,3.0,8,8,6,1.0,57.0,0.0,3,3.0
1,5.0,2.0,2.0,10.0,8,8,6,0.0,71.0,0.0,3,2.0
1,5.0,3.0,2.0,9.0,8,8,6,0.0,27.0,0.0,3,2.0
2,5.0,5.0,2.0,6.0,8,8,6,2.0,50.0,0.25,3,0.8
2,3.0,3.0,2.0,8.0,8,8,6,1.0,80.0,0.0,3,0.4
3,1.0,5.0,2.0,9.0,8,8,6,2.0,24.0,0.0,3,4.0
2,4.0,6.0,2.0,4.0,6,8,6,3.0,51.0,0.2,3,5.0
2,6.0,2.0,2.0,5.0,6,8,6,3.0,46.0,0.0,3,4.0
3,5.0,4.0,2.0,8.0,6,8,6,3.0,72.0,0.0,3,4.0
1,5.0,2.0,2.0,3.0,6,8,6,1.0,75.0,0.0,3,0.5
1,5.0,2.0,2.0,9.0,6,8,6,0.0,75.0,0.0,3,1.0
1,4.0,6.0,2.0,8.0,6,8,6,0.0,78.0,0.0,3,2.0
2,3.0,1.0,2.0,7.0,6,8,6,1.0,64.0,0.0,3,4.0
1,3.0,4.0,2.0,8.0,6,8,6,1.0,47.0,0.0,3,1.0
2,5.0,3.0,2.0,8.0,6,8,6,2.0,60.0,0.0,3,3.0
2,5.0,2.0,2.0,4.0,6,8,6,2.0,42.0,0.0,3,1.5
1,5.0,6.0,2.0,6.0,6,8,6,2.0,43.0,0.25,3,4.0
1,5.0,2.0,2.0,5.0,6,8,6,1.0,42.0,0.0,3,2.0
2,4.0,5.0,2.0,4.0,6,8,6,3.0,71.0,0.0,3,3.0
1,4.0,2.0,2.0,1.0,6,8,6,1.0,80.0,0.0,3,1.0
1,6.0,2.0,2.0,3.0,6,8,6,2.0,62.0,0.0,3,2.0
1,4.0,2.0,2.0,3.0,6,8,6,2.0,54.0,0.3333333333333333,3,3.0
2,4.0,3.0,2.0,4.0,6,8,6,2.0,81.0,0.0,3,2.0
2,6.0,1.0,2.0,3.0,6,8,6,2.0,95.0,0.0,3,3.0
2,5.0,3.0,2.0,6.0,6,8,6,2.0,66.0,0.0,3,2.0
2,5.0,3.0,2.0,3.0,6,8,6,2.0,39.0,0.25,3,4.0
1,4.0,3.0,2.0,3.0,7,8,6,2.0,63.0,0.0,3,2.0
1,5.0,2.0,2.0,8.0,7,8,6,1.0,38.0,0.3333333333333333,3,3.0
3,5.0,4.0,2.0,6.0,6,8,6,3.0,64.0,0.0,3,4.0
1,5.0,5.0,2.0,6.0,6,8,6,1.0,62.0,0.0,3,2.0
1,5.0,1.0,2.0,4.0,6,8,6,1.0,70.0,0.0,3,0.5
2,4.0,5.0,2.0,6.0,6,8,6,1.0,61.0,0.0,3,2.0
1,6.0,2.0,2.0,5.0,6,8,6,1.0,22.0,0.0,3,1.0
1,4.0,2.0,2.0,3.0,6,8,6,0.0,71.0,0.0,3,1.0
2,4.0,6.0,2.0,3.0,6,8,6,3.0,45.0,0.0,3,3.0
2,4.0,3.0,2.0,4.0,6,8,6,3.0,35.0,0.3333333333333333,3,6.0
1,6.0,5.0,2.0,3.0,6,8,6,2.0,45.0,0.3333333333333333,3,6.0
1,4.0,6.0,2.0,5.0,6,8,6,2.0,32.0,0.5,3,4.0
2,4.0,6.0,2.0,3.0,6,8,6,2.0,61.0,0.0,3,2.0
1,6.0,6.0,2.0,2.0,6,8,6,2.0,43.0,0.2,3,5.0
2,6.0,3.0,2.0,3.0,6,8,6,2.0,55.0,0.0,3,3.0
1,6.0,2.0,2.0,4.0,6,8,6,1.0,39.0,0.0,3,2.0
2,6.0,5.0,2.0,4.0,6,8,6,3.0,47.0,0.2,3,5.0
1,6.0,2.0,2.0,6.0,6,8,6,1.0,41.0,0.0,3,0.1666666666666666
1,6.0,2.0,2.0,3.0,6,8,6,2.0,48.0,0.0,3,2.0
2,6.0,4.0,2.0,5.0,6,8,6,3.0,52.0,0.25,3,4.0
2,6.0,2.0,2.0,6.0,6,8,6,2.0,57.0,0.0,3,2.0
1,6.0,2.0,2.0,3.0,6,8,6,1.0,68.0,0.0,3,1.0
2,6.0,4.0,2.0,1.0,6,8,6,3.0,71.0,0.0,3,3.0
2,6.0,4.0,2.0,6.0,6,8,6,2.0,42.0,0.4,3,5.0
1,6.0,3.0,2.0,3.0,6,8,6,1.0,78.0,0.0,3,2.0
1,6.0,4.0,2.0,6.0,6,8,6,2.0,59.0,0.0,3,2.0
2,6.0,1.0,2.0,4.0,6,8,6,2.0,55.0,0.0,3,2.0
3,2.0,4.0,2.0,8.0,6,8,6,2.0,53.0,0.0,3,4.0
3,5.0,3.0,2.0,6.0,6,8,6,3.0,50.0,0.2,3,5.0
2,6.0,4.0,2.0,1.0,6,8,6,2.0,66.0,0.0,3,2.0
2,6.0,5.0,2.0,3.0,6,8,6,2.0,58.0,0.0,3,2.0
1,6.0,1.0,2.0,5.0,6,8,6,2.0,43.0,0.25,3,4.0
2,5.0,5.0,2.0,6.0,7,8,6,3.0,57.0,0.3333333333333333,3,6.0
1,4.0,3.0,2.0,5.0,7,8,6,2.0,44.0,0.25,3,4.0
2,4.0,2.0,2.0,3.0,7,8,6,2.0,69.0,0.0,3,2.0
1,6.0,2.0,2.0,5.0,7,8,6,2.0,62.0,0.0,3,0.25
2,6.0,4.0,2.0,6.0,7,8,6,3.0,53.0,0.5,3,1.0
1,4.0,4.0,2.0,4.0,7,8,6,2.0,37.0,0.25,3,0.5
1,5.0,5.0,2.0,5.0,5,8,6,1.0,44.0,0.0,3,1.0
2,5.0,3.0,2.0,6.0,5,8,6,2.0,44.0,0.25,3,4.0
2,5.0,3.0,2.0,10.0,5,8,6,2.0,42.0,0.3333333333333333,3,3.0
3,5.0,2.0,2.0,8.0,5,8,6,3.0,51.0,0.1666666666666666,3,6.0
2,2.0,2.0,2.0,6.0,5,8,6,1.0,67.0,0.0,3,3.0
1,5.0,4.0,2.0,8.0,5,8,6,1.0,51.0,0.25,3,4.0
1,2.0,5.0,2.0,10.0,5,8,6,1.0,54.0,0.0,3,2.0
2,3.0,7.0,2.0,6.0,5,8,6,2.0,68.0,0.0,3,6.0
3,3.0,7.0,2.0,10.0,5,8,6,2.0,54.0,0.25,3,4.0
1,5.0,4.0,2.0,10.0,5,8,6,1.0,61.0,0.0,3,2.0
1,6.0,1.0,2.0,3.0,5,8,6,1.0,75.0,0.0,3,1.0
2,3.0,4.0,2.0,3.0,5,8,6,2.0,69.0,0.0,3,2.0
2,5.0,1.0,2.0,10.0,5,8,6,2.0,37.0,0.25,3,4.0
1,5.0,3.0,2.0,8.0,5,8,6,1.0,51.0,0.0,3,1.0
2,6.0,3.0,2.0,8.0,5,8,6,2.0,53.0,0.0,3,2.0
2,6.0,4.0,2.0,10.0,5,8,6,2.0,65.0,0.3333333333333333,3,3.0
2,5.0,2.0,2.0,3.0,5,8,6,1.0,61.0,0.0,3,2.0
2,7.0,2.0,2.0,3.0,5,8,6,2.0,57.0,0.0,3,3.0
1,4.0,6.0,2.0,5.0,5,8,6,3.0,42.0,0.2,3,5.0
1,4.0,5.0,2.0,3.0,5,8,6,1.0,73.0,0.0,3,1.0
1,4.0,4.0,2.0,8.0,5,8,6,1.0,31.0,0.5,3,2.0
1,4.0,3.0,2.0,10.0,5,8,6,1.0,69.0,0.0,3,1.0
2,6.0,4.0,2.0,5.0,5,8,6,2.0,53.0,0.2,3,5.0
2,4.0,3.0,2.0,5.0,5,8,6,1.0,65.0,0.0,3,3.0
1,4.0,5.0,2.0,7.0,5,8,6,1.0,55.0,0.0,3,1.0
2,6.0,5.0,2.0,3.0,5,8,6,2.0,70.0,0.25,3,0.6666666666666666
1,6.0,1.0,2.0,3.0,5,8,6,1.0,83.0,0.0,3,0.1666666666666666
1,6.0,6.0,2.0,5.0,5,8,6,1.0,71.0,0.0,3,2.0
2,6.0,2.0,2.0,3.0,5,8,6,2.0,57.0,0.4,3,5.0
2,4.0,2.0,2.0,4.0,5,8,6,2.0,64.0,0.0,3,4.0
3,6.0,2.0,2.0,6.0,5,8,6,2.0,47.0,0.0,3,5.0
2,6.0,5.0,2.0,3.0,5,8,6,2.0,53.0,0.25,3,4.0
1,4.0,4.0,2.0,4.0,5,8,6,1.0,51.0,0.0,3,1.0
2,6.0,1.0,2.0,6.0,5,8,6,2.0,38.0,0.5,3,4.0
2,6.0,6.0,2.0,1.0,5,8,6,3.0,83.0,0.25,3,4.0
1,4.0,4.0,2.0,3.0,5,8,6,1.0,83.0,0.0,3,1.0
1,4.0,6.0,2.0,1.0,5,8,6,1.0,76.0,0.0,3,1.0
1,4.0,4.0,2.0,1.0,5,8,6,1.0,85.0,0.0,3,3.0
2,4.0,4.0,2.0,4.0,5,8,6,3.0,45.0,0.2,3,5.0
1,6.0,3.0,2.0,6.0,5,8,6,2.0,84.0,0.0,3,2.0
1,6.0,2.0,2.0,3.0,5,8,6,0.0,85.0,0.0,3,1.0
1,6.0,3.0,2.0,5.0,5,8,6,2.0,57.0,0.0,3,2.0
1,6.0,3.0,2.0,6.0,5,8,6,3.0,46.0,0.0,3,4.0
2,4.0,1.0,2.0,3.0,7,8,6,1.0,59.0,0.25,3,4.0
2,6.0,1.0,2.0,3.0,7,8,6,1.0,77.0,0.0,3,2.0
2,5.0,1.0,2.0,3.0,7,8,6,0.0,85.0,0.0,3,1.0
2,5.0,3.0,2.0,8.0,7,8,6,2.0,34.0,0.25,3,4.0
2,3.0,3.0,2.0,6.0,7,8,6,1.0,65.0,0.0,3,2.0
2,5.0,4.0,2.0,3.0,7,8,6,2.0,52.0,0.0,3,1.0
2,2.0,5.0,2.0,10.0,7,8,6,2.0,70.0,0.0,3,2.0
1,3.0,4.0,2.0,8.0,7,8,6,0.0,79.0,0.0,3,1.0
1,5.0,5.0,2.0,9.0,7,8,6,1.0,26.0,0.3333333333333333,3,3.0
3,3.0,5.0,2.0,10.0,7,8,6,2.0,30.0,0.0,3,3.0
3,5.0,4.0,2.0,6.0,7,8,6,2.0,63.0,0.0,3,4.0
1,4.0,2.0,2.0,8.0,5,8,6,0.0,57.0,0.0,3,0.5
1,5.0,2.0,2.0,5.0,7,8,6,1.0,65.0,0.0,3,0.1428571428571428
3,5.0,4.0,2.0,3.0,7,8,6,3.0,57.0,0.1666666666666666,3,6.0
2,3.0,5.0,2.0,5.0,7,8,6,2.0,51.0,0.0,3,2.0
2,4.0,2.0,2.0,3.0,7,8,6,2.0,35.0,0.0,3,2.0
2,5.0,2.0,2.0,6.0,7,8,6,2.0,76.0,0.0,3,2.0
3,3.0,4.0,2.0,9.0,7,8,6,3.0,55.0,0.0,3,3.0
2,5.0,3.0,2.0,9.0,7,8,6,1.0,31.0,0.0,3,3.0
1,5.0,1.0,2.0,3.0,7,8,6,1.0,53.0,0.0,3,2.0
3,5.0,4.0,2.0,6.0,7,8,6,3.0,37.0,0.375,3,8.0
1,5.0,2.0,2.0,6.0,7,8,6,1.0,50.0,0.0,3,2.0
1,5.0,2.0,2.0,3.0,7,8,6,1.0,59.0,0.0,3,2.0
3,5.0,4.0,2.0,5.0,7,8,6,3.0,47.0,0.1666666666666666,3,6.0
1,6.0,5.0,2.0,5.0,5,8,6,1.0,79.0,0.0,3,1.0
1,6.0,5.0,2.0,8.0,5,8,6,0.0,57.0,0.0,3,1.0
2,5.0,7.0,2.0,3.0,5,8,6,2.0,73.0,0.0,3,2.0
2,4.0,2.0,2.0,3.0,5,8,6,2.0,30.0,0.3333333333333333,3,3.0
1,6.0,2.0,2.0,3.0,5,8,6,1.0,64.0,0.0,3,0.1666666666666666
2,4.0,5.0,2.0,3.0,5,8,6,2.0,67.0,0.0,3,0.3333333333333333
1,6.0,1.0,2.0,1.0,5,8,6,0.0,85.0,0.0,3,0.1428571428571428
2,6.0,2.0,2.0,3.0,5,8,6,2.0,63.0,0.0,3,2.0
1,6.0,2.0,2.0,5.0,5,8,6,1.0,84.0,0.0,3,0.1428571428571428
1,6.0,4.0,2.0,3.0,5,8,6,1.0,80.0,0.0,3,1.0
1,6.0,2.0,2.0,4.0,5,8,6,1.0,42.0,0.0,3,2.0
1,6.0,2.0,2.0,4.0,5,8,6,1.0,45.0,0.3333333333333333,3,0.5
1,6.0,1.0,2.0,9.0,5,8,6,1.0,70.0,0.0,3,0.1666666666666666
1,6.0,1.0,2.0,5.0,5,8,6,2.0,52.0,0.0,3,0.3333333333333333
1,6.0,1.0,2.0,1.0,5,8,6,1.0,75.0,0.0,3,1.0
3,6.0,5.0,2.0,1.0,5,8,6,3.0,53.0,0.0,3,6.0
1,6.0,4.0,2.0,3.0,5,8,6,1.0,76.0,0.0,3,0.3333333333333333
2,5.0,2.0,2.0,1.0,7,8,6,1.0,55.0,0.0,3,2.0
1,5.0,1.0,2.0,4.0,7,8,6,1.0,54.0,0.0,3,0.125
1,6.0,2.0,2.0,3.0,7,8,6,1.0,65.0,0.0,3,0.125
2,6.0,3.0,2.0,1.0,7,8,6,2.0,80.0,0.0,3,0.25
1,5.0,2.0,2.0,5.0,7,8,6,1.0,63.0,0.0,3,1.0
2,6.0,3.0,2.0,4.0,7,8,6,3.0,40.0,0.125,3,1.0
1,6.0,1.0,2.0,1.0,7,8,6,1.0,84.0,0.0,3,1.0
2,6.0,2.0,2.0,1.0,7,8,6,2.0,31.0,0.1428571428571428,3,7.0
2,5.0,6.0,2.0,10.0,2,8,6,2.0,68.0,0.0,3,3.0
1,3.0,6.0,2.0,6.0,2,8,6,1.0,71.0,0.0,3,2.0
2,3.0,6.0,2.0,9.0,2,8,6,1.0,69.0,0.0,3,2.0
1,5.0,1.0,2.0,6.0,2,8,6,1.0,57.0,0.0,3,1.0
2,3.0,6.0,2.0,9.0,2,8,6,2.0,38.0,0.5,3,4.0
1,3.0,6.0,2.0,8.0,2,8,6,0.0,73.0,0.0,3,1.0
2,5.0,4.0,2.0,4.0,2,8,6,1.0,80.0,0.0,3,2.0
2,5.0,2.0,2.0,7.0,2,8,6,2.0,33.0,0.3333333333333333,3,0.75
2,5.0,3.0,2.0,6.0,2,8,6,2.0,54.0,0.0,3,0.75
3,3.0,5.0,2.0,5.0,2,8,6,1.0,78.0,0.1666666666666666,3,6.0
3,5.0,5.0,2.0,4.0,2,8,6,3.0,77.0,0.0,3,3.0
2,5.0,3.0,2.0,8.0,2,8,6,1.0,38.0,0.0,3,2.0
2,3.0,3.0,2.0,10.0,2,8,6,2.0,28.0,0.0,3,3.0
3,2.0,5.0,2.0,6.0,2,8,6,0.0,46.0,0.25,3,4.0
1,3.0,5.0,2.0,9.0,2,8,6,1.0,50.0,0.0,3,2.0
1,3.0,3.0,2.0,9.0,2,8,6,1.0,57.0,0.0,3,2.0
3,5.0,3.0,2.0,7.0,2,8,6,2.0,54.0,0.1666666666666666,3,6.0
2,3.0,6.0,2.0,8.0,2,8,6,2.0,46.0,0.125,3,8.0
2,3.0,4.0,2.0,10.0,2,8,6,0.0,83.0,0.0,3,2.0
2,3.0,2.0,2.0,8.0,2,8,6,2.0,43.0,0.0,3,2.0
2,5.0,3.0,2.0,6.0,2,8,6,1.0,34.0,0.5,3,4.0
1,5.0,3.0,2.0,4.0,2,8,6,1.0,76.0,0.0,3,2.0
3,5.0,7.0,2.0,10.0,2,8,6,3.0,62.0,0.2,3,5.0
2,4.0,2.0,2.0,4.0,2,8,6,1.0,60.0,0.0,3,2.0
2,5.0,6.0,2.0,6.0,2,8,6,2.0,50.0,0.0,3,2.0
2,5.0,2.0,2.0,8.0,2,8,6,2.0,53.0,0.3333333333333333,3,3.0
2,3.0,1.0,2.0,6.0,2,8,6,1.0,20.0,0.0,3,2.0
3,3.0,2.0,2.0,7.0,2,8,6,3.0,41.0,0.0,3,4.0
2,5.0,7.0,2.0,8.0,2,8,6,2.0,48.0,0.2,3,5.0
1,5.0,4.0,2.0,6.0,2,8,6,0.0,72.0,0.0,3,1.0
2,6.0,3.0,2.0,6.0,2,8,6,2.0,56.0,0.0,3,2.0
2,3.0,3.0,2.0,6.0,2,8,6,0.0,54.0,0.0,3,2.0
1,5.0,3.0,2.0,7.0,2,8,6,0.0,58.0,0.0,3,3.0
1,5.0,2.0,2.0,3.0,2,8,6,1.0,71.0,0.0,3,2.0
3,5.0,5.0,2.0,6.0,2,8,6,3.0,41.0,0.2,3,5.0
3,5.0,3.0,2.0,6.0,2,8,6,3.0,57.0,0.2,3,5.0
1,5.0,1.0,2.0,6.0,2,8,6,1.0,68.0,0.0,3,1.0
1,5.0,3.0,2.0,10.0,2,8,6,1.0,72.0,0.0,3,1.0
1,1.0,3.0,2.0,10.0,2,8,6,1.0,79.0,0.0,3,1.0
2,3.0,3.0,2.0,3.0,2,8,6,2.0,66.0,0.0,3,2.0
1,5.0,2.0,2.0,3.0,2,8,6,0.0,79.0,0.0,3,1.0
1,3.0,2.0,2.0,8.0,2,8,6,1.0,43.0,0.0,3,1.0
2,3.0,3.0,2.0,8.0,2,8,6,2.0,60.0,0.0,3,2.0
2,5.0,3.0,2.0,6.0,2,8,6,2.0,35.0,0.5,3,4.0
2,5.0,3.0,2.0,8.0,2,8,6,2.0,34.0,0.4,3,5.0
1,3.0,6.0,2.0,6.0,2,8,6,1.0,55.0,0.0,3,1.0
1,5.0,1.0,2.0,8.0,2,8,6,1.0,58.0,0.0,3,1.0
2,5.0,4.0,2.0,6.0,2,8,6,2.0,62.0,0.0,3,5.0
3,5.0,5.0,2.0,4.0,2,8,6,1.0,83.0,0.0,3,4.0
1,3.0,4.0,2.0,4.0,2,8,6,1.0,83.0,0.0,3,1.0
1,3.0,4.0,2.0,3.0,2,8,6,0.0,88.0,0.0,3,2.0
3,5.0,4.0,2.0,7.0,2,8,6,3.0,48.0,0.2,3,5.0
1,5.0,3.0,2.0,5.0,2,8,6,1.0,61.0,0.0,3,4.0
2,5.0,6.0,2.0,4.0,2,8,6,2.0,59.0,0.0,3,3.0
1,5.0,4.0,2.0,4.0,2,8,6,0.0,82.0,0.0,3,1.0
3,6.0,2.0,2.0,3.0,2,8,6,3.0,53.0,0.2,3,5.0
2,5.0,3.0,2.0,4.0,2,8,6,2.0,55.0,0.0,3,2.0
2,5.0,4.0,2.0,3.0,2,8,6,2.0,81.0,0.25,3,4.0
2,5.0,6.0,2.0,6.0,2,8,6,2.0,38.0,0.4,3,1.0
1,5.0,3.0,2.0,6.0,2,8,6,1.0,33.0,0.0,3,1.0
1,3.0,3.0,2.0,4.0,2,8,6,0.0,73.0,0.0,3,2.0
2,5.0,2.0,2.0,6.0,2,8,6,2.0,51.0,0.25,3,4.0
1,3.0,4.0,2.0,6.0,2,8,6,1.0,40.0,0.0,3,4.0
1,5.0,4.0,2.0,5.0,2,8,6,1.0,43.0,0.0,3,2.0
2,5.0,4.0,2.0,5.0,5,8,6,1.0,44.0,0.3333333333333333,3,3.0
2,2.0,3.0,2.0,6.0,5,8,6,1.0,81.0,0.0,3,2.0
3,5.0,3.0,2.0,3.0,5,8,6,2.0,82.0,0.0,3,3.0
3,5.0,3.0,2.0,9.0,5,8,6,3.0,71.0,0.0,3,3.0
2,3.0,3.0,2.0,6.0,5,8,6,2.0,58.0,0.0,3,3.0
1,2.0,4.0,2.0,3.0,5,8,6,0.0,73.0,0.0,3,1.0
1,5.0,3.0,2.0,8.0,5,8,6,0.0,73.0,0.0,3,1.0
2,2.0,4.0,2.0,10.0,5,8,6,1.0,58.0,0.0,3,2.0
1,5.0,1.0,2.0,8.0,5,8,6,0.0,57.0,0.0,3,1.0
2,1.0,4.0,2.0,6.0,5,8,6,0.0,79.0,0.2,3,5.0
2,4.0,7.0,2.0,4.0,5,8,6,1.0,81.0,0.0,3,2.0
1,5.0,5.0,2.0,4.0,5,8,6,2.0,60.0,0.0,3,3.0
2,5.0,4.0,2.0,6.0,5,8,6,1.0,78.0,0.0,3,3.0
1,5.0,2.0,2.0,3.0,5,8,6,1.0,64.0,0.0,3,1.0
2,5.0,5.0,2.0,4.0,5,8,6,0.0,80.0,0.0,3,2.0
1,6.0,1.0,2.0,6.0,5,8,6,1.0,54.0,0.0,3,2.0
1,5.0,2.0,2.0,10.0,5,8,6,0.0,71.0,0.0,3,1.0
2,5.0,3.0,2.0,6.0,5,8,6,2.0,44.0,0.2,3,5.0
3,5.0,4.0,2.0,6.0,5,8,6,2.0,42.0,0.25,3,4.0
3,5.0,4.0,2.0,6.0,5,8,6,3.0,58.0,0.0,3,3.0
3,4.0,4.0,2.0,4.0,5,8,6,1.0,76.0,0.0,3,3.0
2,5.0,4.0,2.0,6.0,5,8,6,3.0,56.0,0.0,3,3.0
1,6.0,1.0,2.0,6.0,5,8,6,1.0,34.0,0.0,3,2.0
1,3.0,4.0,2.0,6.0,5,8,6,1.0,65.0,0.0,3,1.0
1,5.0,3.0,2.0,3.0,5,8,6,1.0,64.0,0.0,3,1.0
3,5.0,3.0,2.0,8.0,5,8,6,2.0,45.0,0.2,3,5.0
1,4.0,2.0,2.0,10.0,5,8,6,1.0,67.0,0.0,3,3.0
2,4.0,3.0,2.0,6.0,5,8,6,1.0,71.0,0.0,3,2.0
1,5.0,3.0,2.0,8.0,5,8,6,1.0,65.0,0.0,3,4.0
2,2.0,3.0,2.0,4.0,5,8,6,3.0,62.0,0.0,3,3.0
2,4.0,2.0,2.0,4.0,5,8,6,1.0,85.0,0.0,3,6.0
1,6.0,3.0,2.0,4.0,5,8,6,1.0,54.0,0.0,3,2.0
2,6.0,2.0,2.0,8.0,5,8,6,2.0,43.0,0.3333333333333333,3,3.0
1,5.0,1.0,2.0,5.0,7,8,6,1.0,38.0,0.5,3,2.0
2,5.0,3.0,2.0,4.0,7,8,6,1.0,67.0,0.0,3,3.0
2,5.0,1.0,2.0,6.0,7,8,6,2.0,20.0,0.0,3,2.0
1,5.0,4.0,2.0,5.0,7,8,6,1.0,43.0,0.25,3,4.0
1,4.0,4.0,2.0,6.0,5,8,6,1.0,74.0,0.0,3,1.0
2,5.0,4.0,2.0,8.0,5,8,6,2.0,78.0,0.0,3,2.0
2,5.0,6.0,2.0,9.0,5,8,6,1.0,70.0,0.0,3,2.0
3,4.0,6.0,2.0,4.0,5,8,6,2.0,56.0,0.0,3,3.0
2,4.0,3.0,2.0,4.0,5,8,6,2.0,58.0,0.0,3,2.0
2,6.0,2.0,2.0,6.0,5,8,6,1.0,34.0,0.6,3,5.0
2,5.0,2.0,2.0,4.0,5,8,6,2.0,75.0,0.0,3,2.0
2,6.0,2.0,2.0,6.0,5,8,6,2.0,47.0,0.3333333333333333,3,3.0
1,6.0,1.0,2.0,6.0,5,8,6,2.0,40.0,0.3333333333333333,3,3.0
1,5.0,4.0,2.0,6.0,5,8,6,3.0,31.0,0.0,3,3.0
1,5.0,3.0,2.0,4.0,5,8,6,2.0,57.0,0.0,3,2.0
3,6.0,3.0,2.0,3.0,5,8,6,3.0,60.0,0.0,3,3.0
1,5.0,1.0,2.0,6.0,5,8,6,0.0,81.0,0.0,3,1.0
1,6.0,2.0,2.0,4.0,5,8,6,2.0,65.0,0.0,3,2.0
3,4.0,6.0,2.0,1.0,5,8,6,2.0,60.0,0.0,3,3.0
2,5.0,3.0,2.0,5.0,5,8,6,1.0,31.0,0.3333333333333333,3,6.0
3,5.0,6.0,2.0,6.0,5,8,6,3.0,66.0,0.2,3,5.0
1,6.0,1.0,2.0,3.0,5,8,6,1.0,62.0,0.0,3,0.1666666666666666
1,6.0,1.0,2.0,3.0,5,8,6,1.0,70.0,0.0,3,0.1666666666666666
1,6.0,1.0,2.0,1.0,5,8,6,0.0,82.0,0.0,3,0.1428571428571428
1,6.0,1.0,2.0,4.0,5,8,6,0.0,73.0,0.0,3,2.5
2,5.0,4.0,2.0,6.0,5,8,6,2.0,66.0,0.3333333333333333,3,3.0
1,6.0,2.0,2.0,6.0,5,8,6,1.0,52.0,0.0,3,1.0
1,5.0,2.0,2.0,5.0,5,8,6,2.0,57.0,0.0,3,3.0
2,5.0,1.0,2.0,6.0,7,8,6,2.0,31.0,0.5,3,4.0
1,5.0,1.0,2.0,5.0,7,8,6,1.0,69.0,0.0,3,1.0
2,5.0,2.0,2.0,10.0,1,8,6,2.0,39.0,0.5,3,4.0
3,5.0,3.0,2.0,1.0,1,8,6,2.0,49.0,0.4,3,5.0
3,5.0,1.0,2.0,5.0,1,8,6,2.0,54.0,0.0,3,3.0
2,5.0,4.0,2.0,3.0,1,8,6,1.0,55.0,0.0,3,2.0
3,5.0,2.0,2.0,7.0,1,8,6,1.0,43.0,0.4,3,5.0
1,1.0,4.0,2.0,9.0,1,8,6,1.0,58.0,0.0,3,2.0
3,2.0,5.0,2.0,8.0,1,8,6,2.0,82.0,0.0,3,3.0
3,5.0,4.0,2.0,9.0,1,8,6,1.0,41.0,0.3333333333333333,3,6.0
2,1.0,4.0,2.0,8.0,1,8,6,1.0,85.0,0.0,3,3.0
2,3.0,7.0,2.0,6.0,1,8,6,2.0,53.0,0.0,3,5.0
3,5.0,5.0,2.0,10.0,1,8,6,3.0,51.0,0.0,3,4.0
2,3.0,3.0,2.0,6.0,1,8,6,2.0,53.0,0.0,3,2.0
2,2.0,6.0,2.0,10.0,1,8,6,2.0,32.0,0.25,3,4.0
1,5.0,2.0,2.0,8.0,1,8,6,1.0,57.0,0.0,3,1.0
2,2.0,4.0,2.0,6.0,1,8,6,1.0,79.0,0.0,3,2.0
3,2.0,5.0,2.0,8.0,1,8,6,2.0,77.0,0.0,3,3.0
2,5.0,5.0,2.0,6.0,1,8,6,0.0,98.0,0.0,3,2.0
2,1.0,6.0,2.0,8.0,1,8,6,1.0,79.0,0.0,3,2.0
3,1.0,6.0,2.0,10.0,1,8,6,2.0,47.0,0.0,3,4.0
2,1.0,7.0,2.0,7.0,1,8,6,1.0,78.0,0.0,3,2.0
3,5.0,3.0,2.0,6.0,1,8,6,1.0,76.0,0.0,3,3.0
2,6.0,3.0,2.0,3.0,1,8,6,2.0,55.0,0.0,3,3.0
2,6.0,2.0,2.0,4.0,1,8,6,2.0,58.0,0.0,3,2.0
1,5.0,4.0,2.0,3.0,1,8,6,1.0,85.0,0.0,3,1.0
3,2.0,3.0,2.0,1.0,1,8,6,2.0,84.0,0.0,3,3.0
1,5.0,3.0,2.0,7.0,1,8,6,0.0,63.0,0.0,3,1.0
2,6.0,3.0,2.0,3.0,1,8,6,2.0,34.0,0.25,3,4.0
2,6.0,5.0,2.0,6.0,1,8,6,1.0,37.0,0.5,3,6.0
2,3.0,3.0,2.0,8.0,1,8,6,1.0,80.0,0.0,3,3.0
2,3.0,5.0,2.0,6.0,1,8,6,3.0,63.0,0.2,3,5.0
1,2.0,6.0,2.0,10.0,1,8,6,2.0,67.0,0.0,3,3.0
3,3.0,4.0,2.0,8.0,1,8,6,2.0,57.0,0.0,3,5.0
3,2.0,3.0,2.0,6.0,1,8,6,2.0,65.0,0.25,3,4.0
1,3.0,4.0,2.0,10.0,1,8,6,1.0,34.0,0.5,3,2.0
1,5.0,3.0,2.0,7.0,1,8,6,1.0,56.0,0.0,3,1.0
1,5.0,4.0,2.0,4.0,1,8,6,0.0,77.0,0.0,3,1.0
3,5.0,4.0,2.0,10.0,1,8,6,2.0,61.0,0.0,3,4.0
2,5.0,4.0,2.0,8.0,1,8,6,1.0,39.0,0.25,3,4.0
2,5.0,3.0,2.0,8.0,1,8,6,2.0,54.0,0.0,3,3.0
1,5.0,4.0,2.0,8.0,1,8,6,1.0,57.0,0.0,3,2.0
1,2.0,7.0,2.0,8.0,1,8,6,1.0,54.0,0.0,3,3.0
1,5.0,2.0,2.0,8.0,1,8,6,1.0,53.0,0.0,3,1.0
3,2.0,5.0,2.0,8.0,1,8,6,1.0,62.0,0.0,3,4.0
2,5.0,4.0,2.0,6.0,1,8,6,1.0,60.0,0.0,3,2.0
2,5.0,4.0,2.0,7.0,1,8,6,1.0,32.0,0.25,3,4.0
2,5.0,3.0,2.0,6.0,1,8,6,2.0,33.0,0.5,3,4.0
1,5.0,4.0,2.0,5.0,1,8,6,1.0,38.0,0.25,3,4.0
1,5.0,4.0,2.0,7.0,1,8,6,1.0,52.0,0.0,3,3.0
3,3.0,5.0,2.0,4.0,1,8,6,3.0,55.0,0.1666666666666666,3,6.0
1,6.0,3.0,2.0,3.0,1,8,6,1.0,55.0,0.0,3,0.5
1,6.0,3.0,2.0,7.0,1,8,6,1.0,43.0,0.1,3,2.5
1,5.0,6.0,2.0,8.0,1,8,6,1.0,61.0,0.0,3,0.25
3,5.0,5.0,2.0,3.0,4,8,6,3.0,57.0,0.1666666666666666,3,6.0
1,6.0,2.0,2.0,3.0,4,8,6,0.0,83.0,0.0,3,1.0
3,5.0,2.0,2.0,3.0,4,8,6,2.0,73.0,0.0,3,3.0
2,5.0,2.0,2.0,10.0,4,8,6,1.0,34.0,0.0,3,2.0
2,5.0,4.0,2.0,6.0,4,8,6,2.0,32.0,0.5,3,4.0
3,5.0,4.0,2.0,1.0,4,8,6,1.0,73.0,0.0,3,4.0
2,6.0,4.0,2.0,1.0,4,8,6,1.0,64.0,0.0,3,2.0
2,5.0,5.0,2.0,6.0,1,8,6,2.0,32.0,0.5,3,4.0
3,5.0,6.0,2.0,6.0,1,8,6,2.0,43.0,0.0,3,3.0
2,6.0,7.0,2.0,8.0,4,8,6,3.0,39.0,0.2,3,5.0
1,5.0,6.0,2.0,4.0,4,8,6,3.0,55.0,0.0,3,3.0
1,5.0,5.0,2.0,4.0,4,8,6,2.0,53.0,0.25,3,4.0
2,6.0,5.0,2.0,4.0,4,8,6,3.0,43.0,0.0,3,5.0
1,6.0,6.0,2.0,3.0,4,8,6,2.0,70.0,0.3333333333333333,3,3.0
3,3.0,5.0,2.0,10.0,1,8,6,2.0,45.0,0.0,3,3.0
2,5.0,3.0,2.0,5.0,1,8,6,2.0,48.0,0.0,3,3.0
3,5.0,3.0,2.0,6.0,1,8,6,3.0,45.0,0.0,3,4.0
1,3.0,3.0,2.0,5.0,1,8,6,0.0,76.0,0.0,3,2.0
2,6.0,3.0,2.0,5.0,1,8,6,2.0,45.0,0.0,3,2.0
2,5.0,3.0,2.0,8.0,1,8,6,1.0,22.0,0.0,3,3.0
3,6.0,4.0,2.0,6.0,1,8,6,2.0,45.0,0.0,3,4.0
2,5.0,1.0,2.0,6.0,1,8,6,2.0,36.0,0.5,3,4.0
2,5.0,2.0,2.0,3.0,1,8,6,1.0,62.0,0.0,3,2.0
3,5.0,4.0,2.0,5.0,1,8,6,1.0,71.0,0.4,3,5.0
3,3.0,4.0,2.0,8.0,1,8,6,2.0,65.0,0.0,3,3.0
1,3.0,4.0,2.0,5.0,1,8,6,1.0,51.0,0.0,3,3.0
2,3.0,3.0,2.0,10.0,1,8,6,2.0,43.0,0.0,3,4.0
3,5.0,4.0,2.0,4.0,1,8,6,3.0,46.0,0.0,3,4.0
3,6.0,3.0,2.0,3.0,1,8,6,3.0,48.0,0.0,3,3.0
1,5.0,2.0,2.0,10.0,1,8,6,1.0,42.0,0.0,3,4.0
3,3.0,5.0,2.0,1.0,1,8,6,2.0,77.0,0.0,3,3.0
3,3.0,3.0,2.0,6.0,1,8,6,2.0,65.0,0.0,3,3.0
1,5.0,3.0,2.0,8.0,1,8,6,1.0,63.0,0.0,3,1.0
1,5.0,5.0,2.0,4.0,1,8,6,0.0,88.0,0.0,3,1.0
1,5.0,2.0,2.0,3.0,1,8,6,2.0,73.0,0.0,3,2.0
1,2.0,6.0,2.0,3.0,1,8,6,0.0,69.0,0.0,3,1.0
3,5.0,3.0,2.0,5.0,1,8,6,2.0,65.0,0.25,3,4.0
2,3.0,4.0,2.0,6.0,1,8,6,0.0,72.0,0.0,3,2.0
2,5.0,1.0,2.0,10.0,1,8,6,2.0,58.0,0.0,3,3.0
1,3.0,5.0,2.0,3.0,1,8,6,0.0,79.0,0.0,3,3.0
2,3.0,5.0,2.0,6.0,1,8,6,2.0,70.0,0.0,3,4.0
1,3.0,4.0,2.0,6.0,1,8,6,1.0,47.0,0.25,3,4.0
1,3.0,2.0,2.0,6.0,1,8,6,1.0,62.0,0.0,3,3.0
2,3.0,5.0,2.0,9.0,1,8,6,1.0,62.0,0.0,3,2.0
1,6.0,4.0,2.0,5.0,1,8,6,1.0,50.0,0.0,3,0.4285714285714285
1,5.0,2.0,2.0,5.0,1,8,6,0.0,75.0,0.0,3,1.0
2,3.0,3.0,2.0,8.0,1,8,6,1.0,57.0,0.0,3,2.0
1,5.0,4.0,2.0,6.0,1,8,6,0.0,85.0,0.0,3,1.0
1,5.0,4.0,2.0,4.0,1,8,6,1.0,72.0,0.0,3,1.0
2,5.0,2.0,2.0,6.0,1,8,6,2.0,73.0,0.0,3,4.0
1,5.0,2.0,2.0,5.0,1,8,6,0.0,61.0,0.0,3,1.0
1,5.0,3.0,2.0,4.0,1,8,6,1.0,72.0,0.0,3,1.0
2,5.0,3.0,2.0,5.0,1,8,6,1.0,60.0,0.0,3,3.0
2,5.0,2.0,2.0,6.0,1,8,6,1.0,54.0,0.0,3,2.0
2,5.0,3.0,2.0,6.0,1,8,6,2.0,39.0,0.5,3,4.0
1,5.0,2.0,2.0,6.0,1,8,6,1.0,51.0,0.0,3,3.0
2,3.0,3.0,2.0,9.0,1,8,6,1.0,27.0,0.0,3,3.0
1,5.0,3.0,2.0,3.0,1,8,6,0.0,47.0,0.0,3,3.0
1,5.0,3.0,2.0,6.0,1,8,6,1.0,38.0,0.25,3,4.0
3,5.0,3.0,2.0,5.0,1,8,6,2.0,75.0,0.0,3,5.0
2,5.0,4.0,2.0,4.0,1,8,6,2.0,40.0,0.0,3,4.0
2,5.0,3.0,2.0,6.0,1,8,6,2.0,41.0,0.4,3,5.0
3,3.0,5.0,2.0,6.0,1,8,6,3.0,65.0,0.0,3,6.0
1,5.0,3.0,2.0,6.0,1,8,6,0.0,69.0,0.0,3,1.0
2,5.0,1.0,2.0,3.0,1,8,6,2.0,47.0,0.6,3,1.6666666666666667
1,6.0,1.0,2.0,8.0,1,8,6,1.0,36.0,0.0,3,0.3333333333333333
3,3.0,1.0,2.0,1.0,1,8,6,3.0,81.0,0.0,3,3.0
2,2.0,3.0,2.0,9.0,1,8,6,2.0,26.0,0.4,3,5.0
1,5.0,2.0,2.0,4.0,1,8,6,0.0,70.0,0.0,3,1.0
2,6.0,4.0,2.0,6.0,4,8,6,3.0,35.0,0.4285714285714285,3,7.0
1,6.0,3.0,2.0,3.0,4,8,6,1.0,52.0,0.0,3,1.0
2,1.0,3.0,2.0,6.0,8,8,6,2.0,59.0,0.0,3,2.0
3,3.0,4.0,2.0,10.0,8,8,6,1.0,60.0,0.0,3,3.0
1,3.0,3.0,2.0,8.0,8,8,6,0.0,73.0,0.0,3,1.0
3,1.0,5.0,2.0,10.0,8,8,6,3.0,64.0,0.0,3,3.0
1,5.0,2.0,2.0,6.0,8,8,6,1.0,66.0,0.0,3,1.0
1,3.0,5.0,2.0,7.0,8,8,6,1.0,45.0,0.0,3,1.0
3,2.0,5.0,2.0,8.0,8,8,6,2.0,30.0,0.0,3,4.0
2,3.0,5.0,2.0,6.0,8,8,6,2.0,56.0,0.0,3,3.0
1,2.0,4.0,2.0,8.0,8,8,6,0.0,64.0,0.0,3,4.0
2,3.0,4.0,2.0,6.0,8,8,6,1.0,68.0,0.5,3,4.0
1,3.0,5.0,2.0,4.0,8,8,6,0.0,80.0,0.0,3,1.0
1,5.0,1.0,2.0,4.0,8,8,6,0.0,60.0,0.0,3,0.25
2,5.0,4.0,2.0,6.0,8,8,6,1.0,27.0,0.0,3,0.5
2,1.0,5.0,2.0,10.0,8,8,6,2.0,84.0,0.0,3,3.0
3,1.0,6.0,2.0,10.0,8,8,6,2.0,72.0,0.0,3,5.0
2,2.0,4.0,2.0,6.0,8,8,6,1.0,68.0,0.0,3,2.0
3,3.0,5.0,2.0,6.0,8,8,6,2.0,74.0,0.0,3,4.0
1,5.0,4.0,2.0,10.0,8,8,6,1.0,56.0,0.0,3,3.0
1,3.0,4.0,2.0,6.0,8,8,6,1.0,48.0,0.0,3,1.0
2,3.0,4.0,2.0,6.0,8,8,6,2.0,62.0,0.0,3,2.0
2,3.0,4.0,2.0,9.0,8,8,6,2.0,56.0,0.25,3,8.0
1,4.0,4.0,2.0,6.0,8,8,6,0.0,82.0,0.0,3,4.0
1,1.0,4.0,2.0,10.0,8,8,6,1.0,47.0,0.3333333333333333,3,3.0
1,3.0,3.0,2.0,6.0,8,8,6,1.0,66.0,0.0,3,4.0
3,5.0,4.0,2.0,5.0,8,8,6,2.0,50.0,0.0,3,1.0
1,4.0,2.0,2.0,5.0,8,8,6,0.0,85.0,0.0,3,0.25
2,5.0,2.0,2.0,6.0,8,8,6,2.0,29.0,0.0,3,0.5
3,1.0,7.0,2.0,10.0,8,8,6,2.0,77.0,0.0,3,3.0
1,5.0,3.0,2.0,6.0,8,8,6,0.0,82.0,0.0,3,2.0
2,3.0,4.0,2.0,10.0,8,8,6,1.0,31.0,0.0,3,3.0
2,3.0,3.0,2.0,5.0,8,8,6,1.0,82.0,0.25,3,4.0
2,5.0,4.0,2.0,3.0,8,8,6,2.0,54.0,0.4,3,1.6666666666666667
2,5.0,3.0,2.0,6.0,8,8,6,2.0,53.0,0.0,3,1.3333333333333333
1,3.0,6.0,2.0,10.0,8,8,6,1.0,27.0,0.0,3,1.0
2,3.0,5.0,2.0,10.0,8,8,6,2.0,45.0,0.2,3,5.0
1,5.0,2.0,2.0,10.0,8,8,6,1.0,68.0,0.0,3,2.0
3,5.0,5.0,2.0,6.0,8,8,6,3.0,60.0,0.0,3,1.0
3,5.0,4.0,2.0,7.0,8,8,6,2.0,56.0,0.0,3,3.0
1,3.0,3.0,2.0,8.0,8,8,6,1.0,70.0,0.0,3,2.0
2,5.0,2.0,2.0,6.0,8,8,6,1.0,46.0,0.0,3,2.0
3,1.0,5.0,2.0,10.0,8,8,6,3.0,68.0,0.25,3,4.0
1,5.0,2.0,2.0,6.0,8,8,6,0.0,69.0,0.0,3,1.0
1,5.0,2.0,2.0,6.0,8,8,6,0.0,62.0,0.0,3,1.0
3,1.0,5.0,2.0,5.0,8,8,6,2.0,83.0,0.0,3,5.0
1,5.0,3.0,2.0,6.0,8,8,6,1.0,47.0,0.0,3,1.0
3,5.0,4.0,2.0,4.0,8,8,6,3.0,41.0,0.0,3,0.75
1,5.0,3.0,2.0,6.0,8,8,6,0.0,67.0,0.0,3,2.0
2,5.0,3.0,2.0,6.0,8,8,6,1.0,42.0,0.0,3,2.0
1,5.0,1.0,2.0,3.0,8,8,6,1.0,56.0,0.3333333333333333,3,3.0
2,3.0,7.0,2.0,8.0,8,8,6,2.0,45.0,0.0,3,4.0
3,3.0,4.0,2.0,10.0,8,8,6,2.0,49.0,0.1666666666666666,3,6.0
3,5.0,3.0,2.0,6.0,8,8,6,2.0,61.0,0.0,3,5.0
2,3.0,5.0,2.0,10.0,8,8,6,1.0,62.0,0.0,3,2.0
2,3.0,4.0,2.0,10.0,8,8,6,1.0,79.0,0.0,3,3.0
2,3.0,4.0,2.0,10.0,8,8,6,0.0,62.0,0.0,3,2.0
1,5.0,5.0,2.0,3.0,8,8,6,0.0,63.0,0.0,3,1.0
1,5.0,2.0,2.0,6.0,8,8,6,1.0,56.0,0.0,3,1.0
3,3.0,6.0,2.0,6.0,8,8,6,2.0,82.0,0.0,3,3.0
1,5.0,2.0,2.0,6.0,8,8,6,1.0,31.0,0.0,3,0.25
2,5.0,3.0,2.0,8.0,8,8,6,2.0,51.0,0.3333333333333333,3,1.5
2,3.0,4.0,2.0,8.0,8,8,6,1.0,74.0,0.0,3,2.0
3,3.0,7.0,2.0,7.0,8,8,6,2.0,58.0,0.0,3,4.0
1,2.0,3.0,2.0,4.0,8,8,6,0.0,80.0,0.0,3,1.0
3,1.0,4.0,2.0,4.0,8,8,6,2.0,73.0,0.0,3,2.0
1,3.0,3.0,2.0,10.0,8,8,6,2.0,74.0,0.0,3,3.0
3,5.0,4.0,2.0,6.0,8,8,6,3.0,69.0,0.0,3,3.0
3,3.0,4.0,2.0,6.0,8,8,6,2.0,63.0,0.0,3,5.0
1,5.0,2.0,2.0,6.0,8,8,6,1.0,59.0,0.0,3,1.0
2,3.0,5.0,2.0,6.0,8,8,6,2.0,31.0,0.0,3,4.0
2,5.0,3.0,2.0,7.0,8,8,6,2.0,57.0,0.0,3,4.0
3,5.0,2.0,2.0,3.0,8,8,6,2.0,75.0,0.0,3,3.0
3,3.0,4.0,2.0,8.0,8,8,6,2.0,37.0,0.4,3,1.25
2,5.0,3.0,2.0,5.0,8,8,6,2.0,39.0,0.2,3,1.25
1,5.0,3.0,2.0,5.0,8,8,6,1.0,54.0,0.0,3,0.2
3,3.0,6.0,2.0,10.0,8,8,6,1.0,85.0,0.2,3,5.0
2,5.0,3.0,2.0,6.0,8,8,6,2.0,32.0,0.3333333333333333,3,1.0
2,3.0,7.0,2.0,10.0,8,8,6,0.0,72.0,0.0,3,3.0
1,1.0,5.0,2.0,9.0,8,8,6,1.0,83.0,0.0,3,2.0
2,3.0,7.0,2.0,10.0,8,8,6,2.0,64.0,0.0,3,3.0
1,5.0,4.0,2.0,10.0,8,8,6,1.0,59.0,0.0,3,4.0
2,3.0,5.0,2.0,6.0,8,8,6,1.0,70.0,0.0,3,3.0
3,3.0,4.0,2.0,10.0,8,8,6,2.0,77.0,0.2,3,5.0
1,5.0,6.0,2.0,8.0,8,8,6,0.0,63.0,0.0,3,3.0
2,3.0,4.0,2.0,4.0,8,8,6,0.0,72.0,0.0,3,2.0
3,1.0,7.0,2.0,10.0,8,8,6,2.0,37.0,0.1666666666666666,3,6.0
2,6.0,2.0,2.0,1.0,8,8,6,1.0,75.0,0.0,3,0.5
1,2.0,5.0,2.0,10.0,8,8,6,1.0,48.0,0.5,3,2.0
2,3.0,5.0,2.0,10.0,8,8,6,2.0,42.0,0.25,3,4.0
2,5.0,4.0,2.0,4.0,8,8,6,1.0,87.0,0.0,3,4.0
1,3.0,3.0,2.0,6.0,8,8,6,1.0,34.0,0.3333333333333333,3,3.0
1,5.0,1.0,2.0,6.0,8,8,6,1.0,36.0,0.5,3,2.0
1,5.0,2.0,2.0,10.0,8,8,6,0.0,76.0,0.0,3,1.0
2,6.0,3.0,2.0,5.0,8,8,6,1.0,45.0,0.0,3,0.2857142857142857
2,5.0,3.0,2.0,1.0,8,8,6,1.0,73.0,0.0,3,2.0
2,5.0,2.0,2.0,5.0,8,8,6,2.0,52.0,0.0,3,0.2857142857142857
1,3.0,2.0,2.0,6.0,8,8,6,1.0,66.0,0.0,3,2.0
1,3.0,5.0,2.0,7.0,8,8,6,0.0,58.0,0.0,3,3.0
1,3.0,4.0,2.0,4.0,8,8,6,0.0,79.0,0.0,3,1.0
1,1.0,4.0,2.0,9.0,8,8,6,1.0,69.0,0.0,3,1.0
2,5.0,3.0,2.0,6.0,8,8,6,1.0,84.0,0.25,3,4.0
2,3.0,3.0,2.0,8.0,8,8,6,1.0,88.0,0.0,3,4.0
1,5.0,3.0,2.0,10.0,8,8,6,0.0,75.0,0.0,3,2.0
1,3.0,2.0,2.0,6.0,8,8,6,0.0,77.0,0.0,3,1.0
2,5.0,5.0,2.0,3.0,8,8,6,1.0,63.0,0.0,3,3.0
2,5.0,3.0,2.0,5.0,8,8,6,2.0,38.0,0.2,3,1.6666666666666667
2,2.0,3.0,2.0,5.0,8,8,6,2.0,35.0,0.25,3,1.3333333333333333
1,5.0,5.0,2.0,6.0,2,8,6,1.0,52.0,0.5,3,2.0
3,3.0,5.0,2.0,4.0,2,8,6,2.0,78.0,0.0,3,4.0
2,3.0,3.0,2.0,6.0,2,8,6,1.0,55.0,0.0,3,3.0
3,5.0,4.0,2.0,6.0,2,8,6,2.0,46.0,0.5,3,6.0
2,5.0,4.0,2.0,8.0,2,8,6,2.0,65.0,0.0,3,2.0
2,5.0,2.0,2.0,6.0,2,8,6,1.0,58.0,0.0,3,2.0
2,5.0,4.0,2.0,8.0,2,8,6,0.0,64.0,0.4,3,5.0
1,5.0,6.0,2.0,5.0,2,8,6,1.0,61.0,0.0,3,1.0
2,5.0,4.0,2.0,6.0,2,8,6,1.0,64.0,0.0,3,2.0
2,5.0,5.0,2.0,4.0,2,8,6,2.0,48.0,0.25,3,4.0
2,5.0,3.0,2.0,6.0,2,8,6,1.0,59.0,0.0,3,2.0
2,5.0,3.0,2.0,1.0,2,8,6,1.0,74.0,0.0,3,4.0
2,6.0,1.0,2.0,3.0,2,8,6,2.0,32.0,0.5,3,4.0
1,5.0,3.0,2.0,1.0,2,8,6,0.0,78.0,0.0,3,1.0
3,5.0,4.0,2.0,6.0,2,8,6,3.0,43.0,0.25,3,4.0
3,5.0,3.0,2.0,3.0,2,8,6,1.0,78.0,0.0,3,3.0
1,5.0,1.0,2.0,3.0,2,8,6,1.0,55.0,0.0,3,1.0
3,5.0,3.0,2.0,6.0,2,8,6,2.0,49.0,0.0,3,5.0
2,5.0,4.0,2.0,8.0,2,8,6,2.0,71.0,0.0,3,2.0
1,3.0,4.0,2.0,4.0,2,8,6,1.0,45.0,0.0,3,3.0
2,5.0,5.0,2.0,7.0,2,8,6,2.0,49.0,0.2,3,5.0
1,2.0,4.0,2.0,5.0,2,8,6,2.0,66.0,0.0,3,3.0
1,3.0,7.0,2.0,5.0,2,8,6,1.0,59.0,0.0,3,3.0
2,5.0,4.0,2.0,10.0,2,8,6,2.0,37.0,0.0,3,4.0
1,5.0,2.0,2.0,7.0,2,8,6,1.0,25.0,0.5,3,2.0
3,5.0,3.0,2.0,4.0,2,8,6,3.0,36.0,0.0,3,4.0
1,5.0,1.0,2.0,1.0,2,8,6,1.0,32.0,0.2,3,5.0
1,6.0,2.0,2.0,3.0,2,8,6,1.0,60.0,0.0,3,1.0
1,5.0,4.0,2.0,10.0,2,8,6,1.0,39.0,0.5,3,6.0
1,6.0,3.0,2.0,1.0,2,8,6,1.0,86.0,0.0,3,1.0
3,6.0,3.0,2.0,4.0,2,8,6,1.0,73.0,0.25,3,4.0
1,6.0,2.0,2.0,4.0,2,8,6,2.0,58.0,0.0,3,2.0
2,5.0,4.0,2.0,8.0,5,8,6,2.0,64.0,0.0,3,2.0
2,5.0,1.0,2.0,6.0,5,8,6,2.0,55.0,0.0,3,2.0
3,5.0,5.0,2.0,6.0,5,8,6,3.0,55.0,0.1666666666666666,3,6.0
1,3.0,4.0,2.0,4.0,5,8,6,1.0,74.0,0.0,3,1.0
2,6.0,2.0,2.0,5.0,5,8,6,2.0,70.0,0.0,3,2.0
2,6.0,3.0,2.0,8.0,5,8,6,2.0,57.0,0.0,3,3.0
2,6.0,2.0,2.0,1.0,5,8,6,2.0,72.0,0.4,3,5.0
1,6.0,5.0,2.0,1.0,5,8,6,1.0,77.0,0.0,3,1.0
1,6.0,2.0,2.0,1.0,5,8,6,1.0,78.0,0.0,3,2.0
3,5.0,1.0,2.0,4.0,5,8,6,3.0,47.0,0.0,3,1.0
1,6.0,1.0,2.0,5.0,5,8,6,1.0,55.0,0.0,3,1.0
1,5.0,2.0,2.0,5.0,5,8,6,1.0,73.0,0.0,3,1.0
1,6.0,3.0,2.0,6.0,5,8,6,1.0,43.0,0.3333333333333333,3,3.0
3,5.0,4.0,2.0,4.0,7,8,6,2.0,77.0,0.2,3,5.0
2,4.0,2.0,2.0,8.0,7,8,6,2.0,51.0,0.0,3,3.0
3,3.0,6.0,2.0,10.0,7,8,6,2.0,56.0,0.0,3,5.0
1,5.0,5.0,2.0,4.0,7,8,6,0.0,67.0,0.0,3,1.0
3,3.0,4.0,2.0,9.0,7,8,6,1.0,37.0,0.2,3,5.0
3,2.0,3.0,2.0,4.0,7,8,6,3.0,64.0,0.0,3,4.0
2,5.0,2.0,2.0,6.0,7,8,6,1.0,44.0,0.0,3,4.0
1,5.0,3.0,2.0,9.0,7,8,6,0.0,40.0,0.0,3,0.2
3,5.0,3.0,2.0,8.0,7,8,6,2.0,38.0,0.0,3,5.0
2,3.0,1.0,2.0,6.0,7,8,6,2.0,59.0,0.0,3,3.0
2,3.0,4.0,2.0,6.0,7,8,6,1.0,38.0,0.0,3,2.0
3,5.0,5.0,2.0,6.0,7,8,6,2.0,60.0,0.0,3,5.0
2,5.0,7.0,2.0,9.0,7,8,6,2.0,76.0,0.2,3,5.0
1,5.0,6.0,2.0,6.0,7,8,6,1.0,26.0,0.2857142857142857,3,7.0
3,5.0,6.0,2.0,10.0,7,8,6,2.0,48.0,0.0,3,7.0
2,5.0,5.0,2.0,8.0,7,8,6,2.0,67.0,0.0,3,3.0
2,5.0,3.0,2.0,4.0,7,8,6,0.0,50.0,0.3333333333333333,3,3.0
2,3.0,5.0,2.0,8.0,7,8,6,1.0,49.0,0.3333333333333333,3,3.0
2,5.0,3.0,2.0,5.0,7,8,6,0.0,47.0,0.0,3,3.0
2,5.0,5.0,2.0,8.0,7,8,6,2.0,72.0,0.1666666666666666,3,6.0
1,5.0,5.0,2.0,8.0,7,8,6,1.0,46.0,0.0,3,3.0
3,5.0,5.0,2.0,3.0,7,8,6,3.0,56.0,0.25,3,0.5714285714285714
2,4.0,4.0,2.0,8.0,7,8,6,2.0,41.0,0.0,3,0.4285714285714285
2,5.0,6.0,2.0,5.0,7,8,6,2.0,71.0,0.0,3,0.8
2,6.0,3.0,2.0,5.0,7,8,6,2.0,41.0,0.25,3,0.8
3,4.0,3.0,2.0,4.0,7,8,6,2.0,42.0,0.1666666666666666,3,1.2
2,6.0,4.0,2.0,1.0,7,8,6,2.0,66.0,0.0,3,5.0
3,4.0,1.0,2.0,4.0,7,8,6,2.0,56.0,0.0,3,0.375
1,4.0,2.0,2.0,4.0,7,8,6,2.0,51.0,0.0,3,2.0
2,4.0,2.0,2.0,4.0,7,8,6,2.0,67.0,0.2,3,5.0
3,4.0,1.0,2.0,4.0,7,8,6,2.0,50.0,0.0,3,5.0
1,3.0,1.0,2.0,10.0,7,8,6,1.0,67.0,0.0,3,0.2
1,6.0,2.0,2.0,5.0,7,8,6,1.0,49.0,0.0,3,0.2
2,5.0,5.0,2.0,6.0,7,8,6,2.0,53.0,0.0,3,1.25
1,4.0,2.0,2.0,4.0,7,8,6,1.0,61.0,0.0,3,0.125
1,4.0,2.0,2.0,4.0,7,8,6,1.0,76.0,0.0,3,0.1428571428571428
3,4.0,2.0,2.0,5.0,7,8,6,2.0,60.0,0.0,3,1.3333333333333333
2,4.0,3.0,2.0,5.0,7,8,6,3.0,33.0,0.2,3,0.625
1,4.0,3.0,2.0,5.0,7,8,6,1.0,39.0,0.3333333333333333,3,1.0
3,4.0,2.0,2.0,6.0,7,8,6,3.0,67.0,0.0,3,1.3333333333333333
1,4.0,4.0,2.0,10.0,7,8,6,1.0,56.0,0.0,3,0.1428571428571428
1,4.0,4.0,2.0,8.0,7,8,6,1.0,34.0,0.6,3,0.7142857142857143
0,4.0,4.0,2.0,3.0,7,8,6,1.0,62.0,0.0,3,0.2857142857142857
2,4.0,3.0,2.0,5.0,7,8,6,1.0,34.0,0.3333333333333333,3,0.4285714285714285
2,4.0,5.0,2.0,3.0,7,8,6,1.0,43.0,0.2,3,0.7142857142857143
1,4.0,3.0,2.0,3.0,7,8,6,1.0,69.0,0.0,3,0.1428571428571428
2,4.0,4.0,2.0,5.0,7,8,6,2.0,49.0,0.0,3,3.0
3,4.0,4.0,2.0,9.0,7,8,6,3.0,57.0,0.3333333333333333,3,6.0
1,3.0,4.0,2.0,5.0,7,8,6,1.0,45.0,0.6,3,1.0
2,3.0,2.0,2.0,6.0,7,8,6,2.0,35.0,0.3333333333333333,3,3.0
2,4.0,2.0,2.0,4.0,7,8,6,0.0,76.0,0.0,3,2.0
1,4.0,1.0,2.0,4.0,7,8,6,1.0,44.0,0.0,3,4.0
1,4.0,4.0,2.0,4.0,7,8,6,2.0,59.0,0.0,3,4.0
2,5.0,3.0,2.0,9.0,7,8,6,1.0,24.0,0.0,3,1.0
1,3.0,3.0,2.0,4.0,7,8,6,1.0,61.0,0.0,3,1.0
2,5.0,3.0,2.0,7.0,7,8,6,2.0,27.0,0.3333333333333333,3,3.0
2,6.0,2.0,2.0,6.0,7,8,6,2.0,38.0,0.25,3,4.0
1,5.0,2.0,2.0,6.0,7,8,6,1.0,38.0,0.3333333333333333,3,3.0
2,5.0,4.0,2.0,8.0,7,8,6,2.0,47.0,0.25,3,4.0
2,2.0,2.0,2.0,3.0,7,8,6,1.0,68.0,0.0,3,2.0
1,2.0,2.0,2.0,3.0,7,8,6,1.0,51.0,0.0,3,0.2857142857142857
2,5.0,1.0,2.0,5.0,7,8,6,2.0,39.0,0.5,3,1.2
2,5.0,2.0,2.0,6.0,7,8,6,2.0,58.0,0.0,3,2.0
2,5.0,3.0,2.0,5.0,7,8,6,2.0,62.0,0.0,3,2.0
2,5.0,2.0,2.0,5.0,7,8,6,2.0,53.0,0.4,3,5.0
1,5.0,4.0,2.0,8.0,7,8,6,2.0,40.0,0.25,3,4.0
2,5.0,2.0,2.0,4.0,7,8,6,2.0,42.0,0.2,3,1.0
1,5.0,3.0,2.0,6.0,7,8,6,1.0,36.0,0.3333333333333333,3,0.6
2,5.0,2.0,2.0,3.0,7,8,6,2.0,43.0,0.0,3,0.4
3,5.0,3.0,2.0,5.0,7,8,6,3.0,45.0,0.1666666666666666,3,6.0
2,5.0,2.0,2.0,9.0,7,8,6,2.0,31.0,0.5,3,4.0
2,5.0,3.0,2.0,1.0,7,8,6,3.0,83.0,0.0,3,3.0
2,5.0,1.0,2.0,4.0,7,8,6,0.0,75.0,0.0,3,2.0
2,5.0,2.0,2.0,5.0,7,8,6,2.0,40.0,0.5,3,4.0
1,5.0,1.0,2.0,5.0,7,8,6,2.0,50.0,0.0,3,4.0
1,2.0,6.0,2.0,10.0,3,8,6,1.0,71.0,0.0,3,1.0
1,2.0,5.0,2.0,9.0,3,8,6,0.0,83.0,0.0,3,1.0
2,5.0,6.0,2.0,5.0,3,8,6,2.0,71.0,0.0,3,2.0
3,3.0,7.0,2.0,6.0,3,8,6,3.0,47.0,0.25,3,4.0
2,5.0,3.0,2.0,8.0,3,8,6,1.0,51.0,0.0,3,3.0
1,5.0,5.0,2.0,8.0,3,8,6,1.0,40.0,0.25,3,4.0
2,3.0,5.0,2.0,10.0,3,8,6,2.0,65.0,0.0,3,2.0
2,2.0,5.0,2.0,10.0,3,8,6,0.0,97.0,0.0,3,2.0
2,2.0,7.0,2.0,4.0,3,8,6,2.0,67.0,0.0,3,2.0
1,5.0,4.0,2.0,3.0,3,8,6,0.0,93.0,0.0,3,1.0
2,2.0,3.0,2.0,7.0,3,8,6,1.0,65.0,0.0,3,3.0
2,3.0,6.0,2.0,8.0,3,8,6,2.0,45.0,0.3333333333333333,3,6.0
3,3.0,4.0,2.0,4.0,3,8,6,2.0,63.0,0.0,3,3.0
3,5.0,6.0,2.0,6.0,3,8,6,3.0,59.0,0.0,3,3.0
2,5.0,3.0,2.0,6.0,3,8,6,1.0,43.0,0.0,3,3.0
1,3.0,4.0,2.0,3.0,3,8,6,1.0,85.0,0.0,3,3.0
2,2.0,4.0,2.0,6.0,3,8,6,1.0,47.0,0.0,3,3.0
1,3.0,6.0,2.0,7.0,3,8,6,0.0,71.0,0.0,3,2.0
3,2.0,5.0,2.0,6.0,3,8,6,2.0,74.0,0.0,3,3.0
3,5.0,2.0,2.0,4.0,6,8,6,3.0,72.0,0.2,3,5.0
1,5.0,2.0,2.0,5.0,6,8,6,1.0,58.0,0.0,3,1.0
2,6.0,1.0,2.0,9.0,6,8,6,1.0,80.0,0.0,3,2.0
1,6.0,2.0,2.0,3.0,6,8,6,1.0,72.0,0.0,3,1.0
1,6.0,3.0,2.0,4.0,6,8,6,1.0,75.0,0.0,3,2.0
1,6.0,2.0,2.0,5.0,6,8,6,1.0,41.0,0.25,3,4.0
1,6.0,3.0,2.0,6.0,6,8,6,1.0,57.0,0.0,3,2.0
3,5.0,3.0,2.0,6.0,6,8,6,3.0,55.0,0.0,3,4.0
1,6.0,1.0,2.0,5.0,6,8,6,2.0,67.0,0.0,3,2.0
1,6.0,2.0,2.0,3.0,6,8,6,1.0,59.0,0.0,3,1.0
1,4.0,4.0,2.0,5.0,5,8,6,1.0,53.0,0.0,3,1.0
3,5.0,3.0,2.0,10.0,5,8,6,3.0,69.0,0.0,3,3.0
1,4.0,1.0,2.0,6.0,5,8,6,0.0,69.0,0.0,3,1.0
2,4.0,2.0,2.0,5.0,5,8,6,1.0,56.0,0.3333333333333333,3,3.0
2,5.0,3.0,2.0,6.0,5,8,6,1.0,37.0,0.25,3,4.0
2,3.0,4.0,2.0,10.0,5,8,6,2.0,49.0,0.25,3,4.0
3,4.0,2.0,2.0,5.0,5,8,6,2.0,58.0,0.25,3,0.8
2,4.0,1.0,2.0,5.0,5,8,6,2.0,49.0,0.25,3,4.0
2,5.0,1.0,2.0,5.0,5,8,6,2.0,83.0,0.0,3,0.5
2,5.0,3.0,2.0,6.0,7,8,6,2.0,52.0,0.0,3,3.0
2,5.0,4.0,2.0,4.0,7,8,6,2.0,40.0,0.0,3,3.0
2,5.0,4.0,2.0,10.0,7,8,6,2.0,54.0,0.0,3,2.0
1,5.0,4.0,2.0,6.0,7,8,6,1.0,77.0,0.0,3,2.0
1,6.0,2.0,2.0,1.0,5,8,6,1.0,91.0,0.0,3,2.0
2,5.0,4.0,2.0,4.0,7,8,6,1.0,41.0,0.25,3,4.0
2,5.0,2.0,2.0,8.0,7,8,6,2.0,38.0,0.3333333333333333,3,3.0
1,4.0,3.0,2.0,5.0,7,8,6,1.0,64.0,0.0,3,1.0
3,5.0,6.0,2.0,6.0,7,8,6,3.0,57.0,0.0,3,4.0
3,6.0,1.0,2.0,5.0,7,8,6,3.0,53.0,0.0,3,0.8333333333333334
1,5.0,3.0,2.0,5.0,7,8,6,1.0,33.0,0.0,3,0.5
2,4.0,2.0,2.0,1.0,7,8,6,2.0,88.0,0.0,3,0.5
1,4.0,2.0,2.0,1.0,7,8,6,1.0,68.0,0.0,3,0.375
1,5.0,2.0,2.0,5.0,7,8,6,1.0,21.0,0.25,3,0.6666666666666666
2,4.0,3.0,2.0,3.0,7,8,6,2.0,50.0,0.2857142857142857,3,1.1666666666666667
2,5.0,4.0,2.0,3.0,1,8,6,1.0,71.0,0.1666666666666666,3,6.0
2,5.0,4.0,2.0,6.0,1,8,6,2.0,56.0,0.0,3,4.0
3,3.0,6.0,2.0,5.0,1,8,6,2.0,65.0,0.2,3,5.0
2,3.0,5.0,2.0,5.0,1,8,6,2.0,69.0,0.0,3,3.0
3,5.0,4.0,2.0,8.0,1,8,6,2.0,39.0,0.25,3,4.0
1,3.0,3.0,2.0,8.0,1,8,6,1.0,28.0,0.0,3,1.0
1,5.0,4.0,2.0,6.0,1,8,6,1.0,39.0,0.3333333333333333,3,6.0
2,3.0,4.0,2.0,8.0,1,8,6,2.0,53.0,0.0,3,2.0
2,6.0,3.0,2.0,10.0,1,8,6,1.0,32.0,0.0,3,2.0
1,5.0,3.0,2.0,4.0,1,8,6,0.0,73.0,0.0,3,5.0
2,5.0,4.0,2.0,6.0,1,8,6,2.0,40.0,0.0,3,5.0
3,6.0,3.0,2.0,4.0,1,8,6,2.0,35.0,0.2,3,5.0
2,5.0,4.0,2.0,6.0,1,8,6,2.0,46.0,0.25,3,4.0
3,6.0,4.0,2.0,6.0,1,8,6,2.0,57.0,0.0,3,3.0
3,5.0,5.0,2.0,3.0,1,8,6,1.0,77.0,0.0,3,3.0
2,5.0,5.0,2.0,8.0,1,8,6,2.0,50.0,0.0,3,2.0
2,5.0,2.0,2.0,8.0,1,8,6,2.0,41.0,0.3333333333333333,3,6.0
2,5.0,4.0,2.0,4.0,1,8,6,1.0,51.0,0.0,3,2.0
1,6.0,2.0,2.0,3.0,1,8,6,1.0,40.0,0.5,3,0.5
3,6.0,3.0,2.0,1.0,1,8,6,2.0,69.0,0.0,3,0.75
2,5.0,3.0,2.0,9.0,1,8,6,1.0,38.0,0.25,3,1.3333333333333333
1,5.0,5.0,2.0,3.0,1,8,6,1.0,48.0,0.0,3,1.0
2,5.0,4.0,2.0,4.0,1,8,6,1.0,40.0,0.25,3,1.0
3,5.0,4.0,2.0,6.0,1,8,6,0.0,34.0,0.4,3,5.0
2,6.0,2.0,2.0,7.0,1,8,6,1.0,28.0,0.3333333333333333,3,3.0
2,3.0,4.0,2.0,3.0,1,8,6,0.0,81.0,0.0,3,2.0
1,3.0,3.0,2.0,6.0,1,8,6,1.0,74.0,0.0,3,2.0
2,3.0,3.0,2.0,6.0,1,8,6,2.0,60.0,0.0,3,5.0
3,6.0,3.0,2.0,4.0,1,8,6,1.0,44.0,0.25,3,4.0
2,5.0,4.0,2.0,4.0,1,8,6,2.0,35.0,0.25,3,4.0
3,5.0,3.0,2.0,4.0,1,8,6,1.0,51.0,0.2,3,0.625
2,5.0,3.0,2.0,1.0,1,8,6,1.0,69.0,0.0,3,0.25
1,6.0,4.0,2.0,3.0,1,8,6,1.0,67.0,0.0,3,0.125
2,5.0,3.0,2.0,6.0,1,8,6,2.0,41.0,0.0,3,0.25
1,5.0,3.0,2.0,6.0,1,8,6,1.0,62.0,0.0,3,1.0
1,5.0,5.0,2.0,5.0,1,8,6,1.0,43.0,0.6,3,5.0
1,5.0,4.0,2.0,4.0,1,8,6,1.0,72.0,0.0,3,2.0
3,5.0,5.0,2.0,4.0,1,8,6,0.0,72.0,0.0,3,3.0
2,5.0,3.0,2.0,1.0,1,8,6,2.0,59.0,0.2,3,5.0
1,5.0,4.0,2.0,3.0,1,8,6,0.0,78.0,0.0,3,1.0
3,5.0,3.0,2.0,4.0,1,8,6,1.0,67.0,0.0,3,7.0
2,5.0,4.0,2.0,6.0,1,8,6,2.0,72.0,0.0,3,3.0
1,3.0,5.0,2.0,6.0,1,8,6,1.0,38.0,0.6,3,1.25
1,5.0,4.0,2.0,6.0,1,8,6,1.0,28.0,0.0,3,0.25
3,6.0,3.0,2.0,6.0,1,8,6,3.0,58.0,0.0,3,0.75
3,5.0,3.0,2.0,5.0,1,8,6,1.0,49.0,0.0,3,4.0
3,6.0,3.0,2.0,3.0,1,8,6,2.0,57.0,0.25,3,4.0
3,3.0,5.0,2.0,6.0,1,8,6,3.0,42.0,0.2,3,5.0
1,5.0,4.0,2.0,3.0,1,8,6,0.0,82.0,0.0,3,1.0
3,5.0,4.0,2.0,5.0,1,8,6,3.0,50.0,0.0,3,3.0
2,6.0,2.0,2.0,6.0,1,8,6,1.0,38.0,0.5,3,4.0
2,6.0,4.0,2.0,1.0,1,8,6,2.0,82.0,0.3333333333333333,3,0.75
1,6.0,3.0,2.0,4.0,1,8,6,1.0,76.0,0.0,3,0.125
1,3.0,3.0,2.0,6.0,1,8,6,1.0,33.0,0.3333333333333333,3,0.375
2,5.0,4.0,2.0,6.0,1,8,6,2.0,48.0,0.25,3,0.5
1,6.0,1.0,2.0,3.0,1,8,6,1.0,59.0,0.0,3,0.125
1,6.0,3.0,2.0,6.0,1,8,6,1.0,32.0,0.5,3,0.5
2,6.0,2.0,2.0,1.0,1,8,6,2.0,71.0,0.0,3,0.4
2,3.0,2.0,2.0,4.0,1,8,6,2.0,34.0,0.6,3,0.625
2,5.0,3.0,2.0,3.0,1,8,6,2.0,43.0,0.3333333333333333,3,0.375
1,6.0,4.0,2.0,3.0,1,8,6,2.0,63.0,0.0,3,2.0
2,5.0,3.0,2.0,7.0,1,8,6,2.0,69.0,0.0,3,2.0
1,6.0,3.0,2.0,6.0,1,8,6,1.0,49.0,0.0,3,1.0
2,5.0,6.0,2.0,6.0,1,8,6,2.0,46.0,0.2,3,5.0
1,6.0,3.0,2.0,3.0,1,8,6,1.0,79.0,0.0,3,1.0
3,6.0,7.0,2.0,6.0,1,8,6,2.0,30.0,0.25,3,4.0
1,5.0,4.0,2.0,3.0,1,8,6,1.0,86.0,0.0,3,2.0
2,5.0,3.0,2.0,5.0,6,8,6,2.0,56.0,0.0,3,0.5714285714285714
2,5.0,3.0,2.0,6.0,6,8,6,1.0,49.0,0.3333333333333333,3,3.0
2,5.0,3.0,2.0,8.0,6,8,6,1.0,43.0,0.2,3,5.0
3,5.0,5.0,2.0,6.0,6,8,6,3.0,48.0,0.0,3,4.0
2,4.0,1.0,2.0,3.0,6,8,6,1.0,83.0,0.0,3,1.0
1,6.0,2.0,2.0,3.0,6,8,6,0.0,83.0,0.0,3,0.1666666666666666
1,6.0,2.0,2.0,3.0,6,8,6,0.0,64.0,0.0,3,2.0
1,4.0,5.0,2.0,6.0,6,8,6,2.0,61.0,0.1666666666666666,3,6.0
1,5.0,3.0,2.0,10.0,6,8,6,1.0,36.0,0.5,3,4.0
1,5.0,3.0,2.0,1.0,6,8,6,1.0,75.0,0.0,3,2.0
1,6.0,2.0,2.0,3.0,6,8,6,1.0,69.0,0.0,3,1.5
2,6.0,4.0,2.0,3.0,6,8,6,2.0,64.0,0.0,3,4.0
1,6.0,7.0,2.0,7.0,6,8,6,2.0,49.0,0.0,3,2.0
2,5.0,3.0,2.0,8.0,6,8,6,2.0,59.0,0.0,3,2.0
3,3.0,4.0,2.0,9.0,6,8,6,3.0,64.0,0.0,3,3.0
2,6.0,5.0,2.0,6.0,6,8,6,2.0,53.0,0.0,3,4.0
1,4.0,1.0,2.0,10.0,6,8,6,1.0,68.0,0.0,3,1.0
1,6.0,3.0,2.0,4.0,6,8,6,1.0,77.0,0.0,3,1.0
1,6.0,2.0,2.0,10.0,6,8,6,1.0,41.0,0.0,3,1.0
1,6.0,1.0,2.0,3.0,6,8,6,1.0,77.0,0.0,3,1.0
2,6.0,2.0,2.0,3.0,6,8,6,1.0,82.0,0.0,3,2.0
1,6.0,1.0,2.0,1.0,6,8,6,0.0,84.0,0.0,3,1.0
1,6.0,2.0,2.0,5.0,6,8,6,0.0,48.0,0.0,3,0.4
1,6.0,3.0,2.0,4.0,6,8,6,0.0,53.0,0.0,3,0.4
1,6.0,2.0,2.0,4.0,6,8,6,0.0,53.0,0.0,3,0.4
1,6.0,3.0,2.0,1.0,6,8,6,1.0,72.0,0.0,3,0.2
2,6.0,3.0,2.0,4.0,6,8,6,2.0,45.0,0.25,3,0.5714285714285714
1,6.0,1.0,2.0,3.0,6,8,6,0.0,73.0,0.0,3,0.2
1,6.0,2.0,2.0,1.0,6,8,6,0.0,57.0,0.3333333333333333,3,0.6
1,4.0,4.0,2.0,10.0,6,8,6,1.0,31.0,0.0,3,1.0
1,5.0,4.0,2.0,4.0,6,8,6,3.0,65.0,0.0,3,3.0
1,5.0,4.0,2.0,8.0,6,8,6,1.0,71.0,0.0,3,2.0
3,5.0,2.0,2.0,6.0,6,8,6,2.0,32.0,0.4,3,5.0
1,5.0,4.0,2.0,6.0,6,8,6,2.0,65.0,0.0,3,3.0
3,5.0,2.0,2.0,4.0,6,8,6,3.0,52.0,0.0,3,3.0
2,6.0,2.0,2.0,4.0,6,8,6,1.0,48.0,0.0,3,2.0
1,5.0,3.0,2.0,3.0,6,8,6,0.0,74.0,0.0,3,0.2
1,6.0,4.0,2.0,1.0,6,8,6,2.0,59.0,0.0,3,2.0
2,6.0,3.0,2.0,4.0,6,8,6,2.0,73.0,0.0,3,2.0
3,6.0,5.0,2.0,3.0,6,8,6,3.0,64.0,0.0,3,0.6
1,5.0,3.0,2.0,6.0,6,8,6,1.0,61.0,0.0,3,0.125
1,4.0,3.0,2.0,3.0,6,8,6,1.0,63.0,0.0,3,0.1428571428571428
2,6.0,3.0,2.0,5.0,6,8,6,1.0,54.0,0.0,3,2.0
2,6.0,2.0,2.0,4.0,6,8,6,2.0,75.0,0.0,3,0.2857142857142857
1,6.0,2.0,2.0,3.0,6,8,6,0.0,73.0,0.0,3,1.0
3,6.0,2.0,2.0,6.0,6,8,6,3.0,43.0,0.0,3,3.0
1,6.0,2.0,2.0,5.0,6,8,6,2.0,44.0,0.0,3,2.0
1,6.0,1.0,2.0,3.0,7,8,6,1.0,78.0,0.0,3,1.0
2,3.0,5.0,2.0,8.0,7,8,6,2.0,50.0,0.4,3,5.0
1,3.0,4.0,2.0,6.0,7,8,6,2.0,43.0,0.25,3,4.0
1,5.0,3.0,2.0,3.0,7,8,6,1.0,79.0,0.0,3,1.0
3,5.0,3.0,2.0,4.0,7,8,6,3.0,63.0,0.0,3,3.0
2,5.0,3.0,2.0,6.0,7,8,6,1.0,47.0,0.0,3,4.0
2,3.0,4.0,2.0,6.0,7,8,6,2.0,57.0,0.0,3,2.0
3,5.0,3.0,2.0,4.0,7,8,6,3.0,44.0,0.25,3,4.0
2,5.0,5.0,2.0,3.0,7,8,6,3.0,54.0,0.1666666666666666,3,6.0
2,5.0,7.0,2.0,4.0,7,8,6,1.0,63.0,0.0,3,3.0
3,5.0,4.0,2.0,5.0,7,8,6,3.0,51.0,0.25,3,4.0
3,5.0,6.0,2.0,3.0,7,8,6,1.0,70.0,0.0,3,5.0
3,5.0,5.0,2.0,6.0,7,8,6,1.0,53.0,0.0,3,4.0
1,5.0,4.0,2.0,4.0,7,8,6,1.0,46.0,0.0,3,1.0
2,5.0,3.0,2.0,5.0,7,8,6,2.0,47.0,0.3333333333333333,3,3.0
2,5.0,2.0,2.0,10.0,7,8,6,2.0,36.0,0.5,3,4.0
2,5.0,2.0,2.0,4.0,7,8,6,2.0,57.0,0.0,3,2.0
2,6.0,4.0,2.0,9.0,7,8,6,3.0,46.0,0.25,3,4.0
1,6.0,3.0,2.0,3.0,7,8,6,1.0,57.0,0.0,3,1.0
2,6.0,3.0,2.0,6.0,7,8,6,2.0,50.0,0.2,3,5.0
2,6.0,4.0,2.0,3.0,7,8,6,3.0,42.0,0.3333333333333333,3,1.0
1,5.0,3.0,2.0,5.0,7,8,6,2.0,32.0,0.5,3,4.0
3,6.0,4.0,2.0,4.0,7,8,6,3.0,44.0,0.2,3,5.0
2,6.0,1.0,2.0,3.0,7,8,6,3.0,32.0,0.0,3,0.6666666666666666
1,6.0,1.0,2.0,3.0,7,8,6,1.0,62.0,0.0,3,0.125
1,6.0,3.0,2.0,3.0,7,8,6,3.0,40.0,0.4,3,5.0
2,6.0,3.0,2.0,6.0,7,8,6,2.0,44.0,0.25,3,4.0
1,3.0,4.0,2.0,6.0,7,8,6,2.0,68.0,0.25,3,4.0
1,5.0,5.0,2.0,8.0,7,8,6,1.0,51.0,0.5,3,4.0
2,6.0,4.0,2.0,3.0,7,8,6,3.0,65.0,0.0,3,8.0
2,3.0,3.0,2.0,6.0,7,8,6,2.0,69.0,0.0,3,2.0
2,6.0,3.0,2.0,8.0,7,8,6,2.0,35.0,0.5,3,4.0
2,5.0,3.0,2.0,3.0,7,8,6,1.0,77.0,0.0,3,2.0
2,3.0,4.0,2.0,4.0,7,8,6,1.0,71.0,0.0,3,2.0
3,5.0,3.0,2.0,6.0,7,8,6,2.0,67.0,0.25,3,4.0
1,3.0,3.0,2.0,3.0,7,8,6,0.0,76.0,0.0,3,1.0
3,3.0,2.0,2.0,4.0,7,8,6,2.0,59.0,0.0,3,3.0
1,7.0,5.0,2.0,3.0,7,8,6,0.0,77.0,0.0,3,1.0
3,5.0,3.0,2.0,4.0,7,8,6,1.0,49.0,0.0,3,3.0
2,3.0,2.0,2.0,8.0,7,8,6,1.0,70.0,0.0,3,2.0
3,5.0,4.0,2.0,5.0,7,8,6,3.0,64.0,0.25,3,0.8
2,5.0,3.0,2.0,4.0,7,8,6,2.0,63.0,0.1666666666666666,3,6.0
2,5.0,4.0,2.0,4.0,7,8,6,2.0,67.0,0.0,3,2.0
2,6.0,2.0,2.0,4.0,7,8,6,1.0,78.0,0.0,3,3.0
2,5.0,5.0,2.0,3.0,7,8,6,2.0,70.0,0.0,3,2.0
3,5.0,3.0,2.0,5.0,7,8,6,3.0,36.0,0.0,3,3.0
3,6.0,4.0,2.0,6.0,7,8,6,3.0,55.0,0.0,3,0.6666666666666666
2,6.0,4.0,2.0,6.0,7,8,6,1.0,41.0,0.4,3,0.8333333333333334
1,6.0,4.0,2.0,3.0,7,8,6,2.0,63.0,0.0,3,2.0
2,6.0,5.0,2.0,1.0,7,8,6,3.0,59.0,0.0,3,4.0
2,6.0,2.0,2.0,4.0,7,8,6,2.0,36.0,0.3333333333333333,3,3.0
2,5.0,3.0,2.0,6.0,7,8,6,1.0,48.0,0.4285714285714285,3,7.0
2,5.0,3.0,2.0,7.0,3,8,6,2.0,68.0,0.0,3,2.0
2,5.0,2.0,2.0,6.0,3,8,6,1.0,42.0,0.0,3,2.0
2,5.0,3.0,2.0,10.0,3,8,6,2.0,36.0,0.0,3,2.0
1,5.0,2.0,2.0,6.0,3,8,6,0.0,39.0,0.3333333333333333,3,3.0
2,5.0,3.0,2.0,4.0,3,8,6,2.0,50.0,0.0,3,2.0
1,5.0,4.0,2.0,4.0,3,8,6,1.0,65.0,0.0,3,2.0
1,5.0,5.0,2.0,10.0,3,8,6,1.0,45.0,0.2,3,5.0
2,5.0,1.0,2.0,4.0,3,8,6,1.0,60.0,0.0,3,1.0
1,5.0,1.0,2.0,4.0,3,8,6,1.0,58.0,0.0,3,1.0
3,2.0,6.0,2.0,10.0,3,8,6,1.0,43.0,0.0,3,4.0
1,5.0,4.0,2.0,3.0,3,8,6,0.0,87.0,0.0,3,1.0
2,5.0,2.0,2.0,4.0,3,8,6,2.0,80.0,0.0,3,0.5714285714285714
1,5.0,2.0,2.0,6.0,3,8,6,1.0,63.0,0.0,3,2.0
1,5.0,2.0,2.0,3.0,3,8,6,1.0,54.0,0.0,3,1.0
1,5.0,4.0,2.0,6.0,3,8,6,1.0,58.0,0.0,3,2.0
1,5.0,3.0,2.0,5.0,3,8,6,1.0,60.0,0.0,3,1.0
2,3.0,3.0,2.0,5.0,3,8,6,1.0,37.0,0.4,3,5.0
1,5.0,3.0,2.0,6.0,3,8,6,0.0,49.0,0.0,3,3.0
2,5.0,4.0,2.0,1.0,3,8,6,1.0,80.0,0.0,3,3.0
2,5.0,3.0,2.0,6.0,3,8,6,2.0,61.0,0.0,3,5.0
1,5.0,1.0,2.0,6.0,3,8,6,0.0,71.0,0.0,3,5.0
2,3.0,5.0,2.0,4.0,3,8,6,1.0,78.0,0.0,3,2.0
2,5.0,2.0,2.0,6.0,3,8,6,1.0,32.0,0.3333333333333333,3,3.0
1,6.0,2.0,2.0,9.0,3,8,6,1.0,37.0,0.0,3,3.0
1,5.0,3.0,2.0,1.0,3,8,6,0.0,84.0,0.0,3,1.0
2,6.0,2.0,2.0,4.0,6,8,6,2.0,51.0,0.0,3,0.25
3,5.0,5.0,2.0,4.0,6,8,6,3.0,64.0,0.0,3,3.0
1,6.0,2.0,2.0,4.0,6,8,6,1.0,67.0,0.0,3,0.125
2,6.0,3.0,2.0,3.0,6,8,6,3.0,39.0,0.0,3,0.375
2,6.0,2.0,2.0,4.0,6,8,6,2.0,37.0,0.5,3,0.5
2,5.0,5.0,2.0,6.0,6,8,6,3.0,37.0,0.5,3,2.0
2,5.0,3.0,2.0,6.0,6,8,6,3.0,50.0,0.2,3,1.6666666666666667
1,5.0,3.0,2.0,6.0,6,8,6,2.0,32.0,0.25,3,1.3333333333333333
1,6.0,5.0,2.0,5.0,6,8,6,1.0,41.0,0.0,3,1.3333333333333333
1,6.0,1.0,2.0,3.0,6,8,6,1.0,58.0,0.0,3,0.125
1,6.0,4.0,2.0,4.0,6,8,6,3.0,68.0,0.0,3,0.5
1,6.0,1.0,2.0,3.0,6,8,6,1.0,46.0,0.2,3,5.0
2,6.0,3.0,2.0,3.0,6,8,6,1.0,76.0,0.0,3,2.0
2,6.0,3.0,2.0,5.0,6,8,6,0.0,78.0,0.0,3,3.0
1,5.0,2.0,2.0,6.0,1,8,6,1.0,44.0,0.0,3,1.0
2,5.0,6.0,2.0,4.0,1,8,6,2.0,55.0,0.3333333333333333,3,3.0
2,5.0,3.0,2.0,6.0,1,8,6,1.0,51.0,0.0,3,2.0
1,5.0,1.0,2.0,6.0,1,8,6,1.0,35.0,0.0,3,0.1428571428571428
2,3.0,6.0,2.0,6.0,1,8,6,1.0,60.0,0.0,3,2.0
2,5.0,2.0,2.0,4.0,1,8,6,2.0,81.0,0.0,3,2.0
1,3.0,2.0,2.0,6.0,1,8,6,0.0,75.0,0.0,3,1.0
2,6.0,4.0,2.0,5.0,1,8,6,0.0,54.0,0.0,3,2.0
2,5.0,4.0,2.0,6.0,1,8,6,0.0,46.0,0.0,3,3.0
1,5.0,2.0,2.0,8.0,1,8,6,1.0,44.0,0.3333333333333333,3,3.0
1,5.0,3.0,2.0,6.0,1,8,6,1.0,58.0,0.0,3,1.0
2,4.0,2.0,2.0,6.0,1,8,6,2.0,68.0,0.3333333333333333,3,3.0
1,5.0,4.0,2.0,4.0,1,8,6,1.0,53.0,0.0,3,0.1428571428571428
1,3.0,3.0,2.0,7.0,1,8,6,0.0,20.0,0.0,3,1.0
2,5.0,3.0,2.0,1.0,1,8,6,2.0,75.0,0.0,3,2.0
3,5.0,4.0,2.0,4.0,1,8,6,2.0,72.0,0.0,3,3.0
2,5.0,4.0,2.0,8.0,1,8,6,2.0,57.0,0.0,3,4.0
1,3.0,3.0,2.0,4.0,1,8,6,1.0,81.0,0.0,3,2.0
3,2.0,4.0,2.0,10.0,1,8,6,1.0,77.0,0.0,3,4.0
1,5.0,2.0,2.0,3.0,1,8,6,1.0,66.0,0.0,3,0.1428571428571428
2,5.0,3.0,2.0,3.0,1,8,6,1.0,57.0,0.25,3,0.5714285714285714
2,6.0,4.0,2.0,6.0,1,8,6,2.0,57.0,0.25,3,4.0
1,6.0,3.0,2.0,5.0,1,8,6,1.0,46.0,0.0,3,0.2857142857142857
1,5.0,5.0,2.0,10.0,1,8,6,1.0,59.0,0.0,3,1.0
2,5.0,5.0,2.0,6.0,1,8,6,2.0,62.0,0.0,3,2.0
2,5.0,5.0,2.0,4.0,1,8,6,0.0,81.0,0.0,3,3.0
2,5.0,3.0,2.0,5.0,1,8,6,1.0,71.0,0.0,3,4.0
2,5.0,5.0,2.0,5.0,7,8,6,2.0,44.0,0.25,3,4.0
2,3.0,3.0,2.0,10.0,7,8,6,2.0,42.0,0.0,3,3.0
2,5.0,3.0,2.0,7.0,7,8,6,1.0,54.0,0.0,3,4.0
2,5.0,4.0,2.0,8.0,7,8,6,2.0,50.0,0.0,3,2.0
3,5.0,6.0,2.0,7.0,7,8,6,3.0,51.0,0.2,3,0.7142857142857143
2,5.0,4.0,2.0,6.0,7,8,6,2.0,47.0,0.0,3,0.5714285714285714
2,5.0,6.0,2.0,6.0,7,8,6,3.0,43.0,0.1666666666666666,3,0.8571428571428571
2,3.0,4.0,2.0,4.0,7,8,6,2.0,50.0,0.1666666666666666,3,0.8571428571428571
2,5.0,3.0,2.0,3.0,7,8,6,1.0,59.0,0.0,3,2.0
3,4.0,1.0,2.0,6.0,7,8,6,2.0,41.0,0.0,3,5.0
3,5.0,5.0,2.0,6.0,7,8,6,3.0,51.0,0.3333333333333333,3,6.0
3,5.0,4.0,2.0,10.0,7,8,6,2.0,61.0,0.0,3,3.0
2,3.0,4.0,2.0,10.0,7,8,6,1.0,57.0,0.0,3,2.0
2,3.0,7.0,2.0,10.0,7,8,6,2.0,50.0,0.0,3,4.0
3,3.0,4.0,2.0,8.0,7,8,6,3.0,63.0,0.0,3,3.0
2,6.0,1.0,2.0,6.0,7,8,6,1.0,63.0,0.0,3,0.2857142857142857
3,5.0,5.0,2.0,5.0,7,8,6,2.0,49.0,0.25,3,0.5714285714285714
3,6.0,1.0,2.0,6.0,7,8,6,1.0,40.0,0.25,3,4.0
1,3.0,4.0,2.0,4.0,7,8,6,0.0,80.0,0.0,3,1.0
3,5.0,4.0,2.0,6.0,7,8,6,3.0,75.0,0.0,3,3.0
1,5.0,4.0,2.0,10.0,7,8,6,1.0,40.0,0.0,3,2.0
1,5.0,4.0,2.0,7.0,7,8,6,2.0,54.0,0.0,3,4.0
2,5.0,5.0,2.0,5.0,7,8,6,0.0,76.0,0.0,3,5.0
1,5.0,3.0,2.0,6.0,7,8,6,1.0,34.0,0.0,3,4.0
2,5.0,3.0,2.0,8.0,7,8,6,2.0,61.0,0.3333333333333333,3,3.0
2,5.0,3.0,2.0,6.0,7,8,6,1.0,49.0,0.0,3,3.0
3,4.0,4.0,2.0,5.0,7,8,6,0.0,60.0,0.0,3,4.0
2,6.0,2.0,2.0,5.0,7,8,6,2.0,34.0,0.25,3,4.0
1,6.0,4.0,2.0,4.0,7,8,6,1.0,47.0,0.0,3,2.0
2,3.0,4.0,2.0,9.0,7,8,6,2.0,33.0,0.5,3,4.0
1,5.0,2.0,2.0,4.0,7,8,6,1.0,51.0,0.0,3,1.0
1,5.0,2.0,2.0,5.0,7,8,6,1.0,65.0,0.0,3,1.0
2,5.0,5.0,2.0,2.0,7,8,6,2.0,61.0,0.0,3,2.0
1,6.0,2.0,2.0,3.0,7,8,6,1.0,47.0,0.3333333333333333,3,3.0
1,5.0,3.0,2.0,1.0,7,8,6,1.0,42.0,0.0,3,2.0
2,5.0,1.0,2.0,3.0,7,8,6,1.0,80.0,0.0,3,2.0
2,3.0,4.0,2.0,8.0,7,8,6,2.0,54.0,0.0,3,3.0
2,5.0,3.0,2.0,6.0,7,8,6,2.0,38.0,0.5,3,4.0
2,6.0,2.0,2.0,1.0,7,8,6,2.0,50.0,0.0,3,2.0
2,4.0,2.0,2.0,3.0,7,8,6,1.0,70.0,0.0,3,2.0
2,5.0,3.0,2.0,6.0,7,8,6,2.0,35.0,0.25,3,4.0
3,4.0,1.0,2.0,4.0,7,8,6,3.0,43.0,0.25,3,4.0
3,4.0,5.0,2.0,6.0,7,8,6,2.0,46.0,0.0,3,3.0
2,6.0,3.0,2.0,6.0,7,8,6,3.0,64.0,0.3333333333333333,3,6.0
2,6.0,5.0,2.0,3.0,7,8,6,3.0,92.0,0.0,3,3.0
1,5.0,1.0,2.0,3.0,7,8,6,1.0,52.0,0.0,3,1.0
2,5.0,5.0,2.0,4.0,7,8,6,2.0,60.0,0.0,3,7.0
3,5.0,3.0,2.0,6.0,7,8,6,2.0,45.0,0.2857142857142857,3,7.0
1,5.0,1.0,2.0,8.0,7,8,6,1.0,29.0,0.5,3,0.5
3,4.0,1.0,2.0,3.0,7,8,6,2.0,50.0,0.3333333333333333,3,0.75
1,6.0,1.0,2.0,3.0,7,8,6,1.0,58.0,0.0,3,0.25
3,4.0,3.0,2.0,5.0,7,8,6,2.0,56.0,0.2,3,5.0
1,6.0,1.0,2.0,6.0,7,8,6,1.0,42.0,0.0,3,1.0
1,5.0,5.0,2.0,4.0,7,8,6,1.0,88.0,0.25,3,4.0
3,5.0,3.0,2.0,4.0,6,8,6,2.0,46.0,0.0,3,3.0
1,3.0,5.0,2.0,7.0,6,8,6,1.0,55.0,0.0,3,3.0
2,5.0,6.0,2.0,6.0,6,8,6,2.0,36.0,0.2,3,5.0
1,5.0,3.0,2.0,6.0,3,8,6,1.0,54.0,0.1666666666666666,3,6.0
2,5.0,4.0,2.0,1.0,3,8,6,0.0,75.0,0.0,3,3.0
1,1.0,3.0,2.0,5.0,8,8,6,0.0,61.0,0.0,3,1.0
2,5.0,3.0,2.0,2.0,7,8,6,2.0,53.0,0.0,3,2.0
3,3.0,5.0,2.0,10.0,7,8,6,3.0,64.0,0.0,3,3.0
2,5.0,5.0,2.0,8.0,7,8,6,2.0,65.0,0.0,3,2.0
2,6.0,2.0,2.0,3.0,5,8,6,1.0,65.0,0.0,3,0.2857142857142857
3,6.0,2.0,2.0,3.0,5,8,6,2.0,67.0,0.0,3,4.0
1,4.0,6.0,2.0,3.0,5,8,6,1.0,62.0,0.0,3,1.0
3,6.0,4.0,2.0,3.0,5,8,6,1.0,64.0,0.0,3,3.0
1,6.0,3.0,2.0,5.0,2,8,6,1.0,58.0,0.0,3,1.0
1,2.0,3.0,2.0,3.0,2,8,6,2.0,51.0,0.0,3,2.0
1,6.0,2.0,2.0,6.0,2,8,6,1.0,43.0,0.0,3,2.0
1,3.0,3.0,2.0,6.0,2,8,6,1.0,44.0,0.3333333333333333,3,3.0
2,5.0,2.0,2.0,6.0,2,8,6,2.0,39.0,0.25,3,4.0
2,5.0,4.0,2.0,6.0,2,8,6,1.0,43.0,0.2,3,5.0
2,5.0,4.0,2.0,3.0,2,8,6,1.0,61.0,0.0,3,2.0
2,5.0,3.0,2.0,6.0,3,8,6,2.0,47.0,0.3333333333333333,3,3.0
2,6.0,2.0,2.0,6.0,5,8,6,2.0,77.0,0.0,3,3.0
2,5.0,2.0,2.0,3.0,5,8,6,1.0,69.0,0.0,3,0.3333333333333333
2,6.0,1.0,2.0,5.0,5,8,6,2.0,56.0,0.0,3,0.3333333333333333
1,6.0,1.0,2.0,5.0,5,8,6,1.0,58.0,0.0,3,0.25
2,6.0,1.0,2.0,4.0,5,8,6,1.0,70.0,0.0,3,0.6666666666666666
1,4.0,1.0,2.0,4.0,4,8,6,0.0,86.0,0.0,3,1.0
2,5.0,4.0,2.0,8.0,4,8,6,2.0,47.0,0.0,3,3.0
3,5.0,2.0,2.0,4.0,7,8,6,0.0,72.0,0.0,3,3.0
1,6.0,2.0,2.0,5.0,7,8,6,0.0,49.0,0.3333333333333333,3,0.4285714285714285
3,6.0,2.0,2.0,6.0,7,8,6,3.0,52.0,0.2,3,5.0
2,6.0,2.0,2.0,1.0,7,8,6,2.0,59.0,0.0,3,2.0
2,5.0,2.0,2.0,1.0,7,8,6,3.0,68.0,0.0,3,3.0
3,5.0,2.0,2.0,3.0,7,8,6,1.0,69.0,0.0,3,0.75
2,5.0,1.0,2.0,4.0,7,8,6,1.0,47.0,0.0,3,0.2857142857142857
1,5.0,1.0,2.0,5.0,7,8,6,1.0,62.0,0.0,3,0.25
2,5.0,2.0,2.0,5.0,7,8,6,2.0,50.0,0.0,3,0.4285714285714285
2,5.0,1.0,2.0,8.0,7,8,6,2.0,35.0,0.3333333333333333,3,0.75
3,5.0,3.0,2.0,6.0,7,8,6,2.0,52.0,0.0,3,5.0
2,6.0,2.0,2.0,6.0,4,8,6,2.0,45.0,0.0,3,5.0
3,5.0,7.0,2.0,7.0,4,8,6,3.0,48.0,0.0,3,4.0
2,5.0,4.0,2.0,6.0,4,8,6,3.0,41.0,0.25,3,4.0
1,6.0,2.0,2.0,3.0,4,8,6,1.0,58.0,0.0,3,5.0
2,5.0,7.0,2.0,4.0,7,8,6,2.0,51.0,0.3333333333333333,3,3.0
1,5.0,3.0,2.0,3.0,7,8,6,1.0,68.0,0.0,3,1.0
1,5.0,3.0,2.0,1.0,7,8,6,0.0,80.0,0.0,3,1.0
3,3.0,7.0,2.0,7.0,7,8,6,3.0,54.0,0.0,3,4.0
1,5.0,5.0,2.0,4.0,7,8,6,1.0,63.0,0.0,3,1.0
2,5.0,2.0,2.0,3.0,7,8,6,2.0,66.0,0.0,3,2.0
2,5.0,3.0,2.0,10.0,7,8,6,1.0,30.0,0.0,3,2.0
2,6.0,5.0,2.0,6.0,7,8,6,2.0,45.0,0.3333333333333333,3,3.0
2,6.0,2.0,2.0,4.0,7,8,6,2.0,46.0,0.3333333333333333,3,3.0
2,6.0,1.0,2.0,3.0,7,8,6,2.0,32.0,0.5,3,4.0
3,6.0,1.0,2.0,4.0,7,8,6,1.0,82.0,0.0,3,3.0
2,6.0,2.0,2.0,3.0,7,8,6,2.0,49.0,0.0,3,2.0
2,4.0,6.0,2.0,5.0,7,8,6,2.0,56.0,0.0,3,2.0
2,4.0,3.0,2.0,8.0,7,8,6,2.0,25.0,0.5,3,4.0
2,5.0,4.0,2.0,4.0,7,8,6,2.0,67.0,0.0,3,3.0
2,5.0,1.0,2.0,6.0,7,8,6,2.0,45.0,0.0,3,4.0
2,5.0,4.0,2.0,4.0,7,8,6,1.0,84.0,0.0,3,3.0
2,6.0,4.0,2.0,6.0,7,8,6,1.0,66.0,0.0,3,3.0
3,6.0,1.0,2.0,4.0,7,8,6,3.0,65.0,0.0,3,3.0
2,6.0,3.0,2.0,5.0,7,8,6,3.0,47.0,0.0,3,4.0
2,5.0,4.0,2.0,4.0,7,8,6,2.0,59.0,0.1666666666666666,3,6.0
1,6.0,2.0,2.0,4.0,7,8,6,1.0,77.0,0.0,3,0.1428571428571428
2,5.0,3.0,2.0,5.0,7,8,6,1.0,47.0,0.0,3,2.0
3,5.0,5.0,2.0,6.0,7,8,6,3.0,37.0,0.3333333333333333,3,6.0
1,6.0,1.0,2.0,1.0,7,8,6,0.0,73.0,0.0,3,1.0
3,5.0,4.0,2.0,1.0,7,8,6,1.0,92.0,0.0,3,3.0
2,5.0,4.0,2.0,4.0,7,8,6,2.0,64.0,0.0,3,3.0
1,3.0,3.0,2.0,4.0,2,8,6,0.0,68.0,0.0,3,2.0
2,5.0,4.0,2.0,5.0,2,8,6,2.0,56.0,0.0,3,2.0
2,5.0,5.0,2.0,8.0,2,8,6,1.0,35.0,0.0,3,3.0
1,5.0,3.0,2.0,5.0,2,8,6,1.0,74.0,0.0,3,2.0
1,5.0,4.0,2.0,10.0,2,8,6,1.0,53.0,0.0,3,3.0
3,3.0,5.0,2.0,6.0,2,8,6,3.0,66.0,0.0,3,6.0
3,3.0,4.0,2.0,8.0,2,8,6,3.0,58.0,0.0,3,3.0
3,5.0,4.0,2.0,3.0,2,8,6,2.0,53.0,0.25,3,4.0
3,3.0,4.0,2.0,6.0,2,8,6,2.0,62.0,0.0,3,3.0
2,5.0,4.0,2.0,5.0,2,8,6,1.0,43.0,0.25,3,4.0
1,6.0,2.0,2.0,7.0,2,8,6,1.0,48.0,0.0,3,3.0
1,6.0,3.0,2.0,3.0,2,8,6,1.0,79.0,0.0,3,0.1428571428571428
3,6.0,3.0,2.0,3.0,2,8,6,3.0,59.0,0.0,3,4.0
1,5.0,2.0,2.0,6.0,2,8,6,1.0,53.0,0.0,3,1.0
2,5.0,6.0,2.0,6.0,5,8,6,1.0,34.0,0.3333333333333333,3,3.0
3,5.0,4.0,2.0,3.0,5,8,6,3.0,52.0,0.2,3,5.0
3,5.0,6.0,2.0,6.0,5,8,6,2.0,72.0,0.0,3,4.0
2,5.0,1.0,2.0,5.0,5,8,6,1.0,51.0,0.0,3,2.0
1,5.0,4.0,2.0,6.0,5,8,6,1.0,54.0,0.0,3,1.0
2,6.0,4.0,2.0,6.0,5,8,6,1.0,42.0,0.25,3,4.0
3,2.0,6.0,2.0,10.0,5,8,6,2.0,46.0,0.25,3,8.0
1,5.0,5.0,2.0,4.0,5,8,6,1.0,60.0,0.0,3,3.0
3,5.0,6.0,2.0,6.0,5,8,6,1.0,41.0,0.25,3,4.0
3,6.0,3.0,2.0,4.0,5,8,6,1.0,63.0,0.0,3,4.0
1,5.0,4.0,2.0,4.0,5,8,6,1.0,62.0,0.0,3,1.0
2,4.0,3.0,2.0,4.0,5,8,6,1.0,65.0,0.0,3,2.0
1,6.0,3.0,2.0,5.0,5,8,6,1.0,61.0,0.0,3,2.0
2,6.0,6.0,2.0,3.0,5,8,6,0.0,85.0,0.0,3,4.0
3,6.0,2.0,2.0,5.0,5,8,6,1.0,58.0,0.0,3,0.4285714285714285
2,6.0,3.0,2.0,3.0,5,8,6,1.0,47.0,0.3333333333333333,3,3.0
2,6.0,4.0,2.0,1.0,5,8,6,2.0,73.0,0.0,3,2.0
1,6.0,2.0,2.0,3.0,5,8,6,2.0,49.0,0.0,3,2.0
2,6.0,3.0,2.0,3.0,5,8,6,1.0,52.0,0.3333333333333333,3,3.0
2,6.0,3.0,2.0,4.0,5,8,6,1.0,66.0,0.0,3,2.0
1,5.0,6.0,2.0,6.0,5,8,6,1.0,64.0,0.0,3,2.0
1,6.0,3.0,2.0,10.0,5,8,6,0.0,74.0,0.0,3,1.0
3,6.0,6.0,2.0,6.0,5,8,6,3.0,50.0,0.0,3,4.0
2,5.0,4.0,2.0,5.0,5,8,6,1.0,75.0,0.0,3,2.0
1,6.0,4.0,2.0,1.0,5,8,6,1.0,77.0,0.0,3,1.0
2,6.0,4.0,2.0,1.0,5,8,6,2.0,64.0,0.2,3,5.0
1,6.0,5.0,2.0,1.0,5,8,6,1.0,58.0,0.0,3,1.0
2,6.0,6.0,2.0,1.0,5,8,6,1.0,68.0,0.0,3,2.0
2,6.0,4.0,2.0,6.0,5,8,6,2.0,49.0,0.4285714285714285,3,7.0
2,6.0,3.0,2.0,3.0,5,8,6,1.0,81.0,0.0,3,2.0
1,6.0,2.0,2.0,3.0,5,8,6,0.0,80.0,0.0,3,3.0
1,6.0,3.0,2.0,1.0,5,8,6,1.0,70.0,0.0,3,1.0
3,6.0,6.0,2.0,3.0,5,8,6,1.0,43.0,0.4,3,5.0
1,5.0,2.0,2.0,3.0,5,8,6,1.0,61.0,0.0,3,2.0
1,3.0,4.0,2.0,6.0,6,8,6,3.0,50.0,0.0,3,4.0
2,3.0,3.0,2.0,10.0,6,8,6,1.0,41.0,0.0,3,2.0
1,5.0,3.0,2.0,10.0,6,8,6,0.0,78.0,0.0,3,1.0
3,5.0,7.0,2.0,3.0,6,8,6,2.0,60.0,0.0,3,4.0
1,4.0,2.0,2.0,3.0,6,8,6,1.0,80.0,0.0,3,1.0
1,4.0,4.0,2.0,6.0,6,8,6,1.0,48.0,0.0,3,1.0
2,4.0,4.0,2.0,5.0,6,8,6,2.0,62.0,0.0,3,2.0
2,4.0,4.0,2.0,8.0,6,8,6,2.0,51.0,0.25,3,4.0
1,4.0,3.0,2.0,7.0,6,8,6,1.0,27.0,0.5,3,2.0
2,4.0,3.0,2.0,4.0,6,8,6,2.0,53.0,0.0,3,1.5
2,5.0,3.0,2.0,6.0,6,8,6,2.0,45.0,0.3333333333333333,3,3.0
3,5.0,4.0,2.0,8.0,6,8,6,3.0,55.0,0.0,3,3.0
3,6.0,4.0,2.0,6.0,6,8,6,2.0,54.0,0.0,3,4.0
2,6.0,3.0,2.0,6.0,6,8,6,2.0,48.0,0.2,3,5.0
2,5.0,3.0,2.0,8.0,6,8,6,0.0,70.0,0.0,3,1.0
3,6.0,4.0,2.0,3.0,6,8,6,3.0,46.0,0.4,3,5.0
1,6.0,2.0,2.0,1.0,6,8,6,1.0,55.0,0.0,3,1.0
1,4.0,1.0,2.0,1.0,6,8,6,1.0,67.0,0.0,3,1.0
2,6.0,4.0,2.0,3.0,6,8,6,2.0,57.0,0.3333333333333333,3,3.0
2,5.0,3.0,2.0,6.0,6,8,6,2.0,44.0,0.3333333333333333,3,6.0
2,5.0,5.0,2.0,10.0,6,8,6,3.0,53.0,0.0,3,3.0
2,5.0,4.0,2.0,3.0,6,8,6,2.0,76.0,0.0,3,2.0
1,6.0,2.0,2.0,1.0,6,8,6,1.0,51.0,0.0,3,1.0
2,4.0,2.0,2.0,5.0,6,8,6,2.0,29.0,0.6,3,5.0
3,6.0,3.0,2.0,4.0,6,8,6,3.0,49.0,0.0,3,4.0
1,6.0,2.0,2.0,3.0,6,8,6,0.0,91.0,0.0,3,1.0
2,6.0,2.0,2.0,5.0,6,8,6,2.0,49.0,0.0,3,2.0
3,4.0,4.0,2.0,6.0,6,8,6,3.0,36.0,0.4,3,5.0
1,6.0,2.0,2.0,3.0,6,8,6,1.0,45.0,0.0,3,1.0
3,6.0,2.0,2.0,1.0,6,8,6,3.0,51.0,0.25,3,4.0
2,5.0,4.0,2.0,6.0,6,8,6,2.0,45.0,0.0,3,2.0
2,4.0,5.0,2.0,6.0,6,8,6,2.0,63.0,0.0,3,2.0
2,6.0,2.0,2.0,6.0,6,8,6,2.0,53.0,0.0,3,4.0
2,5.0,2.0,2.0,1.0,6,8,6,2.0,74.0,0.0,3,2.0
2,4.0,2.0,2.0,6.0,6,8,6,1.0,51.0,0.0,3,2.0
2,6.0,5.0,2.0,9.0,6,8,6,2.0,70.0,0.3333333333333333,3,3.0
2,4.0,6.0,2.0,10.0,6,8,6,3.0,55.0,0.0,3,3.0
1,6.0,2.0,2.0,3.0,6,8,6,1.0,63.0,0.0,3,1.0
2,6.0,4.0,2.0,5.0,6,8,6,2.0,73.0,0.0,3,2.0
2,6.0,2.0,2.0,6.0,6,8,6,2.0,65.0,0.0,3,2.0
3,6.0,2.0,2.0,4.0,6,8,6,3.0,38.0,0.4,3,5.0
1,6.0,2.0,2.0,1.0,6,8,6,1.0,75.0,0.0,3,1.0
2,4.0,5.0,2.0,5.0,6,8,6,2.0,52.0,0.0,3,3.0
2,4.0,3.0,2.0,6.0,6,8,6,2.0,37.0,0.25,3,0.6666666666666666
2,6.0,3.0,2.0,6.0,6,8,6,2.0,34.0,0.3333333333333333,3,3.0
1,6.0,2.0,2.0,3.0,6,8,6,2.0,60.0,0.0,3,2.0
3,4.0,3.0,2.0,4.0,6,8,6,3.0,64.0,0.375,3,8.0
3,3.0,4.0,2.0,8.0,6,8,6,1.0,85.0,0.0,3,3.0
1,5.0,3.0,2.0,6.0,6,8,6,0.0,57.0,0.0,3,3.0
1,2.0,5.0,2.0,8.0,6,8,6,1.0,45.0,0.0,3,2.0
2,5.0,5.0,2.0,8.0,6,8,6,2.0,78.0,0.25,3,4.0
1,5.0,3.0,2.0,6.0,6,8,6,1.0,44.0,0.0,3,3.0
2,3.0,5.0,2.0,6.0,6,8,6,0.0,81.0,0.0,3,3.0
3,5.0,4.0,2.0,4.0,6,8,6,3.0,66.0,0.2,3,5.0
3,5.0,4.0,2.0,6.0,6,8,6,2.0,47.0,0.2,3,5.0
1,5.0,2.0,2.0,6.0,6,8,6,0.0,69.0,0.0,3,2.0
3,3.0,7.0,2.0,10.0,6,8,6,2.0,61.0,0.0,3,4.0
3,2.0,5.0,2.0,6.0,6,8,6,2.0,61.0,0.0,3,4.0
1,2.0,5.0,2.0,9.0,6,8,6,1.0,67.0,0.0,3,2.0
1,3.0,5.0,2.0,10.0,6,8,6,0.0,68.0,0.0,3,2.0
2,2.0,4.0,2.0,8.0,6,8,6,2.0,54.0,0.3333333333333333,3,3.0
1,5.0,2.0,2.0,3.0,6,8,6,0.0,56.0,0.3333333333333333,3,1.0
1,5.0,2.0,2.0,3.0,6,8,6,1.0,64.0,0.0,3,0.25
3,5.0,2.0,2.0,5.0,6,8,6,3.0,50.0,0.1666666666666666,3,6.0
2,5.0,1.0,2.0,6.0,6,8,6,0.0,81.0,0.0,3,2.0
1,3.0,5.0,2.0,10.0,6,8,6,1.0,28.0,0.0,3,2.0
3,3.0,6.0,2.0,10.0,6,8,6,2.0,69.0,0.0,3,3.0
1,2.0,2.0,2.0,10.0,6,8,6,0.0,70.0,0.0,3,1.0
2,5.0,3.0,2.0,5.0,6,8,6,0.0,69.0,0.0,3,2.0
1,5.0,4.0,2.0,10.0,6,8,6,1.0,64.0,0.0,3,5.0
3,1.0,6.0,2.0,10.0,6,8,6,3.0,65.0,0.0,3,4.0
3,5.0,5.0,2.0,6.0,6,8,6,1.0,58.0,0.0,3,3.0
3,5.0,3.0,2.0,6.0,6,8,6,3.0,59.0,0.25,3,4.0
1,5.0,5.0,2.0,8.0,3,8,6,1.0,40.0,0.2,3,5.0
2,6.0,3.0,2.0,6.0,3,8,6,1.0,46.0,0.3333333333333333,3,3.0
2,5.0,3.0,2.0,6.0,3,8,6,2.0,55.0,0.0,3,2.0
1,2.0,5.0,2.0,3.0,3,8,6,1.0,58.0,0.0,3,1.0
2,5.0,1.0,2.0,4.0,3,8,6,2.0,56.0,0.0,3,3.0
1,5.0,2.0,2.0,6.0,6,8,6,1.0,57.0,0.0,3,0.5
3,5.0,4.0,2.0,4.0,6,8,6,3.0,54.0,0.0,3,4.0
1,1.0,3.0,2.0,6.0,6,8,6,1.0,41.0,0.0,3,3.0
3,5.0,1.0,2.0,6.0,6,8,6,2.0,39.0,0.3333333333333333,3,6.0
2,5.0,5.0,2.0,5.0,3,8,6,2.0,72.0,0.3333333333333333,3,3.0
2,5.0,5.0,2.0,8.0,5,8,6,1.0,54.0,0.0,3,5.0
1,5.0,3.0,2.0,8.0,5,8,6,1.0,35.0,0.0,3,0.5
2,6.0,4.0,2.0,8.0,5,8,6,1.0,61.0,0.0,3,3.0
2,3.0,2.0,2.0,10.0,5,8,6,2.0,60.0,0.0,3,2.0
1,5.0,1.0,2.0,7.0,5,8,6,1.0,32.0,0.0,3,2.0
2,5.0,3.0,2.0,10.0,5,8,6,2.0,32.0,0.0,3,4.0
3,3.0,5.0,2.0,10.0,5,8,6,2.0,61.0,0.0,3,5.0
1,3.0,5.0,2.0,10.0,5,8,6,1.0,47.0,0.0,3,3.0
2,3.0,5.0,2.0,10.0,5,8,6,3.0,65.0,0.0,3,3.0
1,3.0,2.0,2.0,6.0,5,8,6,0.0,74.0,0.0,3,1.0
1,5.0,5.0,2.0,8.0,5,8,6,0.0,86.0,0.0,3,1.0
1,5.0,5.0,2.0,6.0,5,8,6,1.0,45.0,0.2,3,5.0
2,6.0,1.0,2.0,6.0,5,8,6,2.0,39.0,0.25,3,4.0
1,6.0,1.0,2.0,4.0,5,8,6,1.0,60.0,0.0,3,0.5
1,6.0,1.0,2.0,5.0,5,8,6,0.0,73.0,0.0,3,0.5
2,5.0,2.0,2.0,10.0,5,8,6,2.0,71.0,0.0,3,2.0
2,5.0,5.0,2.0,8.0,5,8,6,3.0,71.0,0.0,3,3.0
3,3.0,6.0,2.0,8.0,5,8,6,2.0,51.0,0.0,3,3.0
1,5.0,2.0,2.0,7.0,5,8,6,1.0,54.0,0.0,3,4.0
1,5.0,3.0,2.0,8.0,5,8,6,0.0,70.0,0.0,3,2.0
2,5.0,4.0,2.0,8.0,5,8,6,3.0,47.0,0.25,3,4.0
1,6.0,3.0,2.0,5.0,5,8,6,2.0,43.0,0.25,3,4.0
2,6.0,1.0,2.0,5.0,5,8,6,3.0,46.0,0.0,3,3.0
1,5.0,1.0,2.0,3.0,5,8,6,1.0,58.0,0.0,3,2.0
1,6.0,2.0,2.0,3.0,5,8,6,1.0,71.0,0.0,3,2.0
1,6.0,5.0,2.0,4.0,5,8,6,1.0,70.0,0.0,3,1.0
2,6.0,2.0,2.0,3.0,5,8,6,2.0,72.0,0.0,3,2.0
2,6.0,3.0,2.0,6.0,5,8,6,2.0,58.0,0.0,3,5.0
2,5.0,4.0,2.0,8.0,5,8,6,1.0,49.0,0.0,3,2.0
1,6.0,2.0,2.0,6.0,5,8,6,1.0,41.0,0.0,3,2.0
3,6.0,2.0,2.0,8.0,5,8,6,3.0,68.0,0.0,3,3.0
1,5.0,2.0,2.0,6.0,5,8,6,1.0,39.0,0.0,3,1.0
1,5.0,3.0,2.0,6.0,5,8,6,3.0,31.0,0.25,3,4.0
2,6.0,3.0,2.0,1.0,5,8,6,2.0,85.0,0.0,3,2.0
1,5.0,3.0,2.0,3.0,5,8,6,1.0,42.0,0.0,3,1.0
2,5.0,2.0,2.0,4.0,5,8,6,2.0,56.0,0.0,3,2.0
1,6.0,5.0,2.0,1.0,5,8,6,1.0,69.0,0.0,3,0.1428571428571428
2,6.0,3.0,2.0,4.0,5,8,6,2.0,51.0,0.0,3,3.0
2,6.0,6.0,2.0,6.0,5,8,6,2.0,32.0,0.3333333333333333,3,3.0
1,6.0,3.0,2.0,3.0,5,8,6,0.0,71.0,0.0,3,1.0
1,4.0,2.0,2.0,3.0,7,8,6,0.0,78.0,0.0,3,1.0
2,6.0,1.0,2.0,6.0,7,8,6,2.0,55.0,0.5,3,0.6666666666666666
1,4.0,3.0,2.0,3.0,7,8,6,2.0,34.0,0.5,3,4.0
1,4.0,2.0,2.0,4.0,7,8,6,1.0,41.0,0.0,3,2.0
2,4.0,2.0,2.0,3.0,7,8,6,2.0,61.0,0.0,3,2.0
3,5.0,2.0,2.0,8.0,4,8,6,2.0,37.0,0.25,3,2.0
2,6.0,3.0,2.0,1.0,4,8,6,1.0,74.0,0.0,3,3.0
2,3.0,3.0,2.0,7.0,4,8,6,2.0,42.0,0.3333333333333333,3,3.0
1,5.0,2.0,2.0,1.0,4,8,6,0.0,62.0,0.0,3,1.0
1,4.0,3.0,2.0,1.0,4,8,6,0.0,84.0,0.0,3,1.0
1,5.0,5.0,2.0,6.0,4,8,6,0.0,66.0,0.0,3,1.0
1,5.0,3.0,2.0,6.0,4,8,6,3.0,50.0,0.0,3,4.0
1,6.0,1.0,2.0,1.0,4,8,6,0.0,62.0,0.0,3,1.0
3,6.0,2.0,2.0,6.0,4,8,6,3.0,49.0,0.0,3,5.0
3,6.0,3.0,2.0,4.0,7,8,6,2.0,52.0,0.1428571428571428,3,7.0
1,5.0,4.0,2.0,4.0,7,8,6,1.0,61.0,0.0,3,2.0
1,5.0,2.0,2.0,4.0,7,8,6,1.0,47.0,0.0,3,2.0
2,6.0,3.0,2.0,1.0,1,8,6,2.0,65.0,0.0,3,5.0
1,6.0,2.0,2.0,6.0,1,8,6,2.0,40.0,0.6,3,5.0
2,6.0,3.0,2.0,4.0,1,8,6,2.0,63.0,0.0,3,2.0
2,6.0,2.0,2.0,3.0,1,8,6,2.0,83.0,0.0,3,2.0
1,6.0,2.0,2.0,3.0,1,8,6,1.0,40.0,0.3333333333333333,3,0.5
1,6.0,1.0,2.0,1.0,4,8,6,0.0,87.0,0.0,3,1.0
1,6.0,1.0,2.0,3.0,4,8,6,1.0,71.0,0.0,3,1.0
2,6.0,2.0,2.0,3.0,4,8,6,2.0,34.0,0.3333333333333333,3,3.0
2,6.0,3.0,2.0,3.0,4,8,6,3.0,67.0,0.0,3,3.0
2,6.0,2.0,2.0,4.0,4,8,6,2.0,56.0,0.0,3,0.3333333333333333
2,6.0,2.0,2.0,3.0,4,8,6,2.0,49.0,0.0,3,2.0
1,6.0,2.0,2.0,1.0,4,8,6,2.0,67.0,0.0,3,2.0
2,6.0,3.0,2.0,1.0,4,8,6,3.0,55.0,0.25,3,4.0
2,6.0,3.0,2.0,3.0,4,8,6,2.0,53.0,0.0,3,4.0
2,6.0,3.0,2.0,3.0,4,8,6,2.0,57.0,0.0,3,2.0
2,6.0,6.0,2.0,3.0,4,8,6,2.0,77.0,0.0,3,2.0
1,6.0,1.0,2.0,3.0,4,8,6,0.0,57.0,0.0,3,1.0
1,6.0,4.0,2.0,3.0,4,8,6,1.0,50.0,0.0,3,4.0
1,6.0,1.0,2.0,3.0,4,8,6,1.0,75.0,0.0,3,2.0
2,6.0,3.0,2.0,3.0,4,8,6,2.0,89.0,0.0,3,4.0
2,6.0,4.0,2.0,5.0,4,8,6,2.0,49.0,0.0,3,2.0
2,6.0,3.0,2.0,6.0,4,8,6,2.0,36.0,0.3333333333333333,3,3.0
2,6.0,2.0,2.0,4.0,4,8,6,2.0,50.0,0.3333333333333333,3,3.0
1,6.0,2.0,2.0,3.0,7,8,6,1.0,38.0,0.0,3,0.125
1,6.0,2.0,2.0,4.0,7,8,6,2.0,66.0,0.0,3,2.0
2,5.0,2.0,2.0,3.0,7,8,6,2.0,61.0,0.0,3,3.0
1,6.0,1.0,2.0,3.0,7,8,6,1.0,62.0,0.0,3,2.0
2,5.0,3.0,2.0,4.0,7,8,6,1.0,59.0,0.0,3,4.0
3,4.0,4.0,2.0,3.0,7,8,6,3.0,72.0,0.0,3,3.0
3,5.0,4.0,2.0,3.0,7,8,6,3.0,67.0,0.0,3,0.5714285714285714
1,6.0,3.0,2.0,3.0,7,8,6,1.0,71.0,0.0,3,1.0
3,5.0,2.0,2.0,3.0,7,8,6,3.0,35.0,0.3333333333333333,3,1.0
1,5.0,3.0,2.0,4.0,7,8,6,1.0,87.0,0.0,3,0.1666666666666666
2,6.0,3.0,2.0,4.0,7,8,6,2.0,37.0,0.0,3,3.0
3,6.0,3.0,2.0,4.0,7,8,6,3.0,50.0,0.4,3,5.0
1,6.0,3.0,2.0,4.0,7,8,6,1.0,66.0,0.0,3,0.1666666666666666
1,5.0,1.0,2.0,4.0,7,8,6,1.0,45.0,0.0,3,5.0
3,6.0,2.0,2.0,4.0,7,8,6,3.0,38.0,0.0,3,3.0
2,2.0,3.0,2.0,8.0,8,8,6,0.0,52.0,0.0,3,2.0
1,3.0,4.0,2.0,3.0,8,8,6,0.0,83.0,0.0,3,1.0
1,3.0,4.0,2.0,8.0,8,8,6,0.0,76.0,0.0,3,2.0
3,2.0,3.0,2.0,8.0,8,8,6,2.0,78.0,0.0,3,4.0
1,5.0,4.0,2.0,8.0,8,8,6,1.0,61.0,0.0,3,2.0
2,3.0,6.0,2.0,4.0,8,8,6,2.0,60.0,0.0,3,3.0
0,3.0,5.0,2.0,8.0,8,8,6,0.0,83.0,0.0,3,2.0
2,5.0,4.0,2.0,8.0,8,8,6,2.0,67.0,0.0,3,3.0
1,3.0,5.0,2.0,8.0,8,8,6,0.0,65.0,0.0,3,1.0
3,5.0,7.0,2.0,3.0,8,8,6,1.0,58.0,0.1666666666666666,3,6.0
1,5.0,4.0,2.0,3.0,8,8,6,1.0,70.0,0.0,3,1.0
2,5.0,4.0,2.0,6.0,8,8,6,2.0,30.0,0.0,3,2.0
2,6.0,3.0,2.0,3.0,8,8,6,2.0,36.0,0.3333333333333333,3,1.0
3,3.0,6.0,2.0,4.0,8,8,6,3.0,71.0,0.1428571428571428,3,7.0
1,5.0,5.0,2.0,6.0,8,8,6,1.0,48.0,0.0,3,0.4285714285714285
2,5.0,4.0,2.0,3.0,8,8,6,1.0,89.0,0.0,3,2.0
3,5.0,5.0,2.0,6.0,8,8,6,3.0,66.0,0.0,3,3.0
2,5.0,5.0,2.0,4.0,8,8,6,2.0,70.0,0.2,3,5.0
3,3.0,5.0,2.0,7.0,8,8,6,1.0,67.0,0.0,3,4.0
2,3.0,2.0,2.0,8.0,8,8,6,2.0,49.0,0.0,3,2.0
2,3.0,3.0,2.0,6.0,8,8,6,1.0,37.0,0.0,3,2.0
2,1.0,4.0,2.0,8.0,8,8,6,1.0,74.0,0.0,3,3.0
1,3.0,2.0,2.0,6.0,8,8,6,1.0,21.0,0.3333333333333333,3,3.0
2,1.0,3.0,2.0,8.0,8,8,6,1.0,76.0,0.0,3,4.0
1,5.0,3.0,2.0,5.0,8,8,6,0.0,76.0,0.0,3,1.0
2,5.0,3.0,2.0,8.0,8,8,6,1.0,74.0,0.0,3,4.0
2,1.0,5.0,2.0,7.0,8,8,6,2.0,46.0,0.0,3,2.0
2,2.0,4.0,2.0,6.0,8,8,6,2.0,72.0,0.0,3,3.0
2,5.0,5.0,2.0,3.0,8,8,6,0.0,72.0,0.0,3,2.0
1,3.0,3.0,2.0,6.0,8,8,6,0.0,68.0,0.0,3,2.0
2,3.0,2.0,2.0,6.0,8,8,6,1.0,72.0,0.0,3,2.0
1,3.0,3.0,2.0,6.0,8,8,6,1.0,62.0,0.0,3,2.0
2,3.0,7.0,2.0,6.0,8,8,6,1.0,50.0,0.0,3,3.0
3,5.0,3.0,2.0,5.0,8,8,6,3.0,53.0,0.0,3,4.0
3,5.0,3.0,2.0,6.0,8,8,6,2.0,34.0,0.2,3,5.0
2,6.0,1.0,2.0,10.0,6,8,6,2.0,50.0,0.0,3,2.0
1,6.0,6.0,2.0,6.0,6,8,6,1.0,62.0,0.0,3,1.0
1,6.0,3.0,2.0,6.0,6,8,6,1.0,55.0,0.0,3,3.0
1,6.0,1.0,2.0,3.0,6,8,6,1.0,72.0,0.0,3,3.0
3,5.0,4.0,2.0,6.0,6,8,6,3.0,62.0,0.0,3,5.0
3,2.0,5.0,2.0,8.0,6,8,6,3.0,59.0,0.0,3,4.0
2,5.0,1.0,2.0,10.0,6,8,6,2.0,66.0,0.0,3,2.0
1,5.0,3.0,2.0,10.0,6,8,6,1.0,35.0,0.0,3,1.0
3,3.0,5.0,2.0,9.0,6,8,6,2.0,67.0,0.0,3,3.0
2,5.0,3.0,2.0,8.0,6,8,6,2.0,40.0,0.0,3,3.0
1,4.0,2.0,2.0,5.0,6,8,6,1.0,64.0,0.0,3,0.5
1,5.0,2.0,2.0,5.0,6,8,6,0.0,69.0,0.0,3,1.0
2,6.0,3.0,2.0,6.0,6,8,6,1.0,70.0,0.0,3,2.0
3,4.0,5.0,2.0,10.0,6,8,6,2.0,34.0,0.0,3,5.0
2,5.0,4.0,2.0,3.0,6,8,6,1.0,67.0,0.0,3,2.5
2,4.0,2.0,2.0,8.0,6,8,6,2.0,53.0,0.3333333333333333,3,1.5
2,5.0,3.0,2.0,8.0,6,8,6,1.0,65.0,0.0,3,2.0
2,5.0,4.0,2.0,10.0,6,8,6,0.0,74.0,0.0,3,2.0
1,5.0,3.0,2.0,8.0,6,8,6,2.0,44.0,0.0,3,4.0
3,4.0,7.0,2.0,6.0,6,8,6,3.0,46.0,0.2,3,5.0
2,4.0,7.0,2.0,3.0,6,8,6,2.0,55.0,0.0,3,2.0
1,4.0,2.0,2.0,1.0,6,8,6,1.0,71.0,0.0,3,1.0
1,6.0,6.0,2.0,3.0,6,8,6,1.0,64.0,0.0,3,1.0
1,5.0,1.0,2.0,3.0,6,8,6,1.0,71.0,0.0,3,0.5
2,4.0,6.0,2.0,4.0,6,8,6,2.0,73.0,0.0,3,2.0
2,4.0,2.0,2.0,6.0,6,8,6,2.0,37.0,0.0,3,2.0
1,4.0,4.0,2.0,6.0,6,8,6,1.0,63.0,0.0,3,6.0
2,5.0,5.0,2.0,9.0,6,8,6,2.0,69.0,0.0,3,2.0
2,3.0,2.0,2.0,6.0,7,8,6,2.0,55.0,0.0,3,1.0
1,5.0,3.0,2.0,6.0,7,8,6,1.0,46.0,0.0,3,3.0
2,6.0,3.0,2.0,3.0,6,8,6,2.0,62.0,0.3333333333333333,3,3.0
1,6.0,1.0,2.0,6.0,6,8,6,1.0,30.0,0.0,3,1.0
2,6.0,1.0,2.0,3.0,6,8,6,2.0,60.0,0.0,3,2.0
1,6.0,4.0,2.0,1.0,6,8,6,1.0,62.0,0.0,3,1.0
1,6.0,3.0,2.0,6.0,6,8,6,1.0,58.0,0.0,3,1.0
2,6.0,4.0,2.0,1.0,6,8,6,1.0,68.0,0.0,3,2.0
1,4.0,5.0,2.0,1.0,6,8,6,1.0,67.0,0.0,3,1.0
1,6.0,6.0,2.0,6.0,6,8,6,2.0,55.0,0.0,3,2.0
2,6.0,3.0,2.0,1.0,6,8,6,2.0,72.0,0.0,3,0.3333333333333333
1,6.0,6.0,2.0,3.0,6,8,6,1.0,63.0,0.0,3,0.3333333333333333
3,6.0,4.0,2.0,7.0,6,8,6,3.0,45.0,0.1666666666666666,3,6.0
2,6.0,6.0,2.0,6.0,6,8,6,2.0,63.0,0.0,3,2.0
2,6.0,4.0,2.0,5.0,6,8,6,2.0,65.0,0.0,3,2.0
1,6.0,6.0,2.0,4.0,6,8,6,1.0,68.0,0.0,3,1.0
1,6.0,3.0,2.0,4.0,6,8,6,1.0,67.0,0.0,3,1.0
1,6.0,4.0,2.0,3.0,6,8,6,1.0,60.0,0.0,3,1.0
3,6.0,1.0,2.0,1.0,6,8,6,1.0,85.0,0.25,3,1.0
2,6.0,3.0,2.0,6.0,6,8,6,2.0,42.0,0.4,3,0.8333333333333334
1,6.0,3.0,2.0,4.0,6,8,6,1.0,68.0,0.0,3,1.0
2,6.0,2.0,2.0,5.0,6,8,6,2.0,66.0,0.0,3,3.0
2,6.0,1.0,2.0,4.0,6,8,6,2.0,43.0,0.1666666666666666,3,6.0
2,6.0,1.0,2.0,5.0,6,8,6,2.0,53.0,0.0,3,4.0
2,6.0,2.0,2.0,4.0,6,8,6,1.0,48.0,0.0,3,3.0
1,6.0,2.0,2.0,1.0,6,8,6,1.0,79.0,0.0,3,0.5
2,6.0,1.0,2.0,6.0,6,8,6,3.0,67.0,0.4,3,5.0
2,4.0,4.0,2.0,6.0,6,8,6,3.0,46.0,0.0,3,3.0
1,6.0,6.0,2.0,5.0,6,8,6,2.0,54.0,0.25,3,4.0
3,4.0,4.0,2.0,3.0,6,8,6,3.0,49.0,0.0,3,3.0
2,4.0,5.0,2.0,5.0,6,8,6,2.0,64.0,0.0,3,2.0
1,4.0,2.0,2.0,3.0,6,8,6,1.0,65.0,0.0,3,2.0
1,4.0,4.0,2.0,3.0,6,8,6,1.0,50.0,0.0,3,1.0
2,4.0,3.0,2.0,6.0,6,8,6,3.0,53.0,0.0,3,4.0
1,6.0,1.0,2.0,3.0,7,8,6,1.0,55.0,0.0,3,1.0
2,4.0,3.0,2.0,3.0,7,8,6,2.0,72.0,0.0,3,2.0
1,6.0,2.0,2.0,1.0,7,8,6,1.0,78.0,0.0,3,1.0
2,6.0,4.0,2.0,5.0,7,8,6,1.0,63.0,0.0,3,2.0
1,5.0,3.0,2.0,5.0,7,8,6,2.0,55.0,0.0,3,2.0
1,6.0,2.0,2.0,1.0,7,8,6,1.0,71.0,0.0,3,1.0
2,6.0,1.0,2.0,3.0,7,8,6,1.0,75.0,0.0,3,2.0
2,6.0,2.0,2.0,6.0,7,8,6,3.0,41.0,0.25,3,4.0
1,5.0,1.0,2.0,3.0,5,8,6,0.0,71.0,0.0,3,0.5
2,5.0,4.0,2.0,6.0,5,8,6,2.0,36.0,0.2,3,5.0
2,5.0,2.0,2.0,8.0,5,8,6,2.0,52.0,0.1666666666666666,3,6.0
2,5.0,4.0,2.0,5.0,5,8,6,2.0,49.0,0.0,3,4.0
2,6.0,4.0,2.0,6.0,5,8,6,2.0,42.0,0.2,3,5.0
2,4.0,6.0,2.0,4.0,5,8,6,1.0,71.0,0.0,3,3.0
2,4.0,6.0,2.0,6.0,5,8,6,2.0,45.0,0.0,3,4.0
2,4.0,5.0,2.0,4.0,5,8,6,1.0,58.0,0.0,3,2.0
3,6.0,5.0,2.0,5.0,5,8,6,2.0,52.0,0.4,3,5.0
2,6.0,5.0,2.0,5.0,5,8,6,2.0,65.0,0.0,3,3.0
1,6.0,3.0,2.0,6.0,5,8,6,1.0,77.0,0.0,3,0.1666666666666666
2,6.0,1.0,2.0,1.0,5,8,6,2.0,54.0,0.0,3,0.25
2,6.0,4.0,2.0,7.0,5,8,6,1.0,36.0,0.5,3,0.5
1,6.0,1.0,2.0,1.0,5,8,6,1.0,67.0,0.0,3,0.125
1,4.0,4.0,2.0,6.0,5,8,6,2.0,65.0,0.0,3,3.0
1,4.0,5.0,2.0,3.0,5,8,6,1.0,74.0,0.0,3,1.0
2,4.0,6.0,2.0,3.0,5,8,6,2.0,80.0,0.0,3,2.0
2,6.0,3.0,2.0,5.0,5,8,6,2.0,63.0,0.0,3,2.0
1,4.0,2.0,2.0,3.0,5,8,6,1.0,91.0,0.0,3,1.0
1,5.0,3.0,2.0,3.0,5,8,6,1.0,49.0,0.0,3,1.0
1,4.0,7.0,2.0,3.0,5,8,6,1.0,79.0,0.0,3,1.0
2,4.0,4.0,2.0,4.0,5,8,6,2.0,67.0,0.0,3,2.0
2,6.0,2.0,2.0,5.0,5,8,6,1.0,50.0,0.0,3,3.0
2,5.0,7.0,2.0,4.0,5,8,6,1.0,45.0,0.5,3,4.0
3,4.0,5.0,2.0,4.0,5,8,6,1.0,67.0,0.0,3,3.0
1,4.0,4.0,2.0,4.0,5,8,6,1.0,68.0,0.0,3,1.0
1,6.0,4.0,2.0,1.0,5,8,6,1.0,82.0,0.0,3,1.0
2,6.0,7.0,2.0,5.0,5,8,6,2.0,58.0,0.0,3,2.0
1,4.0,4.0,2.0,6.0,5,8,6,1.0,57.0,0.0,3,0.3333333333333333
3,6.0,6.0,2.0,3.0,5,8,6,1.0,58.0,0.0,3,0.8333333333333334
2,3.0,6.0,2.0,8.0,7,8,6,1.0,55.0,0.0,3,2.0
3,5.0,3.0,2.0,5.0,7,8,6,3.0,65.0,0.0,3,3.0
2,6.0,1.0,2.0,1.0,7,8,6,3.0,56.0,0.0,3,3.0
1,6.0,1.0,2.0,5.0,7,8,6,1.0,65.0,0.0,3,1.0
1,3.0,2.0,2.0,5.0,7,8,6,1.0,37.0,0.0,3,1.0
2,3.0,4.0,2.0,6.0,7,8,6,2.0,66.0,0.0,3,2.0
1,5.0,2.0,2.0,4.0,7,8,6,1.0,73.0,0.0,3,1.0
1,5.0,4.0,2.0,3.0,7,8,6,0.0,52.0,0.0,3,2.0
3,3.0,5.0,2.0,9.0,7,8,6,3.0,58.0,0.0,3,3.0
3,3.0,3.0,2.0,10.0,7,8,6,2.0,71.0,0.0,3,4.0
1,5.0,2.0,2.0,9.0,7,8,6,0.0,61.0,0.0,3,1.0
1,3.0,4.0,2.0,8.0,7,8,6,1.0,67.0,0.0,3,1.0
2,5.0,3.0,2.0,6.0,7,8,6,1.0,39.0,0.5,3,4.0
3,3.0,6.0,2.0,8.0,7,8,6,2.0,51.0,0.1666666666666666,3,6.0
2,5.0,4.0,2.0,10.0,7,8,6,1.0,40.0,0.0,3,4.0
1,3.0,3.0,2.0,4.0,7,8,6,0.0,87.0,0.0,3,4.0
1,6.0,1.0,2.0,3.0,5,8,6,1.0,72.0,0.0,3,0.1428571428571428
2,5.0,4.0,2.0,1.0,5,8,6,2.0,60.0,0.0,3,2.0
1,5.0,4.0,2.0,3.0,5,8,6,0.0,81.0,0.0,3,4.0
3,6.0,4.0,2.0,3.0,5,8,6,2.0,98.0,0.0,3,1.5
2,5.0,7.0,2.0,6.0,7,8,6,1.0,60.0,0.0,3,2.0
3,5.0,3.0,2.0,6.0,7,8,6,3.0,55.0,0.0,3,3.0
3,5.0,3.0,2.0,10.0,7,8,6,3.0,68.0,0.2,3,5.0
2,6.0,2.0,2.0,3.0,7,8,6,1.0,54.0,0.0,3,2.0
1,6.0,3.0,2.0,3.0,7,8,6,1.0,62.0,0.0,3,1.0
2,5.0,6.0,2.0,3.0,5,8,6,1.0,78.0,0.0,3,2.0
2,6.0,2.0,2.0,1.0,5,8,6,2.0,70.0,0.0,3,0.3333333333333333
1,6.0,3.0,2.0,3.0,5,8,6,1.0,25.0,0.0,3,1.0
1,6.0,2.0,2.0,6.0,5,8,6,1.0,43.0,0.0,3,1.0
1,6.0,3.0,2.0,5.0,5,8,6,1.0,82.0,0.0,3,0.125
2,5.0,6.0,2.0,4.0,5,8,6,2.0,83.0,0.0,3,3.0
1,6.0,2.0,2.0,3.0,5,8,6,1.0,79.0,0.0,3,1.0
2,6.0,6.0,2.0,3.0,5,8,6,2.0,76.0,0.0,3,2.0
2,6.0,3.0,2.0,3.0,5,8,6,3.0,50.0,0.3333333333333333,3,6.0
1,6.0,6.0,2.0,3.0,5,8,6,1.0,43.0,0.0,3,1.0
1,6.0,3.0,2.0,3.0,5,8,6,1.0,38.0,0.1428571428571428,3,1.1666666666666667
1,6.0,3.0,2.0,1.0,5,8,6,1.0,51.0,0.0,3,0.1666666666666666
1,6.0,6.0,2.0,3.0,5,8,6,1.0,56.0,0.0,3,0.3333333333333333
2,3.0,3.0,2.0,10.0,7,8,6,1.0,65.0,0.0,3,2.0
2,5.0,4.0,2.0,4.0,7,8,6,2.0,46.0,0.25,3,4.0
3,5.0,3.0,2.0,4.0,7,8,6,3.0,45.0,0.3333333333333333,3,6.0
2,6.0,4.0,2.0,5.0,7,8,6,0.0,79.0,0.0,3,2.0
3,6.0,2.0,2.0,4.0,7,8,6,3.0,41.0,0.0,3,4.0
1,5.0,2.0,2.0,8.0,2,8,6,1.0,58.0,0.0,3,0.1428571428571428
1,3.0,4.0,2.0,5.0,2,8,6,0.0,77.0,0.0,3,1.0
2,3.0,5.0,2.0,6.0,2,8,6,0.0,62.0,0.0,3,2.0
2,5.0,3.0,2.0,5.0,2,8,6,2.0,55.0,0.0,3,2.0
2,3.0,3.0,2.0,4.0,2,8,6,0.0,82.0,0.0,3,2.0
2,5.0,3.0,2.0,10.0,2,8,6,1.0,43.0,0.3333333333333333,3,3.0
2,5.0,2.0,2.0,5.0,2,8,6,2.0,82.0,0.0,3,3.0
3,5.0,3.0,2.0,6.0,2,8,6,2.0,61.0,0.0,3,4.0
2,3.0,4.0,2.0,10.0,2,8,6,2.0,59.0,0.0,3,3.0
1,5.0,5.0,2.0,10.0,2,8,6,1.0,60.0,0.0,3,2.0
2,3.0,5.0,2.0,10.0,2,8,6,1.0,63.0,0.0,3,2.0
1,3.0,2.0,2.0,7.0,2,8,6,1.0,57.0,0.0,3,1.0
2,3.0,3.0,2.0,8.0,2,8,6,2.0,62.0,0.0,3,2.0
2,5.0,4.0,2.0,6.0,2,8,6,0.0,62.0,0.0,3,2.0
3,3.0,6.0,2.0,10.0,2,8,6,0.0,71.0,0.0,3,3.0
2,3.0,3.0,2.0,8.0,2,8,6,1.0,66.0,0.0,3,2.0
2,5.0,2.0,2.0,6.0,2,8,6,1.0,56.0,0.3333333333333333,3,3.0
1,5.0,2.0,2.0,6.0,2,8,6,1.0,72.0,0.0,3,1.0
2,3.0,3.0,2.0,8.0,2,8,6,2.0,64.0,0.0,3,3.0
2,5.0,4.0,2.0,5.0,2,8,6,2.0,66.0,0.0,3,2.0
2,5.0,3.0,2.0,6.0,2,8,6,1.0,71.0,0.0,3,2.0
2,1.0,3.0,2.0,4.0,2,8,6,0.0,79.0,0.0,3,2.0
3,5.0,4.0,2.0,3.0,2,8,6,1.0,91.0,0.3333333333333333,3,6.0
2,5.0,3.0,2.0,8.0,2,8,6,2.0,43.0,0.25,3,4.0
1,5.0,3.0,2.0,8.0,2,8,6,1.0,44.0,0.0,3,4.0
2,3.0,4.0,2.0,6.0,2,8,6,2.0,38.0,0.25,3,4.0
3,3.0,6.0,2.0,6.0,2,8,6,2.0,72.0,0.25,3,8.0
2,3.0,4.0,2.0,10.0,2,8,6,2.0,62.0,0.0,3,2.0
1,3.0,5.0,2.0,10.0,2,8,6,0.0,78.0,0.0,3,1.0
1,3.0,2.0,2.0,3.0,2,8,6,0.0,78.0,0.0,3,1.0
1,5.0,6.0,2.0,10.0,2,8,6,0.0,75.0,0.0,3,1.0
3,5.0,1.0,2.0,1.0,2,8,6,1.0,85.0,0.0,3,0.6
2,5.0,4.0,2.0,8.0,2,8,6,1.0,30.0,0.4,3,5.0
3,5.0,5.0,2.0,6.0,2,8,6,3.0,46.0,0.0,3,3.0
2,5.0,3.0,2.0,8.0,2,8,6,2.0,46.0,0.2,3,1.25
2,5.0,4.0,2.0,6.0,2,8,6,2.0,31.0,0.25,3,1.0
2,5.0,4.0,2.0,6.0,2,8,6,1.0,35.0,0.4545454545454545,3,2.75
1,5.0,1.0,2.0,6.0,2,8,6,1.0,74.0,0.0,3,1.0
2,2.0,5.0,2.0,8.0,2,8,6,2.0,47.0,0.0,3,2.0
1,5.0,3.0,2.0,8.0,2,8,6,1.0,58.0,0.0,3,2.0
2,5.0,3.0,2.0,5.0,2,8,6,2.0,65.0,0.0,3,3.0
3,5.0,5.0,2.0,7.0,2,8,6,2.0,34.0,0.3333333333333333,3,6.0
1,3.0,3.0,2.0,10.0,2,8,6,1.0,70.0,0.0,3,1.0
1,5.0,3.0,2.0,6.0,2,8,6,0.0,68.0,0.0,3,1.0
2,5.0,1.0,2.0,6.0,2,8,6,2.0,35.0,0.5,3,1.0
1,3.0,3.0,2.0,9.0,2,8,6,1.0,38.0,0.0,3,0.75
2,3.0,4.0,2.0,6.0,2,8,6,2.0,45.0,0.25,3,4.0
2,5.0,3.0,2.0,1.0,2,8,6,0.0,75.0,0.3333333333333333,3,3.0
3,5.0,4.0,2.0,8.0,2,8,6,3.0,57.0,0.25,3,4.0
1,5.0,5.0,2.0,1.0,2,8,6,1.0,67.0,0.0,3,1.0
2,3.0,5.0,2.0,7.0,2,8,6,1.0,24.0,0.0,3,2.0
3,3.0,5.0,2.0,6.0,2,8,6,3.0,54.0,0.0,3,4.0
1,5.0,3.0,2.0,3.0,2,8,6,0.0,69.0,0.0,3,1.0
3,5.0,4.0,2.0,6.0,2,8,6,3.0,41.0,0.25,3,8.0
2,3.0,3.0,2.0,7.0,2,8,6,2.0,25.0,0.0,3,3.0
2,5.0,2.0,2.0,5.0,2,8,6,1.0,40.0,0.6,3,5.0
1,5.0,3.0,2.0,5.0,2,8,6,1.0,41.0,0.0,3,3.0
2,3.0,5.0,2.0,7.0,2,8,6,3.0,59.0,0.0,3,4.0
2,5.0,3.0,2.0,5.0,2,8,6,3.0,46.0,0.0,3,4.0
2,3.0,7.0,2.0,6.0,2,8,6,2.0,53.0,0.0,3,3.0
2,5.0,5.0,2.0,6.0,2,8,6,2.0,46.0,0.2,3,5.0
2,5.0,3.0,2.0,3.0,2,8,6,1.0,74.0,0.0,3,2.0
1,5.0,2.0,2.0,6.0,2,8,6,1.0,60.0,0.0,3,1.0
2,5.0,3.0,2.0,7.0,2,8,6,2.0,42.0,0.5,3,4.0
3,6.0,4.0,2.0,6.0,2,8,6,3.0,48.0,0.0,3,0.5714285714285714
2,5.0,3.0,2.0,5.0,2,8,6,1.0,72.0,0.0,3,3.0
2,5.0,2.0,2.0,6.0,5,8,6,2.0,50.0,0.3333333333333333,3,3.0
2,5.0,5.0,2.0,6.0,5,8,6,3.0,58.0,0.0,3,3.0
2,1.0,5.0,2.0,6.0,5,8,6,1.0,60.0,0.0,3,2.0
2,3.0,3.0,2.0,10.0,5,8,6,0.0,78.0,0.0,3,2.0
2,2.0,3.0,2.0,10.0,5,8,6,2.0,57.0,0.3333333333333333,3,3.0
2,2.0,3.0,2.0,8.0,5,8,6,0.0,85.0,0.0,3,2.0
2,2.0,6.0,2.0,10.0,5,8,6,3.0,51.0,0.0,3,4.0
2,2.0,3.0,2.0,10.0,5,8,6,1.0,70.0,0.0,3,2.0
2,5.0,4.0,2.0,8.0,5,8,6,2.0,66.0,0.0,3,6.0
1,5.0,4.0,2.0,8.0,5,8,6,1.0,37.0,0.0,3,2.0
3,5.0,4.0,2.0,5.0,5,8,6,1.0,76.0,0.0,3,4.0
3,3.0,3.0,2.0,9.0,5,8,6,2.0,53.0,0.0,3,4.0
1,5.0,4.0,2.0,5.0,5,8,6,1.0,61.0,0.0,3,1.0
2,5.0,7.0,2.0,3.0,5,8,6,1.0,79.0,0.0,3,2.0
2,5.0,2.0,2.0,6.0,5,8,6,1.0,30.0,0.5,3,4.0
2,4.0,1.0,2.0,3.0,5,8,6,1.0,73.0,0.0,3,1.0
2,5.0,4.0,2.0,6.0,5,8,6,2.0,56.0,0.0,3,2.0
2,4.0,3.0,2.0,1.0,5,8,6,2.0,85.0,0.0,3,2.0
2,6.0,4.0,2.0,3.0,5,8,6,2.0,87.0,0.0,3,3.0
1,3.0,6.0,2.0,10.0,5,8,6,1.0,37.0,0.0,3,2.0
2,5.0,3.0,2.0,6.0,5,8,6,1.0,40.0,0.3333333333333333,3,3.0
3,6.0,2.0,2.0,4.0,5,8,6,3.0,56.0,0.0,3,3.0
1,6.0,1.0,2.0,6.0,5,8,6,0.0,46.0,0.0,3,1.0
2,6.0,4.0,2.0,6.0,5,8,6,3.0,67.0,0.25,3,4.0
1,5.0,3.0,2.0,3.0,7,8,6,1.0,63.0,0.0,3,1.0
1,5.0,2.0,2.0,1.0,7,8,6,0.0,91.0,0.0,3,0.5
2,6.0,3.0,2.0,8.0,7,8,6,1.0,55.0,0.0,3,2.0
2,5.0,1.0,2.0,6.0,7,8,6,1.0,41.0,0.0,3,1.5
3,5.0,4.0,2.0,5.0,5,8,6,2.0,45.0,0.0,3,4.0
2,4.0,3.0,2.0,3.0,5,8,6,2.0,64.0,0.0,3,2.0
3,6.0,2.0,2.0,6.0,5,8,6,3.0,33.0,0.2,3,5.0
1,5.0,2.0,2.0,3.0,5,8,6,1.0,62.0,0.0,3,1.0
2,6.0,3.0,2.0,7.0,5,8,6,1.0,70.0,0.0,3,3.0
2,5.0,6.0,2.0,5.0,5,8,6,2.0,73.0,0.0,3,4.0
2,6.0,4.0,2.0,4.0,5,8,6,2.0,57.0,0.2,3,5.0
2,5.0,6.0,2.0,5.0,5,8,6,2.0,35.0,0.0,3,5.0
2,6.0,3.0,2.0,3.0,5,8,6,2.0,71.0,0.0,3,2.0
1,6.0,1.0,2.0,3.0,5,8,6,1.0,71.0,0.0,3,1.0
2,6.0,4.0,2.0,5.0,5,8,6,2.0,58.0,0.0,3,3.0
1,6.0,5.0,2.0,6.0,5,8,6,2.0,50.0,0.2,3,5.0
1,6.0,5.0,2.0,5.0,5,8,6,2.0,34.0,0.0,3,2.0
2,6.0,3.0,2.0,3.0,5,8,6,2.0,76.0,0.0,3,2.0
1,6.0,4.0,2.0,6.0,5,8,6,1.0,66.0,0.0,3,2.0
2,6.0,3.0,2.0,3.0,5,8,6,2.0,76.0,0.3333333333333333,3,3.0
2,4.0,4.0,2.0,5.0,7,8,6,1.0,34.0,0.5,3,0.6666666666666666
1,4.0,1.0,2.0,3.0,7,8,6,1.0,35.0,0.5,3,0.3333333333333333
2,4.0,5.0,2.0,4.0,7,8,6,0.0,33.0,0.4,3,0.8333333333333334
2,4.0,4.0,2.0,5.0,7,8,6,2.0,39.0,0.25,3,4.0
2,4.0,2.0,2.0,5.0,7,8,6,2.0,36.0,0.3333333333333333,3,1.0
2,4.0,1.0,2.0,6.0,7,8,6,2.0,38.0,0.25,3,0.5714285714285714
2,5.0,3.0,2.0,3.0,7,8,6,2.0,42.0,0.4,3,5.0
1,5.0,3.0,2.0,4.0,7,8,6,1.0,55.0,0.0,3,1.0
1,4.0,4.0,2.0,6.0,7,8,6,2.0,57.0,0.0,3,0.3333333333333333
2,4.0,3.0,2.0,4.0,7,8,6,3.0,37.0,0.25,3,0.5714285714285714
2,5.0,2.0,2.0,5.0,7,8,6,1.0,45.0,0.0,3,2.0
1,4.0,3.0,2.0,6.0,7,8,6,1.0,76.0,0.0,3,1.0
3,5.0,3.0,2.0,6.0,7,8,6,2.0,42.0,0.25,3,4.0
1,5.0,4.0,2.0,3.0,7,8,6,2.0,68.0,0.0,3,2.0
1,6.0,1.0,2.0,3.0,1,8,6,0.0,75.0,0.0,3,0.5
2,5.0,4.0,2.0,4.0,1,8,6,2.0,29.0,0.25,3,1.0
2,5.0,4.0,2.0,4.0,1,8,6,1.0,43.0,0.3333333333333333,3,0.75
1,5.0,1.0,2.0,5.0,1,8,6,0.0,38.0,0.5,3,1.0
1,3.0,5.0,2.0,4.0,1,8,6,1.0,78.0,0.0,3,4.0
2,5.0,7.0,2.0,10.0,1,8,6,2.0,28.0,0.4,3,5.0
3,5.0,5.0,2.0,4.0,1,8,6,3.0,72.0,0.0,3,5.0
2,3.0,6.0,2.0,10.0,1,8,6,2.0,46.0,0.0,3,3.0
2,5.0,5.0,2.0,10.0,1,8,6,2.0,47.0,0.3333333333333333,3,3.0
2,1.0,7.0,2.0,8.0,1,8,6,1.0,67.0,0.0,3,3.0
3,5.0,4.0,2.0,8.0,1,8,6,2.0,67.0,0.0,3,3.0
2,2.0,4.0,2.0,4.0,1,8,6,2.0,58.0,0.0,3,2.0
2,2.0,6.0,2.0,4.0,1,8,6,2.0,48.0,0.0,3,2.0
2,5.0,4.0,2.0,4.0,1,8,6,1.0,44.0,0.25,3,4.0
2,5.0,4.0,2.0,4.0,1,8,6,1.0,55.0,0.0,3,4.0
1,6.0,3.0,2.0,3.0,1,8,6,0.0,60.0,0.0,3,1.0
2,6.0,4.0,2.0,8.0,1,8,6,2.0,33.0,0.5,3,4.0
2,2.0,6.0,2.0,9.0,1,8,6,2.0,36.0,0.2,3,5.0
1,2.0,3.0,2.0,6.0,1,8,6,1.0,58.0,0.0,3,1.0
3,5.0,3.0,2.0,6.0,1,8,6,2.0,61.0,0.0,3,4.0
2,1.0,4.0,2.0,10.0,1,8,6,1.0,45.0,0.0,3,2.0
1,5.0,4.0,2.0,10.0,1,8,6,1.0,72.0,0.0,3,1.0
1,5.0,5.0,2.0,6.0,1,8,6,3.0,65.0,0.0,3,3.0
3,5.0,6.0,2.0,5.0,1,8,6,1.0,58.0,0.0,3,3.0
1,5.0,3.0,2.0,8.0,1,8,6,1.0,42.0,0.25,3,4.0
1,6.0,3.0,2.0,5.0,1,8,6,0.0,61.0,0.0,3,1.0
1,5.0,4.0,2.0,1.0,1,8,6,0.0,68.0,0.0,3,1.0
3,5.0,6.0,2.0,5.0,1,8,6,1.0,62.0,0.25,3,4.0
2,5.0,3.0,2.0,10.0,1,8,6,2.0,36.0,0.3333333333333333,3,3.0
1,6.0,5.0,2.0,6.0,1,8,6,1.0,57.0,0.3333333333333333,3,3.0
2,6.0,3.0,2.0,5.0,1,8,6,1.0,63.0,0.0,3,2.0
1,5.0,4.0,2.0,10.0,1,8,6,1.0,39.0,0.6,3,5.0
1,5.0,4.0,2.0,6.0,1,8,6,1.0,48.0,0.0,3,4.0
1,5.0,2.0,2.0,1.0,1,8,6,0.0,84.0,0.0,3,1.0
2,5.0,4.0,2.0,6.0,1,8,6,2.0,49.0,0.0,3,4.0
3,5.0,2.0,2.0,4.0,1,8,6,3.0,65.0,0.0,3,3.0
2,6.0,2.0,2.0,3.0,1,8,6,1.0,67.0,0.0,3,2.0
3,2.0,5.0,2.0,6.0,1,8,6,3.0,63.0,0.0,3,4.0
2,5.0,4.0,2.0,6.0,1,8,6,1.0,75.0,0.0,3,2.0
2,3.0,6.0,2.0,10.0,1,8,6,1.0,62.0,0.0,3,2.0
1,5.0,2.0,2.0,10.0,1,8,6,1.0,65.0,0.0,3,1.0
2,2.0,5.0,2.0,8.0,1,8,6,2.0,55.0,0.0,3,4.0
2,5.0,3.0,2.0,4.0,1,8,6,1.0,81.0,0.0,3,3.0
2,6.0,4.0,2.0,5.0,4,8,6,3.0,60.0,0.0,3,3.0
1,6.0,4.0,2.0,6.0,4,8,6,1.0,40.0,0.0,3,1.0
1,6.0,6.0,2.0,4.0,4,8,6,2.0,61.0,0.0,3,2.0
2,6.0,3.0,2.0,3.0,4,8,6,2.0,51.0,0.0,3,3.0
1,6.0,5.0,2.0,3.0,4,8,6,1.0,54.0,0.2,3,5.0
2,6.0,4.0,2.0,4.0,4,8,6,2.0,57.0,0.0,3,3.0
1,6.0,5.0,2.0,6.0,4,8,6,1.0,49.0,0.0,3,1.0
2,5.0,4.0,2.0,4.0,4,8,6,2.0,65.0,0.0,3,2.0
1,6.0,2.0,2.0,1.0,4,8,6,0.0,82.0,0.0,3,1.0
1,6.0,3.0,2.0,3.0,4,8,6,1.0,82.0,0.0,3,1.0
2,5.0,3.0,2.0,8.0,1,8,6,1.0,47.0,0.3333333333333333,3,3.0
2,3.0,4.0,2.0,8.0,1,8,6,1.0,56.0,0.0,3,3.0
3,6.0,4.0,2.0,5.0,1,8,6,3.0,56.0,0.0,3,4.0
1,3.0,2.0,2.0,5.0,1,8,6,0.0,68.0,0.0,3,2.0
2,3.0,4.0,2.0,10.0,1,8,6,3.0,54.0,0.0,3,6.0
2,2.0,5.0,2.0,6.0,1,8,6,2.0,33.0,0.4,3,5.0
1,5.0,3.0,2.0,4.0,1,8,6,1.0,71.0,0.0,3,2.0
3,5.0,6.0,2.0,9.0,1,8,6,3.0,74.0,0.25,3,4.0
1,3.0,2.0,2.0,10.0,1,8,6,1.0,70.0,0.0,3,2.0
1,3.0,3.0,2.0,4.0,1,8,6,0.0,81.0,0.0,3,1.0
1,3.0,4.0,2.0,4.0,1,8,6,1.0,83.0,0.0,3,4.0
3,1.0,5.0,2.0,8.0,1,8,6,3.0,69.0,0.0,3,5.0
1,3.0,2.0,2.0,3.0,1,8,6,0.0,75.0,0.0,3,1.0
3,3.0,6.0,2.0,4.0,1,8,6,2.0,83.0,0.0,3,3.0
2,3.0,7.0,2.0,8.0,1,8,6,0.0,82.0,0.0,3,2.0
1,3.0,3.0,2.0,9.0,1,8,6,1.0,69.0,0.0,3,1.0
1,5.0,3.0,2.0,10.0,1,8,6,1.0,76.0,0.0,3,1.0
1,5.0,4.0,2.0,8.0,1,8,6,1.0,67.0,0.0,3,1.0
3,3.0,4.0,2.0,10.0,1,8,6,2.0,61.0,0.0,3,3.0
3,3.0,5.0,2.0,7.0,1,8,6,2.0,62.0,0.0,3,3.0
3,2.0,4.0,2.0,5.0,1,8,6,3.0,51.0,0.3333333333333333,3,6.0
1,3.0,3.0,2.0,10.0,1,8,6,1.0,54.0,0.0,3,4.0
3,5.0,5.0,2.0,4.0,1,8,6,3.0,66.0,0.0,3,4.0
1,5.0,1.0,2.0,8.0,1,8,6,1.0,38.0,0.0,3,2.0
3,5.0,3.0,2.0,10.0,1,8,6,3.0,41.0,0.25,3,4.0
1,5.0,4.0,2.0,6.0,1,8,6,1.0,42.0,0.3333333333333333,3,6.0
1,5.0,3.0,2.0,1.0,1,8,6,1.0,70.0,0.0,3,2.0
1,3.0,4.0,2.0,6.0,1,8,6,1.0,45.0,0.25,3,4.0
2,2.0,4.0,2.0,6.0,1,8,6,1.0,76.0,0.0,3,2.0
1,5.0,3.0,2.0,1.0,1,8,6,0.0,88.0,0.0,3,2.0
2,3.0,5.0,2.0,3.0,1,8,6,1.0,56.0,0.0,3,3.0
1,5.0,3.0,2.0,6.0,1,8,6,0.0,57.0,0.0,3,1.0
2,5.0,4.0,2.0,4.0,1,8,6,1.0,53.0,0.0,3,2.0
1,6.0,3.0,2.0,1.0,1,8,6,0.0,79.0,0.0,3,1.0
3,6.0,3.0,2.0,6.0,1,8,6,2.0,46.0,0.2,3,5.0
1,6.0,3.0,2.0,3.0,1,8,6,3.0,72.0,0.25,3,4.0
2,3.0,3.0,2.0,5.0,1,8,6,0.0,77.0,0.3333333333333333,3,3.0
1,5.0,1.0,2.0,6.0,1,8,6,1.0,61.0,0.0,3,1.0
2,5.0,1.0,2.0,5.0,1,8,6,1.0,50.0,0.0,3,0.2857142857142857
1,5.0,3.0,2.0,6.0,1,8,6,1.0,34.0,0.5,3,1.0
2,3.0,1.0,2.0,6.0,1,8,6,1.0,42.0,0.0,3,2.0
1,5.0,4.0,2.0,6.0,1,8,6,1.0,37.0,0.0,3,5.0
3,3.0,4.0,2.0,9.0,1,8,6,0.0,69.0,0.0,3,4.0
2,2.0,5.0,2.0,4.0,1,8,6,1.0,93.0,0.0,3,3.0
3,5.0,4.0,2.0,3.0,1,8,6,2.0,84.0,0.0,3,5.0
1,5.0,2.0,2.0,6.0,1,8,6,1.0,60.0,0.0,3,1.0
2,5.0,5.0,2.0,6.0,1,8,6,2.0,68.0,0.0,3,3.0
3,6.0,4.0,2.0,4.0,1,8,6,2.0,67.0,0.25,3,1.3333333333333333
2,6.0,4.0,2.0,3.0,1,8,6,2.0,56.0,0.2,3,1.6666666666666667
2,6.0,4.0,2.0,8.0,1,8,6,2.0,38.0,0.2,3,5.0
3,6.0,5.0,2.0,4.0,1,8,6,3.0,56.0,0.25,3,4.0
1,6.0,2.0,2.0,3.0,1,8,6,1.0,67.0,0.0,3,1.0
2,6.0,3.0,2.0,1.0,1,8,6,3.0,68.0,0.0,3,3.0
2,5.0,4.0,2.0,3.0,1,8,6,2.0,48.0,0.0,3,3.0
3,3.0,2.0,2.0,6.0,1,8,6,3.0,49.0,0.0,3,3.0
2,3.0,3.0,2.0,8.0,8,8,6,1.0,54.0,0.0,3,5.0
1,5.0,3.0,2.0,9.0,8,8,6,1.0,59.0,0.0,3,4.0
3,5.0,5.0,2.0,4.0,8,8,6,1.0,80.0,0.0,3,4.0
2,3.0,6.0,2.0,8.0,8,8,6,2.0,53.0,0.2,3,5.0
1,1.0,2.0,2.0,6.0,8,8,6,1.0,35.0,0.0,3,0.25
3,5.0,4.0,2.0,5.0,8,8,6,3.0,50.0,0.0,3,1.25
1,5.0,3.0,2.0,6.0,8,8,6,1.0,36.0,0.25,3,1.0
2,1.0,7.0,2.0,8.0,8,8,6,1.0,83.0,0.0,3,3.0
3,2.0,4.0,2.0,8.0,8,8,6,3.0,63.0,0.0,3,3.0
1,5.0,4.0,2.0,4.0,8,8,6,0.0,78.0,0.0,3,1.0
1,3.0,3.0,2.0,10.0,8,8,6,1.0,33.0,0.0,3,2.0
2,5.0,3.0,2.0,4.0,8,8,6,0.0,81.0,0.0,3,2.0
1,3.0,3.0,2.0,6.0,8,8,6,1.0,55.0,0.0,3,2.0
1,3.0,4.0,2.0,9.0,8,8,6,1.0,53.0,0.3333333333333333,3,3.0
2,1.0,3.0,2.0,6.0,8,8,6,0.0,73.0,0.0,3,2.0
3,5.0,4.0,2.0,4.0,8,8,6,1.0,79.0,0.0,3,3.0
3,5.0,4.0,2.0,6.0,8,8,6,3.0,72.0,0.0,3,3.0
1,2.0,4.0,2.0,4.0,8,8,6,1.0,76.0,0.0,3,3.0
1,2.0,3.0,2.0,8.0,8,8,6,1.0,74.0,0.0,3,3.0
2,2.0,5.0,2.0,8.0,8,8,6,1.0,41.0,0.0,3,2.0
1,2.0,2.0,2.0,5.0,8,8,6,1.0,52.0,0.5,3,2.0
0,4.0,1.0,2.0,5.0,8,8,6,0.0,67.0,0.0,3,2.0
3,5.0,3.0,2.0,5.0,8,8,6,2.0,60.0,0.0,3,4.0
1,3.0,4.0,2.0,6.0,8,8,6,1.0,59.0,0.0,3,2.0
1,5.0,3.0,2.0,5.0,8,8,6,1.0,51.0,0.0,3,3.0
2,3.0,5.0,2.0,6.0,8,8,6,2.0,44.0,0.2,3,5.0
1,3.0,3.0,2.0,6.0,8,8,6,0.0,82.0,0.0,3,2.0
2,2.0,5.0,2.0,8.0,8,8,6,1.0,69.0,0.0,3,3.0
2,5.0,2.0,2.0,3.0,8,8,6,2.0,73.0,0.0,3,5.0
3,5.0,4.0,2.0,6.0,8,8,6,3.0,55.0,0.0,3,3.0
2,3.0,3.0,2.0,6.0,8,8,6,1.0,61.0,0.0,3,4.0
2,5.0,3.0,2.0,6.0,8,8,6,2.0,43.0,0.0,3,3.0
1,5.0,3.0,2.0,3.0,8,8,6,1.0,78.0,0.0,3,2.0
1,3.0,3.0,2.0,3.0,8,8,6,1.0,67.0,0.0,3,2.0
2,3.0,1.0,2.0,6.0,8,8,6,2.0,56.0,0.0,3,2.0
1,5.0,2.0,2.0,5.0,8,8,6,1.0,43.0,0.5,3,2.0
1,3.0,3.0,2.0,6.0,8,8,6,3.0,56.0,0.0,3,3.0
3,1.0,5.0,2.0,10.0,8,8,6,3.0,71.0,0.0,3,3.0
3,1.0,4.0,2.0,10.0,8,8,6,3.0,71.0,0.0,3,5.0
1,1.0,4.0,2.0,10.0,8,8,6,1.0,74.0,0.0,3,1.0
2,2.0,4.0,2.0,9.0,8,8,6,2.0,65.0,0.0,3,4.0
2,3.0,6.0,2.0,10.0,8,8,6,2.0,58.0,0.0,3,2.0
3,2.0,5.0,2.0,10.0,8,8,6,1.0,57.0,0.0,3,5.0
1,5.0,3.0,2.0,6.0,8,8,6,1.0,46.0,0.25,3,4.0
1,6.0,6.0,2.0,8.0,8,8,6,1.0,37.0,0.5,3,6.0
1,5.0,2.0,2.0,8.0,8,8,6,1.0,69.0,0.0,3,1.0
1,1.0,3.0,2.0,6.0,8,8,6,0.0,81.0,0.0,3,1.0
2,2.0,3.0,2.0,10.0,8,8,6,2.0,59.0,0.0,3,3.0
1,3.0,3.0,2.0,6.0,8,8,6,1.0,46.0,0.0,3,1.0
2,5.0,4.0,2.0,6.0,8,8,6,2.0,62.0,0.0,3,2.0
1,6.0,3.0,2.0,4.0,8,8,6,0.0,66.0,0.0,3,1.0
3,5.0,4.0,2.0,5.0,8,8,6,3.0,64.0,0.0,3,3.0
2,3.0,4.0,2.0,6.0,8,8,6,0.0,78.0,0.0,3,2.0
2,3.0,4.0,2.0,6.0,8,8,6,2.0,69.0,0.0,3,3.0
3,3.0,4.0,2.0,8.0,8,8,6,2.0,71.0,0.25,3,4.0
2,5.0,3.0,2.0,10.0,8,8,6,1.0,82.0,0.0,3,2.0
2,5.0,4.0,2.0,6.0,8,8,6,1.0,87.0,0.0,3,2.0
2,5.0,5.0,2.0,4.0,8,8,6,2.0,76.0,0.0,3,2.0
2,5.0,3.0,2.0,6.0,8,8,6,2.0,44.0,0.2,3,5.0
2,3.0,2.0,2.0,4.0,8,8,6,1.0,68.0,0.0,3,3.0
2,3.0,5.0,2.0,6.0,8,8,6,2.0,62.0,0.0,3,3.0
3,5.0,7.0,2.0,6.0,8,8,6,3.0,56.0,0.0,3,3.0
1,5.0,5.0,2.0,9.0,8,8,6,1.0,21.0,0.0,3,1.0
2,5.0,4.0,2.0,6.0,8,8,6,1.0,39.0,0.25,3,4.0
2,5.0,2.0,2.0,6.0,8,8,6,1.0,63.0,0.0,3,2.0
2,1.0,5.0,2.0,8.0,8,8,6,1.0,51.0,0.0,3,3.0
1,1.0,2.0,2.0,6.0,8,8,6,0.0,79.0,0.0,3,1.0
2,1.0,3.0,2.0,9.0,8,8,6,2.0,40.0,0.5,3,4.0
3,5.0,2.0,2.0,6.0,8,8,6,3.0,51.0,0.0,3,5.0
2,5.0,3.0,2.0,6.0,8,8,6,2.0,61.0,0.0,3,2.0
1,3.0,4.0,2.0,6.0,8,8,6,0.0,66.0,0.0,3,5.0
1,2.0,2.0,2.0,6.0,8,8,6,0.0,48.0,0.0,3,1.0
3,2.0,4.0,2.0,10.0,8,8,6,3.0,50.0,0.0,3,4.0
3,2.0,3.0,2.0,9.0,8,8,6,2.0,56.0,0.0,3,3.0
2,5.0,3.0,2.0,8.0,8,8,6,1.0,68.0,0.0,3,2.0
1,1.0,4.0,2.0,10.0,8,8,6,1.0,35.0,0.5,3,2.0
2,3.0,4.0,2.0,8.0,8,8,6,2.0,49.0,0.25,3,4.0
2,1.0,6.0,2.0,7.0,8,8,6,0.0,57.0,0.0,3,3.0
3,3.0,3.0,2.0,9.0,8,8,6,3.0,42.0,0.25,3,4.0
3,3.0,4.0,2.0,6.0,8,8,6,2.0,49.0,0.25,3,1.0
2,5.0,4.0,2.0,6.0,8,8,6,2.0,43.0,0.25,3,1.0
2,1.0,4.0,2.0,10.0,8,8,6,0.0,72.0,0.0,3,3.0
1,2.0,2.0,2.0,10.0,8,8,6,0.0,82.0,0.0,3,2.0
1,2.0,5.0,2.0,10.0,8,8,6,1.0,49.0,0.0,3,1.0
2,5.0,2.0,2.0,9.0,8,8,6,0.0,40.0,0.3333333333333333,3,3.0
1,5.0,4.0,2.0,4.0,8,8,6,0.0,66.0,0.0,3,0.25
1,5.0,3.0,2.0,6.0,8,8,6,1.0,54.0,0.0,3,2.0
2,1.0,4.0,2.0,10.0,8,8,6,1.0,30.0,0.0,3,3.0
3,3.0,3.0,2.0,8.0,8,8,6,3.0,66.0,0.2,3,5.0
1,2.0,5.0,2.0,6.0,8,8,6,1.0,51.0,0.0,3,2.0
2,2.0,3.0,2.0,3.0,8,8,6,1.0,61.0,0.0,3,2.0
2,5.0,2.0,2.0,6.0,8,8,6,2.0,59.0,0.5,3,4.0
2,3.0,3.0,2.0,6.0,8,8,6,2.0,46.0,0.5,3,4.0
1,5.0,4.0,2.0,6.0,2,8,6,1.0,60.0,0.0,3,1.0
3,3.0,7.0,2.0,8.0,2,8,6,2.0,53.0,0.0,3,4.0
2,5.0,5.0,2.0,6.0,2,8,6,2.0,60.0,0.0,3,2.0
1,5.0,3.0,2.0,4.0,2,8,6,1.0,77.0,0.0,3,2.0
1,5.0,4.0,2.0,6.0,2,8,6,3.0,59.0,0.0,3,3.0
2,5.0,3.0,2.0,3.0,2,8,6,1.0,48.0,0.0,3,5.0
2,6.0,6.0,2.0,1.0,2,8,6,2.0,64.0,0.0,3,2.0
1,5.0,1.0,2.0,5.0,2,8,6,1.0,81.0,0.0,3,1.0
1,5.0,3.0,2.0,3.0,2,8,6,0.0,72.0,0.0,3,1.0
1,5.0,3.0,2.0,8.0,2,8,6,1.0,68.0,0.0,3,1.0
1,5.0,2.0,2.0,4.0,2,8,6,0.0,86.0,0.0,3,1.0
1,3.0,6.0,2.0,6.0,2,8,6,1.0,42.0,0.0,3,3.0
3,5.0,3.0,2.0,5.0,2,8,6,3.0,53.0,0.0,3,0.75
2,5.0,3.0,2.0,4.0,2,8,6,2.0,60.0,0.0,3,0.75
2,5.0,3.0,2.0,3.0,2,8,6,2.0,42.0,0.0,3,3.0
1,5.0,2.0,2.0,6.0,2,8,6,1.0,41.0,0.0,3,4.0
2,5.0,2.0,2.0,6.0,2,8,6,1.0,62.0,0.0,3,2.0
1,3.0,4.0,2.0,6.0,2,8,6,1.0,31.0,0.4,3,5.0
2,5.0,2.0,2.0,5.0,2,8,6,1.0,74.0,0.0,3,2.0
2,6.0,2.0,2.0,3.0,2,8,6,2.0,83.0,0.0,3,3.0
2,5.0,4.0,2.0,9.0,2,8,6,2.0,76.0,0.3333333333333333,3,0.375
1,3.0,3.0,2.0,3.0,2,8,6,1.0,80.0,0.0,3,0.125
2,6.0,4.0,2.0,5.0,5,8,6,1.0,56.0,0.0,3,2.0
2,6.0,1.0,2.0,6.0,5,8,6,1.0,44.0,0.0,3,3.0
2,6.0,3.0,2.0,6.0,5,8,6,1.0,35.0,0.25,3,0.5714285714285714
2,3.0,3.0,2.0,8.0,5,8,6,2.0,53.0,0.25,3,4.0
1,4.0,1.0,2.0,1.0,5,8,6,0.0,85.0,0.0,3,1.0
1,4.0,6.0,2.0,6.0,5,8,6,1.0,81.0,0.0,3,2.0
2,4.0,3.0,2.0,7.0,7,8,6,1.0,34.0,0.2,3,5.0
3,6.0,3.0,2.0,1.0,7,8,6,3.0,53.0,0.0,3,3.0
2,3.0,5.0,2.0,6.0,7,8,6,2.0,65.0,0.0,3,2.0
2,5.0,5.0,2.0,10.0,7,8,6,2.0,33.0,0.3333333333333333,3,0.75
3,5.0,4.0,2.0,8.0,7,8,6,2.0,39.0,0.0,3,4.0
2,4.0,2.0,2.0,5.0,7,8,6,2.0,52.0,0.0,3,2.0
2,5.0,3.0,2.0,6.0,7,8,6,1.0,41.0,0.25,3,4.0
2,5.0,2.0,2.0,10.0,7,8,6,1.0,26.0,0.3333333333333333,3,3.0
3,6.0,2.0,2.0,3.0,7,8,6,2.0,68.0,0.0,3,5.0
2,5.0,3.0,2.0,5.0,7,8,6,1.0,52.0,0.2,3,5.0
2,5.0,4.0,2.0,6.0,7,8,6,2.0,45.0,0.5,3,4.0
3,5.0,3.0,2.0,6.0,7,8,6,1.0,60.0,0.0,3,3.0
1,5.0,1.0,2.0,9.0,7,8,6,1.0,60.0,0.0,3,1.0
1,5.0,4.0,2.0,8.0,7,8,6,1.0,58.0,0.0,3,3.0
3,3.0,6.0,2.0,5.0,7,8,6,2.0,48.0,0.1666666666666666,3,6.0
3,5.0,3.0,2.0,3.0,7,8,6,2.0,51.0,0.0,3,0.75
3,6.0,3.0,2.0,3.0,7,8,6,3.0,71.0,0.4,3,1.25
2,4.0,3.0,2.0,3.0,7,8,6,0.0,86.0,0.0,3,2.0
1,4.0,3.0,2.0,1.0,7,8,6,0.0,68.0,0.3333333333333333,3,6.0
2,4.0,3.0,2.0,3.0,7,8,6,0.0,61.0,0.25,3,4.0
2,5.0,4.0,2.0,5.0,7,8,6,1.0,53.0,0.0,3,1.6
1,5.0,4.0,2.0,10.0,7,8,6,1.0,32.0,0.2,3,0.7142857142857143
2,5.0,4.0,2.0,4.0,7,8,6,2.0,45.0,0.4,3,1.25
3,5.0,5.0,2.0,3.0,7,8,6,3.0,42.0,0.2,3,0.7142857142857143
1,6.0,3.0,2.0,8.0,7,8,6,1.0,33.0,0.5,3,0.2857142857142857
2,4.0,3.0,2.0,3.0,7,8,6,2.0,75.0,0.3333333333333333,3,0.6
2,4.0,1.0,2.0,3.0,7,8,6,2.0,47.0,0.0,3,0.2857142857142857
1,4.0,4.0,2.0,4.0,7,8,6,1.0,63.0,0.5,3,0.25
0,4.0,1.0,2.0,3.0,7,8,6,0.0,56.0,0.0,3,0.1428571428571428
3,6.0,4.0,2.0,4.0,7,8,6,2.0,36.0,0.25,3,0.8
1,5.0,3.0,2.0,3.0,7,8,6,1.0,48.0,0.0,3,1.0
3,6.0,4.0,2.0,6.0,7,8,6,3.0,42.0,0.25,3,4.0
2,4.0,6.0,2.0,6.0,7,8,6,1.0,47.0,0.2857142857142857,3,0.875
2,4.0,3.0,2.0,3.0,7,8,6,1.0,56.0,0.0,3,0.5
2,4.0,1.0,2.0,4.0,7,8,6,2.0,76.0,0.0,3,0.75
2,4.0,2.0,2.0,5.0,7,8,6,0.0,45.0,0.1666666666666666,3,0.75
3,6.0,3.0,2.0,4.0,7,8,6,2.0,57.0,0.0,3,0.375
2,5.0,3.0,2.0,5.0,7,8,6,3.0,58.0,0.0,3,3.0
1,5.0,4.0,2.0,8.0,7,8,6,1.0,48.0,0.3333333333333333,3,3.0
2,5.0,3.0,2.0,5.0,7,8,6,2.0,44.0,0.3333333333333333,3,6.0
2,5.0,4.0,2.0,10.0,7,8,6,2.0,39.0,0.0,3,3.0
2,5.0,5.0,2.0,8.0,7,8,6,2.0,42.0,0.3333333333333333,3,3.0
3,5.0,4.0,2.0,4.0,7,8,6,3.0,68.0,0.0,3,3.0
1,5.0,2.0,2.0,3.0,7,8,6,1.0,65.0,0.0,3,1.0
2,2.0,4.0,2.0,5.0,7,8,6,3.0,49.0,0.0,3,4.0
1,5.0,4.0,2.0,6.0,7,8,6,1.0,53.0,0.0,3,2.0
3,2.0,4.0,2.0,6.0,7,8,6,2.0,30.0,0.4,3,5.0
3,5.0,4.0,2.0,4.0,7,8,6,3.0,54.0,0.0,3,3.0
1,5.0,3.0,2.0,6.0,7,8,6,2.0,40.0,0.0,3,2.0
1,5.0,3.0,2.0,6.0,7,8,6,1.0,67.0,0.0,3,2.0
3,4.0,5.0,2.0,6.0,7,8,6,3.0,46.0,0.0,3,6.0
2,4.0,2.0,2.0,1.0,7,8,6,1.0,57.0,0.0,3,0.2857142857142857
2,5.0,2.0,2.0,3.0,3,8,6,2.0,67.0,0.0,3,3.0
1,3.0,4.0,2.0,10.0,3,8,6,2.0,62.0,0.0,3,2.0
1,5.0,3.0,2.0,8.0,3,8,6,0.0,62.0,0.0,3,2.0
2,3.0,5.0,2.0,10.0,3,8,6,2.0,59.0,0.0,3,3.0
3,2.0,6.0,2.0,5.0,3,8,6,3.0,56.0,0.0,3,3.0
3,2.0,6.0,2.0,7.0,3,8,6,3.0,53.0,0.0,3,3.0
2,2.0,3.0,2.0,6.0,3,8,6,2.0,58.0,0.0,3,2.0
1,2.0,5.0,2.0,10.0,3,8,6,1.0,43.0,0.0,3,2.0
3,5.0,3.0,2.0,9.0,3,8,6,1.0,46.0,0.0,3,4.0
1,2.0,5.0,2.0,8.0,3,8,6,1.0,65.0,0.0,3,2.0
1,5.0,4.0,2.0,8.0,3,8,6,1.0,43.0,0.0,3,4.0
1,5.0,4.0,2.0,6.0,3,8,6,1.0,46.0,0.3333333333333333,3,3.0
2,5.0,2.0,2.0,6.0,3,8,6,2.0,42.0,0.0,3,2.0
2,5.0,4.0,2.0,5.0,3,8,6,1.0,47.0,0.0,3,2.0
1,5.0,3.0,2.0,6.0,3,8,6,1.0,62.0,0.0,3,1.0
3,2.0,6.0,2.0,10.0,3,8,6,3.0,37.0,0.25,3,4.0
2,3.0,5.0,2.0,10.0,3,8,6,1.0,77.0,0.0,3,2.0
2,5.0,4.0,2.0,6.0,3,8,6,0.0,79.0,0.0,3,2.0
3,3.0,4.0,2.0,8.0,3,8,6,2.0,62.0,0.0,3,3.0
3,5.0,4.0,2.0,6.0,3,8,6,3.0,54.0,0.0,3,4.0
2,5.0,1.0,2.0,6.0,3,8,6,2.0,54.0,0.3333333333333333,3,3.0
3,5.0,5.0,2.0,4.0,3,8,6,2.0,47.0,0.0,3,4.0
1,2.0,4.0,2.0,10.0,3,8,6,1.0,49.0,0.25,3,4.0
2,3.0,7.0,2.0,6.0,3,8,6,2.0,51.0,0.0,3,3.0
3,3.0,7.0,2.0,6.0,3,8,6,2.0,60.0,0.0,3,4.0
1,5.0,2.0,2.0,8.0,3,8,6,1.0,65.0,0.0,3,1.0
1,5.0,2.0,2.0,4.0,6,8,6,1.0,83.0,0.0,3,1.0
1,5.0,1.0,2.0,8.0,6,8,6,1.0,60.0,0.0,3,1.0
2,5.0,2.0,2.0,7.0,6,8,6,2.0,61.0,0.0,3,2.0
3,5.0,1.0,2.0,6.0,6,8,6,2.0,63.0,0.2,3,5.0
2,5.0,3.0,2.0,8.0,6,8,6,1.0,38.0,0.4,3,5.0
1,6.0,2.0,2.0,4.0,6,8,6,1.0,71.0,0.0,3,1.0
3,6.0,2.0,2.0,3.0,6,8,6,3.0,53.0,0.0,3,3.0
1,6.0,2.0,2.0,4.0,6,8,6,1.0,62.0,0.0,3,1.0
3,6.0,3.0,2.0,3.0,6,8,6,3.0,48.0,0.0,3,5.0
1,4.0,3.0,2.0,8.0,5,8,6,1.0,32.0,0.0,3,1.0
1,4.0,4.0,2.0,7.0,5,8,6,1.0,49.0,0.0,3,4.0
1,4.0,5.0,2.0,6.0,5,8,6,1.0,60.0,0.0,3,1.0
2,4.0,3.0,2.0,10.0,5,8,6,1.0,59.0,0.2,3,5.0
1,4.0,4.0,2.0,10.0,5,8,6,1.0,43.0,0.6,3,5.0
1,4.0,2.0,2.0,6.0,5,8,6,1.0,48.0,0.25,3,4.0
2,4.0,3.0,2.0,8.0,5,8,6,1.0,57.0,0.0,3,2.0
1,5.0,6.0,2.0,5.0,5,8,6,1.0,52.0,0.25,3,4.0
1,5.0,2.0,2.0,8.0,5,8,6,1.0,56.0,0.0,3,5.0
2,4.0,5.0,2.0,7.0,5,8,6,2.0,61.0,0.0,3,4.0
2,4.0,3.0,2.0,6.0,5,8,6,2.0,42.0,0.0,3,5.0
2,3.0,2.0,2.0,8.0,5,8,6,2.0,41.0,0.25,3,4.0
2,5.0,4.0,2.0,6.0,5,8,6,1.0,51.0,0.0,3,2.0
3,5.0,4.0,2.0,8.0,5,8,6,1.0,43.0,0.0,3,4.0
1,5.0,1.0,2.0,6.0,7,8,6,1.0,43.0,0.0,3,0.5
1,4.0,2.0,2.0,1.0,7,8,6,1.0,72.0,0.0,3,1.0
1,5.0,3.0,2.0,5.0,7,8,6,1.0,44.0,0.25,3,4.0
3,5.0,3.0,2.0,4.0,7,8,6,1.0,65.0,0.0,3,3.0
1,5.0,4.0,2.0,8.0,7,8,6,0.0,32.0,0.4,3,5.0
1,5.0,2.0,2.0,3.0,7,8,6,1.0,58.0,0.0,3,0.6
2,5.0,2.0,2.0,1.0,7,8,6,1.0,79.0,0.0,3,0.4
2,5.0,5.0,2.0,10.0,7,8,6,2.0,44.0,0.4,3,1.0
1,6.0,4.0,2.0,4.0,5,8,6,1.0,52.0,0.0,3,1.0
3,6.0,2.0,2.0,1.0,5,8,6,1.0,59.0,0.0,3,4.0
1,4.0,2.0,2.0,3.0,5,8,6,1.0,47.0,0.0,3,0.3333333333333333
1,6.0,1.0,2.0,3.0,5,8,6,1.0,52.0,0.0,3,0.6666666666666666
1,4.0,2.0,2.0,1.0,5,8,6,1.0,74.0,0.0,3,0.1666666666666666
1,6.0,5.0,2.0,4.0,5,8,6,1.0,63.0,0.0,3,2.0
2,3.0,5.0,2.0,6.0,1,8,6,2.0,44.0,0.0,3,4.0
3,5.0,4.0,2.0,8.0,1,8,6,3.0,53.0,0.0,3,6.0
3,3.0,5.0,2.0,10.0,1,8,6,2.0,27.0,0.0,3,3.0
1,3.0,4.0,2.0,8.0,1,8,6,0.0,71.0,0.0,3,1.0
2,3.0,4.0,2.0,10.0,1,8,6,0.0,78.0,0.0,3,2.0
3,3.0,6.0,2.0,10.0,1,8,6,2.0,54.0,0.0,3,3.0
1,3.0,7.0,2.0,10.0,1,8,6,1.0,37.0,0.3333333333333333,3,3.0
1,6.0,4.0,2.0,4.0,1,8,6,0.0,64.0,0.0,3,1.0
3,5.0,4.0,2.0,4.0,1,8,6,2.0,60.0,0.0,3,3.0
3,3.0,4.0,2.0,6.0,1,8,6,3.0,64.0,0.0,3,3.0
2,3.0,4.0,2.0,6.0,1,8,6,0.0,76.0,0.0,3,2.0
1,6.0,4.0,2.0,8.0,1,8,6,1.0,58.0,0.0,3,1.0
2,5.0,3.0,2.0,6.0,1,8,6,2.0,49.0,0.25,3,4.0
2,5.0,3.0,2.0,5.0,1,8,6,1.0,80.0,0.0,3,2.0
2,3.0,3.0,2.0,8.0,1,8,6,1.0,36.0,0.5,3,4.0
2,5.0,3.0,2.0,8.0,1,8,6,2.0,53.0,0.0,3,3.0
3,5.0,3.0,2.0,3.0,1,8,6,2.0,46.0,0.2857142857142857,3,7.0
3,5.0,3.0,2.0,6.0,1,8,6,1.0,49.0,0.0,3,4.0
3,5.0,3.0,2.0,6.0,1,8,6,3.0,54.0,0.2,3,5.0
1,6.0,3.0,2.0,3.0,1,8,6,1.0,45.0,0.0,3,2.0
1,6.0,2.0,2.0,1.0,1,8,6,1.0,68.0,0.0,3,1.0
2,5.0,3.0,2.0,5.0,1,8,6,2.0,39.0,0.6,3,5.0
3,6.0,3.0,2.0,9.0,1,8,6,3.0,57.0,0.0,3,3.0
2,5.0,3.0,2.0,6.0,1,8,6,2.0,45.0,0.2,3,5.0
1,3.0,4.0,2.0,5.0,1,8,6,2.0,47.0,0.2,3,5.0
2,5.0,2.0,2.0,4.0,1,8,6,2.0,37.0,0.5,3,4.0
1,5.0,3.0,2.0,4.0,1,8,6,1.0,45.0,0.0,3,0.1428571428571428
3,5.0,3.0,2.0,8.0,1,8,6,3.0,49.0,0.0,3,3.0
3,5.0,5.0,2.0,5.0,1,8,6,2.0,49.0,0.0,3,4.0
2,6.0,2.0,2.0,5.0,1,8,6,1.0,41.0,0.3333333333333333,3,3.0
2,6.0,1.0,2.0,8.0,1,8,6,1.0,44.0,0.0,3,2.0
2,2.0,4.0,2.0,6.0,1,8,6,2.0,64.0,0.0,3,2.0
2,6.0,3.0,2.0,5.0,1,8,6,2.0,46.0,0.25,3,0.5714285714285714
3,6.0,3.0,2.0,6.0,1,8,6,1.0,36.0,0.0,3,0.4285714285714285
1,6.0,3.0,2.0,5.0,1,8,6,1.0,43.0,0.0,3,0.2857142857142857
3,3.0,3.0,2.0,9.0,1,8,6,3.0,59.0,0.0,3,6.0
2,5.0,3.0,2.0,4.0,1,8,6,0.0,83.0,0.0,3,2.0
2,5.0,2.0,2.0,4.0,1,8,6,2.0,72.0,0.0,3,2.0
2,6.0,5.0,2.0,4.0,1,8,6,2.0,57.0,0.1666666666666666,3,6.0
2,5.0,3.0,2.0,3.0,1,8,6,1.0,62.0,0.0,3,8.0
2,3.0,4.0,2.0,4.0,1,8,6,2.0,50.0,0.4,3,5.0
2,3.0,3.0,2.0,4.0,1,8,6,1.0,80.0,0.0,3,6.0
2,3.0,4.0,2.0,8.0,1,8,6,2.0,59.0,0.0,3,5.0
1,1.0,5.0,2.0,5.0,1,8,6,1.0,64.0,0.0,3,2.0
2,3.0,5.0,2.0,9.0,1,8,6,2.0,67.0,0.0,3,3.0
1,5.0,3.0,2.0,9.0,1,8,6,1.0,39.0,0.0,3,1.0
2,6.0,5.0,2.0,3.0,1,8,6,2.0,72.0,0.0,3,2.0
1,6.0,2.0,2.0,3.0,1,8,6,2.0,72.0,0.0,3,2.0
1,5.0,2.0,2.0,3.0,1,8,6,0.0,96.0,0.0,3,1.0
2,5.0,2.0,2.0,5.0,1,8,6,2.0,39.0,0.5,3,4.0
2,3.0,4.0,2.0,6.0,1,8,6,2.0,36.0,0.3333333333333333,3,6.0
3,6.0,4.0,2.0,4.0,1,8,6,3.0,39.0,0.0,3,3.0
3,6.0,6.0,2.0,4.0,4,8,6,2.0,68.0,0.2,3,5.0
2,5.0,3.0,2.0,4.0,4,8,6,1.0,33.0,0.0,3,2.0
2,5.0,7.0,2.0,2.0,4,8,6,1.0,78.0,0.0,3,2.0
2,5.0,4.0,2.0,6.0,4,8,6,2.0,41.0,0.3333333333333333,3,6.0
2,5.0,4.0,2.0,10.0,6,8,6,2.0,38.0,0.4,3,5.0
2,4.0,4.0,2.0,8.0,6,8,6,2.0,59.0,0.0,3,2.0
3,5.0,3.0,2.0,8.0,6,8,6,2.0,53.0,0.0,3,3.0
2,3.0,4.0,2.0,10.0,6,8,6,1.0,50.0,0.3333333333333333,3,3.0
3,5.0,6.0,2.0,10.0,6,8,6,3.0,47.0,0.0,3,4.0
2,5.0,4.0,2.0,6.0,6,8,6,1.0,70.0,0.0,3,5.0
1,5.0,3.0,2.0,7.0,6,8,6,0.0,58.0,0.0,3,3.0
3,6.0,3.0,2.0,1.0,6,8,6,3.0,62.0,0.2,3,5.0
1,5.0,3.0,2.0,4.0,6,8,6,0.0,64.0,0.0,3,0.4
2,5.0,4.0,2.0,6.0,6,8,6,3.0,54.0,0.0,3,4.0
1,5.0,4.0,2.0,6.0,6,8,6,0.0,79.0,0.0,3,2.0
1,5.0,4.0,2.0,8.0,6,8,6,1.0,54.0,0.0,3,5.0
1,6.0,4.0,2.0,6.0,6,8,6,1.0,51.0,0.0,3,1.0
1,5.0,2.0,2.0,7.0,6,8,6,1.0,34.0,0.0,3,2.0
1,6.0,1.0,2.0,1.0,6,8,6,0.0,78.0,0.0,3,1.0
1,6.0,2.0,2.0,3.0,6,8,6,0.0,50.0,0.0,3,2.0
1,6.0,1.0,2.0,1.0,6,8,6,1.0,73.0,0.0,3,1.0
2,6.0,1.0,2.0,6.0,6,8,6,1.0,26.0,0.3333333333333333,3,3.0
2,6.0,3.0,2.0,6.0,6,8,6,1.0,27.0,0.5,3,4.0
2,6.0,5.0,2.0,4.0,6,8,6,2.0,56.0,0.0,3,3.0
1,6.0,2.0,2.0,5.0,6,8,6,1.0,60.0,0.0,3,1.0
2,4.0,5.0,2.0,6.0,6,8,6,2.0,28.0,0.5,3,4.0
3,6.0,3.0,2.0,6.0,6,8,6,1.0,58.0,0.0,3,0.5
3,6.0,2.0,2.0,3.0,6,8,6,2.0,52.0,0.0,3,0.5
1,5.0,3.0,2.0,3.0,6,8,6,1.0,71.0,0.0,3,0.1428571428571428
2,4.0,2.0,2.0,5.0,6,8,6,2.0,57.0,0.0,3,4.0
1,4.0,2.0,2.0,3.0,6,8,6,0.0,57.0,0.0,3,3.0
1,6.0,2.0,2.0,5.0,6,8,6,0.0,43.0,0.0,3,1.0
1,4.0,3.0,2.0,1.0,6,8,6,1.0,66.0,0.5,3,2.0
2,6.0,2.0,2.0,4.0,6,8,6,2.0,63.0,0.0,3,2.0
1,6.0,5.0,2.0,4.0,6,8,6,1.0,61.0,0.0,3,0.1666666666666666
2,6.0,2.0,2.0,6.0,6,8,6,1.0,67.0,0.0,3,0.5
2,6.0,3.0,2.0,4.0,6,8,6,1.0,56.0,0.0,3,0.5
3,6.0,1.0,2.0,5.0,6,8,6,3.0,53.0,0.0,3,0.8
1,5.0,3.0,2.0,1.0,6,8,6,1.0,72.0,0.0,3,0.125
2,5.0,1.0,2.0,7.0,6,8,6,2.0,33.0,0.5,3,0.8
1,6.0,2.0,2.0,1.0,6,8,6,0.0,82.0,0.0,3,0.2
1,6.0,3.0,2.0,1.0,6,8,6,1.0,73.0,0.0,3,0.3333333333333333
2,6.0,3.0,2.0,4.0,6,8,6,2.0,57.0,0.0,3,0.8
3,6.0,4.0,2.0,3.0,7,8,6,3.0,57.0,0.0,3,3.0
1,6.0,2.0,2.0,3.0,7,8,6,1.0,50.0,0.0,3,1.0
2,6.0,2.0,2.0,3.0,7,8,6,3.0,40.0,0.2,3,5.0
1,6.0,5.0,2.0,3.0,7,8,6,0.0,74.0,0.0,3,8.0
2,5.0,3.0,2.0,4.0,7,8,6,2.0,68.0,0.0,3,2.0
2,5.0,4.0,2.0,6.0,7,8,6,3.0,47.0,0.2,3,5.0
1,5.0,5.0,2.0,6.0,7,8,6,3.0,40.0,0.2,3,5.0
3,5.0,4.0,2.0,4.0,7,8,6,2.0,87.0,0.0,3,3.0
1,3.0,2.0,2.0,10.0,7,8,6,2.0,42.0,0.1428571428571428,3,7.0
1,5.0,2.0,2.0,5.0,7,8,6,1.0,47.0,0.0,3,5.0
2,5.0,2.0,2.0,3.0,7,8,6,1.0,85.0,0.0,3,2.0
2,5.0,6.0,2.0,6.0,7,8,6,2.0,38.0,0.4,3,5.0
2,6.0,1.0,2.0,6.0,7,8,6,2.0,45.0,0.0,3,3.0
1,6.0,2.0,2.0,3.0,7,8,6,1.0,66.0,0.0,3,1.0
1,5.0,2.0,2.0,5.0,7,8,6,1.0,35.0,0.3333333333333333,3,0.375
2,5.0,3.0,2.0,4.0,7,8,6,2.0,46.0,0.0,3,0.375
2,5.0,3.0,2.0,8.0,7,8,6,2.0,31.0,0.0,3,0.25
2,5.0,3.0,2.0,4.0,7,8,6,2.0,60.0,0.0,3,0.375
2,5.0,2.0,2.0,4.0,7,8,6,1.0,34.0,0.3333333333333333,3,3.0
1,6.0,1.0,2.0,3.0,7,8,6,1.0,46.0,0.0,3,1.0
1,6.0,1.0,2.0,3.0,7,8,6,1.0,79.0,0.0,3,0.1428571428571428
1,6.0,4.0,2.0,5.0,7,8,6,3.0,50.0,0.2,3,5.0
1,5.0,5.0,2.0,6.0,7,8,6,2.0,53.0,0.0,3,2.0
1,6.0,3.0,2.0,3.0,7,8,6,2.0,69.0,0.0,3,3.0
2,5.0,2.0,2.0,5.0,7,8,6,3.0,40.0,0.4,3,5.0
2,6.0,2.0,2.0,3.0,7,8,6,2.0,68.0,0.0,3,6.0
2,6.0,3.0,2.0,5.0,7,8,6,3.0,54.0,0.0,3,4.0
2,6.0,3.0,2.0,3.0,7,8,6,2.0,83.0,0.0,3,2.0
3,5.0,4.0,2.0,8.0,7,8,6,3.0,44.0,0.25,3,4.0
3,5.0,4.0,2.0,8.0,7,8,6,2.0,55.0,0.0,3,4.0
3,2.0,3.0,2.0,4.0,7,8,6,2.0,55.0,0.3333333333333333,3,6.0
1,5.0,3.0,2.0,4.0,7,8,6,0.0,71.0,0.0,3,1.0
3,3.0,4.0,2.0,6.0,7,8,6,2.0,55.0,0.0,3,3.0
2,3.0,4.0,2.0,4.0,7,8,6,1.0,52.0,0.0,3,2.0
2,3.0,5.0,2.0,6.0,7,8,6,2.0,63.0,0.0,3,3.0
3,6.0,4.0,2.0,5.0,7,8,6,3.0,56.0,0.2,3,5.0
2,6.0,1.0,2.0,10.0,7,8,6,2.0,43.0,0.5,3,4.0
2,5.0,3.0,2.0,3.0,7,8,6,2.0,65.0,0.25,3,4.0
2,6.0,2.0,2.0,3.0,7,8,6,1.0,63.0,0.0,3,2.0
2,3.0,4.0,2.0,6.0,7,8,6,2.0,62.0,0.25,3,0.8
2,5.0,5.0,2.0,4.0,7,8,6,2.0,52.0,0.2,3,1.0
2,3.0,3.0,2.0,6.0,7,8,6,2.0,65.0,0.0,3,2.0
3,5.0,4.0,2.0,6.0,7,8,6,0.0,78.0,0.1428571428571428,3,1.4
3,5.0,3.0,2.0,6.0,7,8,6,2.0,60.0,0.0,3,0.8
2,5.0,4.0,2.0,4.0,7,8,6,2.0,78.0,0.0,3,2.0
3,6.0,5.0,2.0,5.0,7,8,6,3.0,49.0,0.25,3,4.0
2,5.0,6.0,2.0,4.0,7,8,6,2.0,44.0,0.1428571428571428,3,7.0
2,4.0,6.0,2.0,4.0,7,8,6,2.0,42.0,0.4,3,5.0
2,5.0,3.0,2.0,5.0,7,8,6,2.0,48.0,0.0,3,2.0
1,4.0,5.0,2.0,4.0,7,8,6,1.0,41.0,0.0,3,1.0
1,6.0,1.0,2.0,3.0,7,8,6,1.0,76.0,0.0,3,3.0
2,6.0,3.0,2.0,6.0,7,8,6,2.0,29.0,0.3333333333333333,3,3.0
2,6.0,2.0,2.0,4.0,7,8,6,2.0,42.0,0.3333333333333333,3,3.0
2,5.0,2.0,2.0,6.0,7,8,6,1.0,24.0,0.5,3,4.0
2,6.0,3.0,2.0,4.0,7,8,6,1.0,65.0,0.0,3,3.0
1,5.0,2.0,2.0,4.0,7,8,6,1.0,83.0,0.0,3,1.0
2,5.0,5.0,2.0,4.0,7,8,6,2.0,67.0,0.0,3,3.0
2,3.0,5.0,2.0,4.0,7,8,6,2.0,56.0,0.0,3,3.0
2,2.0,4.0,2.0,6.0,3,8,6,3.0,46.0,0.25,3,4.0
1,3.0,3.0,2.0,1.0,3,8,6,2.0,60.0,0.0,3,3.0
2,5.0,4.0,2.0,3.0,3,8,6,2.0,82.0,0.0,3,1.0
1,5.0,2.0,2.0,3.0,3,8,6,0.0,82.0,0.0,3,1.0
3,5.0,5.0,2.0,6.0,3,8,6,3.0,75.0,0.0,3,4.0
3,3.0,5.0,2.0,8.0,3,8,6,3.0,51.0,0.2,3,5.0
1,5.0,3.0,2.0,9.0,3,8,6,1.0,61.0,0.0,3,1.0
2,5.0,7.0,2.0,6.0,3,8,6,2.0,69.0,0.0,3,3.0
1,5.0,3.0,2.0,4.0,3,8,6,0.0,72.0,0.0,3,2.0
1,5.0,4.0,2.0,4.0,3,8,6,2.0,82.0,0.0,3,4.0
2,3.0,5.0,2.0,3.0,3,8,6,1.0,64.0,0.0,3,3.0
1,5.0,3.0,2.0,9.0,3,8,6,1.0,32.0,0.3333333333333333,3,3.0
2,5.0,3.0,2.0,6.0,3,8,6,1.0,34.0,0.5,3,4.0
2,3.0,5.0,2.0,10.0,3,8,6,2.0,33.0,0.0,3,2.0
2,5.0,3.0,2.0,3.0,3,8,6,2.0,56.0,0.0,3,2.0
3,5.0,3.0,2.0,8.0,3,8,6,2.0,53.0,0.0,3,3.0
1,5.0,3.0,2.0,10.0,3,8,6,1.0,37.0,0.5,3,4.0
2,5.0,1.0,2.0,7.0,3,8,6,2.0,48.0,0.0,3,2.0
2,5.0,2.0,2.0,6.0,3,8,6,2.0,41.0,0.3333333333333333,3,1.0
3,6.0,2.0,2.0,5.0,3,8,6,3.0,55.0,0.25,3,4.0
1,5.0,3.0,2.0,6.0,3,8,6,1.0,20.0,0.25,3,4.0
1,6.0,1.0,2.0,6.0,3,8,6,1.0,58.0,0.0,3,0.3333333333333333
2,5.0,2.0,2.0,4.0,3,8,6,2.0,52.0,0.3333333333333333,3,1.0
3,5.0,4.0,2.0,6.0,3,8,6,3.0,46.0,0.2,3,1.6666666666666667
2,5.0,3.0,2.0,10.0,3,8,6,2.0,51.0,0.0,3,1.0
1,5.0,3.0,2.0,3.0,3,8,6,0.0,59.0,0.0,3,2.0
1,3.0,3.0,2.0,3.0,3,8,6,0.0,77.0,0.0,3,1.0
3,5.0,5.0,2.0,4.0,3,8,6,3.0,70.0,0.0,3,3.0
3,3.0,7.0,2.0,6.0,3,8,6,3.0,51.0,0.0,3,4.0
1,5.0,2.0,2.0,6.0,3,8,6,1.0,34.0,0.0,3,0.25
1,5.0,3.0,2.0,5.0,3,8,6,1.0,42.0,0.25,3,1.0
1,5.0,1.0,2.0,5.0,3,8,6,1.0,49.0,0.0,3,0.25
3,5.0,5.0,2.0,3.0,3,8,6,3.0,51.0,0.0,3,3.0
2,5.0,3.0,2.0,3.0,3,8,6,2.0,38.0,0.25,3,4.0
2,6.0,2.0,2.0,6.0,6,8,6,3.0,46.0,0.25,3,4.0
2,6.0,2.0,2.0,4.0,6,8,6,2.0,57.0,0.0,3,2.0
2,6.0,4.0,2.0,3.0,6,8,6,2.0,62.0,0.0,3,2.0
1,6.0,1.0,2.0,4.0,6,8,6,1.0,80.0,0.0,3,2.0
1,6.0,2.0,2.0,3.0,6,8,6,1.0,81.0,0.0,3,1.0
2,3.0,5.0,2.0,6.0,1,8,6,1.0,56.0,0.0,3,2.0
2,3.0,5.0,2.0,6.0,1,8,6,2.0,47.0,0.2857142857142857,3,7.0
1,5.0,4.0,2.0,8.0,1,8,6,1.0,61.0,0.0,3,1.0
2,5.0,4.0,2.0,5.0,1,8,6,2.0,71.0,0.0,3,2.0
2,3.0,4.0,2.0,8.0,1,8,6,0.0,70.0,0.0,3,2.0
3,3.0,6.0,2.0,10.0,1,8,6,2.0,72.0,0.0,3,3.0
1,3.0,5.0,2.0,8.0,1,8,6,0.0,74.0,0.0,3,1.0
2,2.0,3.0,2.0,10.0,1,8,6,1.0,77.0,0.0,3,2.0
3,5.0,2.0,2.0,8.0,1,8,6,3.0,60.0,0.0,3,4.0
1,5.0,4.0,2.0,3.0,1,8,6,2.0,79.0,0.0,3,4.0
2,5.0,3.0,2.0,3.0,1,8,6,0.0,88.0,0.0,3,2.0
1,3.0,3.0,2.0,9.0,1,8,6,1.0,64.0,0.0,3,1.0
2,3.0,4.0,2.0,6.0,1,8,6,2.0,37.0,0.0,3,4.0
3,5.0,3.0,2.0,4.0,1,8,6,1.0,66.0,0.0,3,0.75
2,3.0,4.0,2.0,6.0,1,8,6,1.0,61.0,0.0,3,3.0
1,5.0,4.0,2.0,7.0,1,8,6,1.0,55.0,0.25,3,0.5714285714285714
3,6.0,3.0,2.0,6.0,1,8,6,3.0,46.0,0.25,3,4.0
1,3.0,4.0,2.0,5.0,1,8,6,1.0,54.0,0.0,3,2.0
3,6.0,5.0,2.0,4.0,1,8,6,2.0,45.0,0.25,3,4.0
1,6.0,4.0,2.0,6.0,1,8,6,1.0,34.0,0.3333333333333333,3,1.0
2,3.0,4.0,2.0,6.0,1,8,6,2.0,30.0,0.3333333333333333,3,3.0
2,5.0,4.0,2.0,3.0,1,8,6,2.0,82.0,0.0,3,2.0
1,6.0,4.0,2.0,3.0,1,8,6,1.0,72.0,0.0,3,0.6666666666666666
1,6.0,5.0,2.0,3.0,1,8,6,0.0,73.0,0.0,3,0.6666666666666666
2,5.0,4.0,2.0,5.0,1,8,6,2.0,44.0,0.2,3,1.6666666666666667
1,6.0,4.0,2.0,3.0,1,8,6,1.0,76.0,0.0,3,1.0
1,5.0,5.0,2.0,3.0,1,8,6,1.0,78.0,0.0,3,2.0
2,5.0,2.0,2.0,8.0,7,8,6,1.0,31.0,0.3333333333333333,3,3.0
1,6.0,2.0,2.0,5.0,7,8,6,1.0,58.0,0.0,3,1.0
1,5.0,3.0,2.0,5.0,7,8,6,1.0,34.0,0.3333333333333333,3,3.0
2,4.0,2.0,2.0,3.0,7,8,6,2.0,63.0,0.0,3,2.0
3,5.0,4.0,2.0,4.0,7,8,6,2.0,51.0,0.3333333333333333,3,6.0
2,4.0,2.0,2.0,6.0,7,8,6,1.0,42.0,0.2,3,0.7142857142857143
2,6.0,3.0,2.0,3.0,7,8,6,1.0,72.0,0.0,3,0.2857142857142857
2,5.0,4.0,2.0,5.0,7,8,6,2.0,68.0,0.0,3,2.0
3,5.0,6.0,2.0,4.0,7,8,6,3.0,63.0,0.3333333333333333,3,6.0
3,5.0,5.0,2.0,6.0,7,8,6,2.0,54.0,0.0,3,0.5714285714285714
2,5.0,4.0,2.0,3.0,7,8,6,2.0,63.0,0.0,3,5.0
2,5.0,4.0,2.0,10.0,7,8,6,2.0,39.0,0.3333333333333333,3,0.8571428571428571
3,5.0,3.0,2.0,10.0,7,8,6,3.0,57.0,0.0,3,3.0
2,3.0,3.0,2.0,10.0,7,8,6,2.0,53.0,0.0,3,0.4285714285714285
2,5.0,4.0,2.0,4.0,7,8,6,0.0,80.0,0.0,3,0.2857142857142857
2,3.0,5.0,2.0,6.0,7,8,6,3.0,38.0,0.0,3,0.5714285714285714
2,5.0,3.0,2.0,8.0,7,8,6,2.0,60.0,0.0,3,3.0
3,5.0,7.0,2.0,6.0,7,8,6,3.0,50.0,0.0,3,3.0
1,5.0,1.0,2.0,6.0,7,8,6,1.0,64.0,0.0,3,0.2
1,5.0,4.0,2.0,5.0,7,8,6,1.0,56.0,0.0,3,2.0
2,5.0,4.0,2.0,4.0,7,8,6,3.0,62.0,0.0,3,0.8
1,5.0,4.0,2.0,5.0,7,8,6,1.0,48.0,0.0,3,1.0
2,6.0,4.0,2.0,6.0,7,8,6,2.0,53.0,0.1666666666666666,3,6.0
2,3.0,3.0,2.0,4.0,7,8,6,2.0,65.0,0.0,3,2.0
2,5.0,3.0,2.0,8.0,7,8,6,2.0,34.0,0.3333333333333333,3,3.0
1,6.0,5.0,2.0,6.0,7,8,6,2.0,65.0,0.4285714285714285,3,7.0
1,6.0,1.0,2.0,3.0,7,8,6,0.0,66.0,0.0,3,1.0
3,6.0,3.0,2.0,6.0,7,8,6,3.0,37.0,0.1666666666666666,3,6.0
2,5.0,3.0,2.0,3.0,7,8,6,1.0,53.0,0.0,3,3.0
2,4.0,1.0,2.0,3.0,7,8,6,2.0,58.0,0.0,3,0.25
1,4.0,2.0,2.0,3.0,7,8,6,1.0,57.0,0.5,3,0.5
2,4.0,2.0,2.0,3.0,7,8,6,1.0,47.0,0.0,3,0.25
1,4.0,3.0,2.0,1.0,7,8,6,1.0,39.0,0.3333333333333333,3,0.375
1,4.0,2.0,2.0,3.0,7,8,6,1.0,46.0,0.3333333333333333,3,0.375
1,3.0,3.0,2.0,3.0,7,8,6,3.0,54.0,0.0,3,4.0
2,5.0,1.0,2.0,5.0,7,8,6,1.0,67.0,0.0,3,0.3333333333333333
1,5.0,3.0,2.0,4.0,7,8,6,1.0,59.0,0.0,3,0.5
2,6.0,6.0,2.0,3.0,7,8,6,2.0,47.0,0.4285714285714285,3,1.1666666666666667
1,4.0,3.0,2.0,3.0,7,8,6,1.0,42.0,0.0,3,0.3333333333333333
1,4.0,2.0,2.0,3.0,7,8,6,1.0,54.0,0.0,3,0.5714285714285714
2,4.0,3.0,2.0,6.0,7,8,6,2.0,47.0,0.3333333333333333,3,0.8571428571428571
1,5.0,2.0,2.0,3.0,6,8,6,0.0,64.0,0.0,3,0.25
2,6.0,3.0,2.0,6.0,6,8,6,2.0,36.0,0.0,3,4.0
1,5.0,2.0,2.0,7.0,6,8,6,1.0,50.0,0.0,3,0.25
3,5.0,3.0,2.0,3.0,6,8,6,2.0,54.0,0.0,3,0.7142857142857143
2,5.0,6.0,2.0,8.0,3,8,6,1.0,62.0,0.0,3,3.0
2,5.0,5.0,2.0,6.0,3,8,6,2.0,68.0,0.0,3,2.0
2,5.0,3.0,2.0,4.0,3,8,6,2.0,73.0,0.0,3,2.0
1,5.0,2.0,2.0,5.0,3,8,6,3.0,56.0,0.0,3,3.0
2,4.0,1.0,2.0,4.0,7,8,6,2.0,50.0,0.1666666666666666,3,0.75
2,4.0,2.0,2.0,7.0,7,8,6,1.0,32.0,0.5,3,0.5
3,4.0,5.0,2.0,4.0,7,8,6,3.0,38.0,0.5,3,0.8571428571428571
2,4.0,5.0,2.0,4.0,7,8,6,2.0,46.0,0.3333333333333333,3,0.4285714285714285
3,4.0,2.0,2.0,5.0,7,8,6,1.0,52.0,0.1428571428571428,3,0.875
2,5.0,4.0,2.0,6.0,2,8,6,1.0,31.0,0.0,3,2.0
3,5.0,5.0,2.0,6.0,2,8,6,3.0,37.0,0.25,3,4.0
3,6.0,3.0,2.0,4.0,4,8,6,3.0,55.0,0.0,3,3.0
1,6.0,3.0,2.0,1.0,4,8,6,1.0,84.0,0.0,3,1.0
1,6.0,2.0,2.0,6.0,4,8,6,1.0,69.0,0.0,3,1.0
2,6.0,3.0,2.0,6.0,4,8,6,2.0,41.0,0.2,3,0.625
1,6.0,2.0,2.0,3.0,4,8,6,1.0,61.0,0.0,3,0.125
1,6.0,3.0,2.0,1.0,5,8,6,0.0,94.0,0.0,3,1.0
3,4.0,4.0,2.0,6.0,5,8,6,3.0,57.0,0.0,3,5.0
2,5.0,3.0,2.0,10.0,5,8,6,1.0,36.0,0.5,3,4.0
1,4.0,4.0,2.0,3.0,5,8,6,1.0,39.0,0.0,3,4.0
2,4.0,3.0,2.0,5.0,5,8,6,2.0,48.0,0.0,3,2.0
2,6.0,5.0,2.0,3.0,5,8,6,2.0,67.0,0.0,3,3.0
1,6.0,4.0,2.0,5.0,5,8,6,2.0,46.0,0.3333333333333333,3,3.0
1,6.0,6.0,2.0,4.0,5,8,6,1.0,58.0,0.1428571428571428,3,7.0
1,6.0,5.0,2.0,3.0,5,8,6,1.0,60.0,0.0,3,4.0
1,6.0,2.0,2.0,1.0,5,8,6,1.0,82.0,0.0,3,1.0
3,4.0,4.0,2.0,5.0,5,8,6,1.0,51.0,0.25,3,4.0
1,6.0,1.0,2.0,4.0,5,8,6,1.0,79.0,0.0,3,1.0
2,6.0,2.0,2.0,3.0,5,8,6,2.0,54.0,0.0,3,4.0
2,4.0,3.0,2.0,4.0,5,8,6,1.0,73.0,0.0,3,0.25
3,3.0,6.0,2.0,9.0,7,8,6,2.0,47.0,0.2,3,5.0
1,3.0,4.0,2.0,5.0,7,8,6,1.0,34.0,0.25,3,4.0
3,4.0,1.0,2.0,4.0,7,8,6,2.0,51.0,0.2,3,5.0
3,5.0,3.0,2.0,1.0,7,8,6,3.0,60.0,0.0,3,5.0
1,5.0,4.0,2.0,5.0,7,8,6,1.0,50.0,0.25,3,4.0
1,6.0,2.0,2.0,1.0,4,8,6,0.0,61.0,0.0,3,1.0
1,6.0,1.0,2.0,4.0,4,8,6,1.0,32.0,0.3333333333333333,3,3.0
2,6.0,2.0,2.0,3.0,4,8,6,3.0,42.0,0.25,3,4.0
3,5.0,5.0,2.0,3.0,4,8,6,3.0,57.0,0.0,3,3.0
1,6.0,1.0,2.0,3.0,4,8,6,1.0,36.0,0.3333333333333333,3,3.0
2,6.0,2.0,2.0,3.0,4,8,6,2.0,35.0,0.25,3,4.0
1,4.0,1.0,2.0,5.0,7,8,6,1.0,39.0,0.3333333333333333,3,3.0
2,6.0,1.0,2.0,3.0,7,8,6,3.0,39.0,0.4,3,5.0
1,6.0,3.0,2.0,6.0,4,8,6,1.0,48.0,0.0,3,2.0
1,6.0,2.0,2.0,5.0,4,8,6,2.0,32.0,0.3333333333333333,3,3.0
1,6.0,5.0,2.0,4.0,4,8,6,2.0,54.0,0.0,3,2.0
1,5.0,3.0,2.0,6.0,2,8,6,0.0,80.0,0.0,3,1.0
1,3.0,3.0,2.0,8.0,2,8,6,1.0,55.0,0.0,3,1.0
1,3.0,3.0,2.0,6.0,2,8,6,1.0,68.0,0.0,3,2.0
1,3.0,2.0,2.0,6.0,2,8,6,1.0,55.0,0.0,3,1.0
1,5.0,2.0,2.0,8.0,2,8,6,1.0,53.0,0.2,3,1.25
1,6.0,5.0,2.0,1.0,5,8,6,0.0,87.0,0.0,3,1.0
1,6.0,3.0,2.0,3.0,5,8,6,1.0,56.0,0.0,3,1.0
1,6.0,4.0,2.0,1.0,5,8,6,1.0,72.0,0.0,3,1.0
1,6.0,5.0,2.0,3.0,5,8,6,2.0,44.0,0.0,3,3.0
1,6.0,4.0,2.0,1.0,5,8,6,1.0,71.0,0.3333333333333333,3,3.0
2,6.0,3.0,2.0,5.0,7,8,6,2.0,62.0,0.0,3,2.0
2,5.0,3.0,2.0,8.0,7,8,6,2.0,25.0,0.0,3,2.0
2,5.0,3.0,2.0,4.0,7,8,6,2.0,57.0,0.0,3,3.0
3,5.0,3.0,2.0,5.0,7,8,6,1.0,33.0,0.0,3,3.0
1,5.0,4.0,2.0,4.0,7,8,6,1.0,53.0,0.0,3,2.0
2,5.0,3.0,2.0,5.0,4,8,6,1.0,40.0,0.0,3,0.2857142857142857
1,5.0,1.0,2.0,4.0,4,8,6,1.0,61.0,0.0,3,0.2
2,5.0,3.0,2.0,6.0,4,8,6,2.0,36.0,0.5,3,0.5714285714285714
1,5.0,2.0,2.0,1.0,4,8,6,0.0,57.0,0.3333333333333333,3,0.6
3,6.0,4.0,2.0,6.0,7,8,6,2.0,41.0,0.2,3,5.0
1,6.0,1.0,2.0,1.0,7,8,6,1.0,64.0,0.0,3,1.0
1,5.0,2.0,2.0,6.0,5,8,6,1.0,51.0,0.0,3,2.0
3,5.0,5.0,2.0,5.0,5,8,6,1.0,89.0,0.0,3,3.0
2,6.0,1.0,2.0,4.0,5,8,6,2.0,50.0,0.3333333333333333,3,3.0
2,6.0,4.0,2.0,6.0,5,8,6,2.0,29.0,0.5,3,4.0
1,6.0,2.0,2.0,3.0,5,8,6,1.0,78.0,0.0,3,1.0
2,5.0,6.0,2.0,10.0,5,8,6,2.0,62.0,0.0,3,2.0
2,4.0,1.0,2.0,3.0,5,8,6,0.0,92.0,0.0,3,1.5
2,3.0,7.0,2.0,10.0,5,8,6,1.0,75.0,0.0,3,4.0
2,5.0,3.0,2.0,5.0,6,8,6,2.0,51.0,0.0,3,1.0
1,5.0,1.0,2.0,4.0,6,8,6,0.0,70.0,0.0,3,0.25
2,5.0,2.0,2.0,8.0,6,8,6,1.0,57.0,0.0,3,0.5
2,5.0,3.0,2.0,5.0,6,8,6,2.0,39.0,0.25,3,1.0
2,5.0,3.0,2.0,4.0,2,8,6,2.0,36.0,0.25,3,0.8
1,5.0,2.0,2.0,8.0,2,8,6,0.0,65.0,0.0,3,0.4
3,5.0,4.0,2.0,6.0,2,8,6,1.0,50.0,0.0,3,0.5
2,6.0,3.0,2.0,6.0,5,8,6,1.0,65.0,0.3333333333333333,3,0.375
2,5.0,3.0,2.0,8.0,6,8,6,1.0,86.0,0.4,3,5.0
3,3.0,5.0,2.0,10.0,6,8,6,3.0,63.0,0.0,3,3.0
3,2.0,5.0,2.0,10.0,6,8,6,2.0,68.0,0.0,3,3.0
1,5.0,6.0,2.0,7.0,6,8,6,1.0,58.0,0.0,3,1.0
2,5.0,4.0,2.0,3.0,6,8,6,2.0,63.0,0.0,3,3.0
1,6.0,3.0,2.0,6.0,6,8,6,1.0,61.0,0.0,3,2.0
1,6.0,3.0,2.0,3.0,6,8,6,1.0,63.0,0.0,3,2.0
1,5.0,2.0,2.0,4.0,3,8,6,1.0,42.0,0.25,3,4.0
1,5.0,2.0,2.0,6.0,3,8,6,1.0,32.0,0.0,3,1.0
2,5.0,3.0,2.0,6.0,3,8,6,3.0,33.0,0.25,3,4.0
